id,primary_id,telescope,hst_tile,jwst_tile,euclid_tile,host_ra,host_dec,sn_ra,sn_dec,sn_host_sep_arcsec,host_z,best_band,best_snr,n_bands_detected,combined_sigma,max_snr_detect,quality_flag,diff_mag_F115W,diff_mag_F150W,diff_mag_F277W,diff_mag_F444W,diff_mag_VIS,diff_mag_Y,diff_mag_J,diff_mag_H,diff_snr_F115W,diff_snr_F150W,diff_snr_F277W,diff_snr_F444W,diff_snr_VIS,diff_snr_Y,diff_snr_J,diff_snr_H,composite_confidence,mag_Y_tight,snr_Y_tight,mag_J_tight,snr_J_tight,mag_H_tight,snr_H_tight,hst_pm_neighbor_sep,hst_pm_neighbor_pid,hst_pm_neighbor_snr
cand_00001,559249,JWST+EUCLID,075,B5,101545699,150.5113900,2.4142975,150.5113900,2.4142975,0.000,-1,F444W,82.00,5,4.020,82.00,v04_diff_candidate,29.54,31.16,27.43,25.82,29.30,21.24,21.03,21.03,9.53,4.55,28.44,82.00,2.49,7.63,7.25,9.43,4.0196,23.71,2.62,23.80,1.68,24.50,1.24,,,
cand_00002,190369,JWST,043,A6,101542816,149.7935691,1.9336786,149.7935691,1.9336786,0.000,-1,F444W,591.14,4,3.869,591.14,v04_diff_candidate,27.53,26.15,23.62,23.16,-1,-1,-1,-1,24.92,31.16,406.36,591.14,0.00,0.00,0.00,0.00,3.8691,-1,0.00,-1,0.00,-1,0.00,,,
cand_00003,311477,JWST,041,A9,101541377,150.1481059,1.7974276,150.1481059,1.7974276,0.000,-1,F444W,429.37,4,3.822,429.37,v04_diff_candidate,27.97,27.02,23.72,22.92,-1,-1,-1,-1,12.57,18.01,203.43,429.37,0.00,0.00,0.00,0.00,3.8220,-1,0.00,-1,0.00,-1,0.00,,,
cand_00004,407263,JWST+EUCLID,102,B1,101547135,149.9155550,2.6559164,149.9155550,2.6559164,0.000,-1,F277W,404.74,4,3.812,404.74,v04_diff_candidate,-1,-1,24.40,24.53,31.37,21.69,21.81,21.51,-4.85,-6.58,404.74,179.41,0.76,5.47,4.12,5.03,3.8116,-1,-0.21,-1,-1.76,-1,-0.43,,,
cand_00005,189815,JWST,043,A6,101542816,149.7810515,1.9334928,149.7810515,1.9334928,0.000,-1,F277W,193.61,4,3.625,193.61,v04_diff_candidate,27.78,27.15,25.09,24.86,-1,-1,-1,-1,25.61,29.69,193.61,187.11,0.00,0.00,0.00,0.00,3.6255,-1,0.00,-1,0.00,-1,0.00,,,
cand_00006,310562,JWST,041,A9,101541377,150.1285053,1.7955963,150.1285053,1.7955963,0.000,-1,F277W,186.88,4,3.613,186.88,v04_diff_candidate,26.17,26.08,25.37,25.75,-1,-1,-1,-1,35.95,32.50,186.88,84.75,0.00,0.00,0.00,0.00,3.6133,-1,0.00,-1,0.00,-1,0.00,,,
cand_00007,645,JWST+EUCLID,055,A1,101542816,149.8355261,2.1183925,149.8355261,2.1183925,0.000,-1,F277W,169.51,4,3.578,169.51,v04_diff_candidate,-1,33.26,25.12,25.36,30.91,21.23,21.31,20.87,-3.62,0.45,169.51,35.71,1.00,8.95,5.76,10.53,3.5779,26.27,0.26,-1,-0.24,23.81,2.67,,,
cand_00008,433287,JWST,089,B2,101545697,150.0877651,2.5077242,150.0877651,2.5077242,0.000,-1,F444W,159.16,4,3.553,159.16,v04_diff_candidate,26.85,27.50,27.13,25.48,30.15,19.77,19.28,19.66,38.92,47.07,49.86,159.16,1.84,3.48,3.10,1.74,3.5535,21.39,2.45,20.89,2.24,21.61,0.97,,,
cand_00009,553566,JWST+EUCLID,075,B5,101544259,150.5084374,2.3691779,150.5084374,2.3691779,0.000,-1,F277W,132.53,4,3.476,132.53,v04_diff_candidate,32.50,-1,25.40,26.29,-1,22.02,21.50,21.05,0.76,-3.39,132.53,35.66,-0.99,4.25,5.39,7.79,3.4755,24.39,1.60,22.99,5.26,27.03,0.12,,,
cand_00010,314211,JWST,041,A9,101541377,150.0830465,1.8425776,150.0830465,1.8425776,0.000,-1,F444W,109.89,4,3.384,109.89,v04_diff_candidate,27.98,26.57,22.71,21.69,-1,-1,-1,-1,13.79,27.85,95.79,109.89,0.00,0.00,0.00,0.00,3.3841,-1,0.00,-1,0.00,-1,0.00,,,
cand_00011,316568,JWST,041,A9,101541377,150.1025642,1.8535369,150.1025642,1.8535369,0.000,-1,F277W,100.99,4,3.339,100.99,v04_diff_candidate,27.10,27.08,26.07,26.31,-1,-1,-1,-1,28.71,34.44,100.99,50.09,0.00,0.00,0.00,0.00,3.3388,-1,0.00,-1,0.00,-1,0.00,,,
cand_00012,353561,JWST,028,A10,101541378,150.2909283,1.7755187,150.2909283,1.7755187,0.000,-1,F444W,95.26,4,3.306,95.26,v04_diff_candidate,26.74,26.16,23.36,22.89,-1,-1,-1,-1,15.72,23.02,83.42,95.26,0.00,0.00,0.00,0.00,3.3059,-1,0.00,-1,0.00,-1,0.00,,,
cand_00013,355794,JWST,028,A10,101541378,150.3017978,1.7906450,150.3017978,1.7906450,0.000,-1,F444W,88.00,4,3.259,88.00,v04_diff_candidate,27.42,26.52,23.40,22.89,-1,-1,-1,-1,11.92,21.93,71.38,88.00,0.00,0.00,0.00,0.00,3.2592,-1,0.00,-1,0.00,-1,0.00,,,
cand_00014,175598,JWST+EUCLID,051,A5,101542818,150.4283664,2.0516401,150.4283664,2.0516401,0.000,-1,F277W,1113.91,3,2.947,1113.91,v04_diff_candidate,30.39,-1,23.44,23.80,-1,21.58,-1,22.59,3.52,-7.65,1113.91,456.84,-0.37,5.36,-5.83,1.99,2.9471,23.33,3.47,-1,-4.12,-1,-2.41,,,
cand_00015,774613,JWST+EUCLID,075,B5,101544258,150.4403926,2.2968540,150.4403926,2.2968540,0.000,-1,F277W,853.82,3,2.931,853.82,v04_diff_candidate,-1,30.35,23.58,23.55,27.72,19.06,18.51,18.16,-2.70,3.88,853.82,600.99,7.17,3.76,3.77,3.23,2.9313,-1,-0.13,-1,-0.38,-1,-0.45,,,
cand_00016,46318,JWST+EUCLID,067,A2,101544256,149.8859142,2.1502035,149.8859142,2.1502035,0.000,-1,F277W,819.86,3,2.929,819.86,v04_diff_candidate,31.96,30.23,23.59,23.78,30.61,21.49,22.84,-1,1.47,8.43,819.86,463.27,1.35,8.96,2.05,-0.01,2.9286,23.20,5.88,26.66,0.21,-1,-1.86,,,
cand_00017,210797,JWST+EUCLID,055,A6,101542816,149.8187746,2.0720325,149.8187746,2.0720325,0.000,-1,F277W,740.45,3,2.921,740.45,v04_diff_candidate,-1,31.17,23.69,24.12,-1,21.75,22.44,22.58,-2.54,3.11,740.45,356.32,-0.88,6.01,3.20,2.91,2.9211,24.65,1.43,24.55,1.61,-1,-0.10,,,
cand_00018,727619,JWST+EUCLID,064,B9,101544258,150.3538602,2.2684958,150.3538602,2.2684958,0.000,-1,F277W,713.52,3,2.918,713.52,v04_diff_candidate,34.02,34.51,23.80,24.11,30.23,21.91,22.61,21.41,0.27,0.18,713.52,231.86,1.90,4.98,2.07,7.75,2.9182,24.06,2.35,-1,-2.26,24.68,1.19,,,
cand_00019,373775,JWST+EUCLID,040,A5,101542818,150.3475752,1.9260774,150.3475752,1.9260774,0.000,-1,F277W,679.21,3,2.914,679.21,v04_diff_candidate,31.36,-1,23.62,23.68,-1,21.62,-1,-1,1.00,-2.79,679.21,423.21,-0.77,5.69,-2.36,-0.71,2.9142,24.20,1.80,-1,-0.67,-1,-1.34,,,
cand_00020,523834,JWST+EUCLID,088,B4,101545698,150.3219614,2.5006092,150.3219614,2.5006092,0.000,-1,F277W,677.41,3,2.914,677.41,v04_diff_candidate,34.48,29.60,23.87,23.90,-1,-1,21.64,-1,0.15,4.80,677.41,395.29,-2.36,-5.38,6.16,-0.96,2.9140,-1,-0.52,23.61,3.22,25.72,0.58,,,
cand_00021,175988,JWST+EUCLID,052,A5,101542818,150.3288115,2.0916650,150.3288115,2.0916650,0.000,-1,F277W,677.19,3,2.914,677.19,v04_diff_candidate,-1,30.29,23.72,24.55,-1,21.77,22.72,22.37,-2.89,7.77,677.19,212.87,-0.80,6.89,2.36,3.19,2.9139,28.77,0.03,24.33,1.66,29.72,0.01,,,
cand_00022,686145,JWST+EUCLID,077,B8,101544258,150.2217812,2.3318617,150.2217812,2.3318617,0.000,-1,F277W,657.45,3,2.911,657.45,v04_diff_candidate,30.75,-1,23.75,23.79,31.96,21.47,20.75,20.85,4.05,-2.31,657.45,368.34,0.43,5.13,5.85,5.79,2.9114,24.11,1.64,23.93,1.34,24.54,0.84,,,
cand_00023,441979,JWST+EUCLID,090,B1,101545697,150.0419860,2.5856244,150.0419860,2.5856244,0.000,-1,F277W,629.91,3,2.908,629.91,v04_diff_candidate,-1,-1,23.77,24.03,31.04,22.49,21.84,-1,-2.16,-0.31,629.91,280.70,0.94,3.22,5.18,-2.83,2.9077,27.41,0.12,23.68,3.20,-1,-0.02,,,
cand_00024,352675,JWST,041,A10,101541378,150.2214516,1.7952686,150.2214516,1.7952686,0.000,-1,F444W,617.31,3,2.906,617.31,v04_diff_candidate,28.14,26.69,22.85,21.84,-1,-1,-1,-1,8.45,21.46,373.04,617.31,0.00,0.00,0.00,0.00,2.9059,-1,0.00,-1,0.00,-1,0.00,,,
cand_00025,272381,JWST,042,A8,101541377,150.0304244,1.8483801,150.0304244,1.8483801,0.000,-1,F444W,600.59,3,2.903,600.59,v04_diff_candidate,28.15,27.98,25.00,23.66,-1,-1,-1,-1,29.69,25.58,369.24,600.59,0.00,0.00,0.00,0.00,2.9033,-1,0.00,-1,0.00,-1,0.00,,,
cand_00026,757155,JWST+EUCLID,063,B10,101544258,150.4620446,2.1418683,150.4620446,2.1418683,0.000,-1,F277W,594.97,3,2.902,594.97,v04_diff_candidate,-1,32.97,23.74,23.62,29.55,-1,23.46,21.27,-1.44,0.70,594.97,430.59,1.21,-0.25,0.76,6.24,2.9024,23.99,2.05,-1,-0.87,22.94,3.75,,,
cand_00027,663342,JWST+EUCLID,065,B8,101544257,150.1355400,2.2063942,150.1355400,2.2063942,0.000,-1,F277W,590.56,3,2.902,590.56,v04_diff_candidate,32.79,30.34,23.80,23.83,31.03,-1,21.22,-1,0.53,9.31,590.56,366.48,0.94,-3.36,7.67,-0.16,2.9017,-1,-1.86,23.33,3.71,-1,-1.37,,,
cand_00028,650693,JWST+EUCLID,077,B2,101545697,150.0990315,2.4248474,150.0990315,2.4248474,0.000,-1,F277W,579.16,3,2.900,579.16,v04_diff_candidate,30.38,-1,23.71,23.72,30.05,22.36,-1,21.67,10.22,-3.17,579.16,423.92,2.30,3.55,-1.36,7.82,2.8999,24.38,2.00,25.33,0.72,24.27,2.27,,,
cand_00029,22499,JWST+EUCLID,067,A1,101544256,149.7830664,2.2911355,149.7830664,2.2911355,0.000,-1,F277W,577.17,3,2.900,577.17,v04_diff_candidate,-1,33.03,24.02,23.86,31.35,21.40,-1,22.81,-1.68,0.83,577.17,394.59,0.68,7.10,-4.66,1.38,2.8995,-1,-0.51,-1,-4.31,-1,-3.30,,,
cand_00030,626655,JWST+EUCLID,078,B7,101544257,149.9809576,2.3059309,149.9809576,2.3059309,0.000,-1,F277W,575.32,3,2.899,575.32,v04_diff_candidate,33.00,-1,24.03,24.02,30.70,-1,21.67,22.72,0.39,-0.50,575.32,349.12,1.05,-4.06,7.24,2.67,2.8992,26.74,0.28,24.77,1.40,23.15,6.45,,,
cand_00031,683876,JWST+EUCLID,077,B8,101544257,150.2150883,2.3175136,150.2150883,2.3175136,0.000,-1,F277W,565.03,3,2.897,565.03,v04_diff_candidate,-1,-1,23.92,23.95,31.31,25.65,21.32,23.65,-2.41,-3.43,565.03,323.70,0.71,0.18,8.31,1.10,2.8974,26.04,0.45,-1,-1.44,27.26,0.13,,,
cand_00032,467540,JWST+EUCLID,077,B3,101545697,150.1477238,2.4460281,150.1477238,2.4460281,0.000,-1,F277W,528.43,3,2.891,528.43,v04_diff_candidate,30.94,-1,23.93,-1,30.73,23.56,21.93,21.89,4.97,-2.41,528.43,-3.48,1.03,1.47,5.21,5.98,2.8906,24.99,1.42,-1,-0.09,24.01,2.97,,,
cand_00033,428077,JWST+EUCLID,077,B2,101545697,150.1135522,2.4584813,150.1135522,2.4584813,0.000,-1,F277W,515.30,3,2.888,515.30,v04_diff_candidate,-1,-1,23.94,23.95,30.51,21.39,20.78,20.49,-7.42,-0.91,515.30,348.33,1.12,8.85,9.39,14.58,2.8879,-1,-1.20,-1,-0.86,26.59,0.15,,,
cand_00034,482269,JWST+EUCLID,089,B3,101545697,150.1824821,2.5403964,150.1824821,2.5403964,0.000,-1,F277W,503.75,3,2.885,503.75,v04_diff_candidate,30.44,-1,24.11,24.35,32.42,22.11,21.38,22.83,5.41,-3.69,503.75,302.74,0.18,4.16,7.53,2.34,2.8854,-1,-0.30,24.15,2.16,-1,-0.41,,,
cand_00035,313402,JWST,041,A9,101541377,150.0935146,1.8331016,150.0935146,1.8331016,0.000,-1,F444W,491.14,3,2.883,491.14,v04_diff_candidate,29.08,27.60,24.54,23.77,-1,-1,-1,-1,16.47,26.40,334.13,491.14,0.00,0.00,0.00,0.00,2.8826,-1,0.00,-1,0.00,-1,0.00,,,
cand_00036,559527,JWST+EUCLID,075,B5,101545698,150.4881659,2.4248396,150.4881659,2.4248396,0.000,-1,F277W,484.06,3,2.881,484.06,v04_diff_candidate,30.36,31.70,23.91,23.99,30.54,-1,21.73,-1,3.23,3.21,484.06,316.60,1.03,-3.04,5.56,-9.22,2.8810,24.38,2.22,23.24,4.79,-1,-3.29,,,
cand_00037,552856,JWST+EUCLID,075,B5,101545698,150.4377501,2.3884680,150.4377501,2.3884680,0.000,-1,F277W,481.59,3,2.880,481.59,v04_diff_candidate,-1,-1,24.02,24.35,29.69,22.27,21.35,21.82,-4.92,-4.00,481.59,199.04,1.47,4.16,8.72,4.49,2.8804,-1,-0.79,24.73,1.44,-1,-1.33,,,
cand_00038,727615,JWST+EUCLID,064,B9,101544258,150.3196591,2.2809401,150.3196591,2.2809401,0.000,-1,F277W,479.40,3,2.880,479.40,v04_diff_candidate,32.18,30.74,23.86,24.01,27.94,19.62,19.53,19.18,1.00,4.50,479.40,277.50,8.35,21.17,16.18,21.81,2.8799,24.02,1.37,-1,-1.22,-1,-0.21,,,
cand_00039,404132,JWST+EUCLID,090,B1,101545697,150.0077818,2.5980647,150.0077818,2.5980647,0.000,-1,F277W,437.80,3,2.869,437.80,v04_diff_candidate,32.20,-1,24.11,24.04,-1,21.69,-1,-1,1.25,-2.46,437.80,310.03,-2.52,6.79,-5.20,-3.68,2.8689,24.50,1.76,-1,-2.52,-1,-1.08,,,
cand_00040,192021,JWST,055,A6,101542816,149.7310933,1.9676804,149.7310933,1.9676804,0.000,-1,F444W,420.74,3,2.864,420.74,v04_diff_candidate,28.94,27.04,23.55,22.57,31.79,-1,-1,-1,17.12,23.07,225.44,420.74,0.11,0.00,0.00,0.00,2.8639,-1,0.00,-1,0.00,-1,0.00,,,
cand_00041,400327,JWST+EUCLID,090,B1,101545696,149.8956257,2.6120580,149.8956257,2.6120580,0.000,-1,F277W,420.53,3,2.864,420.53,v04_diff_candidate,-1,31.47,24.28,24.38,-1,21.95,21.91,-1,-0.40,2.04,420.53,231.54,-0.75,5.71,4.63,-4.21,2.8638,24.10,2.63,-1,-5.25,-1,-2.39,,,
cand_00042,714032,JWST+EUCLID,065,B9,101544258,150.2227329,2.2241860,150.2227329,2.2241860,0.000,-1,F277W,416.62,3,2.863,416.62,v04_diff_candidate,33.11,31.51,24.23,24.49,30.27,22.49,21.59,23.83,1.01,3.89,416.62,183.58,1.62,3.00,6.34,0.89,2.8626,24.43,1.82,24.22,1.80,-1,-1.95,,,
cand_00043,774180,JWST+EUCLID,063,B10,101544259,150.4725049,2.2810238,150.4725049,2.2810238,0.000,-1,F277W,389.08,3,2.853,389.08,v04_diff_candidate,-1,-1,24.35,24.69,-1,23.28,20.59,21.04,-2.49,-2.07,389.08,158.47,-0.28,0.86,8.88,7.00,2.8533,-1,-4.72,-1,-0.20,23.32,2.90,,,
cand_00044,352964,JWST,028,A10,101541378,150.3026940,1.7673411,150.3026940,1.7673411,0.000,-1,F444W,371.80,3,2.847,371.80,v04_diff_candidate,29.10,27.80,24.05,23.09,-1,-1,-1,-1,5.59,14.33,186.86,371.80,0.00,0.00,0.00,0.00,2.8469,-1,0.00,-1,0.00,-1,0.00,,,
cand_00045,188651,JWST,043,A6,101542816,149.7368034,1.9392029,149.7368034,1.9392029,0.000,-1,F444W,363.65,3,2.844,363.65,v04_diff_candidate,28.99,27.28,23.50,22.71,-1,-1,-1,-1,10.38,16.29,167.31,363.65,0.00,0.00,0.00,0.00,2.8436,-1,0.00,-1,0.00,-1,0.00,,,
cand_00046,353688,JWST,028,A10,101541378,150.3010357,1.7731107,150.3010357,1.7731107,0.000,-1,F444W,343.54,3,2.835,343.54,v04_diff_candidate,30.30,27.52,24.25,23.48,-1,-1,-1,-1,5.48,19.34,209.90,343.54,0.00,0.00,0.00,0.00,2.8350,-1,0.00,-1,0.00,-1,0.00,,,
cand_00047,318783,JWST,041,A9,101541378,150.1939089,1.8388850,150.1939089,1.8388850,0.000,-1,F444W,308.38,3,2.817,308.38,v04_diff_candidate,28.42,27.58,24.53,23.70,-1,-1,-1,-1,13.13,22.14,140.54,308.38,-0.18,0.00,0.00,0.00,2.8173,-1,0.00,-1,0.00,-1,0.00,,,
cand_00048,349856,JWST,028,A10,101541378,150.2589404,1.7617137,150.2589404,1.7617137,0.000,-1,F444W,304.37,3,2.815,304.37,v04_diff_candidate,29.06,27.39,23.77,22.85,-1,-1,-1,-1,3.15,10.38,128.25,304.37,0.00,0.00,0.00,0.00,2.8150,-1,0.00,-1,0.00,-1,0.00,,,
cand_00049,210695,JWST+EUCLID,055,A6,101542816,149.8169735,2.0719598,149.8169735,2.0719598,0.000,-1,F277W,296.33,3,2.810,296.33,v04_diff_candidate,-1,-1,24.61,24.91,-1,23.33,22.51,21.40,-1.91,-2.16,296.33,150.79,-1.05,1.58,2.52,9.04,2.8103,-1,-0.13,-1,-1.62,25.11,0.89,,,
cand_00050,468345,JWST+EUCLID,077,B3,101545697,150.2231645,2.4253381,150.2231645,2.4253381,0.000,-1,F277W,47.06,4,2.807,47.06,v04_diff_candidate,-1,-1,27.00,-1,30.10,21.73,21.54,21.37,-0.91,-5.84,47.06,-6.82,2.26,8.78,6.55,8.62,2.8070,23.43,6.73,-1,-1.64,25.85,0.45,,,
cand_00051,175908,JWST+EUCLID,052,A5,101542818,150.3269717,2.0916178,150.3269717,2.0916178,0.000,-1,F277W,272.81,3,2.795,272.81,v04_diff_candidate,-1,-1,24.72,25.00,30.92,23.09,23.58,21.43,-3.21,-5.12,272.81,139.00,0.89,1.66,0.88,6.14,2.7951,-1,-1.39,-1,-2.64,25.16,0.93,,,
cand_00052,355723,JWST,028,A10,101541378,150.3139580,1.7857919,150.3139580,1.7857919,0.000,-1,F444W,269.88,3,2.793,269.88,v04_diff_candidate,28.94,27.44,24.74,24.11,-1,-1,-1,-1,10.09,14.43,151.93,269.88,0.00,0.00,0.00,0.00,2.7930,-1,0.00,-1,0.00,-1,0.00,,,
cand_00053,476346,JWST+EUCLID,089,B2,101545697,150.1652690,2.5052747,150.1652690,2.5052747,0.000,-1,F277W,268.23,3,2.792,268.23,v04_diff_candidate,34.69,-1,25.13,25.23,-1,22.03,21.35,23.23,0.14,-1.47,268.23,102.79,-0.77,4.96,6.87,1.28,2.7918,24.51,1.60,-1,-0.10,-1,-0.54,,,
cand_00054,462335,JWST+EUCLID,077,B3,101545697,150.2005383,2.3898648,150.2005383,2.3898648,0.000,-1,F277W,250.33,3,2.778,250.33,v04_diff_candidate,-1,30.96,24.97,25.39,31.38,-1,21.37,-1,-2.49,2.53,250.33,82.48,0.65,-4.67,9.62,-3.20,2.7780,-1,-1.43,23.16,6.41,-1,-3.42,,,
cand_00055,59980,JWST+EUCLID,066,A2,101544256,149.9650449,2.2142058,149.9650449,2.2142058,0.000,-1,F277W,249.89,3,2.778,249.89,v04_diff_candidate,32.37,31.66,25.03,30.19,29.57,21.50,21.01,21.47,0.98,2.37,249.89,1.55,3.29,7.17,8.61,4.08,2.7777,-1,-0.22,24.22,1.57,-1,-3.87,,,
cand_00056,313352,JWST,041,A9,101541377,150.1431484,1.8145133,150.1431484,1.8145133,0.000,-1,F444W,243.16,3,2.772,243.16,v04_diff_candidate,28.36,26.87,23.74,23.00,-1,-1,-1,-1,13.62,34.28,180.18,243.16,0.00,0.00,0.00,0.00,2.7720,-1,0.00,-1,0.00,-1,0.00,,,
cand_00057,436759,JWST+EUCLID,089,B2,101545697,150.1310700,2.5177208,150.1310700,2.5177208,0.000,-1,F277W,230.81,3,2.761,230.81,v04_diff_candidate,33.73,-1,25.09,25.33,-1,21.92,22.95,24.73,0.30,-6.34,230.81,108.89,-1.02,5.53,1.67,0.29,2.7608,24.64,1.59,-1,-2.10,26.45,0.22,,,
cand_00058,769560,JWST+EUCLID,063,B10,101544258,150.4624704,2.2453317,150.4624704,2.2453317,0.000,-1,F277W,228.54,3,2.759,228.54,v04_diff_candidate,-1,-1,24.84,24.93,30.59,23.77,21.26,21.95,-1.16,-2.45,228.54,128.82,0.91,0.77,5.93,2.36,2.7586,25.83,0.42,23.54,2.66,-1,-0.97,,,
cand_00059,449353,JWST+EUCLID,089,B2,101545697,150.1308600,2.6029913,150.1308600,2.6029913,0.000,-1,F277W,227.24,3,2.757,227.24,v04_diff_candidate,-1,30.38,24.79,25.23,-1,23.98,21.99,22.65,-0.86,5.25,227.24,110.91,-0.94,0.96,5.24,2.58,2.7573,-1,-0.72,-1,-1.17,-1,-0.83,,,
cand_00060,762041,JWST+EUCLID,063,B10,101544259,150.4758552,2.1727795,150.4758552,2.1727795,0.000,-1,F277W,215.27,3,2.745,215.27,v04_diff_candidate,-1,-1,24.79,24.86,-1,21.73,21.14,-1,-2.36,-3.58,215.27,133.76,-1.21,3.81,6.41,-0.60,2.7450,-1,-0.44,-1,-2.79,-1,-3.23,,,
cand_00061,242874,JWST+EUCLID,055,A7,101542816,149.8635935,1.9868809,149.8635935,1.9868809,0.000,-1,F277W,212.53,3,2.742,212.53,v04_diff_candidate,-1,-1,25.11,25.30,-1,21.08,-1,-1,-1.79,-0.33,212.53,116.22,-0.64,5.13,-1.72,-0.60,2.7420,23.86,1.27,-1,-1.66,-1,-0.96,,,
cand_00062,525141,JWST+EUCLID,087,B4,101545698,150.4292656,2.4699932,150.4292656,2.4699932,0.000,-1,F277W,192.62,3,2.718,192.62,v04_diff_candidate,33.12,-1,24.94,27.78,31.36,23.49,-1,21.57,0.48,-4.53,192.62,10.18,0.61,0.97,-1.15,5.57,2.7178,-1,-1.11,-1,-1.49,24.46,1.30,,,
cand_00063,242875,JWST+EUCLID,055,A6,101542816,149.8294422,1.9993101,149.8294422,1.9993101,0.000,-1,F277W,189.63,3,2.714,189.63,v04_diff_candidate,-1,-1,25.03,25.32,29.59,21.22,-1,21.18,-2.21,-5.46,189.63,100.08,1.66,5.39,-2.36,4.73,2.7138,23.80,1.61,-1,-0.38,24.18,0.95,,,
cand_00064,676694,JWST+EUCLID,077,B8,101544257,150.1352170,2.2960257,150.1352170,2.2960257,0.000,-1,F277W,186.44,3,2.709,186.44,v04_diff_candidate,-1,-1,25.15,25.92,-1,21.93,-1,-1,-1.35,-3.81,186.44,51.43,-0.94,5.74,-2.35,-6.85,2.7094,24.22,2.37,-1,-0.51,-1,-3.61,,,
cand_00065,358037,JWST,040,A10,101541378,150.2968396,1.8112862,150.2968396,1.8112862,0.000,-1,F444W,176.55,3,2.695,176.55,v04_diff_candidate,27.60,28.12,27.96,25.43,-1,-1,-1,-1,43.96,42.46,29.66,176.55,-0.34,0.00,0.00,0.00,2.6947,-1,0.00,-1,0.00,-1,0.00,,,
cand_00066,542775,JWST+EUCLID,075,B5,101544258,150.4086229,2.3183237,150.4086229,2.3183237,0.000,-1,F277W,168.92,3,2.682,168.92,v04_diff_candidate,33.09,31.50,25.30,29.58,-1,22.64,21.75,21.17,0.57,1.83,168.92,1.88,-1.16,3.02,5.33,7.80,2.6824,-1,-0.15,23.46,3.39,23.84,2.31,,,
cand_00067,399221,JWST+EUCLID,090,B1,101545696,149.9602629,2.5798260,149.9602629,2.5798260,0.000,-1,F277W,162.72,3,2.672,162.72,v04_diff_candidate,31.54,32.21,25.27,25.44,30.20,-1,22.56,21.51,2.17,1.38,162.72,101.67,1.85,-1.17,3.14,7.80,2.6716,24.76,1.23,-1,-2.25,24.28,2.15,,,
cand_00068,328927,JWST+EUCLID,041,A9,101542817,150.1259982,1.9418490,150.1259982,1.9418490,0.000,-1,F277W,161.88,3,2.670,161.88,v04_diff_candidate,29.76,-1,25.53,-1,35.05,21.06,21.42,21.33,10.50,-3.76,161.88,-0.67,0.01,8.32,4.87,6.58,2.6701,23.52,3.02,-1,-0.01,-1,-1.51,,,
cand_00069,318859,JWST,041,A9,101541378,150.1853328,1.8426420,150.1853328,1.8426420,0.000,-1,F115W,39.69,4,2.660,39.69,v04_diff_candidate,25.66,26.01,25.62,26.77,27.01,-1,-1,-1,39.69,32.88,28.64,12.57,1.29,0.00,0.00,0.00,2.6597,-1,0.00,-1,0.00,-1,0.00,,,
cand_00070,245215,JWST+EUCLID,055,A7,101542816,149.8379681,2.0138131,149.8379681,2.0138131,0.000,-1,F277W,150.46,3,2.648,150.46,v04_diff_candidate,30.74,30.81,25.20,25.58,29.86,21.26,-1,-1,4.63,4.22,150.46,70.03,1.98,6.29,-1.46,-1.17,2.6480,23.41,2.86,-1,-1.09,24.71,0.96,,,
cand_00071,583300,JWST+EUCLID,078,B6,101544256,149.9271726,2.3235404,149.9271726,2.3235404,0.000,-1,F444W,147.56,3,2.642,147.56,v04_diff_candidate,29.56,32.49,26.63,24.53,-1,-1,21.55,21.52,9.63,0.41,48.39,147.56,-1.36,-1.59,4.61,6.57,2.6419,26.96,0.18,24.00,1.69,24.62,1.26,,,
cand_00072,175784,JWST+EUCLID,052,A5,101542818,150.3305599,2.0891610,150.3305599,2.0891610,0.000,-1,F444W,22.19,5,2.630,22.19,v04_diff_candidate,29.86,29.80,27.97,27.33,31.39,21.30,21.08,21.37,13.56,9.10,20.95,22.19,0.52,5.20,5.23,5.05,2.6300,23.20,2.87,22.65,3.76,23.24,2.71,,,
cand_00073,517,JWST+EUCLID,067,A1,101544256,149.7343101,2.1540943,149.7343101,2.1540943,0.000,-1,F277W,137.42,3,2.619,137.42,v04_diff_candidate,30.88,31.40,25.11,25.84,-1,-1,21.43,22.29,2.50,1.96,137.42,61.40,-0.15,-0.85,5.65,2.09,2.6188,24.32,1.85,-1,-0.87,23.73,2.68,,,
cand_00074,92074,JWST+EUCLID,053,A3,101542817,150.1418276,2.1031425,150.1418276,2.1031425,0.000,-1,F277W,134.71,3,2.612,134.71,v04_diff_candidate,34.01,32.74,25.35,26.42,33.51,21.93,21.82,21.24,0.19,0.65,134.71,27.96,0.09,3.47,3.62,6.48,2.6122,-1,-0.06,-1,-1.17,-1,-1.90,,,
cand_00075,522185,JWST+EUCLID,088,B4,101545698,150.3867339,2.4668389,150.3867339,2.4668389,0.000,-1,F277W,132.91,3,2.608,132.91,v04_diff_candidate,-1,-1,25.68,29.78,30.29,21.76,21.04,20.84,-2.70,-2.91,132.91,2.11,1.64,5.23,9.35,13.56,2.6076,-1,-0.32,-1,-0.37,24.21,2.16,,,
cand_00076,92777,JWST+EUCLID,053,A3,101542817,150.1430186,2.1080334,150.1430186,2.1080334,0.000,-1,F277W,130.50,3,2.601,130.50,v04_diff_candidate,31.35,-1,25.38,25.41,-1,21.13,20.94,21.89,3.79,-5.08,130.50,91.09,-0.94,7.62,8.20,3.57,2.6013,26.34,0.20,-1,-1.56,-1,-1.06,,,
cand_00077,401202,JWST+EUCLID,090,B1,101545697,150.0214383,2.5723544,150.0214383,2.5723544,0.000,-1,F444W,36.83,4,2.592,36.83,v04_diff_candidate,29.78,29.18,27.96,27.06,32.71,-1,21.21,21.82,13.20,31.11,28.13,36.83,0.16,-0.52,10.25,5.68,2.5923,24.88,1.32,22.62,9.69,24.10,2.23,,,
cand_00078,530306,JWST+EUCLID,087,B4,101545698,150.4165063,2.5079988,150.4165063,2.5079988,0.000,-1,F277W,123.97,3,2.583,123.97,v04_diff_candidate,-1,-1,25.62,29.41,30.71,21.76,21.78,22.86,-8.65,-2.45,123.97,2.69,0.88,5.88,5.08,1.71,2.5832,23.21,5.47,25.37,0.63,-1,-0.86,,,
cand_00079,78662,JWST+EUCLID,054,A3,101542817,150.0076122,2.0546890,150.0076122,2.0546890,0.000,-1,F277W,123.09,3,2.581,123.09,v04_diff_candidate,30.90,-1,25.42,25.52,30.13,23.98,21.15,22.64,2.77,-0.20,123.09,77.24,0.98,0.67,7.69,1.70,2.5807,-1,-1.13,24.95,0.77,-1,-3.34,,,
cand_00080,432380,JWST+EUCLID,089,B2,101545697,150.1002168,2.4967552,150.1002168,2.4967552,0.000,-1,F444W,121.66,3,2.576,121.66,v04_diff_candidate,32.11,-1,26.01,24.84,-1,21.52,21.78,21.87,1.68,-0.76,94.59,121.66,-0.51,5.42,3.34,3.95,2.5764,28.97,0.02,-1,-0.69,23.55,2.44,,,
cand_00081,444449,JWST+EUCLID,089,B2,101545697,150.1554594,2.5624737,150.1554594,2.5624737,0.000,-1,F444W,118.59,3,2.567,118.59,v04_diff_candidate,30.47,29.09,27.30,25.37,-1,23.38,-1,21.33,6.27,18.09,34.07,118.59,-0.39,0.87,-0.24,5.03,2.5671,-1,-0.47,27.38,0.05,23.15,2.49,,,
cand_00082,312507,JWST,041,A9,101541377,150.1373868,1.8103146,150.1373868,1.8103146,0.000,-1,F444W,114.47,3,2.554,114.47,v04_diff_candidate,28.32,27.92,25.65,25.42,-1,-1,-1,-1,10.26,17.08,98.38,114.47,0.00,0.00,0.00,0.00,2.5538,-1,0.00,-1,0.00,-1,0.00,,,
cand_00083,577732,JWST+EUCLID,066,B6,101544256,149.9174285,2.2922725,149.9174285,2.2922725,0.000,-1,F444W,114.29,3,2.553,114.29,v04_diff_candidate,30.84,31.79,27.94,25.46,29.87,21.85,21.79,21.45,3.10,1.34,17.66,114.29,2.44,5.45,4.27,4.28,2.5532,24.23,2.20,24.55,1.37,23.58,3.66,,,
cand_00084,313386,JWST,041,A9,101541377,150.1349186,1.8178887,150.1349186,1.8178887,0.000,-1,F277W,113.37,3,2.550,113.37,v04_diff_candidate,28.01,27.69,25.65,25.49,-1,-1,-1,-1,14.68,21.12,113.37,109.70,0.00,0.00,0.00,0.00,2.5501,-1,0.00,-1,0.00,-1,0.00,,,
cand_00085,503962,JWST+EUCLID,076,B4,101544258,150.2971718,2.3779670,150.2971718,2.3779670,0.000,-1,F444W,96.54,3,2.485,96.54,v04_diff_candidate,32.04,30.83,27.62,25.99,30.77,21.25,21.84,21.61,1.86,8.63,34.51,96.54,0.62,5.46,2.26,2.54,2.4852,25.83,0.25,24.79,0.47,-1,-0.83,,,
cand_00086,21347,JWST+EUCLID,067,A1,101544256,149.8299145,2.2652278,149.8299145,2.2652278,0.000,-1,F150W,32.46,4,2.475,32.46,v04_diff_candidate,-1,27.38,-1,32.08,29.47,21.93,21.37,21.04,-6.42,32.46,-1.65,0.31,3.53,5.07,7.11,9.47,2.4749,24.17,2.10,-1,-0.19,24.90,0.92,,,
cand_00087,105233,JWST+EUCLID,065,A3,101544257,150.1210661,2.1959535,150.1210661,2.1959535,0.000,-1,F277W,90.99,3,2.459,90.99,v04_diff_candidate,29.96,28.95,26.64,26.35,30.37,22.83,22.19,21.02,13.55,29.05,90.99,43.16,1.72,1.45,2.23,6.34,2.4594,25.59,0.51,23.95,2.00,22.78,7.02,,,
cand_00088,270876,JWST,041,A8,101541377,150.0610796,1.8232262,150.0610796,1.8232262,0.000,-1,F277W,90.49,3,2.457,90.49,v04_diff_candidate,28.25,27.94,25.81,25.59,-1,-1,-1,-1,14.23,16.09,90.49,84.34,0.00,0.00,0.00,0.00,2.4570,-1,0.00,-1,0.00,-1,0.00,,,
cand_00089,780696,JWST+EUCLID,063,B10,101544258,150.4595468,2.2005541,150.4595468,2.2005541,0.000,-1,F277W,31.65,4,2.451,31.65,v04_diff_candidate,-1,31.68,27.28,27.52,29.96,21.03,21.22,20.14,-1.22,1.76,31.65,19.85,1.48,9.24,6.84,20.02,2.4512,24.48,1.32,-1,-0.35,23.45,3.40,,,
cand_00090,350246,JWST,028,A10,101541378,150.2455401,1.7699577,150.2455401,1.7699577,0.000,-1,F277W,83.54,3,2.421,83.54,v04_diff_candidate,28.46,27.25,26.50,26.42,-1,-1,-1,-1,24.95,33.78,83.54,64.58,0.00,0.00,0.00,0.00,2.4205,-1,0.00,-1,0.00,-1,0.00,,,
cand_00091,93678,JWST+EUCLID,066,A2,101544257,150.0357383,2.1532586,150.0357383,2.1532586,0.000,-1,F444W,79.35,3,2.396,79.35,v04_diff_candidate,31.15,30.14,26.93,26.08,26.81,18.91,18.63,18.38,2.26,5.96,47.22,79.35,6.40,26.03,21.08,22.46,2.3960,-1,-1.49,-1,-1.58,23.64,0.59,,,
cand_00092,685729,JWST+EUCLID,077,B8,101544257,150.1183629,2.3665037,150.1183629,2.3665037,0.000,-1,F277W,70.65,3,2.338,70.65,v04_diff_candidate,-1,36.16,26.30,26.28,30.93,22.10,21.37,22.53,-2.42,0.05,70.65,43.23,0.90,4.03,7.53,3.26,2.3381,-1,-1.72,25.03,0.89,25.09,1.08,,,
cand_00093,17804,JWST+EUCLID,067,A1,101544256,149.7981174,2.2525802,149.7981174,2.2525802,0.000,-1,F444W,61.70,3,2.266,61.70,v04_diff_candidate,30.20,30.58,28.19,26.42,-1,22.71,21.71,21.66,9.18,10.92,18.59,61.70,-1.07,2.38,6.45,6.81,2.2656,-1,-1.70,25.00,1.12,23.84,3.03,,,
cand_00094,766994,JWST+EUCLID,063,B10,101544258,150.4362080,2.2307433,150.4362080,2.2307433,0.000,-1,F277W,54.40,3,2.194,54.40,v04_diff_candidate,35.86,31.67,26.13,24.75,29.89,21.31,20.47,19.58,0.05,2.99,54.40,54.10,2.23,9.86,14.15,25.10,2.1936,-1,-3.48,23.98,1.69,23.39,2.54,,,
cand_00095,726183,JWST+EUCLID,064,B9,101544258,150.2624953,2.2922535,150.2624953,2.2922535,0.000,-1,F277W,54.11,3,2.190,54.11,v04_diff_candidate,29.19,29.05,27.17,26.81,29.83,21.87,20.90,21.07,8.76,16.44,54.11,53.11,3.20,2.98,5.09,5.65,2.1904,23.90,1.37,23.17,1.86,22.64,3.82,,,
cand_00096,335351,JWST+EUCLID,053,A9,101542818,150.2007268,1.9674227,150.2007268,1.9674227,0.000,-1,F444W,50.74,3,2.152,50.74,v04_diff_candidate,31.25,33.25,29.24,26.46,30.83,21.71,22.20,21.42,1.19,0.44,6.41,50.74,1.02,5.74,3.32,6.73,2.1518,-1,-0.10,24.95,0.88,23.53,3.57,,,
cand_00097,411222,JWST+EUCLID,102,B1,101547135,149.9256306,2.6780852,149.9256306,2.6780852,0.000,-1,F277W,50.72,3,2.152,50.72,v04_diff_candidate,30.72,-1,26.48,26.62,-1,22.30,21.23,22.46,2.59,-3.35,50.72,25.55,-0.03,4.23,9.20,3.05,2.1516,-1,-1.54,24.55,1.44,-1,-3.31,,,
cand_00098,83030,JWST+EUCLID,053,A3,101542817,150.1093114,2.0482443,150.1093114,2.0482443,0.000,-1,F277W,47.26,3,2.108,47.26,v04_diff_candidate,32.57,-1,26.68,29.99,-1,21.96,23.40,21.89,1.00,-2.26,47.26,1.89,-0.73,5.02,1.27,5.39,2.1079,-1,-0.06,24.48,1.57,24.28,2.23,,,
cand_00099,685938,JWST+EUCLID,077,B8,101544258,150.2212665,2.3306908,150.2212665,2.3306908,0.000,-1,F277W,22.17,4,2.103,22.17,v04_diff_candidate,30.91,-1,27.24,27.61,30.34,21.29,20.80,21.43,4.40,-0.01,22.17,11.86,1.27,8.63,12.78,7.25,2.1030,-1,-0.83,23.75,2.98,-1,-4.62,,,
cand_00100,509166,JWST+EUCLID,076,B4,101545698,150.3004880,2.4102256,150.3004880,2.4102256,0.000,-1,F277W,45.04,3,2.078,45.04,v04_diff_candidate,-1,-1,26.98,29.24,33.69,21.91,24.37,21.38,-5.82,-1.44,45.04,3.39,0.07,5.34,0.48,8.33,2.0775,-1,-0.96,-1,-1.33,23.88,2.71,,,
cand_00101,229815,JWST,043,A7,101542816,149.8658909,1.8944477,149.8658909,1.8944477,0.000,-1,F277W,44.44,3,2.069,44.44,v04_diff_candidate,28.22,27.76,25.00,24.52,-1,-1,-1,-1,15.93,13.10,44.44,24.38,0.00,0.00,0.00,0.00,2.0689,-1,0.00,-1,0.00,-1,0.00,,,
cand_00102,397321,JWST+EUCLID,090,B1,101545696,149.9821947,2.5564194,149.9821947,2.5564194,0.000,-1,F277W,44.17,3,2.065,44.17,v04_diff_candidate,32.05,31.37,26.86,33.73,30.01,21.25,22.33,21.41,1.06,2.31,44.17,0.05,2.53,9.52,3.43,6.38,2.0650,23.86,2.80,-1,-4.01,-1,-1.03,,,
cand_00103,547292,JWST+EUCLID,075,B5,101544259,150.4680060,2.3327826,150.4680060,2.3327826,0.000,-1,F277W,42.25,3,2.036,42.25,v04_diff_candidate,-1,31.11,26.49,27.66,29.67,21.40,20.13,19.63,-0.61,3.45,42.25,6.83,2.49,7.98,15.70,20.08,2.0362,23.94,2.45,24.22,1.13,23.07,2.43,,,
cand_00104,480978,JWST+EUCLID,088,B3,101545698,150.2808647,2.4943777,150.2808647,2.4943777,0.000,-1,F444W,41.95,3,2.031,41.95,v04_diff_candidate,31.70,29.93,27.91,26.57,-1,23.67,21.95,21.76,2.90,10.98,23.15,41.95,-3.03,1.03,4.74,5.34,2.0315,26.16,0.34,23.48,3.73,24.43,1.63,,,
cand_00105,93208,JWST+EUCLID,066,A3,101544257,150.0393206,2.1491308,150.0393206,2.1491308,0.000,-1,F277W,34.59,3,2.003,34.59,v04_diff_candidate,29.74,29.70,27.27,26.81,27.58,19.35,19.00,18.85,7.41,14.22,34.59,31.49,8.58,30.76,36.46,40.20,2.0033,-1,-0.33,23.63,1.66,23.31,2.38,,,
cand_00106,251892,JWST,054,A7,101542816,149.9183539,2.0319823,149.9183539,2.0319823,0.000,-1,F277W,1285.56,2,1.969,1285.56,v04_diff_candidate,31.64,30.78,23.28,23.67,30.57,-1,24.29,24.51,1.79,5.72,1285.56,468.02,1.21,-5.56,0.54,0.42,1.9694,-1,-0.89,-1,-4.87,-1,-2.53,,,
cand_00107,7688,JWST,067,A1,101544256,149.8147493,2.1722352,149.8147493,2.1722352,0.000,-1,F277W,1241.40,2,1.968,1241.40,v04_diff_candidate,31.52,31.12,23.25,23.78,-1,-1,-1,-1,6.89,6.38,1241.40,498.61,-0.12,-2.13,-1.05,-2.05,1.9683,-1,-0.01,-1,-0.09,-1,-0.56,,,
cand_00108,547414,JWST,075,B5,101544259,150.4910588,2.3255870,150.4910588,2.3255870,0.000,-1,F277W,1122.03,2,1.965,1122.03,v04_diff_candidate,31.30,31.72,23.46,23.78,-1,-1,21.50,-1,4.50,2.74,1122.03,438.71,-0.14,-0.06,2.33,-2.24,1.9650,-1,-0.98,23.47,1.49,-1,-0.12,,,
cand_00109,392510,JWST,090,B1,101545696,149.9124936,2.5469909,149.9124936,2.5469909,0.000,-1,F277W,1081.42,2,1.964,1081.42,v04_diff_candidate,30.47,32.24,23.40,23.66,-1,-1,-1,22.23,5.81,1.83,1081.42,484.56,-0.46,-3.30,-0.78,4.66,1.9637,-1,-2.16,-1,-1.05,-1,-2.47,,,
cand_00110,567166,JWST,074,B5,101545699,150.5784937,2.4520003,150.5784937,2.4520003,0.000,-1,F277W,1070.34,2,1.963,1070.34,v04_diff_candidate,-1,-1,23.14,23.39,-1,20.17,20.36,-1,-5.20,-3.66,1070.34,519.59,0.00,4.87,4.59,-1.28,1.9633,23.76,0.59,22.65,2.04,-1,-2.31,,,
cand_00111,7689,JWST,067,A1,101544256,149.7805508,2.1846755,149.7805508,2.1846755,0.000,-1,F277W,1065.35,2,1.963,1065.35,v04_diff_candidate,-1,-1,23.36,23.40,31.45,23.22,-1,22.30,-2.12,-0.46,1065.35,705.16,0.60,1.59,-3.64,2.31,1.9631,-1,-3.21,-1,-6.45,-1,-0.27,,,
cand_00112,367978,JWST,040,A10,101542818,150.2940264,1.8953316,150.2940264,1.8953316,0.000,-1,F277W,1016.60,2,1.961,1016.60,v04_diff_candidate,-1,-1,23.40,23.70,-1,23.85,-1,25.83,-1.34,-2.67,1016.60,475.13,-0.15,0.50,-1.66,0.09,1.9614,23.89,1.53,-1,-2.83,25.17,0.60,,,
cand_00113,125004,JWST,053,A4,101542818,150.2245712,2.0231801,150.2245712,2.0231801,0.000,-1,F277W,990.79,2,1.960,990.79,v04_diff_candidate,30.64,-1,23.45,23.69,-1,-1,23.83,22.82,5.52,-0.97,990.79,526.90,-2.55,-0.39,0.89,2.03,1.9604,-1,-1.79,-1,-0.55,-1,-0.21,,,
cand_00114,140481,JWST,053,A4,101542818,150.2234542,2.1261714,150.2234542,2.1261714,0.000,-1,F277W,970.26,2,1.960,970.26,v04_diff_candidate,32.04,30.69,23.47,23.76,-1,-1,22.04,21.97,1.13,6.00,970.26,481.53,-0.24,-1.65,1.12,0.90,1.9596,-1,-0.77,24.85,0.36,-1,-0.53,,,
cand_00115,277732,JWST,042,A8,101542817,150.0561802,1.8792200,150.0561802,1.8792200,0.000,-1,F277W,947.58,2,1.959,947.58,v04_diff_candidate,31.25,-1,23.56,23.43,28.51,-1,-1,-1,2.93,-1.47,947.58,629.32,1.65,0.00,0.00,0.00,1.9587,-1,0.00,-1,0.00,-1,0.00,,,
cand_00116,140480,JWST,052,A4,101542818,150.2917365,2.1013191,150.2917365,2.1013191,0.000,-1,F277W,905.97,2,1.957,905.97,v04_diff_candidate,-1,-1,23.40,23.65,30.23,20.66,20.01,19.61,-4.10,-2.88,905.97,473.53,0.48,0.70,1.14,1.86,1.9568,-1,-0.08,23.57,0.12,24.10,0.08,,,
cand_00117,251895,JWST,055,A6,101542816,149.8500384,2.0568256,149.8500384,2.0568256,0.000,-1,F277W,903.95,2,1.957,903.95,v04_diff_candidate,30.42,-1,23.56,23.50,31.21,22.84,-1,22.22,3.96,-2.62,903.95,583.11,0.70,1.77,-1.39,2.03,1.9567,-1,-0.38,-1,-2.12,25.90,0.22,,,
cand_00118,406310,JWST,102,B1,101547135,149.9461741,2.6372498,149.9461741,2.6372498,0.000,-1,F277W,891.64,2,1.956,891.64,v04_diff_candidate,33.79,32.83,23.50,23.91,29.85,21.93,21.81,21.64,0.47,1.19,891.64,354.42,2.64,0.43,0.33,0.33,1.9561,-1,-0.13,-1,-0.33,-1,-0.24,,,
cand_00119,237279,JWST,042,A7,101542816,149.9195696,1.9289520,149.9195696,1.9289520,0.000,-1,F277W,883.19,2,1.956,883.19,v04_diff_candidate,-1,30.37,23.40,23.79,28.80,20.24,22.32,-1,-4.16,4.53,883.19,437.21,2.12,5.31,0.67,-1.14,1.9557,21.76,4.95,-1,-1.79,-1,-3.19,,,
cand_00120,368398,JWST,040,A10,101542818,150.2969502,1.8980736,150.2969502,1.8980736,0.000,-1,F277W,872.36,2,1.955,872.36,v04_diff_candidate,31.37,-1,23.62,24.16,31.17,-1,-1,-1,1.96,-2.58,872.36,330.51,0.63,-2.46,-2.81,-5.16,1.9552,-1,-3.00,-1,-1.61,-1,-2.43,,,
cand_00121,515723,JWST,076,B4,101545698,150.3028818,2.4532957,150.3028818,2.4532957,0.000,-1,F277W,860.81,2,1.955,860.81,v04_diff_candidate,-1,-1,23.55,23.92,30.37,-1,-1,-1,-0.01,-5.55,860.81,315.76,1.29,-3.20,-4.88,-4.23,1.9546,-1,-2.26,-1,-3.46,-1,-0.59,,,
cand_00122,169030,JWST+EUCLID,052,A5,101542818,150.3124582,2.0382044,150.3124582,2.0382044,0.000,-1,F277W,37.39,3,1.955,37.39,v04_diff_candidate,31.05,-1,27.31,27.15,-1,25.00,-1,21.83,2.08,-2.13,37.39,20.74,-0.33,0.33,-2.38,5.44,1.9546,-1,-0.04,-1,-3.60,26.06,0.36,,,
cand_00123,714821,JWST,064,B9,101544258,150.3247499,2.1919045,150.3247499,2.1919045,0.000,-1,F277W,843.37,2,1.954,843.37,v04_diff_candidate,34.38,-1,23.63,23.71,31.07,-1,22.32,21.86,0.11,-4.58,843.37,517.15,0.95,-0.94,3.19,4.70,1.9537,-1,-1.48,25.33,0.71,24.61,1.40,,,
cand_00124,210800,JWST,055,A6,101542816,149.7504619,2.0968766,149.7504619,2.0968766,0.000,-1,F277W,825.22,2,1.953,825.22,v04_diff_candidate,-1,-1,23.79,24.63,-1,22.20,-1,22.59,-0.95,-4.30,825.22,239.92,-1.27,1.86,-1.39,0.87,1.9527,24.97,0.93,-1,-3.89,-1,-0.67,,,
cand_00125,237779,JWST,042,A8,101542817,149.9565712,1.9193358,149.9565712,1.9193358,0.000,-1,F277W,798.45,2,1.951,798.45,v04_diff_candidate,30.08,29.87,23.71,25.01,-1,21.28,23.11,-1,5.52,4.42,798.45,154.03,-0.67,2.08,0.33,-3.35,1.9511,25.62,0.12,-1,-0.64,-1,-3.99,,,
cand_00126,721820,JWST,064,B9,101544258,150.2709924,2.2597253,150.2709924,2.2597253,0.000,-1,F277W,793.52,2,1.951,793.52,v04_diff_candidate,31.42,30.93,23.62,23.82,32.56,-1,20.85,21.89,2.61,4.01,793.52,375.09,0.24,-0.66,5.42,1.87,1.9508,-1,-1.49,23.37,1.74,25.30,0.27,,,
cand_00127,404297,JWST,090,B1,101547135,149.9415856,2.6235891,149.9415856,2.6235891,0.000,-1,F277W,783.38,2,1.950,783.38,v04_diff_candidate,-1,32.63,23.74,23.90,-1,-1,-1,-1,-1.37,0.93,783.38,349.81,-0.90,-0.53,-0.31,-1.24,1.9502,-1,-1.49,25.26,0.80,-1,-1.10,,,
cand_00128,736945,JWST,076,B4,101544258,150.3039913,2.3503168,150.3039913,2.3503168,0.000,-1,F277W,782.94,2,1.950,782.94,v04_diff_candidate,-1,-1,23.60,23.69,31.29,-1,25.05,22.65,-4.34,-5.20,782.94,396.65,0.77,-1.51,0.24,2.27,1.9502,25.78,0.54,24.65,1.19,24.92,0.87,,,
cand_00129,398969,JWST,090,B1,101545696,149.9270651,2.5899560,149.9270651,2.5899560,0.000,-1,F277W,776.29,2,1.950,776.29,v04_diff_candidate,-1,-1,23.54,23.74,29.38,20.75,20.44,19.85,-6.01,-6.32,776.29,395.87,1.93,4.74,5.93,11.70,1.9498,-1,-0.28,24.16,0.59,23.60,1.00,,,
cand_00130,774640,JWST,063,B5,101544259,150.5124482,2.2708314,150.5124482,2.2708314,0.000,-1,F277W,766.61,2,1.949,766.61,v04_diff_candidate,-1,-1,23.42,23.60,-1,21.50,21.32,-1,-1.97,-0.73,766.61,431.71,-1.45,3.25,3.33,-0.68,1.9491,24.32,0.80,24.23,0.72,24.54,0.66,,,
cand_00131,729799,JWST,076,B9,101544258,150.2900980,2.3070157,150.2900980,2.3070157,0.000,-1,F277W,759.51,2,1.949,759.51,v04_diff_candidate,-1,32.05,23.55,23.72,30.13,-1,22.51,-1,-1.40,2.16,759.51,415.40,2.30,-0.84,2.33,-4.38,1.9487,-1,-1.64,-1,-0.97,-1,-0.99,,,
cand_00132,757151,JWST,064,B10,101544258,150.3936956,2.1667360,150.3936956,2.1667360,0.000,-1,F277W,749.86,2,1.948,749.86,v04_diff_candidate,31.42,30.95,23.71,23.69,34.13,21.41,21.28,20.36,2.54,4.06,749.86,455.33,0.04,0.26,0.17,0.31,1.9480,-1,-0.01,-1,-0.04,23.81,0.06,,,
cand_00133,372442,JWST,040,A10,101542818,150.3734286,1.9038712,150.3734286,1.9038712,0.000,-1,F277W,741.23,2,1.947,741.23,v04_diff_candidate,-1,32.67,23.72,23.84,-1,-1,-1,-1,-1.51,0.57,741.23,406.38,-0.01,-1.44,-2.43,-3.36,1.9475,-1,-4.80,24.49,0.95,-1,-1.50,,,
cand_00134,671269,JWST,065,B8,101544257,150.1546245,2.2537020,150.1546245,2.2537020,0.000,-1,F277W,736.38,2,1.947,736.38,v04_diff_candidate,-1,31.62,23.73,23.94,-1,21.17,20.43,20.79,-2.23,2.70,736.38,329.75,-1.79,3.08,4.41,2.83,1.9471,-1,-0.55,-1,-0.26,-1,-0.54,,,
cand_00135,403896,JWST,090,B1,101545696,149.9728324,2.6089673,149.9728324,2.6089673,0.000,-1,F277W,731.48,2,1.947,731.48,v04_diff_candidate,-1,-1,23.84,24.94,32.28,23.58,-1,-1,-1.58,-0.80,731.48,154.04,0.32,0.51,-0.43,-0.85,1.9468,26.00,0.20,26.46,0.08,-1,-0.06,,,
cand_00136,548792,JWST,075,B5,101544258,150.4597734,2.3478882,150.4597734,2.3478882,0.000,-1,F277W,730.23,2,1.947,730.23,v04_diff_candidate,30.81,-1,23.63,23.88,-1,21.44,21.40,20.44,4.69,-7.45,730.23,354.18,-0.48,0.45,0.25,0.45,1.9467,-1,-0.04,-1,-0.02,-1,-0.02,,,
cand_00137,560018,JWST,075,B5,101545698,150.4557645,2.4410239,150.4557645,2.4410239,0.000,-1,F277W,725.56,2,1.946,725.56,v04_diff_candidate,-1,-1,23.67,23.77,29.59,21.11,20.58,20.49,-4.71,-7.49,725.56,446.93,2.43,1.47,1.50,1.18,1.9463,-1,-0.89,-1,-1.28,-1,-0.48,,,
cand_00138,196674,JWST,055,A6,101542816,149.7516942,1.9938432,149.7516942,1.9938432,0.000,-1,F277W,721.66,2,1.946,721.66,v04_diff_candidate,31.23,-1,23.71,23.86,30.48,22.25,-1,-1,3.13,-0.71,721.66,408.52,0.71,1.27,-3.60,-10.30,1.9461,-1,-0.08,-1,-2.46,-1,-5.00,,,
cand_00139,650694,JWST,090,B1,101545697,149.9965800,2.4620938,149.9965800,2.4620938,0.000,-1,F277W,704.95,2,1.945,704.95,v04_diff_candidate,-1,31.39,23.61,23.85,-1,-1,-1,-1,-1.47,3.06,704.95,367.41,-0.68,-2.67,-4.87,-1.19,1.9448,28.58,0.04,-1,-2.01,-1,-2.23,,,
cand_00140,755756,JWST,064,B10,101544258,150.3566702,2.1692833,150.3566702,2.1692833,0.000,-1,F277W,695.51,2,1.944,695.51,v04_diff_candidate,-1,-1,23.89,23.99,30.43,24.69,-1,-1,-0.10,-6.40,695.51,357.61,1.75,0.42,-2.37,-3.90,1.9441,-1,-0.27,25.63,0.59,-1,-1.94,,,
cand_00141,678471,JWST,065,B8,101544257,150.2026739,2.2845740,150.2026739,2.2845740,0.000,-1,F277W,692.74,2,1.944,692.74,v04_diff_candidate,-1,-1,23.63,23.80,30.80,22.00,21.25,20.79,-3.82,-7.25,692.74,380.32,0.86,0.44,0.55,0.74,1.9439,-1,-0.10,30.49,0.00,-1,-0.17,,,
cand_00142,625518,JWST,078,B6,101544256,149.9421948,2.3123509,149.9421948,2.3123509,0.000,-1,F277W,684.72,2,1.943,684.72,v04_diff_candidate,31.80,-1,23.80,24.12,31.63,-1,21.89,25.19,1.34,-8.63,684.72,307.50,0.52,-6.78,4.30,0.25,1.9432,-1,-2.19,23.86,2.71,24.60,1.58,,,
cand_00143,561319,JWST,075,B5,101545698,150.4586327,2.4509071,150.4586327,2.4509071,0.000,-1,F277W,672.06,2,1.942,672.06,v04_diff_candidate,29.96,30.49,23.81,24.02,-1,24.93,25.66,-1,8.96,9.81,672.06,335.21,-0.86,0.35,0.18,-3.16,1.9422,-1,-0.91,-1,-0.05,-1,-2.46,,,
cand_00144,769144,JWST,063,B10,101544258,150.4610185,2.2417600,150.4610185,2.2417600,0.000,-1,F277W,670.91,2,1.942,670.91,v04_diff_candidate,31.66,-1,23.65,24.36,34.00,23.18,-1,23.00,1.72,-0.76,670.91,242.92,0.04,1.47,-4.50,1.95,1.9421,24.93,1.04,-1,-2.34,-1,-0.66,,,
cand_00145,521345,JWST,075,B4,101545698,150.4177891,2.4489666,150.4177891,2.4489666,0.000,-1,F277W,658.07,2,1.941,658.07,v04_diff_candidate,-1,-1,23.80,23.99,30.16,22.26,24.57,23.11,-5.22,-2.56,658.07,328.95,1.99,4.31,0.44,1.87,1.9410,23.62,4.46,-1,-2.08,-1,-2.05,,,
cand_00146,676353,JWST,065,B8,101544257,150.1667942,2.2818334,150.1667942,2.2818334,0.000,-1,F277W,656.35,2,1.941,656.35,v04_diff_candidate,-1,-1,23.69,24.10,-1,-1,-1,22.37,-1.39,-6.12,656.35,279.28,-0.14,-4.05,-0.68,2.03,1.9409,-1,-3.53,23.31,3.49,-1,-0.42,,,
cand_00147,436471,JWST,089,B2,101545697,150.0636921,2.5402782,150.0636921,2.5402782,0.000,-1,F277W,649.28,2,1.940,649.28,v04_diff_candidate,30.50,-1,23.61,23.88,-1,21.47,20.58,20.49,4.71,-3.38,649.28,343.30,-0.78,1.16,1.35,0.88,1.9402,23.64,0.43,23.88,0.20,-1,-0.03,,,
cand_00148,522105,JWST,088,B4,101545698,150.3874535,2.4658625,150.3874535,2.4658625,0.000,-1,F277W,649.21,2,1.940,649.21,v04_diff_candidate,31.06,-1,23.97,24.35,28.93,20.51,20.23,20.17,5.01,-4.89,649.21,246.03,4.69,14.27,19.65,17.35,1.9402,-1,-1.76,-1,-3.93,-1,-5.46,,,
cand_00149,508501,JWST,076,B4,101545698,150.3914275,2.3727596,150.3914275,2.3727596,0.000,-1,F277W,644.43,2,1.940,644.43,v04_diff_candidate,31.24,-1,23.81,23.91,30.27,22.93,21.81,21.77,3.24,-2.18,644.43,350.34,1.97,2.52,4.00,4.44,1.9398,-1,-0.45,24.70,1.06,-1,-0.66,,,
cand_00150,736946,JWST,076,B4,101544258,150.3723031,2.3254715,150.3723031,2.3254715,0.000,-1,F277W,644.10,2,1.940,644.10,v04_diff_candidate,-1,32.13,23.58,23.81,32.88,-1,22.51,23.31,-2.14,1.47,644.10,396.38,0.16,-3.63,3.27,1.59,1.9398,-1,-0.62,23.88,2.89,-1,-3.10,,,
cand_00151,311063,JWST,029,A9,101541378,150.1790774,1.7822152,150.1790774,1.7822152,0.000,-1,F277W,643.77,2,1.940,643.77,v04_diff_candidate,-1,31.92,23.62,23.79,-1,-1,-1,-1,-4.04,1.03,643.77,352.55,0.00,0.00,0.00,0.00,1.9397,-1,0.00,-1,0.00,-1,0.00,,,
cand_00152,397739,JWST,091,B1,101545696,149.8904196,2.5934188,149.8904196,2.5934188,0.000,-1,F277W,636.45,2,1.939,636.45,v04_diff_candidate,-1,30.78,23.76,23.67,31.96,23.68,-1,-1,-5.36,3.27,636.45,480.54,0.36,1.06,-1.76,-0.11,1.9391,25.73,0.54,-1,-2.95,25.11,0.92,,,
cand_00153,85825,JWST,054,A3,101542817,150.0566920,2.0880947,150.0566920,2.0880947,0.000,-1,F277W,629.49,2,1.938,629.49,v04_diff_candidate,-1,31.97,23.93,24.15,31.14,23.34,-1,22.21,-3.30,2.41,629.49,342.12,0.76,1.15,-1.68,2.14,1.9384,-1,-1.24,-1,-0.51,-1,-2.48,,,
cand_00154,529142,JWST,087,B4,101545698,150.4366598,2.4914535,150.4366598,2.4914535,0.000,-1,F277W,628.19,2,1.938,628.19,v04_diff_candidate,-1,-1,23.74,24.30,-1,23.80,22.10,-1,-4.46,-2.16,628.19,239.27,-1.13,1.01,4.17,-5.50,1.9383,-1,-2.67,-1,-0.24,-1,-3.43,,,
cand_00155,625767,JWST,066,B7,101544257,150.0112912,2.2890386,150.0112912,2.2890386,0.000,-1,F277W,618.76,2,1.937,618.76,v04_diff_candidate,-1,-1,23.85,24.11,31.09,22.30,22.73,24.64,-3.73,-0.50,618.76,298.05,0.80,1.65,0.82,0.14,1.9374,23.97,1.06,-1,-0.41,-1,-0.36,,,
cand_00156,427921,JWST,090,B1,101545697,150.0089976,2.4950389,150.0089976,2.4950389,0.000,-1,F277W,618.05,2,1.937,618.05,v04_diff_candidate,32.66,-1,23.84,24.08,-1,-1,-1,-1,0.91,-0.25,618.05,260.45,-1.73,-2.20,-5.89,-0.44,1.9373,-1,-1.24,-1,-2.10,24.30,1.68,,,
cand_00157,390063,JWST,090,B1,101545696,149.9747890,2.5074790,149.9747890,2.5074790,0.000,-1,F277W,601.38,2,1.936,601.38,v04_diff_candidate,-1,-1,23.88,24.09,31.19,23.09,22.49,21.96,-4.38,-8.03,601.38,295.69,0.89,2.04,3.00,4.26,1.9356,25.73,0.69,-1,-2.13,25.07,0.83,,,
cand_00158,546882,JWST,075,B5,101544258,150.4210292,2.3466545,150.4210292,2.3466545,0.000,-1,F277W,601.38,2,1.936,601.38,v04_diff_candidate,-1,31.64,23.96,24.00,31.67,23.26,22.14,-1,-2.07,3.15,601.38,310.06,0.51,1.50,3.55,-1.44,1.9356,30.87,0.00,-1,-1.91,24.54,1.50,,,
cand_00159,506213,JWST,076,B4,101544258,150.3526704,2.3715259,150.3526704,2.3715259,0.000,-1,F277W,589.46,2,1.934,589.46,v04_diff_candidate,30.85,-1,23.78,24.43,-1,23.34,24.44,22.44,4.43,-1.20,589.46,206.27,-0.63,1.69,0.52,3.49,1.9344,-1,-2.94,23.87,2.98,-1,-2.37,,,
cand_00160,642157,JWST,078,B7,101545697,150.0122203,2.3927365,150.0122203,2.3927365,0.000,-1,F277W,588.53,2,1.934,588.53,v04_diff_candidate,-1,32.24,23.84,23.90,32.01,23.89,22.44,20.67,-7.12,1.76,588.53,339.36,0.35,0.36,0.39,1.19,1.9343,-1,-1.77,-1,-0.18,23.61,0.26,,,
cand_00161,404134,JWST,090,B1,101545696,149.9736540,2.6104721,149.9736540,2.6104721,0.000,-1,F277W,587.59,2,1.934,587.59,v04_diff_candidate,-1,-1,23.85,24.25,-1,-1,22.50,-1,-8.66,-1.45,587.59,272.76,-0.80,-5.34,3.20,-3.10,1.9342,-1,-0.79,25.15,0.85,-1,-2.34,,,
cand_00162,355093,JWST,041,A10,101541378,150.2268790,1.8120281,150.2268790,1.8120281,0.000,-1,F277W,587.11,2,1.934,587.11,v04_diff_candidate,31.93,-1,23.84,24.57,-1,-1,-1,-1,1.03,-6.09,587.11,209.56,0.00,0.00,0.00,0.00,1.9341,-1,0.00,-1,0.00,-1,0.00,,,
cand_00163,428078,JWST,089,B2,101545697,150.0793876,2.4709039,150.0793876,2.4709039,0.000,-1,F277W,586.83,2,1.934,586.83,v04_diff_candidate,-1,-1,23.96,24.10,30.01,-1,-1,-1,-5.04,-1.23,586.83,272.49,2.37,-23.42,-22.43,-27.99,1.9341,-1,-3.29,-1,-4.25,-1,-2.77,,,
cand_00164,449315,JWST,101,B2,101545697,150.0608576,2.6281128,150.0608576,2.6281128,0.000,-1,F277W,583.96,2,1.934,583.96,v04_diff_candidate,-1,31.27,23.87,24.30,-1,22.04,25.47,-1,-2.95,2.66,583.96,246.57,-1.39,3.90,0.13,-0.33,1.9338,25.44,0.72,-1,-4.07,-1,-3.99,,,
cand_00165,713147,JWST,064,B9,101544258,150.2542086,2.2065585,150.2542086,2.2065585,0.000,-1,F277W,576.99,2,1.933,576.99,v04_diff_candidate,30.82,-1,24.13,24.24,30.90,-1,-1,22.22,4.54,-8.09,576.99,301.63,0.90,-4.19,-5.52,3.45,1.9330,-1,-0.98,-1,-1.97,-1,-0.84,,,
cand_00166,412071,JWST,102,B1,101547135,149.9275353,2.6838387,149.9275353,2.6838387,0.000,-1,F277W,569.68,2,1.932,569.68,v04_diff_candidate,-1,33.27,23.94,24.21,31.03,24.10,-1,22.19,-2.37,0.24,569.68,274.96,0.83,0.60,-0.36,3.04,1.9322,-1,-2.51,-1,-0.91,23.78,2.29,,,
cand_00167,641931,JWST,078,B7,101544257,150.0442795,2.3796143,150.0442795,2.3796143,0.000,-1,F277W,565.80,2,1.932,565.80,v04_diff_candidate,-1,-1,23.93,24.07,-1,-1,23.60,21.59,-3.67,-5.31,565.80,316.54,-2.05,-1.87,0.35,2.61,1.9317,-1,-1.37,-1,-0.92,25.02,0.30,,,
cand_00168,548795,JWST,075,B5,101544258,150.4255744,2.3603421,150.4255744,2.3603421,0.000,-1,F277W,559.02,2,1.931,559.02,v04_diff_candidate,31.40,31.18,23.89,23.84,-1,20.56,20.14,19.59,1.55,4.51,559.02,364.33,-0.56,0.65,0.72,1.12,1.9309,24.60,0.05,22.97,0.15,22.72,0.17,,,
cand_00169,668963,JWST,065,B7,101544257,150.0796440,2.2641790,150.0796440,2.2641790,0.000,-1,F277W,557.32,2,1.931,557.32,v04_diff_candidate,-1,-1,23.89,24.23,30.27,23.12,21.01,22.80,-2.81,-4.18,557.32,250.18,1.87,0.60,3.21,0.46,1.9307,-1,-0.09,24.25,0.49,-1,-0.26,,,
cand_00170,729128,JWST,064,B9,101544258,150.3240145,2.2899433,150.3240145,2.2899433,0.000,-1,F277W,557.31,2,1.931,557.31,v04_diff_candidate,33.54,-1,23.88,24.13,29.06,19.61,19.25,19.09,0.47,-5.13,557.31,291.81,1.87,12.77,12.57,13.83,1.9307,-1,-0.47,26.32,0.06,-1,-0.99,,,
cand_00171,317619,JWST,041,A9,101541378,150.2105958,1.8228800,150.2105958,1.8228800,0.000,-1,F444W,552.13,2,1.930,552.13,v04_diff_candidate,-1,28.43,23.85,22.36,-1,-1,-1,-1,-2.01,17.90,267.56,552.13,0.00,0.00,0.00,0.00,1.9301,-1,0.00,-1,0.00,-1,0.00,,,
cand_00172,767892,JWST,063,B10,101544258,150.4231339,2.2438832,150.4231339,2.2438832,0.000,-1,F277W,549.89,2,1.930,549.89,v04_diff_candidate,-1,31.37,23.87,23.93,-1,-1,24.03,-1,-2.30,4.02,549.89,348.44,-0.69,-0.21,0.81,-13.37,1.9298,25.11,1.02,-1,-0.09,-1,-3.87,,,
cand_00173,642792,JWST,078,B7,101545697,150.0139460,2.3965128,150.0139460,2.3965128,0.000,-1,F277W,543.34,2,1.929,543.34,v04_diff_candidate,-1,30.93,24.08,24.30,-1,-1,-1,-1,-0.76,4.47,543.34,288.29,-0.23,-0.27,-1.54,-8.59,1.9290,-1,-0.36,-1,-0.59,-1,-1.20,,,
cand_00174,411121,JWST,102,B1,101547135,149.9925270,2.6529644,149.9925270,2.6529644,0.000,-1,F277W,542.83,2,1.929,542.83,v04_diff_candidate,-1,-1,23.86,23.93,-1,-1,23.15,-1,-1.56,-3.10,542.83,364.11,-0.57,-4.26,1.89,-2.83,1.9289,25.02,1.26,-1,-0.13,-1,-0.85,,,
cand_00175,522104,JWST,075,B4,101545698,150.4216078,2.4534412,150.4216078,2.4534412,0.000,-1,F277W,531.32,2,1.927,531.32,v04_diff_candidate,-1,-1,24.19,24.31,-1,-1,-1,-1,-1.80,-3.54,531.32,284.63,-1.33,-2.51,-2.88,-7.85,1.9274,-1,-3.23,-1,-5.66,-1,-1.60,,,
cand_00176,560016,JWST,075,B5,101545698,150.4898919,2.4286186,150.4898919,2.4286186,0.000,-1,F277W,513.39,2,1.925,513.39,v04_diff_candidate,-1,-1,24.13,24.38,33.56,24.09,23.10,23.61,-2.13,-1.67,513.39,252.97,0.06,0.78,1.72,1.13,1.9250,-1,-0.21,25.23,0.76,24.00,2.52,,,
cand_00177,691136,JWST,077,B8,101545697,150.1656820,2.3848222,150.1656820,2.3848222,0.000,-1,F277W,504.76,2,1.924,504.76,v04_diff_candidate,32.85,-1,23.99,24.05,31.20,22.51,-1,22.57,0.65,-0.50,504.76,284.71,0.76,1.94,-3.65,1.26,1.9238,24.01,2.02,-1,-2.96,24.89,0.59,,,
cand_00178,507733,JWST,076,B4,101544258,150.3911866,2.3681009,150.3911866,2.3681009,0.000,-1,F277W,502.97,2,1.924,502.97,v04_diff_candidate,31.86,31.68,23.95,24.21,-1,23.50,-1,23.09,2.21,3.78,502.97,249.42,-0.09,1.30,-3.43,2.09,1.9235,-1,-0.29,-1,-0.78,-1,-0.85,,,
cand_00179,441975,JWST,089,B2,101545697,150.1444583,2.5483753,150.1444583,2.5483753,0.000,-1,F277W,498.09,2,1.923,498.09,v04_diff_candidate,-1,33.49,24.10,24.08,32.24,-1,22.19,-1,-0.15,0.47,498.09,256.40,0.28,-0.17,3.91,-1.15,1.9228,25.77,0.56,23.51,3.92,25.52,0.76,,,
cand_00180,767667,JWST,063,B10,101544259,150.4883782,2.2181082,150.4883782,2.2181082,0.000,-1,F277W,496.25,2,1.923,496.25,v04_diff_candidate,31.30,32.44,23.96,24.02,29.25,-1,22.10,21.22,3.21,0.99,496.25,295.83,1.40,-1.15,0.41,0.90,1.9225,-1,-0.30,-1,-0.42,-1,-0.21,,,
cand_00181,734812,JWST,076,B9,101544258,150.2681174,2.3475779,150.2681174,2.3475779,0.000,-1,F277W,487.93,2,1.921,487.93,v04_diff_candidate,-1,-1,23.88,25.07,-1,-1,22.08,-1,-5.29,-2.00,487.93,125.50,-0.54,-6.11,4.61,-1.74,1.9212,-1,-3.25,24.53,1.60,-1,-2.71,,,
cand_00182,398868,JWST,091,B1,101545696,149.8919285,2.6020016,149.8919285,2.6020016,0.000,-1,F277W,483.10,2,1.920,483.10,v04_diff_candidate,-1,-1,23.79,23.82,-1,21.26,21.84,21.23,-0.18,-2.83,483.10,371.80,-1.56,1.38,0.52,0.71,1.9205,24.32,0.25,-1,-0.24,25.17,0.06,,,
cand_00183,191854,JWST,043,A6,101542816,149.7880425,1.9459200,149.7880425,1.9459200,0.000,-1,F444W,469.58,2,1.918,469.58,v04_diff_candidate,30.58,29.01,24.71,23.63,-1,-1,-1,-1,4.39,6.73,214.25,469.58,-0.00,0.00,0.00,0.00,1.9183,-1,0.00,-1,0.00,-1,0.00,,,
cand_00184,626656,JWST,078,B7,101544256,149.9468387,2.3183340,149.9468387,2.3183340,0.000,-1,F277W,459.71,2,1.917,459.71,v04_diff_candidate,30.88,30.98,24.47,24.50,30.61,22.33,21.48,21.15,5.36,4.87,459.71,244.37,1.26,0.43,0.72,0.95,1.9166,-1,-0.75,-1,-0.58,26.55,0.04,,,
cand_00185,773413,JWST,063,B10,101544259,150.5072457,2.2605932,150.5072457,2.2605932,0.000,-1,F277W,458.49,2,1.916,458.49,v04_diff_candidate,30.98,31.12,23.98,24.15,-1,20.50,-1,23.66,2.45,3.47,458.49,288.66,-0.86,8.71,-5.11,0.49,1.9164,22.39,5.46,23.57,1.40,-1,-0.21,,,
cand_00186,431034,JWST+EUCLID,089,B2,101545697,150.1276448,2.4772508,150.1276448,2.4772508,0.000,-1,F444W,35.33,3,1.916,35.33,v04_diff_candidate,29.89,31.35,28.69,26.78,30.58,21.90,22.21,21.04,16.40,3.95,8.17,35.33,1.32,5.53,3.51,10.83,1.9155,23.56,4.31,25.45,0.59,23.83,2.70,,,
cand_00187,560763,JWST,075,B5,101545699,150.5267200,2.4213952,150.5267200,2.4213952,0.000,-1,F277W,452.26,2,1.915,452.26,v04_diff_candidate,-1,-1,23.96,24.03,30.20,-1,-1,-1,-3.80,-3.41,452.26,290.25,0.81,-0.30,-5.94,-0.87,1.9153,-1,-3.83,-1,-1.95,-1,-1.61,,,
cand_00188,391521,JWST,090,B1,101545696,149.9104223,2.5415176,149.9104223,2.5415176,0.000,-1,F277W,443.75,2,1.914,443.75,v04_diff_candidate,32.50,31.93,24.30,24.56,-1,23.69,-1,-1,1.90,2.79,443.75,220.20,-0.81,0.41,-0.23,-0.14,1.9137,24.84,0.55,28.02,0.02,-1,-1.48,,,
cand_00189,560762,JWST,075,B5,101545698,150.4584017,2.4462558,150.4584017,2.4462558,0.000,-1,F277W,442.07,2,1.913,442.07,v04_diff_candidate,33.52,32.62,24.09,24.08,30.58,-1,-1,-1,0.55,1.34,442.07,292.20,1.31,-3.00,-2.59,-1.83,1.9134,-1,-2.24,-1,-1.04,-1,-1.17,,,
cand_00190,727434,JWST,064,B9,101544258,150.3517139,2.2678199,150.3517139,2.2678199,0.000,-1,F277W,440.53,2,1.913,440.53,v04_diff_candidate,-1,-1,24.02,24.04,28.88,19.78,18.97,18.81,-0.91,-2.11,440.53,290.51,2.02,4.98,8.82,12.80,1.9131,24.88,0.15,-1,-0.13,25.19,0.11,,,
cand_00191,355695,JWST,028,A10,101541378,150.3306099,1.7796392,150.3306099,1.7796392,0.000,-1,F277W,438.12,2,1.913,438.12,v04_diff_candidate,-1,29.89,24.15,24.81,-1,-1,-1,-1,-5.03,7.17,438.12,146.72,0.00,0.00,0.00,0.00,1.9127,-1,0.00,-1,0.00,-1,0.00,,,
cand_00192,515726,JWST,076,B4,101545698,150.3712094,2.4284530,150.3712094,2.4284530,0.000,-1,F277W,424.06,2,1.910,424.06,v04_diff_candidate,31.45,30.45,23.65,23.77,30.38,-1,-1,-1,2.66,8.00,424.06,366.21,1.58,-4.63,-5.75,-7.01,1.9099,26.18,0.40,-1,-2.39,-1,-5.20,,,
cand_00193,385461,JWST,091,B1,101545696,149.8662378,2.5164075,149.8662378,2.5164075,0.000,-1,F277W,423.66,2,1.910,423.66,v04_diff_candidate,-1,34.25,24.07,24.06,28.25,19.58,19.53,19.57,-1.29,0.25,423.66,315.62,3.50,28.30,30.22,25.19,1.9098,-1,-1.80,-1,-0.28,24.74,0.95,,,
cand_00194,668962,JWST,065,B8,101544257,150.1479245,2.2393478,150.1479245,2.2393478,0.000,-1,F277W,419.36,2,1.909,419.36,v04_diff_candidate,-1,-1,24.02,24.21,-1,23.24,-1,22.18,-0.23,-5.55,419.36,226.65,-0.02,0.49,-1.18,0.37,1.9090,-1,-0.68,-1,-1.81,24.07,0.81,,,
cand_00195,764196,JWST,063,B10,101544258,150.4139766,2.2146317,150.4139766,2.2146317,0.000,-1,F277W,418.83,2,1.909,418.83,v04_diff_candidate,-1,31.05,24.06,24.10,30.74,-1,22.42,-1,-0.70,3.03,418.83,279.21,1.10,-3.76,2.89,-0.54,1.9088,-1,-3.30,-1,-1.29,25.69,0.57,,,
cand_00196,258269,JWST,054,A2,101542816,149.8967838,2.0844713,149.8967838,2.0844713,0.000,-1,F277W,409.24,2,1.907,409.24,v04_diff_candidate,-1,-1,24.21,26.13,-1,-1,22.13,-1,-2.01,-0.67,409.24,45.87,-1.56,-1.12,4.06,-0.83,1.9068,-1,-0.62,-1,-1.33,-1,-1.41,,,
cand_00197,648758,JWST,077,B7,101545697,150.0973112,2.4096901,150.0973112,2.4096901,0.000,-1,F277W,409.18,2,1.907,409.18,v04_diff_candidate,33.01,-1,24.13,24.32,31.15,24.60,22.83,-1,0.90,-1.75,409.18,214.77,0.82,0.52,2.15,-0.63,1.9068,-1,-3.87,24.69,1.44,27.31,0.14,,,
cand_00198,507725,JWST,076,B4,101545698,150.3228733,2.3929475,150.3228733,2.3929475,0.000,-1,F277W,401.85,2,1.905,401.85,v04_diff_candidate,-1,-1,24.28,24.60,31.19,22.46,24.55,-1,-5.89,-4.32,401.85,209.09,0.86,1.93,0.19,-1.06,1.9052,-1,-0.40,-1,-1.08,-1,-0.98,,,
cand_00199,642789,JWST,078,B7,101545696,149.9798198,2.4089192,149.9798198,2.4089192,0.000,-1,F277W,398.25,2,1.904,398.25,v04_diff_candidate,-1,-1,24.45,24.45,-1,-1,-1,24.43,-3.82,-6.13,398.25,232.51,-0.10,-4.56,-0.85,0.41,1.9044,-1,-2.14,24.55,1.31,-1,-3.46,,,
cand_00200,729123,JWST,076,B9,101544258,150.2557058,2.3147857,150.2557058,2.3147857,0.000,-1,F277W,383.29,2,1.901,383.29,v04_diff_candidate,-1,-1,24.25,24.39,-1,23.32,21.84,22.82,-2.62,-6.94,383.29,193.82,-0.88,0.63,1.86,0.80,1.9008,-1,-1.83,25.58,0.29,26.81,0.09,,,
cand_00201,317994,JWST,041,A9,101541377,150.1255594,1.8571328,150.1255594,1.8571328,0.000,-1,F277W,371.54,2,1.898,371.54,v04_diff_candidate,-1,34.70,24.51,24.96,-1,-1,-1,-1,-4.14,0.21,371.54,153.81,-0.63,0.00,0.00,0.00,1.8978,-1,0.00,-1,0.00,-1,0.00,,,
cand_00202,730506,JWST,076,B9,101544258,150.3262426,2.2989088,150.3262426,2.2989088,0.000,-1,F277W,369.81,2,1.897,369.81,v04_diff_candidate,31.24,32.22,24.22,25.70,-1,24.00,-1,24.70,5.83,1.72,369.81,73.42,-0.83,0.75,-6.97,0.41,1.8974,-1,-0.87,-1,-2.52,24.44,1.94,,,
cand_00203,429350,JWST,089,B2,101545697,150.1179165,2.4674847,150.1179165,2.4674847,0.000,-1,F277W,367.23,2,1.897,367.23,v04_diff_candidate,-1,-1,24.39,24.45,28.51,20.06,19.54,19.16,-1.48,-7.53,367.23,215.88,6.20,19.26,20.66,21.21,1.8967,-1,-1.30,-1,-2.15,24.63,0.40,,,
cand_00204,768970,JWST,063,B10,101544258,150.4606823,2.2402315,150.4606823,2.2402315,0.000,-1,F277W,367.11,2,1.897,367.11,v04_diff_candidate,30.99,31.06,24.38,24.44,30.43,-1,-1,-1,3.48,7.19,367.11,193.43,0.87,-3.70,-0.58,-0.09,1.8967,-1,-1.51,24.19,1.32,-1,-1.88,,,
cand_00205,391742,JWST,090,B1,101545696,149.9470931,2.5295975,149.9470931,2.5295975,0.000,-1,F277W,366.43,2,1.896,366.43,v04_diff_candidate,-1,-1,24.29,24.55,-1,-1,24.02,22.67,-1.31,-3.29,366.43,196.39,-1.27,-4.83,0.77,3.07,1.8965,-1,-5.33,24.60,1.63,25.13,1.15,,,
cand_00206,405688,JWST,090,B1,101545697,150.0142826,2.6077469,150.0142826,2.6077469,0.000,-1,F277W,366.24,2,1.896,366.24,v04_diff_candidate,32.96,-1,24.29,24.40,-1,-1,-1,-1,0.63,-2.97,366.24,177.64,-0.69,-0.25,-0.03,-1.26,1.8964,-1,-0.36,-1,-1.33,-1,-2.25,,,
cand_00207,692020,JWST,077,B8,101545697,150.1696278,2.3902622,150.1696278,2.3902622,0.000,-1,F277W,362.61,2,1.895,362.61,v04_diff_candidate,-1,31.04,24.20,25.47,-1,27.94,23.00,22.98,-2.11,4.43,362.61,80.83,-0.49,0.02,1.86,1.84,1.8955,-1,-2.39,-1,-2.63,-1,-1.11,,,
cand_00208,505654,JWST+EUCLID,075,B4,101544258,150.3996101,2.3504724,150.3996101,2.3504724,0.000,-1,F444W,34.32,3,1.895,34.32,v04_diff_candidate,30.00,29.82,28.29,26.91,29.97,24.33,21.34,21.65,8.94,13.27,15.39,34.32,2.39,0.54,8.40,5.49,1.8955,24.49,1.64,24.24,1.81,24.21,1.68,,,
cand_00209,313311,JWST,041,A9,101541377,150.1340730,1.8174634,150.1340730,1.8174634,0.000,-1,F444W,351.96,2,1.892,351.96,v04_diff_candidate,30.75,28.33,23.81,22.48,-1,-1,-1,-1,2.95,11.55,133.21,351.96,0.00,0.00,0.00,0.00,1.8925,-1,0.00,-1,0.00,-1,0.00,,,
cand_00210,245353,JWST,055,A7,101542816,149.8708431,2.0029915,149.8708431,2.0029915,0.000,-1,F277W,351.32,2,1.892,351.32,v04_diff_candidate,-1,-1,24.37,25.04,30.22,20.95,20.90,20.27,-8.85,-7.29,351.32,115.11,1.31,1.64,0.92,2.08,1.8923,-1,-0.16,25.17,0.06,-1,-0.38,,,
cand_00211,530836,JWST,088,B4,101545698,150.3736233,2.5280719,150.3736233,2.5280719,0.000,-1,F277W,349.73,2,1.892,349.73,v04_diff_candidate,34.14,29.46,24.40,24.48,-1,-1,23.19,23.93,0.12,10.98,349.73,211.79,-2.42,-1.76,1.33,0.82,1.8918,-1,-2.98,-1,-0.63,-1,-3.01,,,
cand_00212,507030,JWST,076,B4,101544258,150.3889411,2.3643943,150.3889411,2.3643943,0.000,-1,F277W,348.41,2,1.891,348.41,v04_diff_candidate,31.53,31.37,24.44,24.71,33.57,-1,-1,22.88,1.12,2.93,348.41,198.21,0.09,-1.69,-0.40,1.57,1.8914,24.40,1.79,-1,-1.68,24.37,1.40,,,
cand_00213,312600,JWST,041,A9,101541377,150.1269594,1.8148330,150.1269594,1.8148330,0.000,-1,F444W,342.74,2,1.890,342.74,v04_diff_candidate,27.70,28.34,28.07,24.49,-1,-1,-1,-1,48.25,44.91,19.65,342.74,0.00,0.00,0.00,0.00,1.8897,-1,0.00,-1,0.00,-1,0.00,,,
cand_00214,490805,JWST,089,B3,101545697,150.2028567,2.5901548,150.2028567,2.5901548,0.000,-1,F277W,342.27,2,1.890,342.27,v04_diff_candidate,-1,-1,24.41,24.87,-1,22.79,-1,21.45,-2.18,-2.67,342.27,142.38,-1.05,1.44,-0.83,3.23,1.8896,-1,-0.66,-1,-3.33,23.72,2.70,,,
cand_00215,122279,JWST,053,A4,101542817,150.1591912,2.0275023,150.1591912,2.0275023,0.000,-1,F277W,342.10,2,1.890,342.10,v04_diff_candidate,-1,-1,24.68,25.48,-1,22.35,23.18,22.94,-4.48,-2.48,342.10,97.77,-0.89,2.40,0.78,0.94,1.8895,-1,-1.11,-1,-3.75,-1,-1.45,,,
cand_00216,567302,JWST,087,B5,101545698,150.4761430,2.4907870,150.4761430,2.4907870,0.000,-1,F277W,341.10,2,1.889,341.10,v04_diff_candidate,-1,-1,24.28,24.41,-1,22.52,-1,24.06,-5.45,-4.55,341.10,172.73,-0.08,3.27,-4.04,0.84,1.8892,23.95,3.08,-1,-1.38,24.55,2.00,,,
cand_00217,769305,JWST,063,B10,101544258,150.4599897,2.2436688,150.4599897,2.2436688,0.000,-1,F277W,338.54,2,1.888,338.54,v04_diff_candidate,32.90,-1,24.54,24.47,32.30,23.07,24.37,-1,0.28,-0.60,338.54,207.42,0.19,1.71,0.45,-0.49,1.8884,-1,-3.31,26.34,0.24,24.58,1.12,,,
cand_00218,548509,JWST+EUCLID,075,B5,101544259,150.5087631,2.3276086,150.5087631,2.3276086,0.000,-1,F277W,33.97,3,1.888,33.97,v04_diff_candidate,-1,-1,27.27,30.33,30.66,21.16,20.93,21.03,-1.11,-0.63,33.97,1.19,0.41,5.61,5.68,5.82,1.8882,-1,-1.01,-1,-0.45,-1,-0.03,,,
cand_00219,691323,JWST,077,B8,101545697,150.1658993,2.3861782,150.1658993,2.3861782,0.000,-1,F277W,335.05,2,1.887,335.05,v04_diff_candidate,-1,-1,24.46,25.75,-1,22.33,24.93,-1,-0.35,-6.09,335.05,69.95,-1.73,3.63,0.29,-4.13,1.8873,-1,-0.96,-1,-0.82,-1,-3.49,,,
cand_00220,100686,JWST,065,A3,101544257,150.0878815,2.1786035,150.0878815,2.1786035,0.000,-1,F277W,331.61,2,1.886,331.61,v04_diff_candidate,-1,32.37,24.63,24.92,29.88,21.49,-1,21.44,-0.78,0.99,331.61,134.85,1.34,1.38,-0.17,0.97,1.8862,24.42,0.55,25.71,0.11,-1,-0.59,,,
cand_00221,412896,JWST,102,B1,101547135,149.9636800,2.6771315,149.9636800,2.6771315,0.000,-1,F277W,331.04,2,1.886,331.04,v04_diff_candidate,33.97,30.87,24.39,24.58,33.13,-1,22.33,21.58,0.18,2.24,331.04,180.51,0.11,-0.10,2.69,4.67,1.8861,-1,-0.72,25.24,0.74,25.98,0.42,,,
cand_00222,291406,JWST,054,A8,101542817,150.0219422,1.9974137,150.0219422,1.9974137,0.000,-1,F277W,326.79,2,1.885,326.79,v04_diff_candidate,32.66,31.40,24.65,25.01,-1,23.11,22.61,-1,0.57,3.96,326.79,134.23,-2.20,1.41,1.91,-4.56,1.8847,24.22,1.62,-1,-0.95,-1,-4.04,,,
cand_00223,620523,JWST,066,B7,101544256,149.9637765,2.2707850,149.9637765,2.2707850,0.000,-1,F277W,319.11,2,1.882,319.11,v04_diff_candidate,31.05,-1,24.69,24.75,29.97,20.80,21.05,21.00,2.03,-4.24,319.11,182.19,2.38,5.24,3.35,4.43,1.8820,-1,-0.36,-1,-1.82,-1,-1.48,,,
cand_00224,423749,JWST,077,B2,101545697,150.1165657,2.4248938,150.1165657,2.4248938,0.000,-1,F444W,317.49,2,1.881,317.49,v04_diff_candidate,30.31,-1,25.25,24.18,31.43,25.58,23.10,19.96,4.18,-4.80,205.83,317.49,0.57,0.20,1.73,34.41,1.8815,26.08,0.42,25.35,0.74,22.09,16.36,,,
cand_00225,245356,JWST,054,A7,101542816,149.9049949,1.9905830,149.9049949,1.9905830,0.000,-1,F277W,314.35,2,1.880,314.35,v04_diff_candidate,31.42,31.91,24.46,24.79,-1,23.43,-1,-1,1.70,1.86,314.35,167.09,-0.55,0.82,-1.38,-2.36,1.8804,25.07,0.65,-1,-0.64,-1,-4.72,,,
cand_00226,97809,JWST+EUCLID,065,A3,101544257,150.1744453,2.1276053,150.1744453,2.1276053,0.000,-1,F277W,33.58,3,1.880,33.58,v04_diff_candidate,-1,-1,27.12,-1,31.08,22.13,21.35,21.82,-4.68,-3.74,33.58,-0.60,0.84,4.54,8.21,5.36,1.8802,25.92,0.46,24.25,1.86,25.37,0.64,,,
cand_00227,669940,JWST,065,B8,101544257,150.0838716,2.2701590,150.0838716,2.2701590,0.000,-1,F277W,312.16,2,1.880,312.16,v04_diff_candidate,-1,-1,24.68,24.81,31.63,-1,22.78,23.63,-6.46,-3.42,312.16,162.28,0.58,-3.24,2.09,1.10,1.8796,-1,-0.75,24.32,1.80,-1,-1.78,,,
cand_00228,88189,JWST+EUCLID,054,A2,101542817,150.0213893,2.1176121,150.0213893,2.1176121,0.000,-1,F277W,33.54,3,1.879,33.54,v04_diff_candidate,31.18,29.68,27.79,27.63,30.29,-1,22.46,21.23,3.00,23.37,33.54,23.55,2.03,-0.11,2.05,7.44,1.8793,-1,-1.14,24.41,1.08,23.03,4.69,,,
cand_00229,368315,JWST,040,A10,101542818,150.3292996,1.8855908,150.3292996,1.8855908,0.000,-1,F277W,305.04,2,1.877,305.04,v04_diff_candidate,-1,-1,24.72,24.66,32.26,23.06,-1,21.55,-2.38,-3.86,305.04,181.68,0.16,0.20,-0.07,0.74,1.8769,-1,-0.26,24.67,0.11,24.60,0.12,,,
cand_00230,85729,JWST,053,A3,101542817,150.1232319,2.0631536,150.1232319,2.0631536,0.000,-1,F277W,297.63,2,1.874,297.63,v04_diff_candidate,-1,-1,24.60,25.03,-1,22.21,-1,22.17,-7.10,-2.91,297.63,146.54,-0.72,3.69,-2.96,3.31,1.8741,25.14,0.93,-1,-1.84,-1,-1.11,,,
cand_00231,768256,JWST,064,B10,101544258,150.3896835,2.2593800,150.3896835,2.2593800,0.000,-1,F277W,297.29,2,1.874,297.29,v04_diff_candidate,30.56,30.52,24.01,24.83,30.29,23.51,-1,-1,6.58,4.29,297.29,145.60,1.50,1.02,-1.26,-1.92,1.8739,24.95,0.87,-1,-1.98,-1,-0.09,,,
cand_00232,330996,JWST,053,A9,101542817,150.1243401,1.9601686,150.1243401,1.9601686,0.000,-1,F277W,292.20,2,1.872,292.20,v04_diff_candidate,33.42,-1,24.64,24.78,-1,-1,-1,23.41,0.32,-4.55,292.20,147.55,-1.85,-7.17,-0.23,0.91,1.8719,-1,-4.59,23.38,3.23,-1,-1.47,,,
cand_00233,310407,JWST,041,A9,101541377,150.0757811,1.8129444,150.0757811,1.8129444,0.000,-1,F277W,291.87,2,1.872,291.87,v04_diff_candidate,32.14,33.00,24.65,26.73,-1,-1,-1,-1,0.87,0.62,291.87,37.11,0.00,0.00,0.00,0.00,1.8717,-1,0.00,-1,0.00,-1,0.00,,,
cand_00234,118523,JWST,053,A4,101542818,150.2112079,1.9817764,150.2112079,1.9817764,0.000,-1,F277W,291.63,2,1.872,291.63,v04_diff_candidate,30.85,31.93,24.55,24.70,-1,-1,22.07,-1,2.62,1.56,291.63,170.70,-0.69,-2.03,4.57,-2.97,1.8716,-1,-1.85,-1,-1.48,-1,-5.56,,,
cand_00235,140894,JWST,065,A4,101542818,150.2245418,2.1288909,150.2245418,2.1288909,0.000,-1,F277W,291.31,2,1.872,291.31,v04_diff_candidate,31.73,30.83,24.71,24.98,-1,21.72,20.87,20.50,1.55,3.11,291.31,146.09,-0.33,1.40,1.96,2.76,1.8715,-1,-0.57,23.94,0.35,-1,-0.08,,,
cand_00236,715823,JWST,064,B9,101544258,150.3289398,2.1978327,150.3289398,2.1978327,0.000,-1,F277W,291.13,2,1.871,291.13,v04_diff_candidate,-1,31.73,24.38,24.48,-1,22.27,-1,22.60,-4.84,1.39,291.13,195.37,-1.58,4.74,-0.64,3.20,1.8714,23.84,3.46,-1,-4.20,-1,-3.53,,,
cand_00237,407017,JWST,090,B1,101545697,150.0094004,2.6197277,150.0094004,2.6197277,0.000,-1,F277W,290.32,2,1.871,290.32,v04_diff_candidate,-1,-1,24.89,24.88,-1,23.50,21.90,-1,-2.02,-2.33,290.32,200.91,-0.18,1.45,4.85,-3.48,1.8711,-1,-0.42,27.70,0.08,29.38,0.02,,,
cand_00238,189768,JWST,043,A6,101542816,149.7695993,1.9372327,149.7695993,1.9372327,0.000,-1,F277W,287.75,2,1.870,287.75,v04_diff_candidate,-1,30.95,24.45,24.92,-1,-1,-1,-1,-2.38,5.51,287.75,127.01,0.00,0.00,0.00,0.00,1.8700,-1,0.00,-1,0.00,-1,0.00,,,
cand_00239,372453,JWST,040,A10,101542818,150.3063907,1.9283735,150.3063907,1.9283735,0.000,-1,F277W,286.75,2,1.870,286.75,v04_diff_candidate,-1,-1,24.94,25.34,31.79,21.88,20.45,20.08,-2.10,-0.68,286.75,93.75,0.21,0.26,0.76,1.15,1.8696,-1,-0.26,25.36,0.02,23.92,0.08,,,
cand_00240,157660,JWST,040,A5,101542818,150.2795465,1.9569185,150.2795465,1.9569185,0.000,-1,F277W,282.31,2,1.868,282.31,v04_diff_candidate,-1,32.29,24.62,25.03,30.51,21.85,21.90,24.02,-3.82,0.91,282.31,126.66,1.26,1.65,0.68,0.06,1.8677,-1,-0.54,-1,-0.31,-1,-0.09,,,
cand_00241,196587,JWST,055,A6,101542816,149.7499183,1.9937587,149.7499183,1.9937587,0.000,-1,F277W,281.77,2,1.867,281.77,v04_diff_candidate,33.07,-1,24.75,24.72,-1,20.93,-1,-1,0.53,-0.39,281.77,151.56,-0.74,3.99,-2.51,-1.72,1.8674,24.84,0.41,24.32,0.65,-1,-2.73,,,
cand_00242,507726,JWST,076,B4,101545698,150.3570351,2.3805243,150.3570351,2.3805243,0.000,-1,F277W,281.28,2,1.867,281.28,v04_diff_candidate,31.60,-1,24.35,24.57,29.55,22.45,21.78,-1,2.38,-1.90,281.28,211.70,3.51,2.36,4.39,-0.59,1.8672,24.80,1.14,24.12,2.03,-1,-2.23,,,
cand_00243,442988,JWST,089,B2,101545697,150.1487191,2.5543380,150.1487191,2.5543380,0.000,-1,F277W,279.80,2,1.867,279.80,v04_diff_candidate,30.41,-1,24.55,24.83,29.74,21.11,20.12,19.54,6.25,-0.76,279.80,123.86,2.46,0.58,0.69,0.80,1.8666,-1,-0.04,24.11,0.05,23.35,0.07,,,
cand_00244,548835,JWST,075,B5,101544259,150.5288951,2.3233508,150.5288951,2.3233508,0.000,-1,F277W,274.27,2,1.864,274.27,v04_diff_candidate,32.26,31.33,24.64,25.27,28.87,21.36,21.75,20.80,0.87,2.33,274.27,95.87,0.81,1.72,0.81,1.53,1.8641,24.19,0.53,-1,-0.43,26.77,0.02,,,
cand_00245,201689,JWST,056,A6,101542815,149.6927847,2.0490110,149.6927847,2.0490110,0.000,-1,F277W,272.59,2,1.863,272.59,v04_diff_candidate,-1,31.48,24.95,25.32,30.22,21.89,23.02,20.66,-0.83,3.32,272.59,98.97,1.35,2.79,0.87,8.32,1.8633,26.97,0.09,-1,-3.49,-1,-0.81,,,
cand_00246,566166,JWST,075,B5,101545699,150.5402509,2.4574939,150.5402509,2.4574939,0.000,-1,F277W,264.91,2,1.860,264.91,v04_diff_candidate,37.82,-1,24.64,24.91,-1,23.06,23.04,21.13,0.01,-4.25,264.91,132.73,-0.63,0.52,0.42,2.56,1.8596,-1,-0.75,-1,-0.37,23.15,1.08,,,
cand_00247,720755,JWST,064,B9,101544258,150.2345714,2.2649744,150.2345714,2.2649744,0.000,-1,F277W,262.29,2,1.858,262.29,v04_diff_candidate,-1,-1,24.28,24.35,31.05,20.24,19.68,19.14,-3.51,-1.01,262.29,187.20,0.33,1.03,1.05,1.39,1.8583,-1,-0.07,-1,-0.05,-1,-0.06,,,
cand_00248,100688,JWST,066,A2,101544257,150.0537190,2.1910290,150.0537190,2.1910290,0.000,-1,F277W,260.09,2,1.857,260.09,v04_diff_candidate,-1,-1,24.82,24.77,-1,21.74,21.08,20.16,-2.67,-1.01,260.09,174.34,-0.42,3.47,3.27,4.14,1.8572,-1,-1.29,-1,-1.49,-1,-0.01,,,
cand_00249,210699,JWST,055,A6,101542816,149.7486560,2.0968082,149.7486560,2.0968082,0.000,-1,F277W,259.38,2,1.857,259.38,v04_diff_candidate,32.46,31.24,24.73,24.99,-1,-1,-1,-1,1.07,2.64,259.38,140.63,-0.56,-2.66,-1.55,-0.10,1.8568,24.98,1.05,-1,-0.04,23.69,3.60,,,
cand_00250,620526,JWST,066,B6,101544256,149.9296303,2.2831991,149.9296303,2.2831991,0.000,-1,F277W,259.34,2,1.857,259.34,v04_diff_candidate,34.31,33.10,24.77,24.74,30.93,22.25,22.15,21.62,0.12,0.50,259.34,135.58,0.97,2.79,1.65,1.62,1.8568,-1,-0.12,24.77,0.52,23.50,0.82,,,
cand_00251,317992,JWST,041,A9,101541377,150.1596665,1.8447367,150.1596665,1.8447367,0.000,-1,F277W,258.82,2,1.857,258.82,v04_diff_candidate,-1,-1,24.94,24.87,-1,-1,-1,-1,-4.40,-1.86,258.82,147.83,-1.09,0.00,0.00,0.00,1.8565,-1,0.00,-1,0.00,-1,0.00,,,
cand_00252,372459,JWST,040,A10,101542818,150.2722087,1.9408406,150.2722087,1.9408406,0.000,-1,F277W,256.07,2,1.855,256.07,v04_diff_candidate,30.06,31.94,25.03,25.10,-1,-1,23.56,-1,4.72,1.48,256.07,141.86,-1.54,-5.37,0.91,-2.42,1.8551,25.05,0.96,27.63,0.07,-1,-0.59,,,
cand_00253,196589,JWST,056,A6,101542816,149.7156868,2.0062200,149.7156868,2.0062200,0.000,-1,F277W,252.68,2,1.853,252.68,v04_diff_candidate,-1,-1,24.73,24.67,29.78,-1,-1,-1,-7.66,-3.15,252.68,169.25,1.65,-1.48,-1.57,-0.19,1.8533,-1,-2.75,-1,-1.99,-1,-0.36,,,
cand_00254,201680,JWST,055,A6,101542816,149.7952695,2.0117234,149.7952695,2.0117234,0.000,-1,F277W,250.64,2,1.852,250.64,v04_diff_candidate,-1,-1,24.97,25.42,-1,22.29,-1,-1,-2.87,-3.11,250.64,104.50,-2.35,2.13,-2.43,-0.60,1.8522,-1,-0.62,-1,-5.21,25.55,0.32,,,
cand_00255,773439,JWST,063,B10,101544259,150.4747822,2.2727196,150.4747822,2.2727196,0.000,-1,F277W,246.88,2,1.850,246.88,v04_diff_candidate,-1,31.54,24.68,25.18,-1,22.12,21.67,21.57,-0.51,1.49,246.88,110.24,-1.43,1.21,1.05,0.89,1.8501,-1,-0.23,-1,-0.20,23.90,0.30,,,
cand_00256,85730,JWST,053,A3,101542817,150.0890410,2.0755949,150.0890410,2.0755949,0.000,-1,F277W,245.52,2,1.849,245.52,v04_diff_candidate,-1,31.42,24.83,24.74,-1,23.43,21.27,21.42,-2.64,3.38,245.52,165.72,-1.36,0.43,1.43,0.56,1.8494,-1,-1.09,-1,-0.63,-1,-1.30,,,
cand_00257,237665,JWST,043,A7,101542816,149.8523518,1.9565208,149.8523518,1.9565208,0.000,-1,F277W,241.26,2,1.847,241.26,v04_diff_candidate,-1,31.93,24.81,24.97,31.32,-1,-1,20.32,-0.52,1.84,241.26,160.92,0.28,-3.43,-4.31,5.15,1.8469,-1,-0.85,-1,-1.72,-1,-1.49,,,
cand_00258,8060,JWST,067,A1,101544256,149.7816368,2.1873946,149.7816368,2.1873946,0.000,-1,F277W,238.32,2,1.845,238.32,v04_diff_candidate,-1,-1,24.76,24.77,30.85,22.19,-1,-1,-0.35,-2.90,238.32,167.29,1.13,4.35,-1.68,-6.43,1.8452,25.18,1.01,24.25,2.22,-1,-5.30,,,
cand_00259,663604,JWST,065,B8,101544257,150.1345427,2.2087042,150.1345427,2.2087042,0.000,-1,F277W,237.91,2,1.845,237.91,v04_diff_candidate,-1,31.55,25.10,25.41,31.35,-1,23.79,22.92,-4.78,2.22,237.91,93.25,0.68,-12.20,0.87,1.89,1.8449,-1,-4.47,24.45,1.55,23.55,3.50,,,
cand_00260,542312,JWST,075,B4,101544258,150.4054945,2.3153332,150.4054945,2.3153332,0.000,-1,F277W,237.16,2,1.844,237.16,v04_diff_candidate,31.41,-1,25.05,25.40,-1,22.42,22.47,21.07,2.13,-2.41,237.16,100.86,-2.22,1.88,1.41,4.53,1.8445,-1,-1.34,24.58,0.61,-1,-0.19,,,
cand_00261,393661,JWST+EUCLID,090,B1,101545696,149.9155090,2.5540899,149.9155090,2.5540899,0.000,-1,F277W,31.75,3,1.841,31.75,v04_diff_candidate,-1,30.97,27.01,27.32,-1,22.11,22.32,21.13,-4.21,4.04,31.75,15.19,-0.90,2.67,2.05,5.64,1.8406,-1,-0.46,-1,-0.47,24.21,0.95,,,
cand_00262,542309,JWST,075,B5,101544258,150.4396983,2.3028871,150.4396983,2.3028871,0.000,-1,F277W,229.42,2,1.840,229.42,v04_diff_candidate,-1,-1,24.87,25.49,28.53,20.31,19.66,19.52,-1.32,-6.79,229.42,87.48,6.20,21.54,25.72,30.99,1.8396,-1,-1.53,25.78,0.29,-1,-0.22,,,
cand_00263,690089,JWST+EUCLID,077,B8,101545697,150.1928677,2.3676428,150.1928677,2.3676428,0.000,-1,F277W,31.69,3,1.839,31.69,v04_diff_candidate,31.01,29.92,27.66,27.74,-1,-1,21.43,25.26,3.67,20.45,31.69,18.26,-0.68,-0.23,7.98,0.29,1.8392,23.82,3.56,24.97,1.01,27.90,0.09,,,
cand_00264,430659,JWST,089,B2,101545697,150.0789455,2.4918500,150.0789455,2.4918500,0.000,-1,F277W,228.17,2,1.839,228.17,v04_diff_candidate,-1,29.96,25.08,24.92,-1,22.66,24.31,22.33,-0.05,5.29,228.17,188.64,-0.40,2.90,0.55,3.67,1.8388,-1,-2.57,-1,-1.78,-1,-2.57,,,
cand_00265,529489,JWST,087,B4,101545698,150.4276758,2.4967260,150.4276758,2.4967260,0.000,-1,F277W,223.49,2,1.836,223.49,v04_diff_candidate,-1,32.92,24.75,27.70,29.25,20.38,19.41,19.01,-0.62,0.64,223.49,8.53,4.70,0.75,0.95,1.04,1.8357,23.09,0.25,22.58,0.20,22.29,0.19,,,
cand_00266,271705,JWST,042,A8,101541377,150.0086517,1.8502802,150.0086517,1.8502802,0.000,-1,F277W,223.03,2,1.835,223.03,v04_diff_candidate,33.45,31.32,24.62,24.58,-1,-1,-1,-1,0.43,2.39,223.03,137.71,0.00,0.00,0.00,0.00,1.8354,-1,0.00,-1,0.00,-1,0.00,,,
cand_00267,640218,JWST,078,B7,101544257,150.0495285,2.3667525,150.0495285,2.3667525,0.000,-1,F444W,221.89,2,1.835,221.89,v04_diff_candidate,34.58,30.82,25.98,24.99,30.01,22.39,22.72,20.32,0.15,6.67,115.39,221.89,2.14,3.21,1.96,13.38,1.8346,25.95,0.45,25.74,0.46,22.41,8.34,,,
cand_00268,215463,JWST,068,A6,101544256,149.7257545,2.1395944,149.7257545,2.1395944,0.000,-1,F277W,220.39,2,1.834,220.39,v04_diff_candidate,-1,31.28,25.08,24.99,30.96,-1,21.89,22.79,-1.63,4.29,220.39,146.10,0.96,-0.13,4.31,2.19,1.8336,25.75,0.51,25.12,0.75,26.41,0.29,,,
cand_00269,385021,JWST,091,B1,101545696,149.8649009,2.5134683,149.8649009,2.5134683,0.000,-1,F277W,219.36,2,1.833,219.36,v04_diff_candidate,-1,-1,24.92,25.19,28.33,19.86,19.70,19.65,-3.96,-2.72,219.36,101.05,6.40,25.02,25.57,23.66,1.8329,23.97,1.75,-1,-0.84,-1,-0.94,,,
cand_00270,625947,JWST,066,B7,101544257,150.0136489,2.2895565,150.0136489,2.2895565,0.000,-1,F277W,218.45,2,1.832,218.45,v04_diff_candidate,-1,30.30,24.95,25.92,30.00,23.42,-1,-1,-5.13,4.26,218.45,50.82,2.16,1.60,-2.42,-2.67,1.8323,24.15,2.51,-1,-1.29,-1,-3.46,,,
cand_00271,90393,JWST,053,A3,101542817,150.1003235,2.1059398,150.1003235,2.1059398,0.000,-1,F277W,218.19,2,1.832,218.19,v04_diff_candidate,30.90,-1,25.03,25.14,32.09,21.37,20.32,19.52,3.49,-2.94,218.19,117.26,0.35,0.26,0.33,0.38,1.8321,-1,-0.36,-1,-0.17,-1,-0.07,,,
cand_00272,46222,JWST,067,A1,101544256,149.8841166,2.1501391,149.8841166,2.1501391,0.000,-1,F277W,217.10,2,1.831,217.10,v04_diff_candidate,30.92,-1,24.80,24.98,31.29,22.60,22.76,21.21,3.23,-3.79,217.10,133.09,0.69,0.61,0.31,1.15,1.8313,-1,-0.16,24.38,0.21,24.78,0.14,,,
cand_00273,500248,JWST,076,B4,101544258,150.3713455,2.3277503,150.3713455,2.3277503,0.000,-1,F277W,215.22,2,1.830,215.22,v04_diff_candidate,31.79,32.78,24.88,25.20,31.12,-1,-1,24.17,1.28,0.55,215.22,119.87,0.95,-2.98,-2.88,0.37,1.8299,-1,-1.48,-1,-1.22,-1,-0.56,,,
cand_00274,436762,JWST,090,B1,101545697,150.0286016,2.5549745,150.0286016,2.5549745,0.000,-1,F277W,214.61,2,1.830,214.61,v04_diff_candidate,-1,-1,25.17,25.44,-1,-1,22.67,23.11,-2.23,-2.72,214.61,91.37,-0.72,-2.57,2.04,1.61,1.8295,-1,-0.56,-1,-0.37,-1,-4.73,,,
cand_00275,311659,JWST,041,A9,101541377,150.1179563,1.8103291,150.1179563,1.8103291,0.000,-1,F444W,213.75,2,1.829,213.75,v04_diff_candidate,30.96,29.14,25.73,24.35,-1,-1,-1,-1,3.24,10.91,88.39,213.75,0.00,0.00,0.00,0.00,1.8289,-1,0.00,-1,0.00,-1,0.00,,,
cand_00276,462336,JWST,077,B2,101545697,150.1322258,2.4147145,150.1322258,2.4147145,0.000,-1,F277W,212.78,2,1.828,212.78,v04_diff_candidate,-1,32.35,25.06,25.15,30.35,-1,22.13,22.69,-1.11,0.83,212.78,120.83,1.12,-1.83,4.25,2.58,1.8282,-1,-0.44,-1,-0.61,26.35,0.32,,,
cand_00277,757240,JWST,063,B10,101544258,150.4628531,2.1421750,150.4628531,2.1421750,0.000,-1,F277W,211.96,2,1.828,211.96,v04_diff_candidate,30.38,30.92,24.95,25.29,31.29,24.53,-1,-1,6.69,2.25,211.96,102.94,0.26,0.33,-3.01,-1.05,1.8276,24.26,1.38,-1,-5.61,23.29,2.99,,,
cand_00278,405040,JWST,090,B1,101545697,150.0120384,2.6040341,150.0120384,2.6040341,0.000,-1,F277W,211.43,2,1.827,211.43,v04_diff_candidate,-1,34.37,24.64,25.01,-1,-1,-1,-1,-1.90,0.19,211.43,134.66,-0.65,-3.36,-1.04,-3.72,1.8272,27.39,0.09,-1,-3.22,-1,-2.06,,,
cand_00279,763638,JWST,064,B9,101544258,150.3725291,2.2247248,150.3725291,2.2247248,0.000,-1,F277W,211.30,2,1.827,211.30,v04_diff_candidate,-1,-1,25.02,25.31,-1,-1,-1,-1,-0.86,-2.57,211.30,105.04,-2.15,-2.32,-0.74,-0.45,1.8271,-1,-0.86,-1,-1.95,25.99,0.40,,,
cand_00280,349572,JWST,028,A10,101541378,150.2754880,1.7534414,150.2754880,1.7534414,0.000,-1,F444W,205.38,2,1.823,205.38,v04_diff_candidate,30.12,31.93,25.67,24.55,-1,-1,-1,-1,4.29,1.27,112.70,205.38,0.00,0.00,0.00,0.00,1.8225,-1,0.00,-1,0.00,-1,0.00,,,
cand_00281,201683,JWST,056,A6,101542816,149.7270072,2.0365463,149.7270072,2.0365463,0.000,-1,F277W,203.53,2,1.821,203.53,v04_diff_candidate,-1,-1,25.12,25.29,-1,22.58,-1,-1,-2.52,-3.37,203.53,107.63,-0.18,2.14,-2.50,-0.73,1.8211,-1,-0.91,-1,-4.13,25.73,0.41,,,
cand_00282,644970,JWST,077,B7,101545697,150.1142241,2.3764323,150.1142241,2.3764323,0.000,-1,F277W,200.93,2,1.819,200.93,v04_diff_candidate,33.43,32.54,25.05,25.16,30.85,20.16,19.69,19.54,0.31,0.84,200.93,81.98,0.22,1.45,1.34,1.40,1.8189,23.85,0.17,22.46,0.31,22.69,0.23,,,
cand_00283,504244,JWST,076,B4,101544258,150.3450147,2.3618013,150.3450147,2.3618013,0.000,-1,F444W,198.96,2,1.817,198.96,v04_diff_candidate,29.88,28.02,24.20,22.79,29.03,19.95,18.54,17.78,7.61,13.09,125.21,198.96,1.85,1.08,2.93,4.88,1.8173,23.27,0.22,20.97,1.27,20.11,2.47,,,
cand_00284,399220,JWST,090,B1,101545696,149.9260876,2.5922454,149.9260876,2.5922454,0.000,-1,F277W,197.01,2,1.816,197.01,v04_diff_candidate,-1,33.20,25.13,25.31,28.96,20.11,19.60,19.18,-0.16,0.89,197.01,95.24,3.36,3.39,3.93,5.37,1.8157,25.61,0.07,-1,-0.05,23.55,0.31,,,
cand_00285,663602,JWST,065,B8,101544257,150.1687283,2.1962576,150.1687283,2.1962576,0.000,-1,F277W,196.60,2,1.815,196.60,v04_diff_candidate,32.06,32.67,25.22,25.15,-1,23.41,-1,-1,0.89,0.80,196.60,129.60,-0.67,1.39,-1.91,-0.30,1.8153,-1,-0.84,26.15,0.37,24.80,1.18,,,
cand_00286,515994,JWST,076,B4,101545698,150.3360778,2.4431671,150.3360778,2.4431671,0.000,-1,F277W,195.21,2,1.814,195.21,v04_diff_candidate,31.94,32.97,25.21,25.48,-1,22.51,22.06,23.63,1.41,1.06,195.21,86.17,-1.32,3.16,4.22,0.98,1.8141,-1,-3.33,24.15,2.15,-1,-4.08,,,
cand_00287,168392,JWST,051,A5,101542818,150.4059542,1.9976234,150.4059542,1.9976234,0.000,-1,F277W,195.20,2,1.814,195.20,v04_diff_candidate,30.87,-1,24.97,25.60,31.42,21.91,-1,-1,1.86,-8.55,195.20,78.20,0.32,4.17,-2.03,-1.16,1.8141,23.45,3.61,-1,-0.41,23.81,1.97,,,
cand_00288,291670,JWST,054,A7,101542817,149.9851730,2.0129494,149.9851730,2.0129494,0.000,-1,F444W,190.99,2,1.810,190.99,v04_diff_candidate,-1,30.26,25.91,24.78,29.60,22.33,21.06,20.01,-1.18,5.18,121.67,190.99,2.51,0.57,1.43,3.12,1.8104,-1,-0.65,-1,-0.44,23.63,0.31,,,
cand_00289,311568,JWST,041,A9,101541377,150.1123494,1.8114270,150.1123494,1.8114270,0.000,-1,F277W,190.18,2,1.810,190.18,v04_diff_candidate,-1,-1,25.15,25.69,-1,-1,-1,-1,-3.75,-2.04,190.18,72.24,0.00,0.00,0.00,0.00,1.8097,-1,0.00,-1,0.00,-1,0.00,,,
cand_00290,257384,JWST,054,A7,101542816,149.9306857,2.0650647,149.9306857,2.0650647,0.000,-1,F277W,189.13,2,1.809,189.13,v04_diff_candidate,-1,34.66,25.02,25.18,32.80,23.34,-1,-1,-2.24,0.13,189.13,121.21,0.17,1.30,-1.59,-4.82,1.8087,24.65,1.32,26.33,0.22,-1,-4.52,,,
cand_00291,230680,JWST,042,A7,101542816,149.9145124,1.8853204,149.9145124,1.8853204,0.000,-1,F277W,30.26,3,1.806,30.26,v04_diff_candidate,28.70,27.90,27.21,27.39,-1,-1,-1,-1,13.20,16.66,30.26,18.59,0.00,0.00,0.00,0.00,1.8061,-1,0.00,-1,0.00,-1,0.00,,,
cand_00292,434725,JWST,090,B2,101545697,150.0304466,2.5392859,150.0304466,2.5392859,0.000,-1,F277W,185.82,2,1.806,185.82,v04_diff_candidate,32.17,30.33,25.08,25.82,29.64,19.28,19.21,19.21,2.00,5.95,185.82,57.61,0.99,30.42,27.13,19.27,1.8057,23.83,1.53,23.98,1.33,23.64,1.40,,,
cand_00293,322523,JWST,041,A9,101542817,150.1708990,1.8750754,150.1708990,1.8750754,0.000,-1,F277W,183.27,2,1.803,183.27,v04_diff_candidate,-1,-1,25.21,25.39,30.26,-1,21.20,19.57,-0.36,-1.97,183.27,96.90,0.78,-3.81,2.19,10.58,1.8032,-1,-3.52,22.00,3.44,22.21,2.90,,,
cand_00294,7277,JWST+EUCLID,067,A1,101544256,149.8290738,2.1639305,149.8290738,2.1639305,0.000,-1,F277W,30.04,3,1.801,30.04,v04_diff_candidate,31.41,29.14,27.39,27.60,31.51,21.39,20.63,20.03,1.75,14.41,30.04,13.16,0.68,7.46,8.31,9.59,1.8009,-1,-1.59,23.26,2.95,23.63,1.54,,,
cand_00295,229847,JWST,043,A7,101542816,149.8812827,1.8888340,149.8812827,1.8888340,0.000,-1,F444W,29.88,3,1.797,29.88,v04_diff_candidate,28.40,27.92,25.26,25.43,-1,-1,-1,-1,5.97,7.39,25.76,29.88,0.00,0.00,0.00,0.00,1.7971,-1,0.00,-1,0.00,-1,0.00,,,
cand_00296,399217,JWST,090,B1,101545697,149.9943963,2.5674130,149.9943963,2.5674130,0.000,-1,F277W,176.80,2,1.797,176.80,v04_diff_candidate,33.02,-1,25.28,25.22,32.48,22.59,-1,21.81,0.33,-3.37,176.80,107.39,0.26,2.37,-0.84,4.79,1.7968,-1,-0.81,25.13,0.60,-1,-1.31,,,
cand_00297,311564,JWST,041,A9,101541377,150.0782383,1.8238259,150.0782383,1.8238259,0.000,-1,F277W,175.54,2,1.795,175.54,v04_diff_candidate,-1,-1,25.14,25.48,-1,-1,-1,-1,-3.68,-0.67,175.54,81.81,0.00,0.00,0.00,0.00,1.7954,-1,0.00,-1,0.00,-1,0.00,,,
cand_00298,284806,JWST,054,A8,101542817,149.9746233,1.9641081,149.9746233,1.9641081,0.000,-1,F277W,173.02,2,1.793,173.02,v04_diff_candidate,-1,35.06,25.17,25.70,30.77,22.64,21.91,21.67,-2.14,0.07,173.02,60.05,0.76,1.58,2.29,2.89,1.7928,-1,-1.82,23.50,2.14,23.55,1.65,,,
cand_00299,313763,JWST,041,A9,101541378,150.1840460,1.8025811,150.1840460,1.8025811,0.000,-1,F277W,169.06,2,1.788,169.06,v04_diff_candidate,31.81,30.74,24.61,27.21,-1,-1,-1,-1,1.21,2.20,169.06,11.22,0.00,0.00,0.00,0.00,1.7884,-1,0.00,-1,0.00,-1,0.00,,,
cand_00300,203883,JWST,056,A6,101542816,149.7013382,2.0635041,149.7013382,2.0635041,0.000,-1,F277W,168.50,2,1.788,168.50,v04_diff_candidate,32.91,-1,25.15,25.65,-1,21.59,-1,-1,0.58,-10.66,168.50,74.52,-0.55,4.98,-1.29,-2.83,1.7878,23.48,2.82,-1,-2.19,-1,-2.82,,,
cand_00301,501520,JWST,076,B4,101544258,150.3507363,2.3435674,150.3507363,2.3435674,0.000,-1,F277W,165.08,2,1.784,165.08,v04_diff_candidate,29.49,28.16,25.22,24.73,30.42,21.58,20.30,19.13,11.91,19.03,165.08,147.57,1.62,3.26,3.10,3.01,1.7839,24.05,1.07,22.27,1.44,21.10,1.35,,,
cand_00302,255258,JWST,054,A7,101542816,149.9024101,2.0612293,149.9024101,2.0612293,0.000,-1,F444W,164.07,2,1.783,164.07,v04_diff_candidate,32.87,30.72,25.66,24.00,-1,21.59,20.19,19.19,0.81,5.08,80.66,164.07,-0.75,1.30,2.90,10.96,1.7827,-1,-0.44,23.01,0.66,21.56,3.64,,,
cand_00303,88758,JWST,053,A3,101542817,150.1213699,2.0857007,150.1213699,2.0857007,0.000,-1,F444W,160.95,2,1.779,160.95,v04_diff_candidate,31.68,-1,27.01,25.42,-1,23.17,-1,20.72,2.34,-0.61,53.53,160.95,-1.03,1.45,-1.10,10.37,1.7789,26.45,0.22,-1,-1.08,22.95,4.20,,,
cand_00304,271583,JWST,042,A8,101541377,150.0440929,1.8362406,150.0440929,1.8362406,0.000,-1,F277W,157.13,2,1.774,157.13,v04_diff_candidate,29.73,-1,25.13,25.68,-1,-1,-1,-1,6.34,-3.42,157.13,66.85,0.00,0.00,0.00,0.00,1.7742,-1,0.00,-1,0.00,-1,0.00,,,
cand_00305,335545,JWST+EUCLID,040,A9,101542818,150.2563888,1.9487017,150.2563888,1.9487017,0.000,-1,F444W,28.78,3,1.770,28.78,v04_diff_candidate,28.39,28.85,28.49,27.05,-1,21.00,21.04,20.77,23.41,18.53,12.12,28.78,-0.80,6.92,5.59,6.98,1.7701,23.56,2.06,24.10,1.08,23.34,2.10,,,
cand_00306,133314,JWST,052,A4,101542818,150.2455020,2.0707332,150.2455020,2.0707332,0.000,-1,F277W,153.11,2,1.769,153.11,v04_diff_candidate,31.35,-1,25.22,25.69,30.98,20.32,20.38,20.06,3.74,-0.06,153.11,66.13,0.18,3.85,2.57,3.40,1.7689,23.74,0.47,-1,-0.08,23.70,0.33,,,
cand_00307,203880,JWST,055,A6,101542816,149.7696532,2.0386549,149.7696532,2.0386549,0.000,-1,F277W,152.02,2,1.767,152.02,v04_diff_candidate,-1,31.75,25.36,25.57,-1,-1,-1,23.21,-0.85,2.15,152.02,72.86,-0.48,-5.89,-2.13,1.11,1.7675,-1,-0.44,-1,-0.89,-1,-1.23,,,
cand_00308,53354,JWST,066,A2,101544257,150.0063924,2.1577239,150.0063924,2.1577239,0.000,-1,F277W,151.39,2,1.767,151.39,v04_diff_candidate,-1,32.31,25.48,25.39,-1,-1,23.41,-1,-0.63,1.69,151.39,85.68,-3.12,-5.49,1.25,-4.70,1.7666,-1,-2.21,23.86,3.00,-1,-3.39,,,
cand_00309,735182,JWST,076,B9,101544258,150.3732073,2.3120556,150.3732073,2.3120556,0.000,-1,F277W,150.68,2,1.766,150.68,v04_diff_candidate,30.92,34.83,25.15,25.38,-1,23.35,-1,-1,2.45,0.11,150.68,83.67,-0.53,1.57,-0.92,-5.44,1.7656,-1,-1.97,-1,-0.80,-1,-1.36,,,
cand_00310,230488,JWST,043,A7,101542816,149.8391844,1.9107810,149.8391844,1.9107810,0.000,-1,F277W,150.40,2,1.765,150.40,v04_diff_candidate,31.18,-1,25.34,25.56,-1,-1,-1,-1,1.90,-8.37,150.40,67.22,0.00,0.00,0.00,0.00,1.7653,-1,0.00,-1,0.00,-1,0.00,,,
cand_00311,170933,JWST,051,A5,101542818,150.3997972,2.0235826,150.3997972,2.0235826,0.000,-1,F444W,148.28,2,1.762,148.28,v04_diff_candidate,29.66,28.81,25.65,25.10,27.65,18.95,18.62,18.38,5.38,9.33,81.12,148.28,3.02,4.46,4.18,4.36,1.7623,22.09,0.71,21.47,0.90,21.43,0.83,,,
cand_00312,278256,JWST,041,A8,101542817,150.0622690,1.8809310,150.0622690,1.8809310,0.000,-1,F444W,147.93,2,1.762,147.93,v04_diff_candidate,28.76,28.48,26.02,24.42,27.90,-1,20.49,20.62,9.56,12.04,45.13,147.93,3.60,-0.18,2.45,0.44,1.7618,25.18,0.08,21.46,3.18,21.83,0.62,,,
cand_00313,118393,JWST,052,A4,101542818,150.2466698,1.9677319,150.2466698,1.9677319,0.000,-1,F277W,143.30,2,1.755,143.30,v04_diff_candidate,-1,32.74,25.22,25.60,-1,22.45,21.34,20.50,-2.18,0.94,143.30,71.25,-1.17,1.79,2.87,4.12,1.7551,-1,-1.79,-1,-0.38,25.48,0.14,,,
cand_00314,271586,JWST,042,A8,101541377,149.9757840,1.8610942,149.9757840,1.8610942,0.000,-1,F277W,141.70,2,1.753,141.70,v04_diff_candidate,-1,-1,25.44,25.61,-1,-1,-1,-1,-1.06,-7.48,141.70,70.88,0.00,0.00,0.00,0.00,1.7526,-1,0.00,-1,0.00,-1,0.00,,,
cand_00315,270782,JWST,042,A8,101541377,149.9917934,1.8474294,149.9917934,1.8474294,0.000,-1,F444W,140.15,2,1.750,140.15,v04_diff_candidate,29.49,28.45,25.56,24.81,-1,-1,-1,-1,6.84,8.87,75.71,140.15,0.00,0.00,0.00,0.00,1.7502,-1,0.00,-1,0.00,-1,0.00,,,
cand_00316,239077,JWST,055,A7,101542816,149.8459259,1.9681975,149.8459259,1.9681975,0.000,-1,F444W,137.75,2,1.746,137.75,v04_diff_candidate,-1,30.71,26.15,25.20,30.02,-1,-1,19.89,-0.40,7.75,82.49,137.75,1.01,-2.07,-1.08,9.33,1.7464,-1,-0.80,-1,-1.00,22.47,3.07,,,
cand_00317,284804,JWST,042,A8,101542817,150.0429226,1.9392588,150.0429226,1.9392588,0.000,-1,F277W,134.66,2,1.741,134.66,v04_diff_candidate,-1,-1,25.21,25.69,-1,21.74,21.62,21.97,-4.39,-1.97,134.66,67.17,-0.59,2.80,2.69,1.97,1.7414,24.29,0.96,24.60,0.59,-1,-0.32,,,
cand_00318,230487,JWST,043,A7,101542816,149.8733372,1.8983616,149.8733372,1.8983616,0.000,-1,F277W,132.95,2,1.738,132.95,v04_diff_candidate,-1,32.18,25.47,25.71,-1,-1,-1,-1,-3.33,1.50,132.95,65.29,0.00,0.00,0.00,0.00,1.7385,-1,0.00,-1,0.00,-1,0.00,,,
cand_00319,523347,JWST,087,B4,101545698,150.4172156,2.4629350,150.4172156,2.4629350,0.000,-1,F444W,131.52,2,1.736,131.52,v04_diff_candidate,30.33,31.09,25.97,25.21,-1,-1,22.44,-1,9.64,9.57,109.77,131.52,-0.59,-3.33,3.28,-1.00,1.7360,-1,-0.74,-1,-0.67,24.22,2.36,,,
cand_00320,271037,JWST,042,A8,101541377,150.0087601,1.8437443,150.0087601,1.8437443,0.000,-1,F277W,131.44,2,1.736,131.44,v04_diff_candidate,-1,-1,25.41,26.55,-1,-1,-1,-1,-3.39,-1.32,131.44,30.88,0.00,0.00,0.00,0.00,1.7359,-1,0.00,-1,0.00,-1,0.00,,,
cand_00321,353742,JWST,028,A10,101541378,150.3134023,1.7691267,150.3134023,1.7691267,0.000,-1,F444W,130.81,2,1.735,130.81,v04_diff_candidate,31.86,-1,26.67,25.17,-1,-1,-1,-1,1.17,-4.09,45.11,130.81,0.00,0.00,0.00,0.00,1.7348,-1,0.00,-1,0.00,-1,0.00,,,
cand_00322,229939,JWST,043,A7,101542816,149.8379916,1.9058882,149.8379916,1.9058882,0.000,-1,F277W,130.39,2,1.734,130.39,v04_diff_candidate,-1,31.17,25.34,26.40,-1,-1,-1,-1,-4.15,2.98,130.39,35.94,0.00,0.00,0.00,0.00,1.7340,-1,0.00,-1,0.00,-1,0.00,,,
cand_00323,38692,JWST,054,A2,101542817,149.9734460,2.0671135,149.9734460,2.0671135,0.000,-1,F277W,129.77,2,1.733,129.77,v04_diff_candidate,30.57,31.57,25.47,25.47,-1,-1,27.09,-1,6.80,3.64,129.77,87.99,-0.33,-1.79,0.04,-2.86,1.7329,25.60,0.58,24.34,1.70,-1,-1.01,,,
cand_00324,232123,JWST,043,A7,101542816,149.8143516,1.9316442,149.8143516,1.9316442,0.000,-1,F444W,126.39,2,1.727,126.39,v04_diff_candidate,30.71,29.39,24.89,23.38,28.36,-1,-1,-1,4.76,5.17,57.21,126.39,1.40,0.00,0.00,0.00,1.7268,-1,0.00,-1,0.00,-1,0.00,,,
cand_00325,203877,JWST,055,A6,101542816,149.8038007,2.0262347,149.8038007,2.0262347,0.000,-1,F277W,126.23,2,1.726,126.23,v04_diff_candidate,-1,-1,25.40,25.70,36.15,-1,-1,21.72,-1.64,-2.77,126.23,70.79,0.01,-4.99,-2.62,4.11,1.7265,-1,-4.01,25.76,0.37,-1,-1.00,,,
cand_00326,362069,JWST,040,A10,101541378,150.3161315,1.8398763,150.3161315,1.8398763,0.000,-1,F277W,126.09,2,1.726,126.09,v04_diff_candidate,-1,-1,25.35,25.63,-1,-1,-1,-1,-4.47,-3.04,126.09,73.07,-0.95,-3.06,-1.89,-6.62,1.7262,23.47,1.48,-1,-3.59,-1,-1.26,,,
cand_00327,362066,JWST,040,A10,101541378,150.2819783,1.8522763,150.2819783,1.8522763,0.000,-1,F277W,125.83,2,1.726,125.83,v04_diff_candidate,-1,-1,25.41,25.38,29.73,20.72,19.72,19.86,-0.49,-1.28,125.83,86.91,1.10,2.25,4.17,4.77,1.7257,23.80,0.52,22.84,0.84,-1,-1.33,,,
cand_00328,522466,JWST,087,B4,101545698,150.3991263,2.4641594,150.3991263,2.4641594,0.000,-1,F277W,123.07,2,1.720,123.07,v04_diff_candidate,31.84,-1,25.81,27.98,30.71,22.39,21.19,21.05,1.32,-6.01,123.07,10.58,1.42,1.60,2.92,2.12,1.7204,-1,-1.65,-1,-0.96,27.65,0.02,,,
cand_00329,567601,JWST+EUCLID,075,B5,101544258,150.4097647,2.3198245,150.4097647,2.3198245,0.000,-1,F277W,26.89,3,1.720,26.89,v04_diff_candidate,30.24,31.37,27.47,-1,29.41,22.07,21.46,21.91,4.31,1.82,26.89,-3.20,3.71,4.85,7.02,5.07,1.7203,24.23,2.20,23.32,4.15,23.95,2.45,,,
cand_00330,311559,JWST,041,A9,101541377,150.1464882,1.7989847,150.1464882,1.7989847,0.000,-1,F277W,122.51,2,1.719,122.51,v04_diff_candidate,-1,-1,25.29,25.47,-1,-1,-1,-1,-0.85,-2.87,122.51,75.35,0.00,0.00,0.00,0.00,1.7193,-1,0.00,-1,0.00,-1,0.00,,,
cand_00331,22438,JWST,067,A1,101544256,149.7814190,2.2912798,149.7814190,2.2912798,0.000,-1,F277W,116.23,2,1.706,116.23,v04_diff_candidate,-1,32.29,25.61,26.30,31.56,23.57,22.76,-1,-5.75,1.31,116.23,42.04,0.51,1.28,2.37,-2.77,1.7064,26.60,0.25,23.90,2.67,-1,-0.75,,,
cand_00332,140951,JWST,052,A4,101542818,150.2928198,2.1040472,150.2928198,2.1040472,0.000,-1,F277W,112.83,2,1.699,112.83,v04_diff_candidate,31.45,30.47,24.98,24.99,29.16,19.67,19.15,18.98,1.36,4.07,112.83,100.40,1.02,3.28,3.02,2.36,1.6989,22.60,0.64,22.65,0.34,21.95,0.45,,,
cand_00333,676690,JWST+EUCLID,077,B8,101544257,150.1243422,2.2999829,150.1243422,2.2999829,0.000,-1,F277W,26.01,3,1.696,26.01,v04_diff_candidate,30.84,30.02,27.43,27.29,-1,22.65,21.10,20.91,3.10,6.75,26.01,20.72,-0.46,2.15,6.48,8.11,1.6959,-1,-0.31,24.19,1.23,23.36,2.73,,,
cand_00334,250728,JWST+EUCLID,055,A7,101542816,149.8592762,2.0452709,149.8592762,2.0452709,0.000,-1,F277W,25.77,3,1.689,25.77,v04_diff_candidate,29.93,30.46,27.61,30.51,-1,21.67,21.77,21.54,9.84,6.73,25.77,1.04,-1.12,5.59,4.16,6.31,1.6890,27.87,0.07,-1,-0.06,-1,-3.61,,,
cand_00335,193180,JWST,055,A6,101542816,149.7570100,1.9660915,149.7570100,1.9660915,0.000,-1,F444W,107.06,2,1.685,107.06,v04_diff_candidate,30.64,30.23,27.93,25.89,29.11,20.65,19.99,19.15,4.28,7.96,22.80,107.06,1.36,2.37,4.48,9.95,1.6852,-1,-1.40,22.82,1.05,22.22,2.04,,,
cand_00336,735538,JWST,076,B9,101544258,150.3381309,2.3274648,150.3381309,2.3274648,0.000,-1,F277W,103.96,2,1.677,103.96,v04_diff_candidate,31.53,-1,25.53,26.04,-1,-1,-1,-1,2.12,-2.06,103.96,43.49,-0.94,-0.87,-0.85,-0.01,1.6773,-1,-1.18,-1,-1.01,-1,-0.48,,,
cand_00337,349422,JWST,028,A10,101541378,150.2830855,1.7493161,150.2830855,1.7493161,0.000,-1,F277W,100.13,2,1.667,100.13,v04_diff_candidate,-1,-1,25.42,25.33,-1,-1,-1,-1,-1.25,-6.47,100.13,88.93,0.00,0.00,0.00,0.00,1.6670,-1,0.00,-1,0.00,-1,0.00,,,
cand_00338,174298,JWST+EUCLID,052,A5,101542818,150.3723642,2.0605549,150.3723642,2.0605549,0.000,-1,F277W,24.92,3,1.664,24.92,v04_diff_candidate,30.41,30.65,27.65,27.96,29.95,22.18,23.54,21.22,5.08,6.26,24.92,12.81,2.53,4.55,1.03,8.41,1.6642,-1,-2.05,-1,-1.77,24.78,1.15,,,
cand_00339,353950,JWST,028,A10,101541378,150.3052417,1.7738758,150.3052417,1.7738758,0.000,-1,F277W,98.32,2,1.662,98.32,v04_diff_candidate,28.77,28.35,26.26,26.06,-1,-1,-1,-1,6.66,9.04,98.32,59.14,0.00,0.00,0.00,0.00,1.6619,-1,0.00,-1,0.00,-1,0.00,,,
cand_00340,656201,JWST+EUCLID,078,B7,101544257,150.0253504,2.3401333,150.0253504,2.3401333,0.000,-1,F277W,24.78,3,1.660,24.78,v04_diff_candidate,31.90,-1,27.58,-1,-1,21.16,20.47,21.29,1.88,-1.91,24.78,-1.59,-0.95,8.29,10.38,5.64,1.6603,-1,-1.97,24.92,0.64,-1,-1.99,,,
cand_00341,204932,JWST,056,A6,101542816,149.7025578,2.0709374,149.7025578,2.0709374,0.000,-1,F444W,95.90,2,1.655,95.90,v04_diff_candidate,29.69,28.93,26.07,25.50,29.10,19.80,19.33,19.01,9.15,10.22,41.25,95.90,0.88,2.74,2.64,2.60,1.6549,22.39,1.73,21.59,1.99,21.25,2.06,,,
cand_00342,685933,JWST+EUCLID,077,B8,101544257,150.1871380,2.3430917,150.1871380,2.3430917,0.000,-1,F277W,24.55,3,1.653,24.55,v04_diff_candidate,30.80,-1,27.32,27.96,31.40,-1,23.93,21.79,4.10,-3.44,24.55,7.41,0.65,-4.40,0.74,5.52,1.6532,25.72,0.53,-1,-0.16,23.61,3.12,,,
cand_00343,229538,JWST,043,A7,101542816,149.8629661,1.8934697,149.8629661,1.8934697,0.000,-1,F277W,95.08,2,1.652,95.08,v04_diff_candidate,28.96,29.20,26.22,26.21,-1,-1,-1,-1,22.72,18.47,95.08,55.80,0.00,0.00,0.00,0.00,1.6524,-1,0.00,-1,0.00,-1,0.00,,,
cand_00344,270999,JWST,042,A7,101542816,149.9313930,1.8712336,149.9313930,1.8712336,0.000,-1,F444W,94.38,2,1.650,94.38,v04_diff_candidate,29.32,28.50,25.00,24.36,-1,-1,-1,-1,3.20,6.02,53.24,94.38,0.00,0.00,0.00,0.00,1.6503,-1,0.00,-1,0.00,-1,0.00,,,
cand_00345,771118,JWST,063,B10,101544258,150.4609969,2.2588978,150.4609969,2.2588978,0.000,-1,F444W,94.08,2,1.649,94.08,v04_diff_candidate,29.66,29.76,27.89,26.07,29.84,21.61,20.54,20.63,10.35,15.24,29.33,94.08,1.83,1.07,1.61,1.15,1.6494,25.18,0.14,22.42,0.74,22.82,0.41,,,
cand_00346,366253,JWST,040,A10,101542818,150.2803171,1.8858435,150.2803171,1.8858435,0.000,-1,F277W,93.77,2,1.648,93.77,v04_diff_candidate,30.71,31.88,25.96,26.15,29.96,21.79,22.33,20.28,2.88,1.61,93.77,56.27,1.49,0.21,0.10,0.69,1.6484,-1,-0.23,-1,-0.01,24.80,0.04,,,
cand_00347,547655,JWST,075,B5,101544258,150.4646328,2.3371929,150.4646328,2.3371929,0.000,-1,F444W,93.19,2,1.647,93.19,v04_diff_candidate,29.16,28.08,25.77,25.44,29.12,20.56,19.26,18.75,10.08,21.46,92.00,93.19,4.27,1.63,1.76,1.72,1.6466,23.61,0.42,21.63,0.84,21.11,0.89,,,
cand_00348,361010,JWST,040,A10,101541378,150.3021635,1.8348602,150.3021635,1.8348602,0.000,-1,F277W,92.22,2,1.644,92.22,v04_diff_candidate,29.15,29.74,26.60,27.08,31.41,21.51,20.37,21.12,18.48,14.28,92.22,36.06,0.19,2.30,5.10,2.61,1.6436,23.09,1.92,21.89,4.55,23.10,1.50,,,
cand_00349,530421,JWST,087,B4,101545698,150.4240741,2.5062013,150.4240741,2.5062013,0.000,-1,F277W,90.81,2,1.639,90.81,v04_diff_candidate,-1,-1,26.18,26.70,30.37,20.63,19.93,20.02,-10.56,-8.54,90.81,36.80,1.03,12.64,19.18,18.30,1.6390,-1,-0.20,25.14,0.54,-1,-0.60,,,
cand_00350,649475,JWST,077,B7,101545697,150.0991501,2.4144852,150.0991501,2.4144852,0.000,-1,F277W,89.87,2,1.636,89.87,v04_diff_candidate,-1,31.66,25.86,26.13,-1,24.39,23.83,22.20,-1.62,2.09,89.87,6.21,-2.30,0.57,0.93,4.34,1.6359,26.66,0.25,-1,-3.28,26.03,0.37,,,
cand_00351,275770,JWST,042,A8,101541377,150.0309397,1.8726422,150.0309397,1.8726422,0.000,-1,F444W,89.47,2,1.635,89.47,v04_diff_candidate,-1,29.67,25.31,24.08,-1,-1,-1,-1,-0.20,3.41,41.90,89.47,0.00,0.00,0.00,0.00,1.6346,-1,0.00,-1,0.00,-1,0.00,,,
cand_00352,350421,JWST,028,A10,101541378,150.2291342,1.7772322,150.2291342,1.7772322,0.000,-1,F277W,88.38,2,1.631,88.38,v04_diff_candidate,28.24,28.17,26.58,26.34,-1,-1,-1,-1,23.62,24.01,88.38,70.44,0.00,0.00,0.00,0.00,1.6309,-1,0.00,-1,0.00,-1,0.00,,,
cand_00353,358780,JWST,040,A10,101541378,150.3332517,1.8038479,150.3332517,1.8038479,0.000,-1,F277W,85.38,2,1.620,85.38,v04_diff_candidate,28.84,28.44,26.71,26.48,-1,-1,-1,-1,13.44,16.21,85.38,69.15,-0.28,0.00,0.00,0.00,1.6204,-1,0.00,-1,0.00,-1,0.00,,,
cand_00354,588626,JWST,079,B6,101545696,149.8234176,2.3947707,149.8234176,2.3947707,0.000,-1,F444W,84.83,2,1.618,84.83,v04_diff_candidate,28.40,28.39,26.77,26.12,-1,20.50,19.92,19.92,20.01,23.08,77.24,84.83,-1.20,1.43,1.60,1.59,1.6184,22.24,1.04,21.88,0.94,21.82,0.95,,,
cand_00355,355660,JWST,040,A10,101541378,150.2647775,1.8029731,150.2647775,1.8029731,0.000,-1,F444W,83.50,2,1.614,83.50,v04_diff_candidate,29.45,28.02,24.00,22.37,-1,-1,-1,-1,2.40,6.98,79.77,83.50,0.00,0.00,0.00,0.00,1.6135,-1,0.00,-1,0.00,-1,0.00,,,
cand_00356,354181,JWST,028,A10,101541378,150.3084245,1.7747192,150.3084245,1.7747192,0.000,-1,F277W,81.29,2,1.605,81.29,v04_diff_candidate,31.26,28.72,26.16,27.43,-1,-1,-1,-1,0.96,8.22,81.29,13.32,0.00,0.00,0.00,0.00,1.6051,-1,0.00,-1,0.00,-1,0.00,,,
cand_00357,190418,JWST,056,A6,101542816,149.7054527,1.9661090,149.7054527,1.9661090,0.000,-1,F277W,81.24,2,1.605,81.24,v04_diff_candidate,29.19,28.88,26.66,26.33,28.13,-1,-1,-1,10.43,17.46,81.24,67.68,2.30,0.00,0.00,0.00,1.6049,-1,0.00,-1,0.00,-1,0.00,,,
cand_00358,731346,JWST,076,B9,101544258,150.2982686,2.3143475,150.2982686,2.3143475,0.000,-1,F444W,80.96,2,1.604,80.96,v04_diff_candidate,30.93,30.05,28.00,26.18,31.01,22.80,22.11,-1,5.32,11.49,27.10,80.96,0.96,2.26,3.83,-10.67,1.6038,24.65,1.44,25.62,0.51,-1,-4.91,,,
cand_00359,354723,JWST,028,A10,101541378,150.3027942,1.7811021,150.3027942,1.7811021,0.000,-1,F277W,80.81,2,1.603,80.81,v04_diff_candidate,28.73,28.01,26.37,26.50,-1,-1,-1,-1,8.33,15.30,80.81,47.75,0.00,0.00,0.00,0.00,1.6032,-1,0.00,-1,0.00,-1,0.00,,,
cand_00360,353137,JWST,028,A10,101541378,150.2738057,1.7790720,150.2738057,1.7790720,0.000,-1,F444W,80.19,2,1.601,80.19,v04_diff_candidate,28.86,28.60,26.16,25.94,-1,-1,-1,-1,6.61,8.16,64.88,80.19,0.00,0.00,0.00,0.00,1.6008,-1,0.00,-1,0.00,-1,0.00,,,
cand_00361,475969,JWST,089,B3,101545697,150.1797950,2.4968967,150.1797950,2.4968967,0.000,-1,F444W,80.19,2,1.601,80.19,v04_diff_candidate,29.43,30.27,27.70,25.90,29.44,21.18,20.60,20.34,11.21,4.95,23.18,80.19,2.42,0.53,0.80,1.09,1.6008,23.68,0.18,27.32,0.01,24.35,0.07,,,
cand_00362,314956,JWST,041,A9,101541377,150.1577168,1.8207345,150.1577168,1.8207345,0.000,-1,F277W,80.04,2,1.600,80.04,v04_diff_candidate,28.93,28.63,26.43,26.56,-1,-1,-1,-1,12.12,10.49,80.04,54.76,0.00,0.00,0.00,0.00,1.6002,-1,0.00,-1,0.00,-1,0.00,,,
cand_00363,321560,JWST,041,A9,101542817,150.1550503,1.8717711,150.1550503,1.8717711,0.000,-1,F277W,79.88,2,1.600,79.88,v04_diff_candidate,29.00,28.60,26.50,26.50,29.40,20.19,20.44,19.42,13.82,15.55,79.88,54.68,1.42,1.72,0.56,0.77,1.5995,-1,-0.47,-1,-0.18,22.37,0.34,,,
cand_00364,350433,JWST,028,A10,101541378,150.3121685,1.7471606,150.3121685,1.7471606,0.000,-1,F277W,78.74,2,1.595,78.74,v04_diff_candidate,28.67,28.38,26.68,26.61,-1,-1,-1,-1,19.16,28.90,78.74,54.30,0.00,0.00,0.00,0.00,1.5949,-1,0.00,-1,0.00,-1,0.00,,,
cand_00365,348090,JWST+EUCLID,053,A4,101542817,150.1921745,1.9794894,150.1921745,1.9794894,0.000,-1,F277W,22.62,3,1.592,22.62,v04_diff_candidate,-1,31.40,27.32,-1,-1,20.97,21.44,21.27,-5.64,1.73,22.62,-3.43,-0.00,7.07,7.18,5.39,1.5922,-1,-1.11,-1,-0.56,-1,-1.61,,,
cand_00366,408874,JWST,102,B1,101547135,149.9520016,2.6530355,149.9520016,2.6530355,0.000,-1,F444W,77.83,2,1.591,77.83,v04_diff_candidate,30.96,30.29,26.86,26.16,29.61,22.63,20.76,20.09,3.12,7.93,62.75,77.83,3.51,1.06,2.64,2.74,1.5911,-1,-0.33,24.76,0.25,23.56,0.53,,,
cand_00367,642837,JWST+EUCLID,077,B7,101544257,150.1019383,2.3648546,150.1019383,2.3648546,0.000,-1,F277W,22.46,3,1.587,22.46,v04_diff_candidate,29.75,29.83,27.82,27.35,30.04,22.22,-1,21.73,8.73,11.73,22.46,18.87,2.51,3.56,-2.25,5.17,1.5868,24.30,1.83,24.15,1.87,23.12,5.50,,,
cand_00368,39513,JWST,055,A2,101542816,149.8871445,2.1045029,149.8871445,2.1045029,0.000,-1,F444W,76.28,2,1.585,76.28,v04_diff_candidate,29.96,28.93,27.29,26.17,32.43,20.91,20.12,19.98,10.78,30.50,37.47,76.28,0.17,1.16,2.05,2.78,1.5845,24.26,0.17,22.28,0.89,22.26,1.09,,,
cand_00369,272986,JWST,042,A8,101541377,150.0084962,1.8608257,150.0084962,1.8608257,0.000,-1,F444W,76.16,2,1.584,76.16,v04_diff_candidate,29.22,28.39,25.92,25.55,-1,-1,-1,-1,10.89,11.19,50.02,76.16,0.00,0.00,0.00,0.00,1.5840,-1,0.00,-1,0.00,-1,0.00,,,
cand_00370,357531,JWST,040,A10,101541378,150.2932873,1.8084541,150.2932873,1.8084541,0.000,-1,F444W,75.94,2,1.583,75.94,v04_diff_candidate,28.53,28.74,27.08,26.27,-1,-1,-1,-1,27.91,17.30,54.65,75.94,-2.10,0.00,0.00,0.00,1.5831,-1,0.00,-1,0.00,-1,0.00,,,
cand_00371,356422,JWST,028,A10,101541378,150.3291540,1.7867078,150.3291540,1.7867078,0.000,-1,F444W,75.92,2,1.583,75.92,v04_diff_candidate,29.37,28.44,26.27,25.89,-1,-1,-1,-1,8.37,21.62,75.52,75.92,0.00,0.00,0.00,0.00,1.5830,-1,0.00,-1,0.00,-1,0.00,,,
cand_00372,315629,JWST,041,A9,101541377,150.1588901,1.8253982,150.1588901,1.8253982,0.000,-1,F277W,75.85,2,1.583,75.85,v04_diff_candidate,29.72,28.52,26.31,26.03,-1,-1,-1,-1,8.68,20.19,75.85,63.45,0.00,0.00,0.00,0.00,1.5827,-1,0.00,-1,0.00,-1,0.00,,,
cand_00373,508054,JWST,076,B4,101545698,150.2880150,2.4073971,150.2880150,2.4073971,0.000,-1,F277W,75.61,2,1.582,75.61,v04_diff_candidate,31.50,31.39,26.20,26.98,-1,-1,-1,-1,1.87,2.44,75.61,21.08,-1.04,-2.87,-4.38,-1.68,1.5817,-1,-0.54,-1,-1.71,-1,-0.90,,,
cand_00374,317158,JWST,041,A9,101541377,150.1554854,1.8388202,150.1554854,1.8388202,0.000,-1,F277W,75.26,2,1.580,75.26,v04_diff_candidate,28.60,28.64,26.40,26.30,-1,-1,-1,-1,12.67,6.50,75.26,53.09,0.00,0.00,0.00,0.00,1.5801,-1,0.00,-1,0.00,-1,0.00,,,
cand_00375,358205,JWST,040,A10,101541378,150.3213300,1.8037142,150.3213300,1.8037142,0.000,-1,F277W,74.82,2,1.578,74.82,v04_diff_candidate,29.33,29.13,26.83,26.74,28.21,-1,-1,-1,7.87,19.34,74.82,51.23,1.08,0.00,0.00,0.00,1.5782,-1,0.00,-1,0.00,-1,0.00,,,
cand_00376,195734,JWST,055,A6,101542816,149.8023680,1.9680214,149.8023680,1.9680214,0.000,-1,F444W,74.27,2,1.576,74.27,v04_diff_candidate,29.57,29.49,26.69,25.96,-1,-1,20.02,21.32,7.61,10.98,62.20,74.27,-0.13,-2.52,6.36,1.90,1.5757,22.22,3.15,22.37,2.11,22.83,1.47,,,
cand_00377,317696,JWST,041,A9,101541377,150.1133253,1.8589615,150.1133253,1.8589615,0.000,-1,F444W,73.78,2,1.573,73.78,v04_diff_candidate,30.44,31.08,27.17,25.89,-1,-1,-1,-1,3.56,3.70,35.01,73.78,-0.14,0.00,0.00,0.00,1.5735,-1,0.00,-1,0.00,-1,0.00,,,
cand_00378,354396,JWST,028,A10,101541378,150.3184265,1.7727291,150.3184265,1.7727291,0.000,-1,F277W,72.12,2,1.566,72.12,v04_diff_candidate,29.09,29.03,26.42,26.78,-1,-1,-1,-1,13.57,16.73,72.12,29.91,0.00,0.00,0.00,0.00,1.5658,-1,0.00,-1,0.00,-1,0.00,,,
cand_00379,272796,JWST,042,A8,101541377,150.0511332,1.8441045,150.0511332,1.8441045,0.000,-1,F277W,71.53,2,1.563,71.53,v04_diff_candidate,28.86,28.61,26.84,26.64,-1,-1,-1,-1,17.88,20.99,71.53,52.48,0.00,0.00,0.00,0.00,1.5630,-1,0.00,-1,0.00,-1,0.00,,,
cand_00380,191384,JWST,043,A6,101542816,149.7896194,1.9422662,149.7896194,1.9422662,0.000,-1,F277W,71.43,2,1.563,71.43,v04_diff_candidate,29.33,28.71,26.77,26.67,28.39,-1,-1,-1,18.36,23.74,71.43,47.20,1.61,0.00,0.00,0.00,1.5625,-1,0.00,-1,0.00,-1,0.00,,,
cand_00381,730181,JWST+EUCLID,076,B9,101544258,150.3275172,2.2960244,150.3275172,2.2960244,0.000,-1,F277W,21.71,3,1.562,21.71,v04_diff_candidate,30.65,-1,27.68,27.71,29.96,21.66,23.10,21.81,5.37,-0.07,21.71,15.21,2.28,5.92,1.19,1.66,1.5616,23.74,3.01,25.02,0.71,24.69,0.48,,,
cand_00382,272323,JWST,042,A8,101541377,149.9492067,1.8773535,149.9492067,1.8773535,0.000,-1,F277W,70.98,2,1.560,70.98,v04_diff_candidate,28.19,28.57,26.80,26.75,-1,-1,-1,-1,20.38,17.95,70.98,47.74,0.00,0.00,0.00,0.00,1.5604,-1,0.00,-1,0.00,-1,0.00,,,
cand_00383,59165,JWST,066,A2,101544257,150.0372085,2.1828926,150.0372085,2.1828926,0.000,-1,F444W,70.05,2,1.556,70.05,v04_diff_candidate,29.17,28.49,26.99,25.90,-1,21.61,20.88,20.50,10.95,30.41,39.62,70.05,-0.91,1.44,2.05,2.89,1.5558,24.08,0.48,22.70,1.25,22.55,1.28,,,
cand_00384,38539,JWST,054,A2,101542817,149.9514364,2.0735926,149.9514364,2.0735926,0.000,-1,F277W,69.68,2,1.554,69.68,v04_diff_candidate,29.54,28.50,26.18,25.86,29.33,20.24,19.38,19.16,9.61,15.33,69.68,65.73,2.00,1.76,1.76,1.93,1.5540,22.75,0.70,21.86,0.72,21.44,0.88,,,
cand_00385,358809,JWST,040,A10,101541378,150.3261480,1.8067528,150.3261480,1.8067528,0.000,-1,F277W,69.24,2,1.552,69.24,v04_diff_candidate,29.33,28.98,26.90,26.68,27.43,-1,-1,-1,9.72,15.81,69.24,54.58,2.67,0.00,0.00,0.00,1.5518,-1,0.00,-1,0.00,-1,0.00,,,
cand_00386,291186,JWST,054,A8,101542817,150.0189645,1.9967250,150.0189645,1.9967250,0.000,-1,F277W,68.96,2,1.550,68.96,v04_diff_candidate,-1,-1,26.70,27.50,-1,-1,-1,24.54,-0.55,-4.65,68.96,18.37,-0.64,-5.61,-1.87,0.39,1.5503,-1,-4.30,-1,-1.36,24.73,1.12,,,
cand_00387,354612,JWST,028,A10,101541378,150.3235849,1.7724944,150.3235849,1.7724944,0.000,-1,F277W,68.93,2,1.550,68.93,v04_diff_candidate,28.71,28.75,26.50,26.58,-1,-1,-1,-1,16.06,11.97,68.93,41.61,0.00,0.00,0.00,0.00,1.5502,-1,0.00,-1,0.00,-1,0.00,,,
cand_00388,188849,JWST,056,A6,101542815,149.6747867,1.9635053,149.6747867,1.9635053,0.000,-1,F277W,68.23,2,1.547,68.23,v04_diff_candidate,28.94,28.69,26.36,26.25,-1,-1,-1,-1,9.20,8.06,68.23,51.02,0.00,0.00,0.00,0.00,1.5466,-1,0.00,-1,0.00,-1,0.00,,,
cand_00389,641470,JWST,077,B7,101544257,150.0800686,2.3632047,150.0800686,2.3632047,0.000,-1,F277W,66.50,2,1.538,66.50,v04_diff_candidate,31.47,29.87,26.95,26.87,29.82,-1,23.88,21.67,2.23,7.75,66.50,44.92,2.64,-2.52,0.60,3.65,1.5376,23.73,2.86,24.94,0.74,23.79,1.87,,,
cand_00390,353780,JWST,040,A10,101541378,150.2435302,1.7948837,150.2435302,1.7948837,0.000,-1,F277W,65.30,2,1.531,65.30,v04_diff_candidate,29.27,28.37,26.41,26.09,-1,-1,-1,-1,8.27,10.76,65.30,64.05,0.00,0.00,0.00,0.00,1.5310,-1,0.00,-1,0.00,-1,0.00,,,
cand_00391,353894,JWST,028,A10,101541378,150.2586838,1.7904355,150.2586838,1.7904355,0.000,-1,F444W,64.54,2,1.527,64.54,v04_diff_candidate,30.91,28.90,27.30,26.04,-1,-1,-1,-1,3.87,16.84,35.36,64.54,0.00,0.00,0.00,0.00,1.5268,-1,0.00,-1,0.00,-1,0.00,,,
cand_00392,270544,JWST,042,A8,101541377,149.9988687,1.8425242,149.9988687,1.8425242,0.000,-1,F277W,62.27,2,1.514,62.27,v04_diff_candidate,29.79,28.74,26.64,26.69,-1,-1,-1,-1,6.86,15.03,62.27,35.29,0.00,0.00,0.00,0.00,1.5138,-1,0.00,-1,0.00,-1,0.00,,,
cand_00393,350519,JWST,029,A9,101541378,150.2099890,1.7848817,150.2099890,1.7848817,0.000,-1,F277W,62.11,2,1.513,62.11,v04_diff_candidate,29.54,29.71,26.90,27.75,-1,-1,-1,-1,9.66,8.03,62.11,17.97,0.00,0.00,0.00,0.00,1.5129,-1,0.00,-1,0.00,-1,0.00,,,
cand_00394,355222,JWST,028,A10,101541378,150.2835372,1.7927362,150.2835372,1.7927362,0.000,-1,F277W,61.79,2,1.511,61.79,v04_diff_candidate,28.48,28.14,26.55,26.40,-1,-1,-1,-1,14.47,23.71,61.79,49.71,0.00,0.00,0.00,0.00,1.5110,-1,0.00,-1,0.00,-1,0.00,,,
cand_00395,314722,JWST,041,A8,101541377,150.0790411,1.8477621,150.0790411,1.8477621,0.000,-1,F277W,60.87,2,1.505,60.87,v04_diff_candidate,30.01,29.15,26.98,26.81,-1,-1,-1,-1,5.30,19.73,60.87,41.62,0.00,0.00,0.00,0.00,1.5054,-1,0.00,-1,0.00,-1,0.00,,,
cand_00396,134041,JWST,053,A4,101542818,150.2120807,2.0877861,150.2120807,2.0877861,0.000,-1,F444W,60.80,2,1.505,60.80,v04_diff_candidate,29.25,29.29,27.22,26.49,-1,21.43,21.14,21.13,16.16,21.22,48.36,60.80,-0.35,4.97,4.02,2.10,1.5049,23.74,1.72,22.76,2.38,22.92,1.11,,,
cand_00397,281710,JWST,041,A8,101542817,150.0619097,1.9064462,150.0619097,1.9064462,0.000,-1,F277W,60.38,2,1.502,60.38,v04_diff_candidate,29.24,29.89,26.96,27.66,28.78,20.71,19.89,-1,20.73,19.19,60.38,21.83,3.00,3.33,5.44,-0.92,1.5023,22.79,1.88,21.84,3.85,-1,-1.99,,,
cand_00398,310689,JWST,029,A9,101541378,150.1766950,1.7793902,150.1766950,1.7793902,0.000,-1,F444W,60.34,2,1.502,60.34,v04_diff_candidate,28.73,28.01,25.97,25.59,-1,-1,-1,-1,10.35,11.71,54.08,60.34,0.00,0.00,0.00,0.00,1.5021,-1,0.00,-1,0.00,-1,0.00,,,
cand_00399,312185,JWST,029,A9,101541378,150.2020656,1.7842529,150.2020656,1.7842529,0.000,-1,F277W,60.26,2,1.502,60.26,v04_diff_candidate,29.42,29.33,27.05,27.37,-1,-1,-1,-1,15.12,14.44,60.26,26.61,0.00,0.00,0.00,0.00,1.5016,-1,0.00,-1,0.00,-1,0.00,,,
cand_00400,459148,JWST+EUCLID,089,B2,101545697,150.0627345,2.5850094,150.0627345,2.5850094,0.000,-1,F277W,20.02,3,1.501,20.02,v04_diff_candidate,-1,-1,27.63,-1,-1,22.00,21.79,-1,-3.49,-3.52,20.02,-0.78,-0.52,5.49,6.53,-0.69,1.5008,25.00,1.22,-1,-2.09,-1,-3.22,,,
cand_00401,323769,JWST,041,A9,101542817,150.1845517,1.8807926,150.1845517,1.8807926,0.000,-1,F444W,59.36,2,1.496,59.36,v04_diff_candidate,29.92,29.10,27.64,26.12,-1,-1,21.37,-1,10.10,22.48,22.89,59.36,-0.90,-1.35,2.67,-1.28,1.4959,-1,-3.33,24.37,0.58,-1,-1.06,,,
cand_00402,276562,JWST,042,A8,101542817,149.9891816,1.8945903,149.9891816,1.8945903,0.000,-1,F277W,59.14,2,1.495,59.14,v04_diff_candidate,28.45,28.24,26.56,26.44,28.15,-1,-1,-1,16.30,17.46,59.14,43.87,2.54,0.00,0.00,0.00,1.4945,-1,0.00,-1,0.00,-1,0.00,,,
cand_00403,233886,JWST,042,A7,101542816,149.9139199,1.9067880,149.9139199,1.9067880,0.000,-1,F444W,58.56,2,1.491,58.56,v04_diff_candidate,29.18,28.61,27.46,26.32,28.87,-1,-1,-1,21.72,21.31,32.03,58.56,1.10,0.00,0.00,0.00,1.4908,-1,0.00,-1,0.00,-1,0.00,,,
cand_00404,311192,JWST,029,A9,101541378,150.1798645,1.7832720,150.1798645,1.7832720,0.000,-1,F277W,58.30,2,1.489,58.30,v04_diff_candidate,30.72,-1,26.42,27.02,-1,-1,-1,-1,3.83,-5.39,58.30,23.30,0.00,0.00,0.00,0.00,1.4891,-1,0.00,-1,0.00,-1,0.00,,,
cand_00405,358268,JWST,040,A10,101541378,150.2794128,1.8194119,150.2794128,1.8194119,0.000,-1,F277W,58.17,2,1.488,58.17,v04_diff_candidate,28.84,28.81,27.10,27.14,29.06,-1,-1,-1,20.32,21.74,58.17,34.49,1.04,0.00,0.00,0.00,1.4883,-1,0.00,-1,0.00,-1,0.00,,,
cand_00406,403602,JWST,102,B1,101547135,149.9158506,2.6274922,149.9158506,2.6274922,0.000,-1,F444W,57.14,2,1.481,57.14,v04_diff_candidate,-1,29.05,27.13,26.59,-1,-1,20.88,20.55,-5.84,15.64,53.55,57.14,-0.04,-0.44,4.06,6.35,1.4815,-1,-0.40,22.82,2.01,22.40,3.48,,,
cand_00407,772039,JWST,063,B10,101544258,150.4294310,2.2776239,150.4294310,2.2776239,0.000,-1,F277W,57.11,2,1.481,57.11,v04_diff_candidate,31.76,29.87,27.32,27.08,28.38,19.21,19.22,18.32,2.74,9.03,57.11,33.43,4.45,17.31,9.91,13.65,1.4813,-1,-0.32,23.30,0.67,22.40,0.98,,,
cand_00408,241372,JWST,055,A7,101542816,149.8470969,1.9821039,149.8470969,1.9821039,0.000,-1,F277W,56.97,2,1.480,56.97,v04_diff_candidate,28.32,28.36,26.89,26.56,29.83,20.18,19.64,19.48,23.34,24.77,56.97,41.18,0.76,2.66,3.07,2.81,1.4803,22.40,1.45,21.88,1.74,22.47,0.92,,,
cand_00409,272053,JWST,042,A8,101541377,150.0588615,1.8350850,150.0588615,1.8350850,0.000,-1,F444W,56.94,2,1.480,56.94,v04_diff_candidate,30.34,29.08,26.16,25.74,-1,-1,-1,-1,1.43,4.18,36.58,56.94,0.00,0.00,0.00,0.00,1.4801,-1,0.00,-1,0.00,-1,0.00,,,
cand_00410,231319,JWST,043,A7,101542816,149.8176713,1.9247511,149.8176713,1.9247511,0.000,-1,F277W,56.35,2,1.476,56.35,v04_diff_candidate,29.67,28.20,25.08,24.42,-1,-1,-1,-1,5.99,13.58,56.35,22.90,0.00,0.00,0.00,0.00,1.4761,-1,0.00,-1,0.00,-1,0.00,,,
cand_00411,533486,JWST+EUCLID,076,B4,101545698,150.3013909,2.3977649,150.3013909,2.3977649,0.000,-1,F444W,19.36,3,1.475,19.36,v04_diff_candidate,30.99,30.02,28.39,27.28,31.77,26.83,21.49,21.20,2.11,12.13,13.65,19.36,0.38,0.06,5.89,7.12,1.4754,-1,-2.86,24.48,1.15,-1,-1.15,,,
cand_00412,253469,JWST,055,A7,101542816,149.8563525,2.0651932,149.8563525,2.0651932,0.000,-1,F277W,56.24,2,1.475,56.24,v04_diff_candidate,29.47,29.25,27.12,27.13,29.55,21.34,20.56,21.07,12.07,14.82,56.24,34.75,3.14,3.23,5.58,3.54,1.4753,24.17,1.10,22.95,2.54,22.65,3.55,,,
cand_00413,523353,JWST,088,B4,101545698,150.3893440,2.4731386,150.3893440,2.4731386,0.000,-1,F277W,56.23,2,1.475,56.23,v04_diff_candidate,-1,-1,26.61,26.59,30.82,20.68,20.29,20.37,-0.86,-3.99,56.23,29.11,1.02,6.02,6.75,4.61,1.4752,-1,-1.06,-1,-0.14,-1,-1.42,,,
cand_00414,478240,JWST,089,B3,101545697,150.1926502,2.5093138,150.1926502,2.5093138,0.000,-1,F444W,56.16,2,1.475,56.16,v04_diff_candidate,29.71,29.67,27.60,26.77,-1,21.50,21.55,21.33,12.05,10.03,35.02,56.16,-1.70,1.50,1.08,1.31,1.4748,22.95,3.79,23.17,2.15,23.86,1.05,,,
cand_00415,229648,JWST,043,A7,101542816,149.8407531,1.9023157,149.8407531,1.9023157,0.000,-1,F277W,55.93,2,1.473,55.93,v04_diff_candidate,28.40,28.31,26.58,26.32,-1,-1,-1,-1,16.15,18.39,55.93,53.77,0.00,0.00,0.00,0.00,1.4732,-1,0.00,-1,0.00,-1,0.00,,,
cand_00416,313852,JWST,041,A9,101541377,150.1018501,1.8330060,150.1018501,1.8330060,0.000,-1,F444W,55.77,2,1.472,55.77,v04_diff_candidate,30.15,28.23,23.56,22.43,-1,-1,-1,-1,2.61,9.88,45.59,55.77,0.00,0.00,0.00,0.00,1.4721,-1,0.00,-1,0.00,-1,0.00,,,
cand_00417,271092,JWST,042,A8,101541377,150.0261939,1.8378051,150.0261939,1.8378051,0.000,-1,F444W,55.74,2,1.472,55.74,v04_diff_candidate,-1,28.91,26.18,25.87,-1,-1,-1,-1,-1.55,7.15,35.34,55.74,0.00,0.00,0.00,0.00,1.4718,-1,0.00,-1,0.00,-1,0.00,,,
cand_00418,270725,JWST,042,A8,101541377,150.0136494,1.8389424,150.0136494,1.8389424,0.000,-1,F277W,55.45,2,1.470,55.45,v04_diff_candidate,28.36,28.27,26.20,26.53,-1,-1,-1,-1,7.48,6.90,55.45,40.45,0.00,0.00,0.00,0.00,1.4698,-1,0.00,-1,0.00,-1,0.00,,,
cand_00419,642773,JWST,078,B7,101545697,150.0112848,2.3974167,150.0112848,2.3974167,0.000,-1,F444W,55.44,2,1.470,55.44,v04_diff_candidate,30.25,30.06,27.67,26.33,30.20,22.25,21.60,-1,5.97,11.45,24.93,55.44,1.85,1.29,2.16,-0.65,1.4698,24.68,0.40,-1,-0.07,-1,-0.83,,,
cand_00420,350804,JWST,028,A10,101541378,150.3041019,1.7526607,150.3041019,1.7526607,0.000,-1,F277W,55.11,2,1.467,55.11,v04_diff_candidate,28.94,28.75,26.95,27.76,-1,-1,-1,-1,15.48,16.31,55.11,18.18,0.00,0.00,0.00,0.00,1.4674,-1,0.00,-1,0.00,-1,0.00,,,
cand_00421,348666,JWST,028,A10,101541378,150.2534770,1.7526964,150.2534770,1.7526964,0.000,-1,F444W,55.10,2,1.467,55.10,v04_diff_candidate,29.37,28.54,26.43,26.15,-1,-1,-1,-1,8.64,7.71,47.76,55.10,0.00,0.00,0.00,0.00,1.4674,-1,0.00,-1,0.00,-1,0.00,,,
cand_00422,229656,JWST,043,A7,101542816,149.8710227,1.8911917,149.8710227,1.8911917,0.000,-1,F444W,55.08,2,1.467,55.08,v04_diff_candidate,30.88,29.19,24.69,23.22,-1,-1,-1,-1,0.95,3.49,25.24,55.08,0.00,0.00,0.00,0.00,1.4673,-1,0.00,-1,0.00,-1,0.00,,,
cand_00423,439202,JWST,089,B2,101545697,150.1114117,2.5419892,150.1114117,2.5419892,0.000,-1,F444W,54.50,2,1.463,54.50,v04_diff_candidate,-1,31.29,27.84,26.72,29.44,-1,-1,-1,-2.30,3.54,31.33,54.50,4.12,-1.04,-0.66,-0.35,1.4631,25.77,0.40,-1,-3.35,-1,-0.93,,,
cand_00424,229944,JWST,042,A7,101542816,149.8992154,1.8836885,149.8992154,1.8836885,0.000,-1,F277W,53.73,2,1.458,53.73,v04_diff_candidate,28.39,28.56,26.72,26.99,-1,-1,-1,-1,17.38,22.83,53.73,26.57,0.00,0.00,0.00,0.00,1.4575,-1,0.00,-1,0.00,-1,0.00,,,
cand_00425,229359,JWST,043,A7,101542816,149.8675745,1.8904518,149.8675745,1.8904518,0.000,-1,F277W,53.60,2,1.457,53.60,v04_diff_candidate,29.00,28.54,26.69,26.96,-1,-1,-1,-1,17.49,17.61,53.60,27.26,0.00,0.00,0.00,0.00,1.4565,-1,0.00,-1,0.00,-1,0.00,,,
cand_00426,231322,JWST,042,A7,101542816,149.9267999,1.8854718,149.9267999,1.8854718,0.000,-1,F277W,53.58,2,1.456,53.58,v04_diff_candidate,29.15,29.11,27.17,27.07,-1,-1,-1,-1,10.05,11.66,53.58,35.75,0.00,0.00,0.00,0.00,1.4564,-1,0.00,-1,0.00,-1,0.00,,,
cand_00427,279097,JWST,042,A8,101542817,150.0368519,1.8967550,150.0368519,1.8967550,0.000,-1,F277W,53.52,2,1.456,53.52,v04_diff_candidate,29.30,28.81,27.33,27.41,29.16,-1,-1,20.59,15.18,15.98,53.52,21.18,1.32,-2.87,-3.28,3.18,1.4559,-1,-1.77,-1,-0.05,22.12,2.39,,,
cand_00428,257506,JWST,054,A7,101542816,149.9143058,2.0718965,149.9143058,2.0718965,0.000,-1,F444W,53.36,2,1.455,53.36,v04_diff_candidate,29.39,30.08,26.81,26.23,30.60,20.30,19.83,19.93,4.49,2.78,42.51,53.36,1.40,2.77,2.44,2.07,1.4547,22.46,1.18,21.92,1.01,22.09,0.74,,,
cand_00429,336506,JWST,053,A4,101542817,150.1779920,1.9851727,150.1779920,1.9851727,0.000,-1,F444W,53.01,2,1.452,53.01,v04_diff_candidate,33.79,31.26,27.66,26.25,28.92,20.32,19.87,19.56,0.18,2.13,22.62,53.01,4.79,10.52,6.04,4.06,1.4521,-1,-2.18,26.37,0.05,24.77,0.13,,,
cand_00430,350435,JWST,028,A10,101541378,150.2914578,1.7547145,150.2914578,1.7547145,0.000,-1,F277W,52.84,2,1.451,52.84,v04_diff_candidate,28.97,29.05,27.08,27.01,-1,-1,-1,-1,18.36,16.51,52.84,35.87,0.00,0.00,0.00,0.00,1.4508,-1,0.00,-1,0.00,-1,0.00,,,
cand_00431,348482,JWST,028,A10,101541378,150.2778679,1.7422829,150.2778679,1.7422829,0.000,-1,F277W,52.77,2,1.450,52.77,v04_diff_candidate,29.61,28.77,26.62,26.58,-1,-1,-1,-1,7.23,9.71,52.77,34.90,0.00,0.00,0.00,0.00,1.4503,-1,0.00,-1,0.00,-1,0.00,,,
cand_00432,359163,JWST,040,A10,101541378,150.3289843,1.8085420,150.3289843,1.8085420,0.000,-1,F277W,52.76,2,1.450,52.76,v04_diff_candidate,29.00,28.54,27.14,27.05,27.57,-1,-1,-1,21.17,16.67,52.76,40.49,2.35,-3.98,0.00,-0.36,1.4503,-1,-2.27,-1,0.00,-1,0.00,,,
cand_00433,274391,JWST,041,A8,101541377,150.0642299,1.8511631,150.0642299,1.8511631,0.000,-1,F277W,51.94,2,1.444,51.94,v04_diff_candidate,30.44,29.16,27.16,26.99,-1,-1,-1,-1,7.45,16.56,51.94,40.14,0.00,0.00,0.00,0.00,1.4440,-1,0.00,-1,0.00,-1,0.00,,,
cand_00434,522640,JWST,075,B4,101545698,150.4411828,2.4498213,150.4411828,2.4498213,0.000,-1,F444W,51.73,2,1.442,51.73,v04_diff_candidate,31.29,33.32,27.15,26.25,31.83,21.10,20.39,20.38,3.36,0.41,38.91,51.73,0.35,4.36,6.47,6.38,1.4424,24.75,0.45,22.77,2.22,23.13,1.72,,,
cand_00435,229800,JWST,043,A7,101542816,149.8406217,1.9037417,149.8406217,1.9037417,0.000,-1,F444W,51.70,2,1.442,51.70,v04_diff_candidate,28.75,28.56,26.76,26.32,-1,-1,-1,-1,13.98,19.09,48.43,51.70,0.00,0.00,0.00,0.00,1.4421,-1,0.00,-1,0.00,-1,0.00,,,
cand_00436,127022,JWST,053,A4,101542817,150.1822551,2.0523123,150.1822551,2.0523123,0.000,-1,F277W,51.65,2,1.442,51.65,v04_diff_candidate,30.32,29.25,27.11,27.43,28.86,20.91,20.36,20.56,5.97,19.69,51.65,20.25,3.12,4.87,5.86,3.15,1.4417,23.51,1.45,23.66,0.97,22.99,1.49,,,
cand_00437,676346,JWST,065,B8,101544257,150.1927121,2.2723837,150.1927121,2.2723837,0.000,-1,F444W,51.18,2,1.438,51.18,v04_diff_candidate,30.76,29.45,26.39,25.89,28.97,20.59,20.07,19.75,2.66,10.10,40.96,51.18,3.96,12.12,5.57,3.75,1.4381,23.23,2.76,22.59,1.61,22.08,1.16,,,
cand_00438,13840,JWST,067,A1,101544256,149.8584570,2.2013475,149.8584570,2.2013475,0.000,-1,F277W,51.16,2,1.438,51.16,v04_diff_candidate,29.30,29.40,27.45,27.31,30.08,20.57,20.56,20.74,23.10,8.63,51.16,25.97,2.03,2.17,1.65,1.48,1.4379,22.58,1.02,22.73,0.66,22.83,0.64,,,
cand_00439,355831,JWST,028,A10,101541378,150.3021745,1.7910630,150.3021745,1.7910630,0.000,-1,F277W,50.96,2,1.436,50.96,v04_diff_candidate,28.20,28.23,26.23,26.09,-1,-1,-1,-1,9.97,10.66,50.96,48.32,0.00,0.00,0.00,0.00,1.4363,-1,0.00,-1,0.00,-1,0.00,,,
cand_00440,95470,JWST,066,A3,101544257,150.0441973,2.1614886,150.0441973,2.1614886,0.000,-1,F277W,24.30,2,1.433,24.30,v04_diff_candidate,28.77,28.37,27.45,27.82,-1,17.70,17.30,17.23,10.20,11.59,24.30,15.85,-0.88,46.55,50.50,47.42,1.4326,23.93,0.52,23.64,0.49,22.97,0.83,,,
cand_00441,270671,JWST,042,A8,101541377,149.9359790,1.8666194,149.9359790,1.8666194,0.000,-1,F277W,50.42,2,1.432,50.42,v04_diff_candidate,28.51,28.32,26.78,26.93,-1,-1,-1,-1,14.55,15.53,50.42,28.65,0.00,0.00,0.00,0.00,1.4320,-1,0.00,-1,0.00,-1,0.00,,,
cand_00442,277988,JWST,042,A8,101542817,149.9580433,1.9170055,149.9580433,1.9170055,0.000,-1,F277W,50.19,2,1.430,50.19,v04_diff_candidate,29.24,29.16,27.05,27.11,28.86,-1,19.81,-1,9.61,11.37,50.19,25.07,1.64,-0.82,5.17,-0.64,1.4301,26.50,0.05,21.21,4.94,-1,-0.32,,,
cand_00443,237200,JWST,055,A7,101542816,149.8192194,1.9646799,149.8192194,1.9646799,0.000,-1,F277W,50.03,2,1.429,50.03,v04_diff_candidate,29.62,29.13,26.87,26.79,29.21,-1,21.63,19.63,7.80,9.69,50.03,34.30,1.73,-1.94,1.44,9.02,1.4288,24.90,0.27,22.54,2.02,21.87,3.57,,,
cand_00444,131543,JWST,053,A4,101542818,150.2245422,2.0655121,150.2245422,2.0655121,0.000,-1,F444W,49.89,2,1.428,49.89,v04_diff_candidate,-1,30.31,26.57,25.10,30.42,20.29,19.82,19.01,-1.79,4.35,18.04,49.89,0.73,3.14,3.59,5.38,1.4277,23.21,0.68,22.72,0.77,21.64,1.42,,,
cand_00445,232225,JWST,042,A7,101542816,149.9036478,1.8999785,149.9036478,1.8999785,0.000,-1,F277W,49.75,2,1.427,49.75,v04_diff_candidate,29.12,28.89,27.08,27.48,-1,-1,-1,-1,29.69,24.90,49.75,24.46,0.00,0.00,0.00,0.00,1.4265,-1,0.00,-1,0.00,-1,0.00,,,
cand_00446,353871,JWST,040,A10,101541378,150.2431645,1.7958402,150.2431645,1.7958402,0.000,-1,F444W,49.66,2,1.426,49.66,v04_diff_candidate,30.82,30.24,27.06,26.32,-1,-1,-1,-1,2.90,4.60,42.61,49.66,0.00,0.00,0.00,0.00,1.4258,-1,0.00,-1,0.00,-1,0.00,,,
cand_00447,315115,JWST,041,A9,101541377,150.1059012,1.8404627,150.1059012,1.8404627,0.000,-1,F277W,49.57,2,1.425,49.57,v04_diff_candidate,29.31,29.30,27.10,26.96,-1,-1,-1,-1,12.54,7.41,49.57,37.49,0.00,0.00,0.00,0.00,1.4250,-1,0.00,-1,0.00,-1,0.00,,,
cand_00448,315020,JWST,041,A9,101541378,150.1796293,1.8131166,150.1796293,1.8131166,0.000,-1,F277W,49.12,2,1.421,49.12,v04_diff_candidate,29.56,29.47,27.43,27.57,-1,-1,-1,-1,13.66,17.00,49.12,22.15,0.00,0.00,0.00,0.00,1.4213,-1,0.00,-1,0.00,-1,0.00,,,
cand_00449,276696,JWST,042,A8,101541377,150.0509924,1.8731573,150.0509924,1.8731573,0.000,-1,F444W,49.01,2,1.420,49.01,v04_diff_candidate,29.56,28.66,26.80,26.52,28.55,-1,-1,-1,11.32,17.25,47.08,49.01,1.50,0.00,0.00,0.00,1.4204,-1,0.00,-1,0.00,-1,0.00,,,
cand_00450,231658,JWST,043,A7,101542816,149.8689543,1.9089827,149.8689543,1.9089827,0.000,-1,F277W,47.99,2,1.412,47.99,v04_diff_candidate,29.06,28.93,27.06,26.82,-1,-1,-1,-1,7.24,9.50,47.99,41.76,0.00,0.00,0.00,0.00,1.4117,-1,0.00,-1,0.00,-1,0.00,,,
cand_00451,351924,JWST,028,A10,101541378,150.2855388,1.7672037,150.2855388,1.7672037,0.000,-1,F277W,47.96,2,1.411,47.96,v04_diff_candidate,29.34,29.72,27.33,27.36,-1,-1,-1,-1,10.67,9.08,47.96,26.94,0.00,0.00,0.00,0.00,1.4114,-1,0.00,-1,0.00,-1,0.00,,,
cand_00452,357605,JWST,040,A10,101541378,150.3101310,1.8028223,150.3101310,1.8028223,0.000,-1,F277W,47.79,2,1.410,47.79,v04_diff_candidate,29.20,29.05,27.14,26.97,27.71,-1,-1,-1,20.53,27.26,47.79,44.26,2.37,0.00,0.00,0.00,1.4099,-1,0.00,-1,0.00,-1,0.00,,,
cand_00453,274165,JWST,042,A8,101541377,150.0491731,1.8549943,150.0491731,1.8549943,0.000,-1,F444W,47.24,2,1.405,47.24,v04_diff_candidate,29.61,29.00,26.70,26.42,-1,-1,-1,-1,3.13,5.26,32.89,47.24,0.00,0.00,0.00,0.00,1.4051,-1,0.00,-1,0.00,-1,0.00,,,
cand_00454,768210,JWST,064,B10,101544258,150.3896469,2.2590116,150.3896469,2.2590116,0.000,-1,F277W,46.83,2,1.401,46.83,v04_diff_candidate,-1,32.25,26.54,26.92,29.79,-1,25.77,-1,-2.64,1.33,46.83,22.49,2.79,-4.53,0.16,-2.12,1.4014,-1,-5.04,24.80,1.30,-1,-0.46,,,
cand_00455,769096,JWST,063,B10,101544258,150.4269278,2.2538116,150.4269278,2.2538116,0.000,-1,F277W,46.58,2,1.399,46.58,v04_diff_candidate,32.04,30.87,26.92,26.72,-1,-1,23.93,22.18,1.70,4.00,46.58,30.74,-1.45,-0.65,0.18,0.89,1.3992,-1,-0.15,-1,-0.17,-1,-0.01,,,
cand_00456,357625,JWST,040,A10,101541378,150.3044148,1.8051152,150.3044148,1.8051152,0.000,-1,F277W,46.56,2,1.399,46.56,v04_diff_candidate,30.28,29.09,27.31,27.23,27.62,-1,-1,-1,6.76,22.59,46.56,32.36,2.45,0.00,0.00,0.00,1.3991,-1,0.00,-1,0.00,-1,0.00,,,
cand_00457,560160,JWST,075,B5,101545699,150.5217745,2.4184070,150.5217745,2.4184070,0.000,-1,F277W,46.43,2,1.398,46.43,v04_diff_candidate,30.20,29.29,27.02,26.48,29.03,21.46,19.80,19.53,5.70,11.15,46.43,43.95,2.56,0.49,0.92,0.82,1.3979,24.01,0.21,22.65,0.26,23.09,0.11,,,
cand_00458,279689,JWST,041,A8,101542817,150.0745522,1.8873040,150.0745522,1.8873040,0.000,-1,F277W,46.43,2,1.398,46.43,v04_diff_candidate,28.69,28.93,27.29,26.94,29.37,-1,22.67,-1,19.11,16.78,46.43,40.28,1.28,-0.80,0.43,-6.64,1.3978,22.69,1.46,22.55,1.49,-1,-3.97,,,
cand_00459,351846,JWST,028,A10,101541378,150.2841330,1.7671203,150.2841330,1.7671203,0.000,-1,F277W,46.42,2,1.398,46.42,v04_diff_candidate,29.17,28.86,27.23,27.15,-1,-1,-1,-1,19.01,20.64,46.42,34.07,0.00,0.00,0.00,0.00,1.3978,-1,0.00,-1,0.00,-1,0.00,,,
cand_00460,353964,JWST,028,A10,101541378,150.3249162,1.7667719,150.3249162,1.7667719,0.000,-1,F444W,46.38,2,1.397,46.38,v04_diff_candidate,29.07,28.04,25.94,25.68,-1,-1,-1,-1,7.19,12.86,36.16,46.38,0.00,0.00,0.00,0.00,1.3974,-1,0.00,-1,0.00,-1,0.00,,,
cand_00461,25663,JWST,067,A1,101544256,149.8881744,2.2744809,149.8881744,2.2744809,0.000,-1,F444W,46.09,2,1.395,46.09,v04_diff_candidate,28.95,29.32,27.55,26.77,31.34,21.24,20.75,20.28,11.28,15.60,37.90,46.09,0.61,2.90,3.58,3.99,1.3948,23.87,0.82,22.91,1.54,22.78,1.11,,,
cand_00462,363281,JWST,040,A10,101541378,150.3420626,1.8404428,150.3420626,1.8404428,0.000,-1,F277W,45.95,2,1.393,45.95,v04_diff_candidate,29.38,29.38,27.30,26.92,-1,21.24,20.15,21.13,15.39,17.35,45.95,39.56,-1.16,3.21,8.62,3.43,1.3935,22.86,2.51,22.73,2.89,22.37,3.59,,,
cand_00463,310414,JWST,029,A9,101541377,150.1489577,1.7865074,150.1489577,1.7865074,0.000,-1,F277W,45.68,2,1.391,45.68,v04_diff_candidate,28.12,28.37,26.89,27.09,-1,-1,-1,-1,16.70,14.08,45.68,24.78,0.00,0.00,0.00,0.00,1.3910,-1,0.00,-1,0.00,-1,0.00,,,
cand_00464,318707,JWST,041,A9,101541377,150.1753341,1.8451490,150.1753341,1.8451490,0.000,-1,F277W,45.67,2,1.391,45.67,v04_diff_candidate,29.61,28.97,27.33,27.21,28.03,-1,-1,-1,10.67,21.37,45.67,33.46,2.36,0.00,0.00,0.00,1.3909,-1,0.00,-1,0.00,-1,0.00,,,
cand_00465,311074,JWST,029,A9,101541377,150.1631607,1.7881683,150.1631607,1.7881683,0.000,-1,F277W,45.61,2,1.390,45.61,v04_diff_candidate,29.05,28.84,27.01,27.15,-1,-1,-1,-1,12.92,17.06,45.61,20.94,0.00,0.00,0.00,0.00,1.3904,-1,0.00,-1,0.00,-1,0.00,,,
cand_00466,353623,JWST,028,A10,101541378,150.3007113,1.7728924,150.3007113,1.7728924,0.000,-1,F277W,45.49,2,1.389,45.49,v04_diff_candidate,28.82,28.76,26.76,26.60,-1,-1,-1,-1,10.27,8.32,45.49,35.94,0.00,0.00,0.00,0.00,1.3892,-1,0.00,-1,0.00,-1,0.00,,,
cand_00467,97491,JWST,065,A3,101544257,150.1143871,2.1470907,150.1143871,2.1470907,0.000,-1,F277W,45.40,2,1.388,45.40,v04_diff_candidate,30.63,30.53,27.23,27.78,29.81,-1,20.89,21.40,4.78,3.87,45.40,12.30,2.41,-0.21,2.40,1.26,1.3884,-1,-1.24,24.37,0.32,27.60,0.01,,,
cand_00468,229619,JWST,043,A7,101542816,149.8468506,1.8999423,149.8468506,1.8999423,0.000,-1,F277W,45.26,2,1.387,45.26,v04_diff_candidate,28.63,28.72,26.93,26.62,-1,-1,-1,-1,17.62,23.82,45.26,38.18,0.00,0.00,0.00,0.00,1.3871,-1,0.00,-1,0.00,-1,0.00,,,
cand_00469,313178,JWST,041,A9,101541377,150.0827801,1.8353172,150.0827801,1.8353172,0.000,-1,F277W,45.24,2,1.387,45.24,v04_diff_candidate,29.02,28.81,27.18,27.25,-1,-1,-1,-1,21.66,27.05,45.24,29.03,0.00,0.00,0.00,0.00,1.3869,-1,0.00,-1,0.00,-1,0.00,,,
cand_00470,349813,JWST,028,A10,101541378,150.3087178,1.7435662,150.3087178,1.7435662,0.000,-1,F277W,45.16,2,1.386,45.16,v04_diff_candidate,29.46,28.61,26.87,26.82,-1,-1,-1,-1,10.84,14.10,45.16,28.25,0.00,0.00,0.00,0.00,1.3862,-1,0.00,-1,0.00,-1,0.00,,,
cand_00471,236304,JWST,043,A7,101542816,149.8562180,1.9443154,149.8562180,1.9443154,0.000,-1,F277W,45.07,2,1.385,45.07,v04_diff_candidate,28.69,28.96,27.08,26.93,28.65,-1,22.77,20.28,22.21,17.73,45.07,35.09,2.33,-2.50,0.30,3.34,1.3853,22.43,1.51,-1,-0.03,22.22,1.72,,,
cand_00472,350539,JWST,028,A10,101541378,150.2888692,1.7562997,150.2888692,1.7562997,0.000,-1,F277W,45.05,2,1.385,45.05,v04_diff_candidate,29.49,29.40,27.24,27.42,-1,-1,-1,-1,11.44,14.09,45.05,26.59,0.00,0.00,0.00,0.00,1.3851,-1,0.00,-1,0.00,-1,0.00,,,
cand_00473,230184,JWST,043,A7,101542816,149.8760488,1.8944162,149.8760488,1.8944162,0.000,-1,F277W,44.91,2,1.384,44.91,v04_diff_candidate,28.67,28.52,26.83,26.76,-1,-1,-1,-1,17.59,15.84,44.91,30.67,0.00,0.00,0.00,0.00,1.3837,-1,0.00,-1,0.00,-1,0.00,,,
cand_00474,542382,JWST,075,B5,101544258,150.4310938,2.3065654,150.4310938,2.3065654,0.000,-1,F277W,44.81,2,1.383,44.81,v04_diff_candidate,31.11,29.76,27.06,26.77,28.03,18.57,17.77,17.38,1.91,17.20,44.81,36.18,1.23,3.88,4.06,6.34,1.3828,28.72,0.00,-1,-0.10,-1,-0.39,,,
cand_00475,317613,JWST,041,A9,101541377,150.1581442,1.8419928,150.1581442,1.8419928,0.000,-1,F277W,44.63,2,1.381,44.63,v04_diff_candidate,29.10,28.97,27.06,27.40,34.20,-1,-1,-1,14.28,12.68,44.63,19.66,0.01,0.00,0.00,0.00,1.3811,-1,0.00,-1,0.00,-1,0.00,,,
cand_00476,193252,JWST,043,A6,101542816,149.7987432,1.9513118,149.7987432,1.9513118,0.000,-1,F277W,44.44,2,1.379,44.44,v04_diff_candidate,29.66,28.99,27.34,27.30,27.89,-1,19.10,-1,13.07,19.30,44.44,28.86,4.45,-1.55,8.80,-2.71,1.3793,22.04,2.08,21.50,2.87,22.47,1.48,,,
cand_00477,351660,JWST,028,A10,101541378,150.2361990,1.7833006,150.2361990,1.7833006,0.000,-1,F277W,44.27,2,1.378,44.27,v04_diff_candidate,29.24,29.10,27.06,26.88,-1,-1,-1,-1,13.04,13.33,44.27,38.52,0.00,0.00,0.00,0.00,1.3776,-1,0.00,-1,0.00,-1,0.00,,,
cand_00478,189243,JWST,043,A6,101542816,149.7345682,1.9453877,149.7345682,1.9453877,0.000,-1,F277W,44.14,2,1.376,44.14,v04_diff_candidate,29.00,28.59,26.54,26.52,-1,-1,-1,-1,14.79,16.74,44.14,34.11,0.00,0.00,0.00,0.00,1.3763,-1,0.00,-1,0.00,-1,0.00,,,
cand_00479,316373,JWST,041,A9,101541377,150.1079227,1.8500958,150.1079227,1.8500958,0.000,-1,F277W,43.60,2,1.371,43.60,v04_diff_candidate,28.94,28.80,27.01,26.94,-1,-1,-1,-1,18.66,14.18,43.60,29.72,0.00,0.00,0.00,0.00,1.3711,-1,0.00,-1,0.00,-1,0.00,,,
cand_00480,349078,JWST,028,A10,101541378,150.2553920,1.7559460,150.2553920,1.7559460,0.000,-1,F277W,43.47,2,1.370,43.47,v04_diff_candidate,29.44,29.21,26.83,27.43,-1,-1,-1,-1,10.62,13.41,43.47,17.39,0.00,0.00,0.00,0.00,1.3697,-1,0.00,-1,0.00,-1,0.00,,,
cand_00481,188395,JWST,056,A6,101542815,149.6712379,1.9605736,149.6712379,1.9605736,0.000,-1,F277W,43.32,2,1.368,43.32,v04_diff_candidate,28.92,29.17,27.09,27.18,-1,-1,-1,-1,10.26,13.31,43.32,25.59,0.00,0.00,0.00,0.00,1.3683,-1,0.00,-1,0.00,-1,0.00,,,
cand_00482,356752,JWST,040,A10,101541378,150.3157402,1.7944637,150.3157402,1.7944637,0.000,-1,F277W,43.17,2,1.367,43.17,v04_diff_candidate,28.90,28.71,27.42,27.88,-1,-1,-1,-1,20.77,21.63,43.17,18.41,0.00,0.00,0.00,0.00,1.3668,-1,0.00,-1,0.00,-1,0.00,,,
cand_00483,278412,JWST,041,A8,101542817,150.0627995,1.8820541,150.0627995,1.8820541,0.000,-1,F277W,42.95,2,1.365,42.95,v04_diff_candidate,29.98,-1,27.08,26.90,-1,-1,-1,20.48,6.55,-0.56,42.95,27.99,-0.44,-0.69,-1.18,2.57,1.3646,22.25,2.07,-1,-0.43,-1,-0.45,,,
cand_00484,471604,JWST,089,B3,101545697,150.1579307,2.4730276,150.1579307,2.4730276,0.000,-1,F444W,42.88,2,1.364,42.88,v04_diff_candidate,29.75,30.10,27.79,27.06,30.17,24.56,22.29,20.96,14.79,21.79,20.74,42.88,1.96,0.30,1.77,6.11,1.3639,24.99,0.84,23.78,1.86,22.61,5.21,,,
cand_00485,170095,JWST,052,A5,101542818,150.3222562,2.0453408,150.3222562,2.0453408,0.000,-1,F277W,42.84,2,1.363,42.84,v04_diff_candidate,-1,-1,27.00,27.33,31.43,-1,-1,22.56,-4.93,-2.18,42.84,20.17,0.68,-0.19,-1.85,1.05,1.3635,-1,-1.54,-1,-1.36,-1,-0.18,,,
cand_00486,313702,JWST,041,A9,101541377,150.0876853,1.8376257,150.0876853,1.8376257,0.000,-1,F277W,42.84,2,1.363,42.84,v04_diff_candidate,29.36,29.26,27.34,27.64,-1,-1,-1,-1,14.58,19.06,42.84,19.06,0.00,0.00,0.00,0.00,1.3635,-1,0.00,-1,0.00,-1,0.00,,,
cand_00487,130235,JWST,053,A4,101542817,150.1746854,2.0748293,150.1746854,2.0748293,0.000,-1,F444W,42.69,2,1.362,42.69,v04_diff_candidate,29.28,28.90,27.68,26.54,29.96,20.79,20.93,20.61,8.93,11.90,28.93,42.69,2.40,5.41,2.65,1.80,1.3620,22.80,5.22,23.22,2.64,23.17,2.22,,,
cand_00488,501627,JWST,076,B4,101544258,150.3668991,2.3390390,150.3668991,2.3390390,0.000,-1,F277W,42.59,2,1.361,42.59,v04_diff_candidate,31.14,30.45,27.46,27.25,-1,19.49,19.12,19.23,3.91,6.59,42.59,30.04,-0.31,10.36,10.95,10.41,1.3609,24.25,0.45,23.22,0.89,23.80,0.49,,,
cand_00489,272154,JWST,042,A8,101541377,149.9530806,1.8746188,149.9530806,1.8746188,0.000,-1,F277W,42.36,2,1.359,42.36,v04_diff_candidate,29.28,28.95,27.24,27.23,-1,-1,-1,-1,16.64,27.92,42.36,30.91,0.00,0.00,0.00,0.00,1.3585,-1,0.00,-1,0.00,-1,0.00,,,
cand_00490,312886,JWST,041,A9,101541377,150.1450397,1.8104645,150.1450397,1.8104645,0.000,-1,F277W,42.30,2,1.358,42.30,v04_diff_candidate,28.92,28.77,27.43,27.58,-1,-1,-1,-1,20.38,27.62,42.30,21.76,0.00,0.00,0.00,0.00,1.3580,-1,0.00,-1,0.00,-1,0.00,,,
cand_00491,97847,JWST,065,A3,101544257,150.1458728,2.1382629,150.1458728,2.1382629,0.000,-1,F277W,42.07,2,1.356,42.07,v04_diff_candidate,-1,-1,27.08,27.48,30.69,21.99,-1,23.18,-5.81,-10.68,42.07,16.97,1.28,2.68,-0.31,0.83,1.3556,24.66,0.77,-1,-0.39,24.31,0.81,,,
cand_00492,234039,JWST,043,A7,101542816,149.8555357,1.9290596,149.8555357,1.9290596,0.000,-1,F277W,41.81,2,1.353,41.81,v04_diff_candidate,29.42,29.52,27.35,27.41,29.16,-1,-1,-1,9.24,13.34,41.81,26.55,0.89,0.00,0.00,0.00,1.3528,-1,0.00,-1,0.00,-1,0.00,,,
cand_00493,272120,JWST,042,A8,101541377,149.9469089,1.8765480,149.9469089,1.8765480,0.000,-1,F277W,41.56,2,1.350,41.56,v04_diff_candidate,29.72,29.74,27.34,27.57,-1,-1,-1,-1,11.43,17.67,41.56,21.79,0.00,0.00,0.00,0.00,1.3502,-1,0.00,-1,0.00,-1,0.00,,,
cand_00494,353326,JWST,028,A10,101541378,150.3134268,1.7658524,150.3134268,1.7658524,0.000,-1,F277W,41.53,2,1.350,41.53,v04_diff_candidate,29.07,29.17,27.17,27.83,-1,-1,-1,-1,21.04,14.72,41.53,12.30,0.00,0.00,0.00,0.00,1.3499,-1,0.00,-1,0.00,-1,0.00,,,
cand_00495,518250,JWST,076,B4,101545698,150.3887298,2.4400138,150.3887298,2.4400138,0.000,-1,F444W,41.48,2,1.349,41.48,v04_diff_candidate,30.54,29.95,26.77,26.73,28.40,20.24,19.98,19.53,5.47,12.77,40.30,41.48,2.75,2.22,1.74,1.91,1.3493,23.08,0.56,22.59,0.50,22.31,0.46,,,
cand_00496,274326,JWST,042,A8,101542817,149.9550307,1.8903710,149.9550307,1.8903710,0.000,-1,F277W,41.48,2,1.349,41.48,v04_diff_candidate,29.48,28.95,27.23,27.07,-1,-1,-1,-1,7.57,12.67,41.48,40.79,0.00,0.00,0.00,0.00,1.3493,-1,0.00,-1,0.00,-1,0.00,,,
cand_00497,355070,JWST,040,A10,101541378,150.2347389,1.8089821,150.2347389,1.8089821,0.000,-1,F277W,41.41,2,1.349,41.41,v04_diff_candidate,29.22,29.42,27.28,27.52,-1,-1,-1,-1,16.74,17.71,41.41,16.74,0.00,0.00,0.00,0.00,1.3486,-1,0.00,-1,0.00,-1,0.00,,,
cand_00498,311273,JWST,029,A9,101541378,150.1926775,1.7793273,150.1926775,1.7793273,0.000,-1,F277W,41.39,2,1.348,41.39,v04_diff_candidate,28.69,28.78,26.67,26.76,-1,-1,-1,-1,7.72,9.32,41.39,27.37,0.00,0.00,0.00,0.00,1.3485,-1,0.00,-1,0.00,-1,0.00,,,
cand_00499,356131,JWST,028,A10,101541378,150.3242143,1.7859403,150.3242143,1.7859403,0.000,-1,F277W,41.15,2,1.346,41.15,v04_diff_candidate,29.35,29.65,27.22,27.67,-1,-1,-1,-1,12.76,12.77,41.15,15.26,0.00,0.00,0.00,0.00,1.3458,-1,0.00,-1,0.00,-1,0.00,,,
cand_00500,352455,JWST,028,A10,101541378,150.3102864,1.7616184,150.3102864,1.7616184,0.000,-1,F277W,40.78,2,1.342,40.78,v04_diff_candidate,29.77,29.69,27.33,27.47,-1,-1,-1,-1,17.11,8.71,40.78,23.98,0.00,0.00,0.00,0.00,1.3419,-1,0.00,-1,0.00,-1,0.00,,,
cand_00501,191442,JWST,043,A6,101542816,149.7632978,1.9521136,149.7632978,1.9521136,0.000,-1,F277W,40.68,2,1.341,40.68,v04_diff_candidate,29.50,29.14,27.41,27.54,-1,-1,-1,-1,17.24,16.19,40.68,22.99,-2.11,0.00,0.00,0.00,1.3408,-1,0.00,-1,0.00,-1,0.00,,,
cand_00502,449765,JWST,102,B1,101545697,150.0593912,2.6319017,150.0593912,2.6319017,0.000,-1,F277W,27.41,2,1.341,27.41,v04_diff_candidate,28.58,28.38,27.48,27.77,-1,-1,-1,22.48,40.66,38.81,27.41,13.35,-2.45,-4.25,-0.21,1.49,1.3406,-1,-1.55,-1,-0.51,25.00,0.91,,,
cand_00503,232275,JWST,042,A7,101542816,149.9317499,1.8900948,149.9317499,1.8900948,0.000,-1,F277W,40.49,2,1.339,40.49,v04_diff_candidate,29.40,28.91,27.43,27.54,-1,-1,-1,-1,16.82,23.53,40.49,21.02,0.00,0.00,0.00,0.00,1.3388,-1,0.00,-1,0.00,-1,0.00,,,
cand_00504,271418,JWST,042,A8,101541377,149.9661564,1.8629700,149.9661564,1.8629700,0.000,-1,F277W,40.41,2,1.338,40.41,v04_diff_candidate,29.51,29.10,26.96,26.95,-1,-1,-1,-1,4.75,7.12,40.41,28.52,0.00,0.00,0.00,0.00,1.3379,-1,0.00,-1,0.00,-1,0.00,,,
cand_00505,349375,JWST,028,A10,101541378,150.2763598,1.7513563,150.2763598,1.7513563,0.000,-1,F277W,40.30,2,1.337,40.30,v04_diff_candidate,28.76,28.91,27.03,27.39,-1,-1,-1,-1,10.35,10.57,40.30,18.69,0.00,0.00,0.00,0.00,1.3366,-1,0.00,-1,0.00,-1,0.00,,,
cand_00506,272482,JWST,042,A8,101541377,149.9669344,1.8723392,149.9669344,1.8723392,0.000,-1,F277W,40.02,2,1.334,40.02,v04_diff_candidate,29.38,29.76,27.38,27.87,-1,-1,-1,-1,11.82,9.57,40.02,18.98,0.00,0.00,0.00,0.00,1.3336,-1,0.00,-1,0.00,-1,0.00,,,
cand_00507,188440,JWST,043,A6,101542816,149.7373648,1.9370421,149.7373648,1.9370421,0.000,-1,F277W,39.98,2,1.333,39.98,v04_diff_candidate,29.14,28.77,27.01,26.96,-1,-1,-1,-1,11.38,21.90,39.98,27.35,0.00,0.00,0.00,0.00,1.3331,-1,0.00,-1,0.00,-1,0.00,,,
cand_00508,374266,JWST,028,A10,101541378,150.2712679,1.7526640,150.2712679,1.7526640,0.000,-1,F277W,39.86,2,1.332,39.86,v04_diff_candidate,28.36,28.49,26.91,26.75,-1,-1,-1,-1,25.27,19.82,39.86,31.35,0.00,0.00,0.00,0.00,1.3317,-1,0.00,-1,0.00,-1,0.00,,,
cand_00509,100689,JWST,065,A3,101544257,150.0981078,2.1749075,150.0981078,2.1749075,0.000,-1,F444W,39.84,2,1.332,39.84,v04_diff_candidate,29.74,29.29,27.81,26.45,29.75,20.94,20.51,20.25,13.99,18.65,26.73,39.84,2.75,1.20,0.97,0.81,1.3316,-1,-0.26,-1,-0.26,-1,-0.15,,,
cand_00510,352626,JWST,028,A10,101541378,150.3211892,1.7589147,150.3211892,1.7589147,0.000,-1,F277W,39.74,2,1.330,39.74,v04_diff_candidate,29.72,29.28,27.60,27.77,-1,-1,-1,-1,10.66,10.66,39.74,17.32,0.00,0.00,0.00,0.00,1.3305,-1,0.00,-1,0.00,-1,0.00,,,
cand_00511,598700,JWST,078,B6,101545696,149.9087280,2.4318130,149.9087280,2.4318130,0.000,-1,F444W,39.68,2,1.330,39.68,v04_diff_candidate,28.86,28.65,27.27,26.16,30.64,20.67,19.98,20.00,14.00,16.85,25.06,39.68,1.30,1.84,1.68,1.04,1.3298,22.57,1.67,21.76,2.04,21.96,1.24,,,
cand_00512,90793,JWST,053,A3,101542817,150.1180724,2.1026470,150.1180724,2.1026470,0.000,-1,F115W,39.66,2,1.330,39.66,v04_diff_candidate,27.12,31.16,27.98,-1,-1,24.23,22.53,22.60,39.66,2.28,19.21,-1.06,-0.65,0.18,0.69,0.80,1.3295,-1,-1.00,-1,-0.63,25.29,0.17,,,
cand_00513,272601,JWST,042,A8,101541377,149.9813514,1.8680085,149.9813514,1.8680085,0.000,-1,F277W,36.86,2,1.327,36.86,v04_diff_candidate,28.39,28.32,27.55,27.75,-1,-1,-1,-1,26.50,39.44,36.86,20.34,0.00,0.00,0.00,0.00,1.3271,-1,0.00,-1,0.00,-1,0.00,,,
cand_00514,350230,JWST,029,A10,101541378,150.2262712,1.7759420,150.2262712,1.7759420,0.000,-1,F277W,39.42,2,1.327,39.42,v04_diff_candidate,29.65,29.28,27.23,27.67,-1,-1,-1,-1,7.61,13.27,39.42,14.16,0.00,0.00,0.00,0.00,1.3268,-1,0.00,-1,0.00,-1,0.00,,,
cand_00515,237010,JWST,042,A7,101542816,149.9064593,1.9314349,149.9064593,1.9314349,0.000,-1,F277W,39.35,2,1.326,39.35,v04_diff_candidate,31.34,30.71,27.06,27.58,28.93,20.51,-1,-1,1.63,4.75,39.35,16.86,1.80,4.31,-3.60,-1.19,1.3261,22.08,3.59,-1,-0.60,23.74,0.72,,,
cand_00516,272308,JWST,042,A8,101541377,149.9749592,1.8678176,149.9749592,1.8678176,0.000,-1,F444W,39.34,2,1.326,39.34,v04_diff_candidate,28.88,28.59,26.81,26.54,-1,-1,-1,-1,19.02,13.06,22.27,39.34,0.00,0.00,0.00,0.00,1.3259,-1,0.00,-1,0.00,-1,0.00,,,
cand_00517,189272,JWST,043,A6,101542816,149.7941252,1.9240429,149.7941252,1.9240429,0.000,-1,F277W,39.00,2,1.322,39.00,v04_diff_candidate,28.87,28.44,26.87,26.83,-1,-1,-1,-1,14.02,16.90,39.00,30.97,0.00,0.00,0.00,0.00,1.3220,-1,0.00,-1,0.00,-1,0.00,,,
cand_00518,273020,JWST,042,A8,101542816,149.9426455,1.8852848,149.9426455,1.8852848,0.000,-1,F277W,38.89,2,1.321,38.89,v04_diff_candidate,28.80,28.70,27.36,27.79,-1,-1,-1,-1,14.81,15.44,38.89,18.35,0.00,0.00,0.00,0.00,1.3208,-1,0.00,-1,0.00,-1,0.00,,,
cand_00519,168179,JWST,052,A5,101542818,150.3665246,2.0096948,150.3665246,2.0096948,0.000,-1,F277W,38.84,2,1.320,38.84,v04_diff_candidate,28.66,29.13,26.59,26.54,28.76,19.37,19.02,18.91,12.47,7.46,38.84,30.62,1.99,4.66,4.25,4.54,1.3201,21.96,1.18,21.79,0.91,22.80,0.35,,,
cand_00520,231231,JWST,043,A7,101542816,149.8736741,1.9041366,149.8736741,1.9041366,0.000,-1,F277W,38.73,2,1.319,38.73,v04_diff_candidate,29.82,29.23,27.24,27.84,-1,-1,-1,-1,11.32,16.62,38.73,14.59,0.00,0.00,0.00,0.00,1.3189,-1,0.00,-1,0.00,-1,0.00,,,
cand_00521,278715,JWST,041,A8,101542817,150.0628906,1.8845102,150.0628906,1.8845102,0.000,-1,F277W,38.72,2,1.319,38.72,v04_diff_candidate,30.10,29.60,27.56,27.57,28.58,20.00,21.58,21.83,16.16,15.12,38.72,24.78,2.26,5.34,1.15,1.05,1.3188,21.62,3.92,-1,-0.89,22.60,1.68,,,
cand_00522,315296,JWST,041,A8,101541377,150.0793075,1.8514908,150.0793075,1.8514908,0.000,-1,F277W,38.56,2,1.317,38.56,v04_diff_candidate,30.32,29.32,27.22,27.37,-1,-1,-1,-1,5.23,11.90,38.56,20.45,0.00,0.00,0.00,0.00,1.3170,-1,0.00,-1,0.00,-1,0.00,,,
cand_00523,312942,JWST,041,A9,101541377,150.0849220,1.8328656,150.0849220,1.8328656,0.000,-1,F277W,38.46,2,1.316,38.46,v04_diff_candidate,-1,30.84,27.56,27.85,-1,-1,-1,-1,-0.43,5.45,38.46,17.66,0.00,0.00,0.00,0.00,1.3158,-1,0.00,-1,0.00,-1,0.00,,,
cand_00524,270621,JWST,042,A8,101541377,149.9418029,1.8639936,149.9418029,1.8639936,0.000,-1,F277W,38.45,2,1.316,38.45,v04_diff_candidate,28.60,28.88,27.25,27.33,-1,-1,-1,-1,18.27,22.64,38.45,18.89,0.00,0.00,0.00,0.00,1.3156,-1,0.00,-1,0.00,-1,0.00,,,
cand_00525,332797,JWST,040,A9,101542818,150.2392756,1.9333679,150.2392756,1.9333679,0.000,-1,F277W,38.41,2,1.315,38.41,v04_diff_candidate,29.66,29.33,27.52,27.39,29.57,18.13,17.75,17.97,11.89,14.93,38.41,24.35,0.70,2.76,2.90,2.99,1.3152,-1,-0.22,-1,-0.25,-1,-0.51,,,
cand_00526,275709,JWST,042,A8,101542817,149.9862757,1.8884639,149.9862757,1.8884639,0.000,-1,F277W,38.33,2,1.314,38.33,v04_diff_candidate,29.01,28.90,27.11,27.06,28.05,-1,-1,-1,16.16,16.87,38.33,27.70,2.08,0.00,0.00,0.00,1.3143,-1,0.00,-1,0.00,-1,0.00,,,
cand_00527,EuclidID_1499299717018820864,JWST,042,A7,101542816,149.9299718,1.8820796,149.9299718,1.8820796,0.000,-1,F277W,37.93,2,1.310,37.93,v04_diff_candidate,28.98,29.03,27.55,27.45,-1,-1,-1,-1,11.02,9.20,37.93,24.29,0.00,0.00,0.00,0.00,1.3095,-1,0.00,-1,0.00,-1,0.00,,,
cand_00528,189400,JWST,044,A6,101542816,149.7223502,1.9513332,149.7223502,1.9513332,0.000,-1,F444W,37.90,2,1.309,37.90,v04_diff_candidate,28.50,29.15,27.62,26.57,-1,-1,-1,-1,24.77,10.25,22.36,37.90,0.00,0.00,0.00,0.00,1.3092,-1,0.00,-1,0.00,-1,0.00,,,
cand_00529,190333,JWST,056,A6,101542816,149.7104810,1.9637630,149.7104810,1.9637630,0.000,-1,F277W,37.85,2,1.309,37.85,v04_diff_candidate,29.85,29.86,27.34,27.65,28.01,-1,-1,-1,14.19,11.50,37.85,22.88,2.51,0.00,0.00,0.00,1.3085,-1,0.00,-1,0.00,-1,0.00,,,
cand_00530,358087,JWST,040,A10,101541378,150.3313998,1.7990507,150.3313998,1.7990507,0.000,-1,F277W,37.81,2,1.308,37.81,v04_diff_candidate,28.73,28.56,27.06,27.81,27.73,-1,-1,-1,12.23,11.65,37.81,15.52,1.94,0.00,0.00,0.00,1.3081,-1,0.00,-1,0.00,-1,0.00,,,
cand_00531,393095,JWST,091,B1,101545696,149.8808454,2.5631316,149.8808454,2.5631316,0.000,-1,F277W,37.71,2,1.307,37.71,v04_diff_candidate,-1,-1,26.82,27.05,31.86,21.96,-1,22.84,-3.32,-4.11,37.71,21.04,0.43,4.32,-1.25,1.33,1.3069,25.15,0.82,-1,-0.82,-1,-2.47,,,
cand_00532,273984,JWST,042,A8,101541377,150.0188955,1.8645923,150.0188955,1.8645923,0.000,-1,F277W,37.57,2,1.305,37.57,v04_diff_candidate,29.06,28.76,27.51,27.40,-1,-1,-1,-1,23.49,27.52,37.57,26.35,0.00,0.00,0.00,0.00,1.3052,-1,0.00,-1,0.00,-1,0.00,,,
cand_00533,230768,JWST,043,A6,101542816,149.8021739,1.9268170,149.8021739,1.9268170,0.000,-1,F277W,37.53,2,1.305,37.53,v04_diff_candidate,29.36,29.13,27.21,27.15,-1,-1,-1,-1,8.59,10.27,37.53,23.68,0.00,0.00,0.00,0.00,1.3048,-1,0.00,-1,0.00,-1,0.00,,,
cand_00534,361817,JWST,040,A10,101541378,150.2926909,1.8459994,150.2926909,1.8459994,0.000,-1,F277W,37.36,2,1.303,37.36,v04_diff_candidate,-1,32.06,27.09,26.87,30.26,-1,21.09,21.38,-3.52,1.94,37.36,28.54,0.76,-1.86,3.48,2.74,1.3026,-1,-2.45,-1,-1.73,-1,-0.82,,,
cand_00535,318587,JWST,041,A9,101541377,150.1300078,1.8606836,150.1300078,1.8606836,0.000,-1,F277W,37.34,2,1.302,37.34,v04_diff_candidate,29.04,28.87,27.69,27.32,-1,-1,-1,-1,27.74,34.08,37.34,31.54,-2.04,0.00,0.00,0.00,1.3024,-1,0.00,-1,0.00,-1,0.00,,,
cand_00536,386157,JWST,091,B1,101545696,149.8794551,2.5170045,149.8794551,2.5170045,0.000,-1,F444W,37.27,2,1.302,37.27,v04_diff_candidate,30.61,30.41,27.86,26.88,31.24,21.02,20.44,19.89,5.25,6.44,24.66,37.27,0.62,1.85,1.64,2.04,1.3016,24.68,0.20,24.03,0.17,23.31,0.23,,,
cand_00537,348993,JWST,028,A10,101541378,150.2603905,1.7534985,150.2603905,1.7534985,0.000,-1,F277W,37.18,2,1.301,37.18,v04_diff_candidate,29.87,29.43,26.90,26.56,-1,-1,-1,-1,6.42,9.79,37.18,36.72,0.00,0.00,0.00,0.00,1.3005,-1,0.00,-1,0.00,-1,0.00,,,
cand_00538,233291,JWST,043,A7,101542816,149.8893135,1.9117772,149.8893135,1.9117772,0.000,-1,F277W,36.67,2,1.294,36.67,v04_diff_candidate,28.93,29.04,27.18,26.87,29.87,-1,-1,-1,16.35,13.66,36.67,29.55,0.33,0.00,0.00,0.00,1.2941,-1,0.00,-1,0.00,-1,0.00,,,
cand_00539,551771,JWST,075,B5,101544259,150.5341835,2.3444647,150.5341835,2.3444647,0.000,-1,F277W,36.42,2,1.291,36.42,v04_diff_candidate,30.40,29.98,27.53,27.57,28.26,-1,21.91,20.61,5.80,11.41,36.42,22.13,1.64,-0.33,0.86,2.54,1.2910,-1,-2.33,-1,-0.57,22.44,1.98,,,
cand_00540,313560,JWST,041,A9,101541377,150.1585355,1.8107240,150.1585355,1.8107240,0.000,-1,F277W,36.39,2,1.291,36.39,v04_diff_candidate,29.79,28.99,27.57,27.52,-1,-1,-1,-1,13.89,14.56,36.39,23.18,0.00,0.00,0.00,0.00,1.2906,-1,0.00,-1,0.00,-1,0.00,,,
cand_00541,352471,JWST,028,A10,101541378,150.3009406,1.7651170,150.3009406,1.7651170,0.000,-1,F277W,36.36,2,1.290,36.36,v04_diff_candidate,30.92,29.13,27.53,27.77,-1,-1,-1,-1,2.29,14.57,36.36,19.44,0.00,0.00,0.00,0.00,1.2902,-1,0.00,-1,0.00,-1,0.00,,,
cand_00542,62105,JWST,066,A2,101544257,149.9863483,2.2212482,149.9863483,2.2212482,0.000,-1,F277W,36.32,2,1.290,36.32,v04_diff_candidate,28.81,29.09,27.70,27.44,31.29,21.26,21.00,21.23,29.54,17.15,36.32,25.12,0.66,1.53,1.25,1.02,1.2898,24.03,0.49,23.03,0.75,23.27,0.64,,,
cand_00543,397685,JWST+EUCLID,090,B1,101545696,149.9377534,2.5756585,149.9377534,2.5756585,0.000,-1,F277W,36.03,2,1.286,36.03,v04_diff_candidate,-1,32.01,26.76,29.20,27.40,18.56,18.08,17.81,-3.03,1.64,36.03,3.49,5.61,14.80,14.91,14.06,1.2861,-1,-0.74,-1,-0.20,24.30,0.14,,,
cand_00544,354360,JWST,028,A10,101541378,150.3168002,1.7730715,150.3168002,1.7730715,0.000,-1,F277W,35.94,2,1.285,35.94,v04_diff_candidate,28.88,28.44,27.21,27.11,-1,-1,-1,-1,13.68,12.62,35.94,24.37,0.00,0.00,0.00,0.00,1.2850,-1,0.00,-1,0.00,-1,0.00,,,
cand_00545,274776,JWST,042,A8,101541377,150.0188503,1.8701067,150.0188503,1.8701067,0.000,-1,F277W,35.88,2,1.284,35.88,v04_diff_candidate,29.47,29.19,27.69,27.83,-1,-1,-1,-1,13.88,18.63,35.88,17.99,0.00,0.00,0.00,0.00,1.2841,-1,0.00,-1,0.00,-1,0.00,,,
cand_00546,349034,JWST,029,A10,101541378,150.2214162,1.7679522,150.2214162,1.7679522,0.000,-1,F277W,35.81,2,1.283,35.81,v04_diff_candidate,29.01,28.72,27.03,26.93,-1,-1,-1,-1,17.66,18.04,35.81,27.49,0.00,0.00,0.00,0.00,1.2832,-1,0.00,-1,0.00,-1,0.00,,,
cand_00547,513863,JWST,075,B4,101545698,150.4060288,2.4021213,150.4060288,2.4021213,0.000,-1,F277W,23.23,2,1.283,23.23,v04_diff_candidate,28.66,28.82,27.56,27.74,29.63,20.26,20.15,20.05,14.28,35.80,23.23,10.74,2.04,5.70,4.96,5.53,1.2832,23.00,1.45,23.27,0.88,23.08,0.99,,,
cand_00548,349750,JWST,028,A10,101541378,150.2345169,1.7700683,150.2345169,1.7700683,0.000,-1,F277W,35.52,2,1.280,35.52,v04_diff_candidate,29.12,28.95,27.00,26.72,-1,-1,-1,-1,16.99,13.65,35.52,32.21,0.00,0.00,0.00,0.00,1.2795,-1,0.00,-1,0.00,-1,0.00,,,
cand_00549,310722,JWST,029,A9,101541377,150.1526094,1.7884736,150.1526094,1.7884736,0.000,-1,F277W,35.25,2,1.276,35.25,v04_diff_candidate,31.60,-1,27.04,27.87,-1,-1,-1,-1,1.45,-1.16,35.25,12.60,0.00,0.00,0.00,0.00,1.2760,-1,0.00,-1,0.00,-1,0.00,,,
cand_00550,311418,JWST,029,A9,101541378,150.1960727,1.7795312,150.1960727,1.7795312,0.000,-1,F277W,35.23,2,1.276,35.23,v04_diff_candidate,30.26,29.33,27.07,26.75,-1,-1,-1,-1,5.44,10.94,35.23,31.19,0.00,0.00,0.00,0.00,1.2758,-1,0.00,-1,0.00,-1,0.00,,,
cand_00551,356705,JWST,028,A10,101541378,150.3315558,1.7882790,150.3315558,1.7882790,0.000,-1,F277W,35.20,2,1.275,35.20,v04_diff_candidate,29.18,29.17,27.70,27.66,-1,-1,-1,-1,13.62,12.83,35.20,21.47,0.00,0.00,0.00,0.00,1.2754,-1,0.00,-1,0.00,-1,0.00,,,
cand_00552,362443,JWST,040,A10,101541378,150.2797860,1.8563691,150.2797860,1.8563691,0.000,-1,F444W,35.15,2,1.275,35.15,v04_diff_candidate,29.13,28.55,27.76,26.73,30.27,-1,21.54,20.44,13.72,19.92,20.86,35.15,0.76,-2.36,2.62,7.23,1.2747,-1,-3.73,23.09,2.09,22.23,4.42,,,
cand_00553,310514,JWST,029,A9,101541378,150.1976195,1.7700704,150.1976195,1.7700704,0.000,-1,F444W,35.11,2,1.274,35.11,v04_diff_candidate,29.59,29.26,27.91,26.70,-1,-1,-1,-1,8.48,10.95,18.63,35.11,0.00,0.00,0.00,0.00,1.2742,-1,0.00,-1,0.00,-1,0.00,,,
cand_00554,349181,JWST,028,A10,101541378,150.2389395,1.7630915,150.2389395,1.7630915,0.000,-1,F444W,35.05,2,1.273,35.05,v04_diff_candidate,29.92,29.53,27.65,26.72,-1,-1,-1,-1,4.47,12.01,22.56,35.05,0.00,0.00,0.00,0.00,1.2735,-1,0.00,-1,0.00,-1,0.00,,,
cand_00555,315199,JWST,041,A9,101541377,150.1106967,1.8394225,150.1106967,1.8394225,0.000,-1,F277W,35.04,2,1.273,35.04,v04_diff_candidate,-1,31.72,26.98,27.18,-1,-1,-1,-1,-5.43,2.76,35.04,23.28,0.00,0.00,0.00,0.00,1.2733,-1,0.00,-1,0.00,-1,0.00,,,
cand_00556,356923,JWST,040,A10,101541378,150.2925098,1.8043115,150.2925098,1.8043115,0.000,-1,F277W,35.03,2,1.273,35.03,v04_diff_candidate,29.73,29.73,27.75,27.89,-1,-1,-1,-1,15.17,11.79,35.03,20.53,0.00,0.00,0.00,0.00,1.2731,-1,0.00,-1,0.00,-1,0.00,,,
cand_00557,311921,JWST,041,A9,101541377,150.1658271,1.7953664,150.1658271,1.7953664,0.000,-1,F277W,34.85,2,1.271,34.85,v04_diff_candidate,28.87,28.86,27.02,26.82,-1,-1,-1,-1,10.45,11.59,34.85,30.09,0.00,0.00,0.00,0.00,1.2708,-1,0.00,-1,0.00,-1,0.00,,,
cand_00558,628060,JWST,065,B7,101544257,150.0618880,2.2850601,150.0618880,2.2850601,0.000,-1,F277W,34.83,2,1.270,34.83,v04_diff_candidate,29.66,29.65,27.20,27.50,29.78,21.28,20.81,20.41,7.29,13.36,34.83,14.39,2.46,4.67,4.63,8.07,1.2704,23.67,1.58,23.67,0.99,23.11,1.91,,,
cand_00559,351198,JWST,028,A10,101541378,150.2700819,1.7676966,150.2700819,1.7676966,0.000,-1,F277W,34.68,2,1.268,34.68,v04_diff_candidate,30.18,29.05,27.66,27.80,-1,-1,-1,-1,6.57,21.76,34.68,19.27,0.00,0.00,0.00,0.00,1.2684,-1,0.00,-1,0.00,-1,0.00,,,
cand_00560,275013,JWST,042,A8,101541377,150.0070507,1.8760725,150.0070507,1.8760725,0.000,-1,F277W,34.62,2,1.268,34.62,v04_diff_candidate,29.52,29.93,27.61,27.53,-1,-1,-1,-1,13.96,10.96,34.62,22.96,0.00,0.00,0.00,0.00,1.2677,-1,0.00,-1,0.00,-1,0.00,,,
cand_00561,271113,JWST,042,A8,101541377,150.0587112,1.8261859,150.0587112,1.8261859,0.000,-1,F277W,34.61,2,1.267,34.61,v04_diff_candidate,29.19,29.20,27.16,27.07,-1,-1,-1,-1,11.97,15.01,34.61,28.87,0.00,0.00,0.00,0.00,1.2675,-1,0.00,-1,0.00,-1,0.00,,,
cand_00562,348503,JWST,029,A9,101541378,150.2018517,1.7700943,150.2018517,1.7700943,0.000,-1,F277W,34.55,2,1.267,34.55,v04_diff_candidate,29.04,29.05,27.26,27.73,-1,-1,-1,-1,23.70,17.71,34.55,13.26,0.00,0.00,0.00,0.00,1.2667,-1,0.00,-1,0.00,-1,0.00,,,
cand_00563,271095,JWST,042,A8,101541377,149.9538212,1.8642191,149.9538212,1.8642191,0.000,-1,F277W,34.29,2,1.263,34.29,v04_diff_candidate,28.57,28.79,27.06,27.46,-1,-1,-1,-1,23.17,22.31,34.29,14.99,0.00,0.00,0.00,0.00,1.2633,-1,0.00,-1,0.00,-1,0.00,,,
cand_00564,355271,JWST,040,A10,101541378,150.2533551,1.8040697,150.2533551,1.8040697,0.000,-1,F277W,34.17,2,1.262,34.17,v04_diff_candidate,30.17,29.60,27.06,27.03,-1,-1,-1,-1,4.83,8.32,34.17,23.83,0.00,0.00,0.00,0.00,1.2616,-1,0.00,-1,0.00,-1,0.00,,,
cand_00565,369511,JWST+EUCLID,040,A9,101542818,150.2617572,1.9200559,150.2617572,1.9200559,0.000,-1,F277W,33.89,2,1.258,33.89,v04_diff_candidate,29.55,29.59,27.79,28.94,27.18,22.03,20.95,20.76,10.75,14.27,33.89,6.26,5.84,2.86,4.82,3.89,1.2578,25.37,0.43,24.37,0.86,22.91,3.28,,,
cand_00566,348594,JWST,028,A10,101541378,150.2492826,1.7537260,150.2492826,1.7537260,0.000,-1,F277W,33.79,2,1.256,33.79,v04_diff_candidate,29.90,29.66,27.22,27.03,-1,-1,-1,-1,4.71,12.59,33.79,25.51,0.00,0.00,0.00,0.00,1.2563,-1,0.00,-1,0.00,-1,0.00,,,
cand_00567,481582,JWST,089,B3,101545697,150.1952967,2.5299486,150.1952967,2.5299486,0.000,-1,F444W,33.71,2,1.255,33.71,v04_diff_candidate,29.38,29.74,27.85,26.91,-1,21.19,21.28,21.30,8.04,7.27,21.44,33.71,-0.01,2.12,1.48,1.45,1.2553,23.58,0.71,23.70,0.47,23.77,0.42,,,
cand_00568,348648,JWST,028,A10,101541378,150.3065462,1.7332887,150.3065462,1.7332887,0.000,-1,F277W,33.45,2,1.252,33.45,v04_diff_candidate,30.31,29.92,27.25,27.59,-1,-1,-1,-1,6.95,10.37,33.45,15.82,0.00,0.00,0.00,0.00,1.2516,-1,0.00,-1,0.00,-1,0.00,,,
cand_00569,465257,JWST,077,B3,101545697,150.1649343,2.4240574,150.1649343,2.4240574,0.000,-1,F444W,33.40,2,1.251,33.40,v04_diff_candidate,30.83,29.83,27.56,27.22,31.26,22.50,22.53,21.88,4.85,16.00,20.61,33.40,0.62,2.80,2.24,4.49,1.2509,23.06,6.46,-1,-0.49,26.38,0.33,,,
cand_00570,358449,JWST,040,A10,101541378,150.2984158,1.8139375,150.2984158,1.8139375,0.000,-1,F277W,33.21,2,1.248,33.21,v04_diff_candidate,28.82,29.00,27.46,27.39,-1,-1,-1,-1,17.92,16.03,33.21,25.78,-0.02,0.00,0.00,0.00,1.2483,-1,0.00,-1,0.00,-1,0.00,,,
cand_00571,231484,JWST,043,A7,101542816,149.8840097,1.9021650,149.8840097,1.9021650,0.000,-1,F277W,33.12,2,1.247,33.12,v04_diff_candidate,29.51,29.41,27.69,27.37,-1,-1,-1,-1,8.40,10.51,33.12,26.65,0.00,0.00,0.00,0.00,1.2470,-1,0.00,-1,0.00,-1,0.00,,,
cand_00572,314996,JWST,041,A9,101541377,150.0873671,1.8465425,150.0873671,1.8465425,0.000,-1,F277W,33.12,2,1.247,33.12,v04_diff_candidate,29.28,28.77,27.46,27.33,-1,-1,-1,-1,15.14,18.08,33.12,21.07,0.00,0.00,0.00,0.00,1.2469,-1,0.00,-1,0.00,-1,0.00,,,
cand_00573,317200,JWST,041,A9,101541377,150.1226992,1.8512088,150.1226992,1.8512088,0.000,-1,F277W,33.11,2,1.247,33.11,v04_diff_candidate,29.25,29.00,27.36,27.31,28.50,-1,-1,-1,15.17,15.53,33.11,21.56,1.38,0.00,0.00,0.00,1.2468,-1,0.00,-1,0.00,-1,0.00,,,
cand_00574,270555,JWST,042,A7,101541377,149.9311293,1.8673055,149.9311293,1.8673055,0.000,-1,F277W,32.56,2,1.239,32.56,v04_diff_candidate,29.43,29.31,27.32,27.47,-1,-1,-1,-1,11.22,9.14,32.56,17.40,0.00,0.00,0.00,0.00,1.2390,-1,0.00,-1,0.00,-1,0.00,,,
cand_00575,353753,JWST,028,A10,101541378,150.2927967,1.7767315,150.2927967,1.7767315,0.000,-1,F277W,32.53,2,1.238,32.53,v04_diff_candidate,30.81,28.77,27.42,27.53,-1,-1,-1,-1,3.61,18.78,32.53,15.77,0.00,0.00,0.00,0.00,1.2385,-1,0.00,-1,0.00,-1,0.00,,,
cand_00576,277898,JWST,042,A8,101542817,150.0496738,1.8830025,150.0496738,1.8830025,0.000,-1,F277W,32.46,2,1.237,32.46,v04_diff_candidate,29.23,29.18,27.43,27.68,29.44,-1,-1,-1,10.83,12.01,32.46,16.15,0.90,-0.09,0.00,0.00,1.2374,-1,0.00,-1,0.00,-1,0.00,,,
cand_00577,348811,JWST,028,A10,101541378,150.2306257,1.7624726,150.2306257,1.7624726,0.000,-1,F277W,32.43,2,1.237,32.43,v04_diff_candidate,29.24,28.59,27.12,27.27,-1,-1,-1,-1,7.62,16.98,32.43,21.72,0.00,0.00,0.00,0.00,1.2371,-1,0.00,-1,0.00,-1,0.00,,,
cand_00578,135450,JWST,052,A4,101542818,150.2386382,2.0865915,150.2386382,2.0865915,0.000,-1,F277W,32.40,2,1.237,32.40,v04_diff_candidate,29.71,29.46,27.67,27.58,29.89,20.99,20.99,20.36,9.23,16.47,32.40,22.11,1.62,4.89,3.37,8.85,1.2367,23.45,1.41,24.50,0.39,22.82,2.09,,,
cand_00579,351946,JWST,028,A10,101541378,150.2995795,1.7622172,150.2995795,1.7622172,0.000,-1,F277W,32.39,2,1.236,32.39,v04_diff_candidate,29.88,29.52,27.65,27.91,-1,-1,-1,-1,10.41,23.11,32.39,16.99,0.00,0.00,0.00,0.00,1.2365,-1,0.00,-1,0.00,-1,0.00,,,
cand_00580,229382,JWST,043,A7,101542816,149.8116079,1.9110128,149.8116079,1.9110128,0.000,-1,F444W,32.33,2,1.236,32.33,v04_diff_candidate,32.00,30.15,27.46,26.81,-1,-1,-1,-1,1.76,9.15,27.98,32.33,0.00,0.00,0.00,0.00,1.2356,-1,0.00,-1,0.00,-1,0.00,,,
cand_00581,229871,JWST,043,A7,101542816,149.8722729,1.8927400,149.8722729,1.8927400,0.000,-1,F277W,32.29,2,1.235,32.29,v04_diff_candidate,29.30,28.91,26.91,26.83,-1,-1,-1,-1,14.79,13.67,32.29,31.18,0.00,0.00,0.00,0.00,1.2351,-1,0.00,-1,0.00,-1,0.00,,,
cand_00582,474088,JWST,088,B3,101545697,150.2330264,2.4632580,150.2330264,2.4632580,0.000,-1,F277W,32.19,2,1.234,32.19,v04_diff_candidate,30.41,31.13,27.71,27.93,29.67,22.12,21.14,20.98,7.42,5.02,32.19,15.20,3.08,0.82,1.29,0.96,1.2336,23.96,1.48,23.18,1.81,23.97,0.69,,,
cand_00583,530705,JWST,088,B4,101545698,150.3732426,2.5270119,150.3732426,2.5270119,0.000,-1,F277W,32.18,2,1.233,32.18,v04_diff_candidate,30.94,30.26,26.90,26.98,-1,22.48,-1,-1,2.50,4.46,32.18,19.36,-0.42,3.00,-0.82,-0.68,1.2334,-1,-0.82,24.89,0.99,24.81,1.15,,,
cand_00584,271284,JWST,042,A8,101541377,149.9624239,1.8630650,149.9624239,1.8630650,0.000,-1,F277W,32.14,2,1.233,32.14,v04_diff_candidate,29.71,29.48,27.15,26.99,-1,-1,-1,-1,11.33,11.36,32.14,24.71,0.00,0.00,0.00,0.00,1.2329,-1,0.00,-1,0.00,-1,0.00,,,
cand_00585,282688,JWST,042,A8,101542817,150.0389359,1.9226886,150.0389359,1.9226886,0.000,-1,F277W,32.10,2,1.232,32.10,v04_diff_candidate,29.50,29.45,27.55,27.03,29.43,-1,20.27,-1,10.50,10.80,32.10,29.20,1.95,-3.16,7.24,-2.19,1.2323,-1,-0.70,21.69,6.74,-1,-1.46,,,
cand_00586,232987,JWST,043,A7,101542816,149.8122404,1.9380138,149.8122404,1.9380138,0.000,-1,F277W,31.82,2,1.228,31.82,v04_diff_candidate,29.88,28.99,26.69,27.07,27.99,-1,-1,-1,6.39,9.83,31.82,15.65,2.24,0.00,0.00,0.00,1.2282,-1,0.00,-1,0.00,-1,0.00,,,
cand_00587,398255,JWST,090,B1,101545696,149.9298169,2.5837834,149.9298169,2.5837834,0.000,-1,F277W,31.77,2,1.227,31.77,v04_diff_candidate,-1,31.23,26.91,26.95,30.03,-1,-1,22.18,-7.60,1.83,31.77,20.12,2.20,-2.10,-1.10,4.14,1.2274,-1,-1.42,-1,-3.59,23.84,3.38,,,
cand_00588,252188,JWST,054,A7,101542817,149.9797404,2.0119466,149.9797404,2.0119466,0.000,-1,F277W,31.76,2,1.227,31.76,v04_diff_candidate,28.90,28.87,27.21,27.19,30.48,20.53,19.56,19.41,7.12,22.41,31.76,21.38,1.31,1.59,1.85,1.58,1.2272,22.96,0.55,22.37,0.44,22.32,0.32,,,
cand_00589,275413,JWST,042,A8,101541377,150.0399047,1.8668875,150.0399047,1.8668875,0.000,-1,F277W,31.63,2,1.225,31.63,v04_diff_candidate,30.46,29.52,27.16,27.12,-1,-1,-1,-1,3.95,14.28,31.63,23.77,0.00,0.00,0.00,0.00,1.2253,-1,0.00,-1,0.00,-1,0.00,,,
cand_00590,230200,JWST,042,A7,101542816,149.9212363,1.8781324,149.9212363,1.8781324,0.000,-1,F444W,31.62,2,1.225,31.62,v04_diff_candidate,28.90,28.40,27.08,26.72,-1,-1,-1,-1,12.28,18.04,22.57,31.62,0.00,0.00,0.00,0.00,1.2251,-1,0.00,-1,0.00,-1,0.00,,,
cand_00591,271266,JWST,042,A8,101541377,149.9553825,1.8655136,149.9553825,1.8655136,0.000,-1,F277W,31.29,2,1.220,31.29,v04_diff_candidate,29.02,29.20,27.18,27.06,-1,-1,-1,-1,13.96,14.84,31.29,19.10,0.00,0.00,0.00,0.00,1.2201,-1,0.00,-1,0.00,-1,0.00,,,
cand_00592,773382,JWST,063,B10,101544258,150.4602267,2.2774112,150.4602267,2.2774112,0.000,-1,F277W,31.20,2,1.219,31.20,v04_diff_candidate,29.81,30.54,27.48,27.07,29.77,21.47,22.52,21.28,7.76,5.15,31.20,24.92,1.61,1.67,0.50,1.40,1.2187,23.30,1.58,-1,-0.50,23.30,1.10,,,
cand_00593,354902,JWST,028,A10,101541378,150.3094853,1.7803073,150.3094853,1.7803073,0.000,-1,F277W,30.95,2,1.215,30.95,v04_diff_candidate,29.76,28.99,27.74,27.74,-1,-1,-1,-1,9.09,23.24,30.95,18.83,0.00,0.00,0.00,0.00,1.2149,-1,0.00,-1,0.00,-1,0.00,,,
cand_00594,316126,JWST,041,A9,101541377,150.1593692,1.8292739,150.1593692,1.8292739,0.000,-1,F277W,30.84,2,1.213,30.84,v04_diff_candidate,29.91,29.09,27.43,27.42,-1,-1,-1,-1,5.68,22.75,30.84,19.62,0.00,0.00,0.00,0.00,1.2132,-1,0.00,-1,0.00,-1,0.00,,,
cand_00595,774188,JWST,075,B10,101544258,150.4366715,2.2941283,150.4366715,2.2941283,0.000,-1,F444W,30.79,2,1.213,30.79,v04_diff_candidate,35.33,29.76,26.84,26.32,-1,16.83,16.84,16.51,0.05,10.41,18.80,30.79,-0.37,2.45,8.07,6.06,1.2125,22.11,0.07,23.17,0.08,-1,-0.11,,,
cand_00596,317897,JWST,041,A9,101541378,150.1932165,1.8317847,150.1932165,1.8317847,0.000,-1,F277W,30.70,2,1.211,30.70,v04_diff_candidate,29.98,29.44,27.43,27.64,-1,-1,-1,-1,7.59,9.26,30.70,16.11,0.00,0.00,0.00,0.00,1.2111,-1,0.00,-1,0.00,-1,0.00,,,
cand_00597,356069,JWST,028,A10,101541378,150.3187317,1.7875022,150.3187317,1.7875022,0.000,-1,F277W,30.64,2,1.210,30.64,v04_diff_candidate,29.57,29.61,26.88,26.70,-1,-1,-1,-1,8.21,14.39,30.64,30.16,0.00,0.00,0.00,0.00,1.2101,-1,0.00,-1,0.00,-1,0.00,,,
cand_00598,351415,JWST,028,A10,101541378,150.2981707,1.7588767,150.2981707,1.7588767,0.000,-1,F277W,30.51,2,1.208,30.51,v04_diff_candidate,29.02,29.56,27.76,27.73,-1,-1,-1,-1,23.03,16.38,30.51,20.09,0.00,0.00,0.00,0.00,1.2081,-1,0.00,-1,0.00,-1,0.00,,,
cand_00599,271504,JWST,042,A8,101541377,150.0001299,1.8514016,150.0001299,1.8514016,0.000,-1,F277W,30.39,2,1.206,30.39,v04_diff_candidate,29.85,28.82,27.26,26.96,-1,-1,-1,-1,4.50,16.52,30.39,26.06,0.00,0.00,0.00,0.00,1.2062,-1,0.00,-1,0.00,-1,0.00,,,
cand_00600,374155,JWST,028,A10,101541378,150.2304485,1.7648748,150.2304485,1.7648748,0.000,-1,F277W,30.27,2,1.204,30.27,v04_diff_candidate,30.95,30.38,27.17,27.68,-1,-1,-1,-1,2.38,7.72,30.27,14.01,0.00,0.00,0.00,0.00,1.2042,-1,0.00,-1,0.00,-1,0.00,,,
cand_00601,351896,JWST,028,A10,101541378,150.2846276,1.7672713,150.2846276,1.7672713,0.000,-1,F277W,30.13,2,1.202,30.13,v04_diff_candidate,29.65,29.72,27.03,27.82,-1,-1,-1,-1,13.11,20.34,30.13,9.46,0.00,0.00,0.00,0.00,1.2021,-1,0.00,-1,0.00,-1,0.00,,,
cand_00602,355479,JWST,040,A10,101541378,150.2538680,1.8056647,150.2538680,1.8056647,0.000,-1,F277W,30.04,2,1.201,30.04,v04_diff_candidate,30.26,30.05,27.28,27.29,-1,-1,-1,-1,3.78,5.71,30.04,20.43,0.00,0.00,0.00,0.00,1.2006,-1,0.00,-1,0.00,-1,0.00,,,
cand_00603,348781,JWST,028,A10,101541378,150.2939744,1.7391695,150.2939744,1.7391695,0.000,-1,F277W,29.91,2,1.199,29.91,v04_diff_candidate,29.14,28.82,27.47,27.62,-1,-1,-1,-1,14.96,19.90,29.91,15.45,0.00,0.00,0.00,0.00,1.1986,-1,0.00,-1,0.00,-1,0.00,,,
cand_00604,312460,JWST,041,A9,101541377,150.1004695,1.8235237,150.1004695,1.8235237,0.000,-1,F277W,29.36,2,1.190,29.36,v04_diff_candidate,31.19,29.74,27.75,27.63,-1,-1,-1,-1,2.19,9.93,29.36,21.93,0.00,0.00,0.00,0.00,1.1896,-1,0.00,-1,0.00,-1,0.00,,,
cand_00605,601431,JWST,078,B6,101545696,149.9181737,2.4484179,149.9181737,2.4484179,0.000,-1,F277W,28.93,2,1.182,28.93,v04_diff_candidate,-1,30.83,27.10,27.08,-1,22.03,-1,-1,-0.80,4.43,28.93,17.93,-3.37,4.61,-4.32,-2.16,1.1824,26.14,0.33,-1,-3.52,-1,-1.39,,,
cand_00606,275816,JWST,042,A8,101542817,149.9781926,1.8923668,149.9781926,1.8923668,0.000,-1,F444W,19.65,2,1.181,19.65,v04_diff_candidate,29.62,29.20,27.87,27.10,-1,-1,-1,-1,11.54,28.86,18.30,19.65,-1.74,0.00,0.00,0.00,1.1814,-1,0.00,-1,0.00,-1,0.00,,,
cand_00607,360499,JWST,040,A10,101541378,150.2895861,1.8347076,150.2895861,1.8347076,0.000,-1,F277W,28.79,2,1.180,28.79,v04_diff_candidate,29.30,29.24,27.62,27.55,-1,21.23,21.28,20.15,9.81,14.74,28.79,17.94,-0.14,2.45,1.83,6.00,1.1801,-1,-1.64,-1,-2.20,-1,-0.17,,,
cand_00608,270560,JWST,042,A8,101541377,149.9852552,1.8476482,149.9852552,1.8476482,0.000,-1,F277W,28.56,2,1.176,28.56,v04_diff_candidate,28.79,29.10,27.50,27.47,-1,-1,-1,-1,13.18,11.29,28.56,16.54,0.00,0.00,0.00,0.00,1.1763,-1,0.00,-1,0.00,-1,0.00,,,
cand_00609,361861,JWST,040,A10,101541378,150.2621617,1.8576260,150.2621617,1.8576260,0.000,-1,F277W,28.43,2,1.174,28.43,v04_diff_candidate,28.92,29.02,27.52,27.90,30.13,20.92,20.88,-1,15.93,16.01,28.43,10.40,0.93,3.15,3.45,-1.19,1.1741,23.05,1.63,21.97,4.19,22.20,3.00,,,
cand_00610,361721,JWST,040,A10,101541378,150.2976767,1.8432462,150.2976767,1.8432462,0.000,-1,F444W,28.43,2,1.174,28.43,v04_diff_candidate,29.23,29.26,27.39,26.90,29.69,22.19,21.86,21.51,9.44,18.60,25.54,28.43,1.09,1.29,1.57,2.30,1.1740,-1,-1.56,22.87,2.03,22.58,3.15,,,
cand_00611,189816,JWST,044,A6,101542816,149.7265380,1.9533628,149.7265380,1.9533628,0.000,-1,F277W,28.07,2,1.168,28.07,v04_diff_candidate,30.12,29.54,27.29,27.50,-1,-1,-1,-1,6.47,16.45,28.07,16.10,0.00,0.00,0.00,0.00,1.1679,-1,0.00,-1,0.00,-1,0.00,,,
cand_00612,482421,JWST,088,B3,101545697,150.2360900,2.5222142,150.2360900,2.5222142,0.000,-1,F277W,27.96,2,1.166,27.96,v04_diff_candidate,29.45,29.05,27.70,27.26,29.98,21.31,21.02,20.75,10.05,19.09,27.96,21.36,2.92,1.95,1.66,1.96,1.1659,23.85,1.17,23.29,1.45,22.78,2.10,,,
cand_00613,274959,JWST,042,A8,101542817,149.9650448,1.8909843,149.9650448,1.8909843,0.000,-1,F277W,27.80,2,1.163,27.80,v04_diff_candidate,29.97,29.39,27.80,27.80,-1,-1,-1,-1,8.68,16.41,27.80,19.44,0.00,0.00,0.00,0.00,1.1631,-1,0.00,-1,0.00,-1,0.00,,,
cand_00614,275810,JWST,042,A8,101542817,150.0041412,1.8828511,150.0041412,1.8828511,0.000,-1,F277W,27.76,2,1.162,27.76,v04_diff_candidate,30.55,29.18,27.52,27.16,27.93,-1,-1,-1,5.51,12.49,27.76,21.88,2.19,0.00,0.00,0.00,1.1625,-1,0.00,-1,0.00,-1,0.00,,,
cand_00615,311849,JWST,041,A9,101541377,150.1396295,1.8042976,150.1396295,1.8042976,0.000,-1,F277W,27.73,2,1.162,27.73,v04_diff_candidate,29.64,29.50,27.32,27.18,-1,-1,-1,-1,4.71,7.20,27.73,20.74,0.00,0.00,0.00,0.00,1.1619,-1,0.00,-1,0.00,-1,0.00,,,
cand_00616,190602,JWST,043,A6,101542816,149.7671752,1.9449314,149.7671752,1.9449314,0.000,-1,F277W,27.52,2,1.158,27.52,v04_diff_candidate,30.00,29.53,27.67,27.49,28.51,-1,-1,-1,4.96,19.68,27.52,22.34,1.03,0.00,0.00,0.00,1.1583,-1,0.00,-1,0.00,-1,0.00,,,
cand_00617,276629,JWST,042,A8,101542817,150.0359152,1.8781872,150.0359152,1.8781872,0.000,-1,F150W,27.35,2,1.155,27.35,v04_diff_candidate,29.10,27.96,27.91,28.03,27.70,-1,-1,-1,9.45,27.35,15.54,11.61,3.16,0.00,0.00,0.00,1.1552,-1,0.00,-1,0.00,-1,0.00,,,
cand_00618,281898,JWST,042,A8,101542817,150.0443224,1.9142309,150.0443224,1.9142309,0.000,-1,F277W,27.32,2,1.155,27.32,v04_diff_candidate,30.10,29.93,27.07,26.39,28.57,20.04,19.60,19.51,7.31,10.74,27.32,21.48,3.17,8.09,10.23,9.02,1.1546,22.59,2.89,-1,-1.84,21.95,3.94,,,
cand_00619,EuclidID_1500086178018915584,JWST,042,A8,101542817,150.0086178,1.8915649,150.0086178,1.8915649,0.000,-1,F277W,27.19,2,1.152,27.19,v04_diff_candidate,29.70,30.08,27.58,27.78,27.94,-1,-1,-1,10.45,5.30,27.19,13.49,3.06,0.00,0.00,0.00,1.1524,-1,0.00,-1,0.00,-1,0.00,,,
cand_00620,391227,JWST,091,B1,101545696,149.8769724,2.5517342,149.8769724,2.5517342,0.000,-1,F277W,27.16,2,1.152,27.16,v04_diff_candidate,31.00,31.00,27.11,27.91,30.27,-1,23.04,-1,2.12,3.73,27.16,9.82,1.76,-1.67,0.79,-0.02,1.1518,-1,-0.23,24.94,0.53,-1,-0.14,,,
cand_00621,633629,JWST,078,B7,101544257,149.9744854,2.3489181,149.9744854,2.3489181,0.000,-1,F277W,26.92,2,1.147,26.92,v04_diff_candidate,29.84,29.16,26.78,26.65,30.03,20.18,19.51,19.28,14.57,19.19,26.92,12.09,0.86,4.46,3.43,3.04,1.1474,23.37,0.82,22.17,1.11,22.13,0.83,,,
cand_00622,355571,JWST,028,A10,101541378,150.3030847,1.7884912,150.3030847,1.7884912,0.000,-1,F277W,26.89,2,1.147,26.89,v04_diff_candidate,32.22,30.57,27.27,27.14,-1,-1,-1,-1,1.62,5.12,26.89,21.62,0.00,0.00,0.00,0.00,1.1469,-1,0.00,-1,0.00,-1,0.00,,,
cand_00623,EuclidID_1499959289018837504,JWST,042,A8,101542817,149.9959289,1.8837617,149.9959289,1.8837617,0.000,-1,F277W,26.77,2,1.145,26.77,v04_diff_candidate,30.68,29.02,27.45,27.52,28.09,-1,-1,-1,3.60,9.30,26.77,17.43,1.35,0.00,0.00,0.00,1.1448,-1,0.00,-1,0.00,-1,0.00,,,
cand_00624,774399,JWST,063,B10,101544259,150.5085590,2.2702305,150.5085590,2.2702305,0.000,-1,F277W,26.52,2,1.140,26.52,v04_diff_candidate,29.39,29.22,27.64,27.57,29.26,20.04,20.27,19.99,11.31,17.26,26.52,16.11,0.82,9.56,7.62,11.82,1.1402,22.95,2.29,-1,-0.36,23.81,1.15,,,
cand_00625,521046,JWST,088,B3,101545698,150.3102383,2.4861209,150.3102383,2.4861209,0.000,-1,F277W,26.44,2,1.139,26.44,v04_diff_candidate,30.20,31.86,27.71,27.07,30.02,22.53,24.89,21.80,6.03,2.06,26.44,24.47,2.20,2.77,0.26,4.31,1.1387,23.26,5.01,24.45,1.33,24.69,1.15,,,
cand_00626,392918,JWST,090,B1,101545697,149.9977229,2.5192631,149.9977229,2.5192631,0.000,-1,F444W,26.44,2,1.139,26.44,v04_diff_candidate,31.73,29.10,27.72,27.02,30.67,-1,21.08,21.09,1.73,12.50,21.81,26.44,1.27,-0.99,1.93,1.67,1.1386,-1,-0.19,23.10,0.82,23.11,0.78,,,
cand_00627,311575,JWST,041,A9,101541377,150.1271205,1.8061520,150.1271205,1.8061520,0.000,-1,F277W,26.34,2,1.137,26.34,v04_diff_candidate,29.65,29.33,27.40,27.68,-1,-1,-1,-1,11.03,9.98,26.34,13.42,0.00,0.00,0.00,0.00,1.1368,-1,0.00,-1,0.00,-1,0.00,,,
cand_00628,271801,JWST,041,A8,101541377,150.0682034,1.8296239,150.0682034,1.8296239,0.000,-1,F277W,26.33,2,1.137,26.33,v04_diff_candidate,-1,29.62,27.41,27.46,-1,-1,-1,-1,-0.59,10.82,26.33,17.86,0.00,0.00,0.00,0.00,1.1366,-1,0.00,-1,0.00,-1,0.00,,,
cand_00629,314107,JWST,041,A9,101541377,150.1548163,1.8160531,150.1548163,1.8160531,0.000,-1,F277W,26.26,2,1.135,26.26,v04_diff_candidate,29.93,29.46,27.82,27.89,-1,-1,-1,-1,13.70,14.73,26.26,16.00,0.00,0.00,0.00,0.00,1.1353,-1,0.00,-1,0.00,-1,0.00,,,
cand_00630,273789,JWST,042,A8,101541377,150.0078134,1.8672425,150.0078134,1.8672425,0.000,-1,F277W,26.02,2,1.131,26.02,v04_diff_candidate,29.35,29.22,27.71,27.40,-1,-1,-1,-1,16.03,21.19,26.02,25.49,0.00,0.00,0.00,0.00,1.1308,-1,0.00,-1,0.00,-1,0.00,,,
cand_00631,671797,JWST,065,B8,101544257,150.1046931,2.2754154,150.1046931,2.2754154,0.000,-1,F277W,25.97,2,1.130,25.97,v04_diff_candidate,-1,29.54,27.44,27.22,30.89,22.38,21.50,21.69,-2.95,12.46,25.97,20.56,0.88,1.49,2.19,1.56,1.1298,24.85,1.09,23.28,4.01,24.21,1.82,,,
cand_00632,353331,JWST,028,A10,101541378,150.2771212,1.7791467,150.2771212,1.7791467,0.000,-1,F277W,25.94,2,1.129,25.94,v04_diff_candidate,30.32,29.94,27.50,27.63,-1,-1,-1,-1,5.41,11.93,25.94,14.23,0.00,0.00,0.00,0.00,1.1293,-1,0.00,-1,0.00,-1,0.00,,,
cand_00633,311527,JWST,029,A9,101541378,150.1910801,1.7824042,150.1910801,1.7824042,0.000,-1,F277W,25.70,2,1.125,25.70,v04_diff_candidate,29.01,28.85,27.44,27.57,-1,-1,-1,-1,13.15,21.18,25.70,14.77,0.00,0.00,0.00,0.00,1.1247,-1,0.00,-1,0.00,-1,0.00,,,
cand_00634,663617,JWST,065,B8,101544257,150.1115405,2.2171172,150.1115405,2.2171172,0.000,-1,F277W,25.56,2,1.122,25.56,v04_diff_candidate,30.17,29.24,27.51,27.92,28.34,20.10,20.03,19.76,4.62,21.44,25.56,12.00,2.96,2.75,2.33,3.37,1.1220,22.54,0.93,22.81,0.52,22.28,0.93,,,
cand_00635,315626,JWST,041,A9,101541377,150.1581507,1.8256783,150.1581507,1.8256783,0.000,-1,F277W,25.53,2,1.121,25.53,v04_diff_candidate,-1,29.56,27.54,27.22,-1,-1,-1,-1,-1.75,12.47,25.53,23.66,0.00,0.00,0.00,0.00,1.1214,-1,0.00,-1,0.00,-1,0.00,,,
cand_00636,191564,JWST,056,A6,101542816,149.7252285,1.9665813,149.7252285,1.9665813,0.000,-1,F277W,25.50,2,1.121,25.50,v04_diff_candidate,-1,29.41,27.22,27.03,30.32,-1,-1,-1,-0.61,16.57,25.50,9.95,0.24,0.00,0.00,0.00,1.1208,-1,0.00,-1,0.00,-1,0.00,,,
cand_00637,349009,JWST,028,A10,101541378,150.3155075,1.7335683,150.3155075,1.7335683,0.000,-1,F277W,25.49,2,1.121,25.49,v04_diff_candidate,30.07,30.09,27.14,27.00,-1,-1,-1,-1,5.36,4.60,25.49,18.86,0.00,0.00,0.00,0.00,1.1206,-1,0.00,-1,0.00,-1,0.00,,,
cand_00638,203588,JWST,055,A6,101542816,149.7814374,2.0321193,149.7814374,2.0321193,0.000,-1,F444W,16.42,2,1.119,16.42,v04_diff_candidate,28.83,28.89,27.99,27.59,-1,20.99,21.04,21.20,22.78,25.40,15.98,16.42,-1.74,2.74,1.47,0.76,1.1190,23.06,2.29,22.89,1.81,24.02,0.38,,,
cand_00639,635849,JWST,078,B7,101544257,150.0191150,2.3495289,150.0191150,2.3495289,0.000,-1,F277W,25.35,2,1.118,25.35,v04_diff_candidate,30.42,29.88,27.47,27.48,29.04,21.18,20.78,20.35,10.17,10.64,25.35,17.51,4.87,4.73,4.48,5.14,1.1179,23.83,1.27,23.79,0.82,23.29,1.03,,,
cand_00640,310448,JWST,041,A9,101541377,150.0830520,1.8110147,150.0830520,1.8110147,0.000,-1,F277W,25.21,2,1.115,25.21,v04_diff_candidate,29.95,29.06,27.50,27.30,-1,-1,-1,-1,6.82,13.16,25.21,18.82,0.00,0.00,0.00,0.00,1.1153,-1,0.00,-1,0.00,-1,0.00,,,
cand_00641,332673,JWST,041,A9,101542817,150.1793347,1.9543055,150.1793347,1.9543055,0.000,-1,F277W,24.86,2,1.108,24.86,v04_diff_candidate,28.74,28.59,27.54,27.18,31.30,19.91,19.49,19.06,19.23,22.12,24.86,23.99,0.14,3.24,3.31,4.90,1.1084,22.78,0.67,22.16,0.79,21.91,0.99,,,
cand_00642,354177,JWST,028,A10,101541378,150.2663402,1.7900473,150.2663402,1.7900473,0.000,-1,F277W,24.74,2,1.106,24.74,v04_diff_candidate,-1,29.62,27.65,27.90,-1,-1,-1,-1,-0.00,13.91,24.74,11.74,0.00,0.00,0.00,0.00,1.1059,-1,0.00,-1,0.00,-1,0.00,,,
cand_00643,158817,JWST,040,A5,101542818,150.3523364,1.9391340,150.3523364,1.9391340,0.000,-1,F277W,24.60,2,1.103,24.60,v04_diff_candidate,31.09,30.23,27.60,27.55,29.89,21.76,21.57,20.39,2.07,5.38,24.60,13.59,1.97,1.03,0.73,2.32,1.1032,24.48,0.28,-1,-0.03,22.62,0.99,,,
cand_00644,231497,JWST,043,A7,101542816,149.8857008,1.9016171,149.8857008,1.9016171,0.000,-1,F277W,24.56,2,1.102,24.56,v04_diff_candidate,28.94,29.77,27.78,27.64,-1,-1,-1,-1,13.46,9.26,24.56,21.75,0.00,0.00,0.00,0.00,1.1024,-1,0.00,-1,0.00,-1,0.00,,,
cand_00645,348434,JWST,029,A10,101541378,150.2240867,1.7615296,150.2240867,1.7615296,0.000,-1,F277W,24.51,2,1.101,24.51,v04_diff_candidate,30.04,29.37,27.66,27.57,-1,-1,-1,-1,8.08,16.55,24.51,15.52,0.00,0.00,0.00,0.00,1.1012,-1,0.00,-1,0.00,-1,0.00,,,
cand_00646,349882,JWST,028,A10,101541378,150.2477753,1.7662702,150.2477753,1.7662702,0.000,-1,F277W,24.49,2,1.101,24.49,v04_diff_candidate,29.39,29.22,27.52,27.94,-1,-1,-1,-1,18.48,15.62,24.49,12.19,0.00,0.00,0.00,0.00,1.1009,-1,0.00,-1,0.00,-1,0.00,,,
cand_00647,230543,JWST,043,A7,101542816,149.8750373,1.8983049,149.8750373,1.8983049,0.000,-1,F277W,24.46,2,1.100,24.46,v04_diff_candidate,30.45,29.58,27.55,27.60,-1,-1,-1,-1,3.40,8.87,24.46,16.79,0.00,0.00,0.00,0.00,1.1003,-1,0.00,-1,0.00,-1,0.00,,,
cand_00648,310996,JWST,029,A9,101541377,150.1580876,1.7892461,150.1580876,1.7892461,0.000,-1,F277W,24.31,2,1.097,24.31,v04_diff_candidate,29.96,29.68,27.28,27.91,-1,-1,-1,-1,8.58,12.21,24.31,9.54,0.00,0.00,0.00,0.00,1.0972,-1,0.00,-1,0.00,-1,0.00,,,
cand_00649,316130,JWST,041,A9,101541378,150.2028840,1.8134922,150.2028840,1.8134922,0.000,-1,F277W,24.13,2,1.094,24.13,v04_diff_candidate,29.68,29.36,27.33,27.50,-1,-1,-1,-1,7.51,9.65,24.13,14.16,0.00,0.00,0.00,0.00,1.0936,-1,0.00,-1,0.00,-1,0.00,,,
cand_00650,353056,JWST,028,A10,101541378,150.2554467,1.7853130,150.2554467,1.7853130,0.000,-1,F444W,23.62,2,1.083,23.62,v04_diff_candidate,29.11,28.91,27.99,27.40,-1,-1,-1,-1,18.72,20.58,22.60,23.62,0.00,0.00,0.00,0.00,1.0830,-1,0.00,-1,0.00,-1,0.00,,,
cand_00651,310899,JWST,029,A9,101541378,150.1775327,1.7811220,150.1775327,1.7811220,0.000,-1,F277W,23.52,2,1.081,23.52,v04_diff_candidate,29.26,29.12,27.30,26.97,-1,-1,-1,-1,7.50,10.09,23.52,19.19,0.00,0.00,0.00,0.00,1.0810,-1,0.00,-1,0.00,-1,0.00,,,
cand_00652,259053,JWST,043,A7,101542816,149.8086112,1.9114167,149.8086112,1.9114167,0.000,-1,F277W,23.47,2,1.080,23.47,v04_diff_candidate,30.77,29.55,27.71,27.62,-1,-1,-1,-1,3.17,12.24,23.47,14.38,0.00,0.00,0.00,0.00,1.0799,-1,0.00,-1,0.00,-1,0.00,,,
cand_00653,275323,JWST,042,A8,101542817,149.9614043,1.8947842,149.9614043,1.8947842,0.000,-1,F277W,23.45,2,1.079,23.45,v04_diff_candidate,31.00,30.95,27.59,27.25,-1,-1,-1,-1,2.00,3.89,23.45,22.13,-0.03,0.00,0.00,0.00,1.0793,-1,0.00,-1,0.00,-1,0.00,,,
cand_00654,348551,JWST,028,A10,101541378,150.2341448,1.7588041,150.2341448,1.7588041,0.000,-1,F277W,23.44,2,1.079,23.44,v04_diff_candidate,29.68,29.39,27.48,27.73,-1,-1,-1,-1,7.45,16.32,23.44,13.13,0.00,0.00,0.00,0.00,1.0792,-1,0.00,-1,0.00,-1,0.00,,,
cand_00655,353260,JWST,028,A10,101541378,150.3145331,1.7650695,150.3145331,1.7650695,0.000,-1,F277W,23.42,2,1.079,23.42,v04_diff_candidate,29.12,28.80,27.68,27.83,-1,-1,-1,-1,17.73,23.35,23.42,12.47,0.00,0.00,0.00,0.00,1.0788,-1,0.00,-1,0.00,-1,0.00,,,
cand_00656,356590,JWST,040,A10,101541378,150.2939224,1.8010425,150.2939224,1.8010425,0.000,-1,F277W,23.37,2,1.078,23.37,v04_diff_candidate,29.65,29.22,27.62,27.38,-1,-1,-1,-1,17.02,11.20,23.37,19.58,0.00,0.00,0.00,0.00,1.0777,-1,0.00,-1,0.00,-1,0.00,,,
cand_00657,315748,JWST,041,A9,101541377,150.0985201,1.8483449,150.0985201,1.8483449,0.000,-1,F277W,23.36,2,1.077,23.36,v04_diff_candidate,29.92,29.59,27.55,27.74,-1,-1,-1,-1,6.89,16.57,23.36,13.55,0.00,0.00,0.00,0.00,1.0775,-1,0.00,-1,0.00,-1,0.00,,,
cand_00658,353909,JWST,028,A10,101541378,150.3171346,1.7692712,150.3171346,1.7692712,0.000,-1,F277W,23.20,2,1.077,23.20,v04_diff_candidate,29.13,28.33,27.72,27.93,-1,-1,-1,-1,12.07,23.31,23.20,11.32,0.00,0.00,0.00,0.00,1.0765,-1,0.00,-1,0.00,-1,0.00,,,
cand_00659,714568,JWST,064,B9,101544258,150.2566049,2.2152506,150.2566049,2.2152506,0.000,-1,F277W,22.99,2,1.069,22.99,v04_diff_candidate,-1,31.63,27.39,27.25,-1,23.10,21.59,-1,-2.03,3.18,22.99,15.03,-1.89,0.67,1.68,-0.29,1.0695,24.87,0.58,24.37,0.58,-1,-0.44,,,
cand_00660,349842,JWST,028,A10,101541378,150.2763285,1.7555349,150.2763285,1.7555349,0.000,-1,F277W,22.89,2,1.067,22.89,v04_diff_candidate,30.07,29.73,27.60,27.47,-1,-1,-1,-1,6.27,11.14,22.89,16.02,0.00,0.00,0.00,0.00,1.0674,-1,0.00,-1,0.00,-1,0.00,,,
cand_00661,20707,JWST,067,A1,101544256,149.8053360,2.2702011,149.8053360,2.2702011,0.000,-1,F277W,22.82,2,1.066,22.82,v04_diff_candidate,28.72,29.14,27.85,27.35,30.40,20.63,20.70,20.51,17.01,14.05,22.82,18.03,1.13,2.74,1.99,2.34,1.0659,23.36,0.71,23.12,0.69,23.49,0.47,,,
cand_00662,237016,JWST,043,A7,101542816,149.8417727,1.9550082,149.8417727,1.9550082,0.000,-1,F277W,22.70,2,1.063,22.70,v04_diff_candidate,30.16,29.72,27.66,27.66,-1,-1,22.07,21.77,5.94,8.56,22.70,15.49,-0.39,-0.08,0.84,0.87,1.0632,22.05,3.69,24.41,0.33,23.32,0.82,,,
cand_00663,259515,JWST,042,A7,101542816,149.8986260,1.8877180,149.8986260,1.8877180,0.000,-1,F277W,22.55,2,1.060,22.55,v04_diff_candidate,29.93,29.54,27.62,27.72,-1,-1,-1,-1,6.13,16.16,22.55,13.83,0.00,0.00,0.00,0.00,1.0599,-1,0.00,-1,0.00,-1,0.00,,,
cand_00664,236206,JWST,042,A7,101542816,149.9085942,1.9245934,149.9085942,1.9245934,0.000,-1,F277W,22.22,2,1.053,22.22,v04_diff_candidate,29.81,29.51,27.72,27.48,29.21,-1,20.25,-1,9.12,15.98,22.22,18.28,1.40,-0.93,3.28,-3.76,1.0526,22.72,1.40,21.44,3.70,-1,-0.86,,,
cand_00665,433670,JWST,089,B2,101545697,150.1428673,2.4903475,150.1428673,2.4903475,0.000,-1,F277W,22.08,2,1.049,22.08,v04_diff_candidate,30.13,28.82,27.37,27.36,29.39,19.75,19.48,19.04,10.30,18.18,22.08,13.74,2.01,3.43,3.19,5.30,1.0495,22.52,0.83,22.21,0.76,22.00,1.07,,,
cand_00666,217549,JWST,056,A6,101542815,149.6920481,1.9607972,149.6920481,1.9607972,0.000,-1,F277W,21.98,2,1.047,21.98,v04_diff_candidate,29.29,29.21,27.63,27.82,-1,-1,-1,-1,18.83,18.16,21.98,10.15,0.00,0.00,0.00,0.00,1.0472,-1,0.00,-1,0.00,-1,0.00,,,
cand_00667,310829,JWST,029,A9,101541378,150.2000084,1.7723429,150.2000084,1.7723429,0.000,-1,F444W,21.84,2,1.044,21.84,v04_diff_candidate,29.21,28.84,27.26,27.04,-1,-1,-1,-1,18.40,15.15,19.32,21.84,0.00,0.00,0.00,0.00,1.0440,-1,0.00,-1,0.00,-1,0.00,,,
cand_00668,229522,JWST,043,A7,101542816,149.8652990,1.8925073,149.8652990,1.8925073,0.000,-1,F277W,19.17,2,1.044,19.17,v04_diff_candidate,28.75,28.74,27.78,27.75,-1,-1,-1,-1,21.84,18.83,19.17,14.41,0.00,0.00,0.00,0.00,1.0440,-1,0.00,-1,0.00,-1,0.00,,,
cand_00669,353884,JWST,041,A10,101541378,150.2263180,1.8020864,150.2263180,1.8020864,0.000,-1,F277W,21.61,2,1.039,21.61,v04_diff_candidate,30.43,29.62,27.64,27.50,-1,-1,-1,-1,6.11,11.34,21.61,17.89,0.00,0.00,0.00,0.00,1.0386,-1,0.00,-1,0.00,-1,0.00,,,
cand_00670,85631,JWST,054,A3,101542817,150.0219661,2.0992526,150.0219661,2.0992526,0.000,-1,F277W,20.93,2,1.029,20.93,v04_diff_candidate,28.83,28.91,27.57,27.41,-1,21.24,20.63,20.58,20.95,21.18,20.93,16.37,-0.37,2.06,2.88,2.62,1.0286,23.37,1.10,22.32,2.21,22.72,1.57,,,
cand_00671,337174,JWST,041,A9,101541377,150.1460288,1.7949269,150.1460288,1.7949269,0.000,-1,F277W,20.99,2,1.024,20.99,v04_diff_candidate,30.04,29.33,27.77,27.97,-1,-1,-1,-1,10.57,12.37,20.99,10.84,0.00,0.00,0.00,0.00,1.0241,-1,0.00,-1,0.00,-1,0.00,,,
cand_00672,270677,JWST,042,A7,101541377,149.9330291,1.8677619,149.9330291,1.8677619,0.000,-1,F277W,20.88,2,1.022,20.88,v04_diff_candidate,29.11,29.92,27.71,27.88,-1,-1,-1,-1,19.70,6.12,20.88,12.56,0.00,0.00,0.00,0.00,1.0216,-1,0.00,-1,0.00,-1,0.00,,,
cand_00673,755810,JWST,063,B10,101544258,150.4227607,2.1459034,150.4227607,2.1459034,0.000,-1,F444W,20.70,2,1.017,20.70,v04_diff_candidate,32.28,30.10,27.94,27.38,29.79,21.74,21.24,20.77,1.11,8.74,17.50,20.70,1.74,2.72,3.88,5.48,1.0173,24.44,0.63,24.02,0.83,23.23,1.48,,,
cand_00674,245859,JWST,055,A7,101542816,149.8680795,2.0076568,149.8680795,2.0076568,0.000,-1,F444W,20.69,2,1.017,20.69,v04_diff_candidate,31.46,30.15,27.76,27.57,29.92,18.98,18.77,18.66,2.59,7.74,16.49,20.69,0.46,19.57,17.33,20.33,1.0170,23.48,1.02,23.31,0.89,22.29,2.61,,,
cand_00675,314080,JWST,041,A8,101541377,150.0760732,1.8444872,150.0760732,1.8444872,0.000,-1,F444W,20.62,2,1.015,20.62,v04_diff_candidate,30.65,29.84,27.60,27.58,-1,-1,-1,-1,4.28,12.00,14.35,20.62,0.00,0.00,0.00,0.00,1.0152,-1,0.00,-1,0.00,-1,0.00,,,
cand_00676,230199,JWST,043,A7,101542816,149.8179295,1.9157199,149.8179295,1.9157199,0.000,-1,F277W,20.55,2,1.014,20.55,v04_diff_candidate,30.34,29.65,27.57,27.84,-1,-1,-1,-1,4.82,13.84,20.55,12.61,0.00,0.00,0.00,0.00,1.0136,-1,0.00,-1,0.00,-1,0.00,,,
cand_00677,354778,JWST,028,A10,101541378,150.3020396,1.7818577,150.3020396,1.7818577,0.000,-1,F277W,20.40,2,1.010,20.40,v04_diff_candidate,30.92,29.41,27.59,27.76,-1,-1,-1,-1,3.55,10.24,20.40,13.29,0.00,0.00,0.00,0.00,1.0099,-1,0.00,-1,0.00,-1,0.00,,,
cand_00678,355163,JWST,028,A10,101541378,150.3291124,1.7755819,150.3291124,1.7755819,0.000,-1,F277W,20.38,2,1.009,20.38,v04_diff_candidate,31.07,29.27,27.22,27.30,-1,-1,-1,-1,1.54,12.11,20.38,14.52,0.00,0.00,0.00,0.00,1.0094,-1,0.00,-1,0.00,-1,0.00,,,
cand_00679,39018,JWST,054,A2,101542817,149.9505057,2.0781364,149.9505057,2.0781364,0.000,-1,F277W,20.37,2,1.009,20.37,v04_diff_candidate,33.77,29.89,27.68,27.70,29.38,21.23,20.96,20.52,0.27,17.34,20.37,13.04,2.82,2.56,2.86,3.97,1.0091,23.49,1.16,22.84,1.87,22.76,2.09,,,
cand_00680,20243,JWST,067,A1,101544256,149.7959276,2.2702614,149.7959276,2.2702614,0.000,-1,F444W,20.32,2,1.008,20.32,v04_diff_candidate,29.05,29.90,27.92,27.33,30.88,-1,21.94,21.86,12.81,10.20,17.43,20.32,1.00,-0.40,4.26,4.51,1.0080,24.61,1.26,24.37,1.35,23.45,2.95,,,
cand_00681,512904,JWST,075,B4,101545698,150.3963990,2.3993206,150.3963990,2.3993206,0.000,-1,F277W,20.32,2,1.008,20.32,v04_diff_candidate,29.19,29.49,27.55,27.37,30.04,19.44,18.92,18.90,14.66,14.69,20.32,13.54,0.32,2.30,3.20,3.64,1.0080,22.46,0.62,22.21,0.64,22.13,0.77,,,
cand_00682,237287,JWST,055,A7,101542816,149.8196837,1.9653974,149.8196837,1.9653974,0.000,-1,F444W,20.30,2,1.007,20.30,v04_diff_candidate,29.49,28.90,27.99,27.43,-1,-1,-1,-1,10.23,18.67,19.47,20.30,-0.44,-2.14,-1.05,-1.96,1.0074,-1,-1.38,-1,-3.97,-1,-0.40,,,
cand_00683,168652,JWST,051,A5,101542818,150.3984677,2.0031450,150.3984677,2.0031450,0.000,-1,F444W,20.11,2,1.003,20.11,v04_diff_candidate,29.25,29.68,27.91,27.36,29.16,20.96,21.09,21.79,13.70,17.84,18.62,20.11,2.87,3.95,2.06,1.02,1.0029,23.17,2.55,24.22,0.62,23.26,1.39,,,
cand_00684,337149,JWST,041,A9,101541377,150.1229814,1.8027778,150.1229814,1.8027778,0.000,-1,F277W,20.09,2,1.002,20.09,v04_diff_candidate,30.23,30.07,27.68,27.93,-1,-1,-1,-1,6.61,12.73,20.09,10.81,0.00,0.00,0.00,0.00,1.0022,-1,0.00,-1,0.00,-1,0.00,,,
cand_00685,348798,JWST,028,A10,101541378,150.3150545,1.7315571,150.3150545,1.7315571,0.000,-1,F277W,19.99,2,1.000,19.99,v04_diff_candidate,28.53,28.47,26.03,25.76,-1,-1,-1,-1,18.17,13.85,19.99,7.37,0.00,0.00,0.00,0.00,0.9998,-1,0.00,-1,0.00,-1,0.00,,,
cand_00686,229756,JWST,043,A7,101542816,149.8703720,1.8925641,149.8703720,1.8925641,0.000,-1,F444W,12.86,2,0.985,12.86,v04_diff_candidate,29.20,28.66,27.82,27.76,-1,-1,-1,-1,14.80,19.41,12.69,12.86,0.00,0.00,0.00,0.00,0.9849,-1,0.00,-1,0.00,-1,0.00,,,
cand_00687,311545,JWST,041,A9,101541377,150.1449266,1.7994280,150.1449266,1.7994280,0.000,-1,F277W,18.99,2,0.974,18.99,v04_diff_candidate,29.45,29.17,27.53,27.40,-1,-1,-1,-1,7.80,12.28,18.99,12.39,0.00,0.00,0.00,0.00,0.9742,-1,0.00,-1,0.00,-1,0.00,,,
cand_00688,70257,EUCLID-NISP,066,A2,101544256,149.9379314,2.1335744,149.9379314,2.1335744,0.000,-1,J,7.11,2,0.974,7.11,v04_diff_candidate,28.37,30.61,-1,-1,-1,21.86,21.54,-1,18.98,3.72,-2.61,-0.95,-1.48,5.84,7.11,-0.24,0.9738,24.65,1.51,24.18,2.07,-1,-2.16,,,
cand_00689,259658,JWST,043,A6,101542816,149.7989042,1.9263933,149.7989042,1.9263933,0.000,-1,F444W,18.86,2,0.971,18.86,v04_diff_candidate,30.03,30.09,27.85,27.36,-1,-1,-1,-1,6.59,5.84,18.83,18.86,0.00,0.00,0.00,0.00,0.9706,-1,0.00,-1,0.00,-1,0.00,,,
cand_00690,348344,JWST,028,A10,101541378,150.2782183,1.7410443,150.2782183,1.7410443,0.000,-1,F277W,16.76,2,0.970,16.76,v04_diff_candidate,29.56,28.94,27.63,27.82,-1,-1,-1,-1,8.48,18.83,16.76,8.83,0.00,0.00,0.00,0.00,0.9699,-1,0.00,-1,0.00,-1,0.00,,,
cand_00691,314263,JWST,041,A9,101541377,150.1664389,1.8126890,150.1664389,1.8126890,0.000,-1,F277W,18.66,2,0.965,18.66,v04_diff_candidate,29.74,29.84,27.15,27.12,-1,-1,-1,-1,9.86,8.24,18.66,14.19,0.00,0.00,0.00,0.00,0.9653,-1,0.00,-1,0.00,-1,0.00,,,
cand_00692,352480,JWST,028,A10,101541378,150.3145577,1.7601094,150.3145577,1.7601094,0.000,-1,F277W,18.55,2,0.962,18.55,v04_diff_candidate,29.90,29.54,26.80,27.50,-1,-1,-1,-1,5.80,8.17,18.55,12.84,0.00,0.00,0.00,0.00,0.9623,-1,0.00,-1,0.00,-1,0.00,,,
cand_00693,146837,EUCLID-NISP,053,A4,101542818,150.2045666,1.9991108,150.2045666,1.9991108,0.000,-1,H,7.32,2,0.954,7.32,v04_diff_candidate,29.50,29.55,28.75,30.16,-1,21.90,22.21,21.44,15.91,18.23,10.01,2.03,-1.06,5.63,3.71,7.32,0.9538,24.14,2.31,24.07,2.07,23.11,5.25,,,
cand_00694,232732,JWST,043,A7,101542816,149.8646657,1.9174675,149.8646657,1.9174675,0.000,-1,F277W,18.15,2,0.952,18.15,v04_diff_candidate,29.41,29.74,27.69,27.69,-1,-1,-1,-1,16.98,14.64,18.15,17.61,0.00,0.00,0.00,0.00,0.9516,-1,0.00,-1,0.00,-1,0.00,,,
cand_00695,356232,JWST,040,A10,101541378,150.2939985,1.7978091,150.2939985,1.7978091,0.000,-1,F277W,18.08,2,0.950,18.08,v04_diff_candidate,29.87,29.65,27.82,27.94,-1,-1,-1,-1,3.95,5.27,18.08,12.00,0.00,0.00,0.00,0.00,0.9497,-1,0.00,-1,0.00,-1,0.00,,,
cand_00696,188886,JWST,056,A6,101542815,149.6844680,1.9603809,149.6844680,1.9603809,0.000,-1,F444W,17.66,2,0.938,17.66,v04_diff_candidate,29.74,29.35,27.94,27.34,-1,-1,-1,-1,9.61,8.81,17.35,17.66,0.00,0.00,0.00,0.00,0.9378,-1,0.00,-1,0.00,-1,0.00,,,
cand_00697,230098,JWST,043,A7,101542816,149.8757343,1.8937903,149.8757343,1.8937903,0.000,-1,F277W,17.38,2,0.930,17.38,v04_diff_candidate,29.48,29.24,27.74,27.82,-1,-1,-1,-1,13.87,13.87,17.38,13.10,0.00,0.00,0.00,0.00,0.9299,-1,0.00,-1,0.00,-1,0.00,,,
cand_00698,271723,JWST,042,A8,101541377,149.9421917,1.8746980,149.9421917,1.8746980,0.000,-1,F444W,17.36,2,0.929,17.36,v04_diff_candidate,29.87,29.63,27.72,27.13,-1,-1,-1,-1,11.62,10.37,16.33,17.36,0.00,0.00,0.00,0.00,0.9294,-1,0.00,-1,0.00,-1,0.00,,,
cand_00699,360009,JWST,040,A10,101541378,150.2635373,1.8394266,150.2635373,1.8394266,0.000,-1,F277W,16.33,2,0.926,16.33,v04_diff_candidate,29.39,29.45,27.14,27.52,-1,26.53,19.57,19.33,14.95,17.25,16.33,11.59,-0.40,0.01,3.11,2.92,0.9262,-1,-0.72,22.72,0.56,23.71,0.19,,,
cand_00700,111277,EUCLID-NISP,054,A3,101542817,150.0497318,2.1209855,150.0497318,2.1209855,0.000,-1,H,11.39,2,0.920,11.39,v04_diff_candidate,29.08,28.96,28.58,28.77,29.84,21.86,22.41,21.08,16.34,17.05,10.49,5.27,2.26,5.66,3.04,11.39,0.9204,-1,-0.49,24.05,2.20,23.07,6.78,,,
cand_00701,398055,JWST,090,B1,101545696,149.9293183,2.5823778,149.9293183,2.5823778,0.000,-1,F277W,16.99,2,0.919,16.99,v04_diff_candidate,29.82,30.38,27.71,27.53,-1,-1,21.88,22.13,4.82,3.56,16.99,11.72,-0.07,-1.39,3.88,3.41,0.9186,-1,-1.47,23.16,4.56,-1,-1.03,,,
cand_00702,229334,JWST,043,A7,101542816,149.8040796,1.9132442,149.8040796,1.9132442,0.000,-1,F277W,16.95,2,0.917,16.95,v04_diff_candidate,29.93,29.51,27.10,27.09,-1,-1,-1,-1,4.68,5.21,16.95,16.31,0.00,0.00,0.00,0.00,0.9174,-1,0.00,-1,0.00,-1,0.00,,,
cand_00703,300022,JWST,042,A8,101541377,150.0168837,1.8764117,150.0168837,1.8764117,0.000,-1,F277W,16.81,2,0.913,16.81,v04_diff_candidate,-1,-1,27.68,27.67,-1,-1,-1,-1,-1.32,-5.52,16.81,11.64,0.00,0.00,0.00,0.00,0.9133,-1,0.00,-1,0.00,-1,0.00,,,
cand_00704,271493,JWST,042,A7,101541377,149.9353783,1.8743951,149.9353783,1.8743951,0.000,-1,F277W,16.70,2,0.910,16.70,v04_diff_candidate,29.02,29.07,27.36,27.26,-1,-1,-1,-1,12.32,8.84,16.70,10.46,0.00,0.00,0.00,0.00,0.9100,-1,0.00,-1,0.00,-1,0.00,,,
cand_00705,271079,JWST,042,A8,101541377,150.0201010,1.8400448,150.0201010,1.8400448,0.000,-1,F277W,16.33,2,0.899,16.33,v04_diff_candidate,30.19,29.28,27.63,27.50,-1,-1,-1,-1,7.07,11.74,16.33,13.74,0.00,0.00,0.00,0.00,0.8991,-1,0.00,-1,0.00,-1,0.00,,,
cand_00706,353775,JWST,028,A10,101541378,150.2802436,1.7814851,150.2802436,1.7814851,0.000,-1,F277W,15.41,2,0.870,15.41,v04_diff_candidate,29.87,29.49,27.02,27.17,-1,-1,-1,-1,6.34,6.80,15.41,14.41,0.00,0.00,0.00,0.00,0.8704,-1,0.00,-1,0.00,-1,0.00,,,
cand_00707,378957,JWST,040,A10,101541378,150.3419841,1.8171689,150.3419841,1.8171689,0.000,-1,F277W,15.18,2,0.863,15.18,v04_diff_candidate,29.32,28.90,27.80,27.67,29.70,-1,23.73,19.61,9.25,11.77,15.18,11.34,0.50,-2.79,0.15,6.52,0.8630,-1,-2.24,-1,-1.66,21.48,4.22,,,
cand_00708,348618,JWST,028,A10,101541378,150.3112103,1.7314180,150.3112103,1.7314180,0.000,-1,F277W,14.89,2,0.855,14.89,v04_diff_candidate,29.91,29.48,27.53,27.51,-1,-1,-1,-1,5.14,14.95,14.89,14.21,0.00,0.00,0.00,0.00,0.8555,-1,0.00,-1,0.00,-1,0.00,,,
cand_00709,349861,JWST,029,A10,101541378,150.2170285,1.7771991,150.2170285,1.7771991,0.000,-1,F444W,11.87,2,0.825,11.87,v04_diff_candidate,28.87,28.88,26.66,26.61,-1,-1,-1,-1,14.04,12.39,10.71,11.87,0.00,0.00,0.00,0.00,0.8251,-1,0.00,-1,0.00,-1,0.00,,,
cand_00710,696795,EUCLID-NISP,065,B8,101544257,150.2108049,2.2295125,150.2108049,2.2295125,0.000,-1,H,11.99,2,0.819,11.99,v04_diff_candidate,-1,30.47,28.56,-1,29.42,22.03,21.53,21.07,-6.29,5.35,13.86,-1.32,3.09,4.13,6.26,11.99,0.8188,23.69,3.11,-1,-2.87,24.48,1.62,,,
cand_00711,314110,JWST,041,A9,101541377,150.1733403,1.8089246,150.1733403,1.8089246,0.000,-1,F444W,13.76,2,0.815,13.76,v04_diff_candidate,29.99,29.18,26.37,25.82,-1,-1,-1,-1,7.98,5.52,11.95,13.76,0.00,0.00,0.00,0.00,0.8153,-1,0.00,-1,0.00,-1,0.00,,,
cand_00712,353967,JWST,028,A10,101541378,150.2973243,1.7769190,150.2973243,1.7769190,0.000,-1,F277W,6.58,2,0.711,6.58,v04_diff_candidate,29.40,29.77,27.22,27.34,-1,-1,-1,-1,11.03,6.93,6.58,5.83,0.00,0.00,0.00,0.00,0.7109,-1,0.00,-1,0.00,-1,0.00,,,
