mission,filter,tile_id,path,file_format,naxis1,naxis2,pixscale_mas,ra_min,ra_max,dec_min,dec_max,corners_ra,corners_dec,coverage_mask_path,n_pix_total,n_pix_observed,n_pix_after_erosion
HST,F814W,A10,/Volumes/exdisk1/data/HST/COSMOS_ACS2005/mosaic_cosmos_web_2023apr_30mas_tile_A10_hst_acs_wfc_f814w_drz.fits,separate_sci_wht_err,19200,24910,29.99999999999975,150.19627860994615,150.4177403374616,1.7077106650773648,1.95748401478021,"[150.34667870604716, 150.19627860994615, 150.26732441566188, 150.4177403374616]","[1.7077106650773648, 1.7624394946356927, 1.95748401478021, 1.9027453511530932]",/Users/suzuki/github/projects_cosmos/csvfiles_star/v04/coverage/HST_F814W_A10.fits.gz,478272000,478270331,477242763
HST,F814W,A1,/Volumes/exdisk1/data/HST/COSMOS_ACS2005/mosaic_cosmos_web_2023apr_30mas_tile_A1_hst_acs_wfc_f814w_drz.fits,separate_sci_wht_err,19200,24910,29.99999999999975,149.7198684312791,149.94133840710182,2.0856668828091376,2.3354251206511734,"[149.87032051647407, 149.7198684312791, 149.79086738186626, 149.94133840710182]","[2.0856668828091376, 2.140355138120514, 2.3354251206511734, 2.2807319534632136]",/Users/suzuki/github/projects_cosmos/csvfiles_star/v04/coverage/HST_F814W_A1.fits.gz,478272000,478263575,477154379
HST,F814W,A2,/Volumes/exdisk1/data/HST/COSMOS_ACS2005/mosaic_cosmos_web_2023apr_30mas_tile_A2_hst_acs_wfc_f814w_drz.fits,separate_sci_wht_err,19200,24910,29.99999999999975,149.85543939696583,150.07691879661863,2.036374703540957,2.2861424971185635,"[150.00588468003608, 149.85543939696583, 149.92645545793923, 150.07691879661863]","[2.036374703540957, 2.0910768806788473, 2.2861424971185635, 2.231434196106571]",/Users/suzuki/github/projects_cosmos/csvfiles_star/v04/coverage/HST_F814W_A2.fits.gz,478272000,478261120,477130489
HST,F814W,A3,/Volumes/exdisk1/data/HST/COSMOS_ACS2005/mosaic_cosmos_web_2023apr_30mas_tile_A3_hst_acs_wfc_f814w_drz.fits,separate_sci_wht_err,19200,24910,29.99999999999975,149.99100431662018,150.2124906588673,1.9870709292881175,2.2368461872506997,"[150.14144111372102, 149.99100431662018, 150.0620366910527, 150.2124906588673]","[1.9870709292881175, 2.041786029033335, 2.2368461872506997, 2.1821237519437626]",/Users/suzuki/github/projects_cosmos/csvfiles_star/v04/coverage/HST_F814W_A3.fits.gz,478272000,478203874,476964349
HST,F814W,A4,/Volumes/exdisk1/data/HST/COSMOS_ACS2005/mosaic_cosmos_web_2023apr_30mas_tile_A4_hst_acs_wfc_f814w_drz.fits,separate_sci_wht_err,19200,24910,29.99999999999975,150.12656167292266,150.34805247673683,1.9377564610672233,2.1875370916742938,"[150.27698830077932, 150.12656167292266, 150.1976095634662, 150.34805247673683]","[1.9377564610672233, 1.9924834835344567, 2.1875370916742938, 2.13280152232863]",/Users/suzuki/github/projects_cosmos/csvfiles_star/v04/coverage/HST_F814W_A4.fits.gz,478272000,478260476,477163315
HST,F814W,A5,/Volumes/exdisk1/data/HST/COSMOS_ACS2005/mosaic_cosmos_web_2023apr_30mas_tile_A5_hst_acs_wfc_f814w_drz.fits,separate_sci_wht_err,19200,24910,29.99999999999975,150.2621099490618,150.4836027337908,1.8884322004081768,2.13821611167579,"[150.4125247250824, 150.2621099490618, 150.33317255800088, 150.4836027337908]","[1.8884322004081768, 1.9431701451374568, 2.13821611167579, 2.083468409183219]",/Users/suzuki/github/projects_cosmos/csvfiles_star/v04/coverage/HST_F814W_A5.fits.gz,478272000,478266232,477203008
HST,F814W,A6,/Volumes/exdisk1/data/HST/COSMOS_ACS2005/mosaic_cosmos_web_2023apr_30mas_tile_A6_hst_acs_wfc_f814w_drz.fits,separate_sci_wht_err,19200,24910,29.99999999999975,149.65409755274575,149.87553166071146,1.9049183391366178,2.1546707802954272,"[149.80453167974835, 149.65409755274575, 149.72507817000968, 149.87553166071146]","[1.9049183391366178, 1.9596019698471507, 2.1546707802954272, 2.0999821617287893]",/Users/suzuki/github/projects_cosmos/csvfiles_star/v04/coverage/HST_F814W_A6.fits.gz,478272000,478268135,477163866
HST,F814W,A7,/Volumes/exdisk1/data/HST/COSMOS_ACS2005/mosaic_cosmos_web_2023apr_30mas_tile_A7_hst_acs_wfc_f814w_drz.fits,separate_sci_wht_err,19200,24910,29.99999999999975,149.78965229601744,150.01109702908423,1.8556313946327687,2.1053921999280165,"[149.9400804398324, 149.78965229601744, 149.8606504053908, 150.01109702908423]","[1.8556313946327687, 1.910327824030328, 2.1053921999280165, 2.0506895705852553]",/Users/suzuki/github/projects_cosmos/csvfiles_star/v04/coverage/HST_F814W_A7.fits.gz,478272000,478249304,477165310
HST,F814W,A8,/Volumes/exdisk1/data/HST/COSMOS_ACS2005/mosaic_cosmos_web_2023apr_30mas_tile_A8_hst_acs_wfc_f814w_drz.fits,separate_sci_wht_err,19200,24910,29.99999999999975,149.92520173116802,150.14665460908068,1.806333866912358,2.0561009452042205,"[150.07562220840816, 149.92520173116802, 149.99621653627545, 150.14665460908068]","[1.806333866912358, 1.8610420960713685, 2.0561009452042205, 2.0013853043275294]",/Users/suzuki/github/projects_cosmos/csvfiles_star/v04/coverage/HST_F814W_A8.fits.gz,478272000,478269188,477211567
HST,F814W,A9,/Volumes/exdisk1/data/HST/COSMOS_ACS2005/mosaic_cosmos_web_2023apr_30mas_tile_A9_hst_acs_wfc_f814w_drz.fits,separate_sci_wht_err,19200,24910,29.99999999999975,150.060744341293,150.28220288392387,1.7570266566736685,2.0067979164950267,"[150.2111554690859, 150.060744341293, 150.13177504531228, 150.28220288392387]","[1.7570266566736685, 1.8117456860590093, 2.0067979164950267, 1.9520702639971712]",/Users/suzuki/github/projects_cosmos/csvfiles_star/v04/coverage/HST_F814W_A9.fits.gz,478272000,478270467,477229461
HST,F814W,B10,/Volumes/exdisk1/data/HST/COSMOS_ACS2005/mosaic_cosmos_web_2024jan_30mas_tile_B10_hst_acs_wfc_f814w_drz.fits,separate_sci_wht_err,19200,24910,29.999999999999716,150.3279568649288,150.5494801299735,2.069155317459643,2.3189450653277492,"[150.4783859262129, 150.3279568649288, 150.3990360952696, 150.5494801299735]","[2.069155317459643, 2.1239023066648293, 2.3189450653277492, 2.2641883949533477]",/Users/suzuki/github/projects_cosmos/csvfiles_star/v04/coverage/HST_F814W_B10.fits.gz,478272000,477195104,477195104
HST,F814W,B1,/Volumes/exdisk1/data/HST/COSMOS_ACS2005/mosaic_cosmos_web_2024jan_30mas_tile_B1_hst_acs_wfc_f814w_drz.fits,separate_sci_wht_err,19200,24910,29.999999999999716,149.851461004901,150.07300099610117,2.44716363899613,2.6969192958678105,"[150.00194782839066, 149.851461004901, 149.9224960813056, 150.07300099610117]","[2.44716363899613, 2.501860932377267, 2.6969192958678105, 2.6422172422785875]",/Users/suzuki/github/projects_cosmos/csvfiles_star/v04/coverage/HST_F814W_B1.fits.gz,478272000,477143589,477143589
HST,F814W,B2,/Volumes/exdisk1/data/HST/COSMOS_ACS2005/mosaic_cosmos_web_2024jan_30mas_tile_B2_hst_acs_wfc_f814w_drz.fits,separate_sci_wht_err,19200,24910,29.999999999999716,149.98706335393913,150.2086103635022,2.3978611807643104,2.6476287759604964,"[150.13754173574335, 149.98706335393913, 150.0581147760042, 150.2086103635022]","[2.3978611807643104, 2.452574641917741, 2.6476287759604964, 2.5929093430734853]",/Users/suzuki/github/projects_cosmos/csvfiles_star/v04/coverage/HST_F814W_B2.fits.gz,478272000,476995477,476995477
HST,F814W,B3,/Volumes/exdisk1/data/HST/COSMOS_ACS2005/mosaic_cosmos_web_2024jan_30mas_tile_B3_hst_acs_wfc_f814w_drz.fits,separate_sci_wht_err,19200,24910,29.999999999999716,150.12265817959866,150.34420972444414,2.3485451042941063,2.5983225463216413,"[150.27312643503734, 150.12265817959866, 150.19372514933033, 150.34420972444414]","[2.3485451042941063, 2.4032737334320387, 2.5983225463216413, 2.5435867342211065]",/Users/suzuki/github/projects_cosmos/csvfiles_star/v04/coverage/HST_F814W_B3.fits.gz,478272000,476975686,476975686
HST,F814W,B4,/Volumes/exdisk1/data/HST/COSMOS_ACS2005/mosaic_cosmos_web_2024jan_30mas_tile_B4_hst_acs_wfc_f814w_drz.fits,separate_sci_wht_err,19200,24910,29.999999999999716,150.25824396380185,150.47979756122,2.29921631122194,2.5490015080726183,"[150.4087004088753, 150.25824396380185, 150.32932568283704, 150.47979756122]","[2.29921631122194, 2.353959107777473, 2.5490015080726183, 2.494250317682925]",/Users/suzuki/github/projects_cosmos/csvfiles_star/v04/coverage/HST_F814W_B4.fits.gz,478272000,477266816,477266816
HST,F814W,B5,/Volumes/exdisk1/data/HST/COSMOS_ACS2005/mosaic_cosmos_web_2024jan_30mas_tile_B5_hst_acs_wfc_f814w_drz.fits,separate_sci_wht_err,19200,24910,29.999999999999716,150.39381918907853,150.6153723568971,2.2498757037992574,2.49966656309637,"[150.54426214058037, 150.39381918907853, 150.46491485873852, 150.6153723568971]","[2.2498757037992574, 2.3046316665178566, 2.49966656309637, 2.444900996090326]",/Users/suzuki/github/projects_cosmos/csvfiles_star/v04/coverage/HST_F814W_B5.fits.gz,478272000,477210703,477210703
HST,F814W,B6,/Volumes/exdisk1/data/HST/COSMOS_ACS2005/mosaic_cosmos_web_2024jan_30mas_tile_B6_hst_acs_wfc_f814w_drz.fits,separate_sci_wht_err,19200,24910,29.999999999999716,149.78565630431362,150.00716157478698,2.266416753739555,2.5161760634349686,"[149.93612595515094, 149.78565630431362, 149.85667340804227, 150.00716157478698]","[2.266416753739555, 2.3211095632446415, 2.5161760634349686, 2.461478417936237]",/Users/suzuki/github/projects_cosmos/csvfiles_star/v04/coverage/HST_F814W_B6.fits.gz,478272000,477144905,477144905
HST,F814W,B7,/Volumes/exdisk1/data/HST/COSMOS_ACS2005/mosaic_cosmos_web_2024jan_30mas_tile_B7_hst_acs_wfc_f814w_drz.fits,separate_sci_wht_err,19200,24910,29.999999999999716,149.92124313872156,150.14275663077282,2.217119403227312,2.4668894600843254,"[150.07170516793067, 149.92124313872156, 149.99227697068486, 150.14275663077282]","[2.217119403227312, 2.2718272576170837, 2.4668894600843254, 2.412175557891261]",/Users/suzuki/github/projects_cosmos/csvfiles_star/v04/coverage/HST_F814W_B7.fits.gz,478272000,476816076,476816076
HST,F814W,B8,/Volumes/exdisk1/data/HST/COSMOS_ACS2005/mosaic_cosmos_web_2024jan_30mas_tile_B8_hst_acs_wfc_f814w_drz.fits,separate_sci_wht_err,19200,24910,29.999999999999716,150.05682318867414,150.27834242012577,2.1678094460296733,2.4175881585798993,"[150.20727591197942, 150.05682318867414, 150.12787295140552, 150.27834242012577]","[2.1678094460296733, 2.2225313457975324, 2.4175881585798993, 2.362858999502295]",/Users/suzuki/github/projects_cosmos/csvfiles_star/v04/coverage/HST_F814W_B8.fits.gz,478272000,476927625,476927625
HST,F814W,B9,/Volumes/exdisk1/data/HST/COSMOS_ACS2005/mosaic_cosmos_web_2024jan_30mas_tile_B9_hst_acs_wfc_f814w_drz.fits,separate_sci_wht_err,19200,24910,29.999999999999716,150.19239493646083,150.41391742542487,2.1184877834759575,2.368273059798538,"[150.34283667021174, 150.19239493646083, 150.26345983209853, 150.41391742542487]","[2.1184877834759575, 2.1732227283926657, 2.368273059798538, 2.3135296444298015]",/Users/suzuki/github/projects_cosmos/csvfiles_star/v04/coverage/HST_F814W_B9.fits.gz,478272000,477186584,477186584
JWST,F115W,A1,/Volumes/exdisk1/data/JWST/COSMOS_v0.8/mosaic_nircam_f115w_COSMOS-Web_30mas_A1_v1.0_i2d.fits,multi_extension,19200,24910,29.999999999999936,149.7198684312791,149.94133840710182,2.0856668828091385,2.3354251206511734,"[149.87032051647407, 149.7198684312791, 149.79086738186626, 149.94133840710182]","[2.0856668828091385, 2.140355138120515, 2.3354251206511734, 2.280731953463213]",/Users/suzuki/github/projects_cosmos/csvfiles_star/v04/coverage/JWST_F115W_A1.fits.gz,478272000,461201833,461201833
JWST,F115W,A3,/Volumes/exdisk1/data/JWST/COSMOS_v0.8/mosaic_nircam_f115w_COSMOS-Web_30mas_A3_v1.0_i2d.fits,multi_extension,19200,24910,29.999999999999936,149.99100431662018,150.2124906588673,1.9870709292881175,2.2368461872506997,"[150.14144111372102, 149.99100431662018, 150.0620366910527, 150.2124906588673]","[1.9870709292881175, 2.0417860290333354, 2.2368461872506997, 2.1821237519437626]",/Users/suzuki/github/projects_cosmos/csvfiles_star/v04/coverage/JWST_F115W_A3.fits.gz,478272000,477225746,477225746
JWST,F115W,A4,/Volumes/exdisk1/data/JWST/COSMOS_v0.8/mosaic_nircam_f115w_COSMOS-Web_30mas_A4_v1.0_i2d.fits,multi_extension,19200,24910,29.999999999999936,150.12656167292266,150.34805247673683,1.9377564610672238,2.1875370916742938,"[150.27698830077932, 150.12656167292266, 150.1976095634662, 150.34805247673683]","[1.9377564610672238, 1.9924834835344567, 2.1875370916742938, 2.13280152232863]",/Users/suzuki/github/projects_cosmos/csvfiles_star/v04/coverage/JWST_F115W_A4.fits.gz,478272000,476965418,476965418
JWST,F115W,A5,/Volumes/exdisk1/data/JWST/COSMOS_v0.8/mosaic_nircam_f115w_COSMOS-Web_30mas_A5_v1.0_i2d.fits,multi_extension,19200,24910,29.999999999999936,150.2621099490618,150.4836027337908,1.8884322004081782,2.13821611167579,"[150.4125247250824, 150.2621099490618, 150.33317255800088, 150.4836027337908]","[1.8884322004081782, 1.9431701451374574, 2.13821611167579, 2.083468409183219]",/Users/suzuki/github/projects_cosmos/csvfiles_star/v04/coverage/JWST_F115W_A5.fits.gz,478272000,360228068,360228068
JWST,F115W,A6,/Volumes/exdisk1/data/JWST/COSMOS_v0.8/mosaic_nircam_f115w_COSMOS-Web_30mas_A6_v1.0_i2d.fits,multi_extension,19200,24910,29.999999999999936,149.65409755274575,149.87553166071146,1.904918339136619,2.1546707802954277,"[149.80453167974835, 149.65409755274575, 149.72507817000968, 149.87553166071146]","[1.904918339136619, 1.959601969847152, 2.1546707802954277, 2.09998216172879]",/Users/suzuki/github/projects_cosmos/csvfiles_star/v04/coverage/JWST_F115W_A6.fits.gz,478272000,446843309,446843309
JWST,F115W,A7,/Volumes/exdisk1/data/JWST/COSMOS_v0.8/mosaic_nircam_f115w_COSMOS-Web_30mas_A7_v1.0_i2d.fits,multi_extension,19200,24910,29.999999999999936,149.78965229601744,150.01109702908423,1.8556313946327687,2.105392199928017,"[149.9400804398324, 149.78965229601744, 149.8606504053908, 150.01109702908423]","[1.8556313946327687, 1.910327824030329, 2.105392199928017, 2.0506895705852557]",/Users/suzuki/github/projects_cosmos/csvfiles_star/v04/coverage/JWST_F115W_A7.fits.gz,478272000,462513445,462513445
JWST,F115W,A8,/Volumes/exdisk1/data/JWST/COSMOS_v0.8/mosaic_nircam_f115w_COSMOS-Web_30mas_A8_v1.0_i2d.fits,multi_extension,19200,24910,29.999999999999936,149.92520173116802,150.14665460908068,1.806333866912358,2.0561009452042205,"[150.07562220840816, 149.92520173116802, 149.99621653627545, 150.14665460908068]","[1.806333866912358, 1.8610420960713687, 2.0561009452042205, 2.0013853043275294]",/Users/suzuki/github/projects_cosmos/csvfiles_star/v04/coverage/JWST_F115W_A8.fits.gz,478272000,462865983,462865983
JWST,F115W,A9,/Volumes/exdisk1/data/JWST/COSMOS_v0.8/mosaic_nircam_f115w_COSMOS-Web_30mas_A9_v1.0_i2d.fits,multi_extension,19200,24910,29.999999999999936,150.060744341293,150.28220288392387,1.7570266566736688,2.0067979164950267,"[150.2111554690859, 150.060744341293, 150.13177504531228, 150.28220288392387]","[1.7570266566736688, 1.8117456860590093, 2.0067979164950267, 1.952070263997172]",/Users/suzuki/github/projects_cosmos/csvfiles_star/v04/coverage/JWST_F115W_A9.fits.gz,478272000,462825005,462825005
JWST,F115W,B10,/Volumes/exdisk1/data/JWST/COSMOS_v0.8/mosaic_nircam_f115w_COSMOS-Web_30mas_B10_v1.0_i2d.fits,multi_extension,19200,24910,29.999999999999936,150.3279568649288,150.5494801299735,2.069155317459642,2.3189450653277466,"[150.4783859262129, 150.3279568649288, 150.3990360952696, 150.5494801299735]","[2.069155317459642, 2.123902306664829, 2.3189450653277466, 2.2641883949533446]",/Users/suzuki/github/projects_cosmos/csvfiles_star/v04/coverage/JWST_F115W_B10.fits.gz,478272000,358672511,358672511
JWST,F115W,B1,/Volumes/exdisk1/data/JWST/COSMOS_v0.8/mosaic_nircam_f115w_COSMOS-Web_30mas_B1_v1.0_i2d.fits,multi_extension,19200,24910,29.999999999999936,149.851461004901,150.07300099610117,2.44716363899613,2.6969192958678105,"[150.00194782839066, 149.851461004901, 149.9224960813056, 150.07300099610117]","[2.44716363899613, 2.501860932377267, 2.6969192958678105, 2.6422172422785875]",/Users/suzuki/github/projects_cosmos/csvfiles_star/v04/coverage/JWST_F115W_B1.fits.gz,478272000,449573530,449573530
JWST,F115W,B2,/Volumes/exdisk1/data/JWST/COSMOS_v0.8/mosaic_nircam_f115w_COSMOS-Web_30mas_B2_v1.0_i2d.fits,multi_extension,19200,24910,29.999999999999936,149.98706335393913,150.2086103635022,2.3978611807643104,2.6476287759604964,"[150.13754173574335, 149.98706335393913, 150.0581147760042, 150.2086103635022]","[2.3978611807643104, 2.452574641917741, 2.6476287759604964, 2.592909343073485]",/Users/suzuki/github/projects_cosmos/csvfiles_star/v04/coverage/JWST_F115W_B2.fits.gz,478272000,466749766,466749766
JWST,F115W,B3,/Volumes/exdisk1/data/JWST/COSMOS_v0.8/mosaic_nircam_f115w_COSMOS-Web_30mas_B3_v1.0_i2d.fits,multi_extension,19200,24910,29.999999999999936,150.12265817959866,150.34420972444414,2.3485451042941046,2.598322546321641,"[150.27312643503734, 150.12265817959866, 150.19372514933036, 150.34420972444414]","[2.3485451042941046, 2.4032737334320387, 2.598322546321641, 2.5435867342211047]",/Users/suzuki/github/projects_cosmos/csvfiles_star/v04/coverage/JWST_F115W_B3.fits.gz,478272000,466187924,466187924
JWST,F115W,B5,/Volumes/exdisk1/data/JWST/COSMOS_v0.8/mosaic_nircam_f115w_COSMOS-Web_30mas_B5_v1.0_i2d.fits,multi_extension,19200,24910,29.999999999999936,150.39381918907853,150.6153723568971,2.249875703799257,2.499666563096367,"[150.5442621405804, 150.39381918907853, 150.46491485873855, 150.6153723568971]","[2.249875703799257, 2.3046316665178543, 2.499666563096367, 2.4449009960903205]",/Users/suzuki/github/projects_cosmos/csvfiles_star/v04/coverage/JWST_F115W_B5.fits.gz,478272000,352648394,352648394
JWST,F115W,B7,/Volumes/exdisk1/data/JWST/COSMOS_v0.8/mosaic_nircam_f115w_COSMOS-Web_30mas_B7_v1.0_i2d.fits,multi_extension,19200,24910,29.999999999999936,149.92124313872156,150.14275663077282,2.2171194032273127,2.466889460084325,"[150.07170516793067, 149.92124313872156, 149.99227697068486, 150.14275663077282]","[2.2171194032273127, 2.271827257617084, 2.466889460084325, 2.412175557891261]",/Users/suzuki/github/projects_cosmos/csvfiles_star/v04/coverage/JWST_F115W_B7.fits.gz,478272000,476354042,476354042
JWST,F115W,B8,/Volumes/exdisk1/data/JWST/COSMOS_v0.8/mosaic_nircam_f115w_COSMOS-Web_30mas_B8_v1.0_i2d.fits,multi_extension,19200,24910,29.999999999999936,150.05682318867414,150.2783424201258,2.167809446029673,2.4175881585798864,"[150.20727591197942, 150.05682318867414, 150.12787295140552, 150.2783424201258]","[2.167809446029673, 2.2225313457975324, 2.4175881585798864, 2.3628589995022926]",/Users/suzuki/github/projects_cosmos/csvfiles_star/v04/coverage/JWST_F115W_B8.fits.gz,478272000,476699093,476699093
JWST,F115W,B9,/Volumes/exdisk1/data/JWST/COSMOS_v0.8/mosaic_nircam_f115w_COSMOS-Web_30mas_B9_v1.0_i2d.fits,multi_extension,19200,24910,29.999999999999936,150.19239493646083,150.41391742542487,2.118487783475957,2.3682730597985366,"[150.34283667021174, 150.19239493646083, 150.26345983209853, 150.41391742542487]","[2.118487783475957, 2.1732227283926653, 2.3682730597985366, 2.313529644429799]",/Users/suzuki/github/projects_cosmos/csvfiles_star/v04/coverage/JWST_F115W_B9.fits.gz,478272000,475142507,475142507
JWST,F150W,A10,/Volumes/exdisk1/data/JWST/COSMOS_v0.8/mosaic_nircam_f150w_COSMOS-Web_30mas_A10_v1.0_i2d.fits,multi_extension,19200,24910,29.999999999999936,150.19627860994618,150.4177403374616,1.7077106650773655,1.9574840147801997,"[150.34667870604716, 150.19627860994618, 150.26732441566188, 150.4177403374616]","[1.7077106650773655, 1.7624394946356927, 1.9574840147801997, 1.9027453511530938]",/Users/suzuki/github/projects_cosmos/csvfiles_star/v04/coverage/JWST_F150W_A10.fits.gz,478272000,349944441,349944441
JWST,F150W,A1,/Volumes/exdisk1/data/JWST/COSMOS_v0.8/mosaic_nircam_f150w_COSMOS-Web_30mas_A1_v1.0_i2d.fits,multi_extension,19200,24910,29.999999999999936,149.7198684312791,149.94133840710182,2.0856668828091385,2.3354251206511734,"[149.87032051647407, 149.7198684312791, 149.79086738186626, 149.94133840710182]","[2.0856668828091385, 2.140355138120515, 2.3354251206511734, 2.280731953463213]",/Users/suzuki/github/projects_cosmos/csvfiles_star/v04/coverage/JWST_F150W_A1.fits.gz,478272000,461176685,461176685
JWST,F150W,A2,/Volumes/exdisk1/data/JWST/COSMOS_v0.8/mosaic_nircam_f150w_COSMOS-Web_30mas_A2_v1.0_i2d.fits,multi_extension,19200,24910,29.999999999999936,149.85543939696583,150.07691879661863,2.0363747035409574,2.286142497118563,"[150.00588468003608, 149.85543939696583, 149.92645545793923, 150.07691879661863]","[2.0363747035409574, 2.0910768806788482, 2.286142497118563, 2.231434196106571]",/Users/suzuki/github/projects_cosmos/csvfiles_star/v04/coverage/JWST_F150W_A2.fits.gz,478272000,476958183,476958183
JWST,F150W,A3,/Volumes/exdisk1/data/JWST/COSMOS_v0.8/mosaic_nircam_f150w_COSMOS-Web_30mas_A3_v1.0_i2d.fits,multi_extension,19200,24910,29.999999999999936,149.99100431662018,150.2124906588673,1.9870709292881175,2.2368461872506997,"[150.14144111372102, 149.99100431662018, 150.0620366910527, 150.2124906588673]","[1.9870709292881175, 2.0417860290333354, 2.2368461872506997, 2.1821237519437626]",/Users/suzuki/github/projects_cosmos/csvfiles_star/v04/coverage/JWST_F150W_A3.fits.gz,478272000,476939986,476939986
JWST,F150W,A4,/Volumes/exdisk1/data/JWST/COSMOS_v0.8/mosaic_nircam_f150w_COSMOS-Web_30mas_A4_v1.0_i2d.fits,multi_extension,19200,24910,29.999999999999936,150.12656167292266,150.34805247673683,1.9377564610672238,2.1875370916742938,"[150.27698830077932, 150.12656167292266, 150.1976095634662, 150.34805247673683]","[1.9377564610672238, 1.9924834835344567, 2.1875370916742938, 2.13280152232863]",/Users/suzuki/github/projects_cosmos/csvfiles_star/v04/coverage/JWST_F150W_A4.fits.gz,478272000,476978556,476978556
JWST,F150W,A5,/Volumes/exdisk1/data/JWST/COSMOS_v0.8/mosaic_nircam_f150w_COSMOS-Web_30mas_A5_v1.0_i2d.fits,multi_extension,19200,24910,29.999999999999936,150.2621099490618,150.4836027337908,1.8884322004081782,2.13821611167579,"[150.4125247250824, 150.2621099490618, 150.33317255800088, 150.4836027337908]","[1.8884322004081782, 1.9431701451374574, 2.13821611167579, 2.083468409183219]",/Users/suzuki/github/projects_cosmos/csvfiles_star/v04/coverage/JWST_F150W_A5.fits.gz,478272000,360237832,360237832
JWST,F150W,A6,/Volumes/exdisk1/data/JWST/COSMOS_v0.8/mosaic_nircam_f150w_COSMOS-Web_30mas_A6_v1.0_i2d.fits,multi_extension,19200,24910,29.999999999999936,149.65409755274575,149.87553166071146,1.904918339136619,2.1546707802954277,"[149.80453167974835, 149.65409755274575, 149.72507817000968, 149.87553166071146]","[1.904918339136619, 1.959601969847152, 2.1546707802954277, 2.09998216172879]",/Users/suzuki/github/projects_cosmos/csvfiles_star/v04/coverage/JWST_F150W_A6.fits.gz,478272000,446811834,446811834
JWST,F150W,A7,/Volumes/exdisk1/data/JWST/COSMOS_v0.8/mosaic_nircam_f150w_COSMOS-Web_30mas_A7_v1.0_i2d.fits,multi_extension,19200,24910,29.999999999999936,149.78965229601744,150.01109702908423,1.8556313946327687,2.105392199928017,"[149.9400804398324, 149.78965229601744, 149.8606504053908, 150.01109702908423]","[1.8556313946327687, 1.910327824030329, 2.105392199928017, 2.0506895705852557]",/Users/suzuki/github/projects_cosmos/csvfiles_star/v04/coverage/JWST_F150W_A7.fits.gz,478272000,462535430,462535430
JWST,F150W,A8,/Volumes/exdisk1/data/JWST/COSMOS_v0.8/mosaic_nircam_f150w_COSMOS-Web_30mas_A8_v1.0_i2d.fits,multi_extension,19200,24910,29.999999999999936,149.92520173116802,150.14665460908068,1.806333866912358,2.0561009452042205,"[150.07562220840816, 149.92520173116802, 149.99621653627545, 150.14665460908068]","[1.806333866912358, 1.8610420960713687, 2.0561009452042205, 2.0013853043275294]",/Users/suzuki/github/projects_cosmos/csvfiles_star/v04/coverage/JWST_F150W_A8.fits.gz,478272000,462595285,462595285
JWST,F150W,A9,/Volumes/exdisk1/data/JWST/COSMOS_v0.8/mosaic_nircam_f150w_COSMOS-Web_30mas_A9_v1.0_i2d.fits,multi_extension,19200,24910,29.999999999999936,150.060744341293,150.28220288392387,1.7570266566736688,2.0067979164950267,"[150.2111554690859, 150.060744341293, 150.13177504531228, 150.28220288392387]","[1.7570266566736688, 1.8117456860590093, 2.0067979164950267, 1.952070263997172]",/Users/suzuki/github/projects_cosmos/csvfiles_star/v04/coverage/JWST_F150W_A9.fits.gz,478272000,462831007,462831007
JWST,F150W,B10,/Volumes/exdisk1/data/JWST/COSMOS_v0.8/mosaic_nircam_f150w_COSMOS-Web_30mas_B10_v1.0_i2d.fits,multi_extension,19200,24910,29.999999999999936,150.3279568649288,150.5494801299735,2.069155317459642,2.3189450653277466,"[150.4783859262129, 150.3279568649288, 150.3990360952696, 150.5494801299735]","[2.069155317459642, 2.123902306664829, 2.3189450653277466, 2.2641883949533446]",/Users/suzuki/github/projects_cosmos/csvfiles_star/v04/coverage/JWST_F150W_B10.fits.gz,478272000,357645579,357645579
JWST,F150W,B1,/Volumes/exdisk1/data/JWST/COSMOS_v0.8/mosaic_nircam_f150w_COSMOS-Web_30mas_B1_v1.0_i2d.fits,multi_extension,19200,24910,29.999999999999936,149.851461004901,150.07300099610117,2.44716363899613,2.6969192958678105,"[150.00194782839066, 149.851461004901, 149.9224960813056, 150.07300099610117]","[2.44716363899613, 2.501860932377267, 2.6969192958678105, 2.6422172422785875]",/Users/suzuki/github/projects_cosmos/csvfiles_star/v04/coverage/JWST_F150W_B1.fits.gz,478272000,449564214,449564214
JWST,F150W,B2,/Volumes/exdisk1/data/JWST/COSMOS_v0.8/mosaic_nircam_f150w_COSMOS-Web_30mas_B2_v1.0_i2d.fits,multi_extension,19200,24910,29.999999999999936,149.98706335393913,150.2086103635022,2.3978611807643104,2.6476287759604964,"[150.13754173574335, 149.98706335393913, 150.0581147760042, 150.2086103635022]","[2.3978611807643104, 2.452574641917741, 2.6476287759604964, 2.592909343073485]",/Users/suzuki/github/projects_cosmos/csvfiles_star/v04/coverage/JWST_F150W_B2.fits.gz,478272000,464708829,464708829
JWST,F150W,B3,/Volumes/exdisk1/data/JWST/COSMOS_v0.8/mosaic_nircam_f150w_COSMOS-Web_30mas_B3_v1.0_i2d.fits,multi_extension,19200,24910,29.999999999999936,150.12265817959866,150.34420972444414,2.3485451042941046,2.598322546321641,"[150.27312643503734, 150.12265817959866, 150.19372514933036, 150.34420972444414]","[2.3485451042941046, 2.4032737334320387, 2.598322546321641, 2.5435867342211047]",/Users/suzuki/github/projects_cosmos/csvfiles_star/v04/coverage/JWST_F150W_B3.fits.gz,478272000,463921726,463921726
JWST,F150W,B4,/Volumes/exdisk1/data/JWST/COSMOS_v0.8/mosaic_nircam_f150w_COSMOS-Web_30mas_B4_v1.0_i2d.fits,multi_extension,19200,24910,29.999999999999936,150.25824396380185,150.47979756122,2.2992163112219375,2.549001508072617,"[150.4087004088753, 150.25824396380185, 150.32932568283704, 150.47979756122]","[2.2992163112219375, 2.353959107777471, 2.549001508072617, 2.4942503176829214]",/Users/suzuki/github/projects_cosmos/csvfiles_star/v04/coverage/JWST_F150W_B4.fits.gz,478272000,466837506,466837506
JWST,F150W,B5,/Volumes/exdisk1/data/JWST/COSMOS_v0.8/mosaic_nircam_f150w_COSMOS-Web_30mas_B5_v1.0_i2d.fits,multi_extension,19200,24910,29.999999999999936,150.39381918907853,150.6153723568971,2.249875703799257,2.499666563096367,"[150.5442621405804, 150.39381918907853, 150.46491485873855, 150.6153723568971]","[2.249875703799257, 2.3046316665178543, 2.499666563096367, 2.4449009960903205]",/Users/suzuki/github/projects_cosmos/csvfiles_star/v04/coverage/JWST_F150W_B5.fits.gz,478272000,352533666,352533666
JWST,F150W,B6,/Volumes/exdisk1/data/JWST/COSMOS_v0.8/mosaic_nircam_f150w_COSMOS-Web_30mas_B6_v1.0_i2d.fits,multi_extension,19200,24910,29.999999999999936,149.78565630431362,150.00716157478698,2.2664167537395556,2.516176063434968,"[149.93612595515094, 149.78565630431362, 149.85667340804227, 150.00716157478698]","[2.2664167537395556, 2.321109563244642, 2.516176063434968, 2.4614784179362363]",/Users/suzuki/github/projects_cosmos/csvfiles_star/v04/coverage/JWST_F150W_B6.fits.gz,478272000,460235541,460235541
JWST,F150W,B7,/Volumes/exdisk1/data/JWST/COSMOS_v0.8/mosaic_nircam_f150w_COSMOS-Web_30mas_B7_v1.0_i2d.fits,multi_extension,19200,24910,29.999999999999936,149.92124313872156,150.14275663077282,2.2171194032273127,2.466889460084325,"[150.07170516793067, 149.92124313872156, 149.99227697068486, 150.14275663077282]","[2.2171194032273127, 2.271827257617084, 2.466889460084325, 2.412175557891261]",/Users/suzuki/github/projects_cosmos/csvfiles_star/v04/coverage/JWST_F150W_B7.fits.gz,478272000,475381803,475381803
JWST,F150W,B8,/Volumes/exdisk1/data/JWST/COSMOS_v0.8/mosaic_nircam_f150w_COSMOS-Web_30mas_B8_v1.0_i2d.fits,multi_extension,19200,24910,29.999999999999936,150.05682318867414,150.2783424201258,2.167809446029673,2.4175881585798864,"[150.20727591197942, 150.05682318867414, 150.12787295140552, 150.2783424201258]","[2.167809446029673, 2.2225313457975324, 2.4175881585798864, 2.3628589995022926]",/Users/suzuki/github/projects_cosmos/csvfiles_star/v04/coverage/JWST_F150W_B8.fits.gz,478272000,475526901,475526901
JWST,F150W,B9,/Volumes/exdisk1/data/JWST/COSMOS_v0.8/mosaic_nircam_f150w_COSMOS-Web_30mas_B9_v1.0_i2d.fits,multi_extension,19200,24910,29.999999999999936,150.19239493646083,150.41391742542487,2.118487783475957,2.3682730597985366,"[150.34283667021174, 150.19239493646083, 150.26345983209853, 150.41391742542487]","[2.118487783475957, 2.1732227283926653, 2.3682730597985366, 2.313529644429799]",/Users/suzuki/github/projects_cosmos/csvfiles_star/v04/coverage/JWST_F150W_B9.fits.gz,478272000,474182308,474182308
JWST,F277W,A10,/Volumes/exdisk1/data/JWST/COSMOS_v0.8/mosaic_nircam_f277w_COSMOS-Web_30mas_A10_v1.0_i2d.fits,multi_extension,19200,24910,29.999999999999936,150.19627860994618,150.4177403374616,1.7077106650773655,1.9574840147801997,"[150.34667870604716, 150.19627860994618, 150.26732441566188, 150.4177403374616]","[1.7077106650773655, 1.7624394946356927, 1.9574840147801997, 1.9027453511530938]",/Users/suzuki/github/projects_cosmos/csvfiles_star/v04/coverage/JWST_F277W_A10.fits.gz,478272000,346716044,346716044
JWST,F277W,A1,/Volumes/exdisk1/data/JWST/COSMOS_v0.8/mosaic_nircam_f277w_COSMOS-Web_30mas_A1_v1.0_i2d.fits,multi_extension,19200,24910,29.999999999999936,149.7198684312791,149.94133840710182,2.0856668828091385,2.3354251206511734,"[149.87032051647407, 149.7198684312791, 149.79086738186626, 149.94133840710182]","[2.0856668828091385, 2.140355138120515, 2.3354251206511734, 2.280731953463213]",/Users/suzuki/github/projects_cosmos/csvfiles_star/v04/coverage/JWST_F277W_A1.fits.gz,478272000,458204967,458204967
JWST,F277W,A2,/Volumes/exdisk1/data/JWST/COSMOS_v0.8/mosaic_nircam_f277w_COSMOS-Web_30mas_A2_v1.0_i2d.fits,multi_extension,19200,24910,29.999999999999936,149.85543939696583,150.07691879661863,2.0363747035409574,2.286142497118563,"[150.00588468003608, 149.85543939696583, 149.92645545793923, 150.07691879661863]","[2.0363747035409574, 2.0910768806788482, 2.286142497118563, 2.231434196106571]",/Users/suzuki/github/projects_cosmos/csvfiles_star/v04/coverage/JWST_F277W_A2.fits.gz,478272000,475737273,475737273
JWST,F277W,A3,/Volumes/exdisk1/data/JWST/COSMOS_v0.8/mosaic_nircam_f277w_COSMOS-Web_30mas_A3_v1.0_i2d.fits,multi_extension,19200,24910,29.999999999999936,149.99100431662018,150.2124906588673,1.9870709292881175,2.2368461872506997,"[150.14144111372102, 149.99100431662018, 150.0620366910527, 150.2124906588673]","[1.9870709292881175, 2.0417860290333354, 2.2368461872506997, 2.1821237519437626]",/Users/suzuki/github/projects_cosmos/csvfiles_star/v04/coverage/JWST_F277W_A3.fits.gz,478272000,475845777,475845777
JWST,F277W,A4,/Volumes/exdisk1/data/JWST/COSMOS_v0.8/mosaic_nircam_f277w_COSMOS-Web_30mas_A4_v1.0_i2d.fits,multi_extension,19200,24910,29.999999999999936,150.12656167292266,150.34805247673683,1.9377564610672238,2.1875370916742938,"[150.27698830077932, 150.12656167292266, 150.1976095634662, 150.34805247673683]","[1.9377564610672238, 1.9924834835344567, 2.1875370916742938, 2.13280152232863]",/Users/suzuki/github/projects_cosmos/csvfiles_star/v04/coverage/JWST_F277W_A4.fits.gz,478272000,475265380,475265380
JWST,F277W,A5,/Volumes/exdisk1/data/JWST/COSMOS_v0.8/mosaic_nircam_f277w_COSMOS-Web_30mas_A5_v1.0_i2d.fits,multi_extension,19200,24910,29.999999999999936,150.2621099490618,150.4836027337908,1.8884322004081782,2.13821611167579,"[150.4125247250824, 150.2621099490618, 150.33317255800088, 150.4836027337908]","[1.8884322004081782, 1.9431701451374574, 2.13821611167579, 2.083468409183219]",/Users/suzuki/github/projects_cosmos/csvfiles_star/v04/coverage/JWST_F277W_A5.fits.gz,478272000,357724142,357724142
JWST,F277W,A6,/Volumes/exdisk1/data/JWST/COSMOS_v0.8/mosaic_nircam_f277w_COSMOS-Web_30mas_A6_v1.0_i2d.fits,multi_extension,19200,24910,29.999999999999936,149.65409755274575,149.87553166071146,1.904918339136619,2.1546707802954277,"[149.80453167974835, 149.65409755274575, 149.72507817000968, 149.87553166071146]","[1.904918339136619, 1.959601969847152, 2.1546707802954277, 2.09998216172879]",/Users/suzuki/github/projects_cosmos/csvfiles_star/v04/coverage/JWST_F277W_A6.fits.gz,478272000,442856876,442856876
JWST,F277W,A7,/Volumes/exdisk1/data/JWST/COSMOS_v0.8/mosaic_nircam_f277w_COSMOS-Web_30mas_A7_v1.0_i2d.fits,multi_extension,19200,24910,29.999999999999936,149.78965229601744,150.01109702908423,1.8556313946327687,2.105392199928017,"[149.9400804398324, 149.78965229601744, 149.8606504053908, 150.01109702908423]","[1.8556313946327687, 1.910327824030329, 2.105392199928017, 2.0506895705852557]",/Users/suzuki/github/projects_cosmos/csvfiles_star/v04/coverage/JWST_F277W_A7.fits.gz,478272000,459985179,459985179
JWST,F277W,A8,/Volumes/exdisk1/data/JWST/COSMOS_v0.8/mosaic_nircam_f277w_COSMOS-Web_30mas_A8_v1.0_i2d.fits,multi_extension,19200,24910,29.999999999999936,149.92520173116802,150.14665460908068,1.806333866912358,2.0561009452042205,"[150.07562220840816, 149.92520173116802, 149.99621653627545, 150.14665460908068]","[1.806333866912358, 1.8610420960713687, 2.0561009452042205, 2.0013853043275294]",/Users/suzuki/github/projects_cosmos/csvfiles_star/v04/coverage/JWST_F277W_A8.fits.gz,478272000,460204748,460204748
JWST,F277W,A9,/Volumes/exdisk1/data/JWST/COSMOS_v0.8/mosaic_nircam_f277w_COSMOS-Web_30mas_A9_v1.0_i2d.fits,multi_extension,19200,24910,29.999999999999936,150.060744341293,150.28220288392387,1.7570266566736688,2.0067979164950267,"[150.2111554690859, 150.060744341293, 150.13177504531228, 150.28220288392387]","[1.7570266566736688, 1.8117456860590093, 2.0067979164950267, 1.952070263997172]",/Users/suzuki/github/projects_cosmos/csvfiles_star/v04/coverage/JWST_F277W_A9.fits.gz,478272000,459904505,459904505
JWST,F277W,B10,/Volumes/exdisk1/data/JWST/COSMOS_v0.8/mosaic_nircam_f277w_COSMOS-Web_30mas_B10_v1.0_i2d.fits,multi_extension,19200,24910,29.999999999999936,150.3279568649288,150.5494801299735,2.069155317459642,2.3189450653277466,"[150.4783859262129, 150.3279568649288, 150.3990360952696, 150.5494801299735]","[2.069155317459642, 2.123902306664829, 2.3189450653277466, 2.2641883949533446]",/Users/suzuki/github/projects_cosmos/csvfiles_star/v04/coverage/JWST_F277W_B10.fits.gz,478272000,355850150,355850150
JWST,F277W,B1,/Volumes/exdisk1/data/JWST/COSMOS_v0.8/mosaic_nircam_f277w_COSMOS-Web_30mas_B1_v1.0_i2d.fits,multi_extension,19200,24910,29.999999999999936,149.851461004901,150.07300099610117,2.44716363899613,2.6969192958678105,"[150.00194782839066, 149.851461004901, 149.9224960813056, 150.07300099610117]","[2.44716363899613, 2.501860932377267, 2.6969192958678105, 2.6422172422785875]",/Users/suzuki/github/projects_cosmos/csvfiles_star/v04/coverage/JWST_F277W_B1.fits.gz,478272000,445290793,445290793
JWST,F277W,B2,/Volumes/exdisk1/data/JWST/COSMOS_v0.8/mosaic_nircam_f277w_COSMOS-Web_30mas_B2_v1.0_i2d.fits,multi_extension,19200,24910,29.999999999999936,149.98706335393913,150.2086103635022,2.3978611807643104,2.6476287759604964,"[150.13754173574335, 149.98706335393913, 150.0581147760042, 150.2086103635022]","[2.3978611807643104, 2.452574641917741, 2.6476287759604964, 2.592909343073485]",/Users/suzuki/github/projects_cosmos/csvfiles_star/v04/coverage/JWST_F277W_B2.fits.gz,478272000,463986072,463986072
JWST,F277W,B3,/Volumes/exdisk1/data/JWST/COSMOS_v0.8/mosaic_nircam_f277w_COSMOS-Web_30mas_B3_v1.0_i2d.fits,multi_extension,19200,24910,29.999999999999936,150.12265817959866,150.34420972444414,2.3485451042941046,2.598322546321641,"[150.27312643503734, 150.12265817959866, 150.19372514933036, 150.34420972444414]","[2.3485451042941046, 2.4032737334320387, 2.598322546321641, 2.5435867342211047]",/Users/suzuki/github/projects_cosmos/csvfiles_star/v04/coverage/JWST_F277W_B3.fits.gz,478272000,463273259,463273259
JWST,F277W,B4,/Volumes/exdisk1/data/JWST/COSMOS_v0.8/mosaic_nircam_f277w_COSMOS-Web_30mas_B4_v1.0_i2d.fits,multi_extension,19200,24910,29.999999999999936,150.25824396380185,150.47979756122,2.2992163112219375,2.549001508072617,"[150.4087004088753, 150.25824396380185, 150.32932568283704, 150.47979756122]","[2.2992163112219375, 2.353959107777471, 2.549001508072617, 2.4942503176829214]",/Users/suzuki/github/projects_cosmos/csvfiles_star/v04/coverage/JWST_F277W_B4.fits.gz,478272000,463941900,463941900
JWST,F277W,B5,/Volumes/exdisk1/data/JWST/COSMOS_v0.8/mosaic_nircam_f277w_COSMOS-Web_30mas_B5_v1.0_i2d.fits,multi_extension,19200,24910,29.999999999999936,150.39381918907853,150.6153723568971,2.249875703799257,2.499666563096367,"[150.5442621405804, 150.39381918907853, 150.46491485873855, 150.6153723568971]","[2.249875703799257, 2.3046316665178543, 2.499666563096367, 2.4449009960903205]",/Users/suzuki/github/projects_cosmos/csvfiles_star/v04/coverage/JWST_F277W_B5.fits.gz,478272000,348907694,348907694
JWST,F277W,B6,/Volumes/exdisk1/data/JWST/COSMOS_v0.8/mosaic_nircam_f277w_COSMOS-Web_30mas_B6_v1.0_i2d.fits,multi_extension,19200,24910,29.999999999999936,149.78565630431362,150.00716157478698,2.2664167537395556,2.516176063434968,"[149.93612595515094, 149.78565630431362, 149.85667340804227, 150.00716157478698]","[2.2664167537395556, 2.321109563244642, 2.516176063434968, 2.4614784179362363]",/Users/suzuki/github/projects_cosmos/csvfiles_star/v04/coverage/JWST_F277W_B6.fits.gz,478272000,457688066,457688066
JWST,F277W,B7,/Volumes/exdisk1/data/JWST/COSMOS_v0.8/mosaic_nircam_f277w_COSMOS-Web_30mas_B7_v1.0_i2d.fits,multi_extension,19200,24910,29.999999999999936,149.92124313872156,150.14275663077282,2.2171194032273127,2.466889460084325,"[150.07170516793067, 149.92124313872156, 149.99227697068486, 150.14275663077282]","[2.2171194032273127, 2.271827257617084, 2.466889460084325, 2.412175557891261]",/Users/suzuki/github/projects_cosmos/csvfiles_star/v04/coverage/JWST_F277W_B7.fits.gz,478272000,474647093,474647093
JWST,F277W,B8,/Volumes/exdisk1/data/JWST/COSMOS_v0.8/mosaic_nircam_f277w_COSMOS-Web_30mas_B8_v1.0_i2d.fits,multi_extension,19200,24910,29.999999999999936,150.05682318867414,150.2783424201258,2.167809446029673,2.4175881585798864,"[150.20727591197942, 150.05682318867414, 150.12787295140552, 150.2783424201258]","[2.167809446029673, 2.2225313457975324, 2.4175881585798864, 2.3628589995022926]",/Users/suzuki/github/projects_cosmos/csvfiles_star/v04/coverage/JWST_F277W_B8.fits.gz,478272000,474796665,474796665
JWST,F277W,B9,/Volumes/exdisk1/data/JWST/COSMOS_v0.8/mosaic_nircam_f277w_COSMOS-Web_30mas_B9_v1.0_i2d.fits,multi_extension,19200,24910,29.999999999999936,150.19239493646083,150.41391742542487,2.118487783475957,2.3682730597985366,"[150.34283667021174, 150.19239493646083, 150.26345983209853, 150.41391742542487]","[2.118487783475957, 2.1732227283926653, 2.3682730597985366, 2.313529644429799]",/Users/suzuki/github/projects_cosmos/csvfiles_star/v04/coverage/JWST_F277W_B9.fits.gz,478272000,472499333,472499333
JWST,F444W,A10,/Volumes/exdisk1/data/JWST/COSMOS_v0.8/mosaic_nircam_f444w_COSMOS-Web_30mas_A10_v1.0_i2d.fits,multi_extension,19200,24910,29.999999999999936,150.19627860994618,150.4177403374616,1.7077106650773655,1.9574840147801997,"[150.34667870604716, 150.19627860994618, 150.26732441566188, 150.4177403374616]","[1.7077106650773655, 1.7624394946356927, 1.9574840147801997, 1.9027453511530938]",/Users/suzuki/github/projects_cosmos/csvfiles_star/v04/coverage/JWST_F444W_A10.fits.gz,478272000,346988823,346988823
JWST,F444W,A1,/Volumes/exdisk1/data/JWST/COSMOS_v0.8/mosaic_nircam_f444w_COSMOS-Web_30mas_A1_v1.0_i2d.fits,multi_extension,19200,24910,29.999999999999936,149.7198684312791,149.94133840710182,2.0856668828091385,2.3354251206511734,"[149.87032051647407, 149.7198684312791, 149.79086738186626, 149.94133840710182]","[2.0856668828091385, 2.140355138120515, 2.3354251206511734, 2.280731953463213]",/Users/suzuki/github/projects_cosmos/csvfiles_star/v04/coverage/JWST_F444W_A1.fits.gz,478272000,458305559,458305559
JWST,F444W,A2,/Volumes/exdisk1/data/JWST/COSMOS_v0.8/mosaic_nircam_f444w_COSMOS-Web_30mas_A2_v1.0_i2d.fits,multi_extension,19200,24910,29.999999999999936,149.85543939696583,150.07691879661863,2.0363747035409574,2.286142497118563,"[150.00588468003608, 149.85543939696583, 149.92645545793923, 150.07691879661863]","[2.0363747035409574, 2.0910768806788482, 2.286142497118563, 2.231434196106571]",/Users/suzuki/github/projects_cosmos/csvfiles_star/v04/coverage/JWST_F444W_A2.fits.gz,478272000,475503038,475503038
JWST,F444W,A3,/Volumes/exdisk1/data/JWST/COSMOS_v0.8/mosaic_nircam_f444w_COSMOS-Web_30mas_A3_v1.0_i2d.fits,multi_extension,19200,24910,29.999999999999936,149.99100431662018,150.2124906588673,1.9870709292881175,2.2368461872506997,"[150.14144111372102, 149.99100431662018, 150.0620366910527, 150.2124906588673]","[1.9870709292881175, 2.0417860290333354, 2.2368461872506997, 2.1821237519437626]",/Users/suzuki/github/projects_cosmos/csvfiles_star/v04/coverage/JWST_F444W_A3.fits.gz,478272000,475586255,475586255
JWST,F444W,A4,/Volumes/exdisk1/data/JWST/COSMOS_v0.8/mosaic_nircam_f444w_COSMOS-Web_30mas_A4_v1.0_i2d.fits,multi_extension,19200,24910,29.999999999999936,150.12656167292266,150.34805247673683,1.9377564610672238,2.1875370916742938,"[150.27698830077932, 150.12656167292266, 150.1976095634662, 150.34805247673683]","[1.9377564610672238, 1.9924834835344567, 2.1875370916742938, 2.13280152232863]",/Users/suzuki/github/projects_cosmos/csvfiles_star/v04/coverage/JWST_F444W_A4.fits.gz,478272000,475626106,475626106
JWST,F444W,A5,/Volumes/exdisk1/data/JWST/COSMOS_v0.8/mosaic_nircam_f444w_COSMOS-Web_30mas_A5_v1.0_i2d.fits,multi_extension,19200,24910,29.999999999999936,150.2621099490618,150.4836027337908,1.8884322004081782,2.13821611167579,"[150.4125247250824, 150.2621099490618, 150.33317255800088, 150.4836027337908]","[1.8884322004081782, 1.9431701451374574, 2.13821611167579, 2.083468409183219]",/Users/suzuki/github/projects_cosmos/csvfiles_star/v04/coverage/JWST_F444W_A5.fits.gz,478272000,357986787,357986787
JWST,F444W,A6,/Volumes/exdisk1/data/JWST/COSMOS_v0.8/mosaic_nircam_f444w_COSMOS-Web_30mas_A6_v1.0_i2d.fits,multi_extension,19200,24910,29.999999999999936,149.65409755274575,149.87553166071146,1.904918339136619,2.1546707802954277,"[149.80453167974835, 149.65409755274575, 149.72507817000968, 149.87553166071146]","[1.904918339136619, 1.959601969847152, 2.1546707802954277, 2.09998216172879]",/Users/suzuki/github/projects_cosmos/csvfiles_star/v04/coverage/JWST_F444W_A6.fits.gz,478272000,443221784,443221784
JWST,F444W,A7,/Volumes/exdisk1/data/JWST/COSMOS_v0.8/mosaic_nircam_f444w_COSMOS-Web_30mas_A7_v1.0_i2d.fits,multi_extension,19200,24910,29.999999999999936,149.78965229601744,150.01109702908423,1.8556313946327687,2.105392199928017,"[149.9400804398324, 149.78965229601744, 149.8606504053908, 150.01109702908423]","[1.8556313946327687, 1.910327824030329, 2.105392199928017, 2.0506895705852557]",/Users/suzuki/github/projects_cosmos/csvfiles_star/v04/coverage/JWST_F444W_A7.fits.gz,478272000,460547062,460547062
JWST,F444W,A8,/Volumes/exdisk1/data/JWST/COSMOS_v0.8/mosaic_nircam_f444w_COSMOS-Web_30mas_A8_v1.0_i2d.fits,multi_extension,19200,24910,29.999999999999936,149.92520173116802,150.14665460908068,1.806333866912358,2.0561009452042205,"[150.07562220840816, 149.92520173116802, 149.99621653627545, 150.14665460908068]","[1.806333866912358, 1.8610420960713687, 2.0561009452042205, 2.0013853043275294]",/Users/suzuki/github/projects_cosmos/csvfiles_star/v04/coverage/JWST_F444W_A8.fits.gz,478272000,460560419,460560419
JWST,F444W,A9,/Volumes/exdisk1/data/JWST/COSMOS_v0.8/mosaic_nircam_f444w_COSMOS-Web_30mas_A9_v1.0_i2d.fits,multi_extension,19200,24910,29.999999999999936,150.060744341293,150.28220288392387,1.7570266566736688,2.0067979164950267,"[150.2111554690859, 150.060744341293, 150.13177504531228, 150.28220288392387]","[1.7570266566736688, 1.8117456860590093, 2.0067979164950267, 1.952070263997172]",/Users/suzuki/github/projects_cosmos/csvfiles_star/v04/coverage/JWST_F444W_A9.fits.gz,478272000,460266192,460266192
JWST,F444W,B10,/Volumes/exdisk1/data/JWST/COSMOS_v0.8/mosaic_nircam_f444w_COSMOS-Web_30mas_B10_v1.0_i2d.fits,multi_extension,19200,24910,29.999999999999936,150.3279568649288,150.5494801299735,2.069155317459642,2.3189450653277466,"[150.4783859262129, 150.3279568649288, 150.3990360952696, 150.5494801299735]","[2.069155317459642, 2.123902306664829, 2.3189450653277466, 2.2641883949533446]",/Users/suzuki/github/projects_cosmos/csvfiles_star/v04/coverage/JWST_F444W_B10.fits.gz,478272000,355404923,355404923
JWST,F444W,B1,/Volumes/exdisk1/data/JWST/COSMOS_v0.8/mosaic_nircam_f444w_COSMOS-Web_30mas_B1_v1.0_i2d.fits,multi_extension,19200,24910,29.999999999999936,149.851461004901,150.07300099610117,2.44716363899613,2.6969192958678105,"[150.00194782839066, 149.851461004901, 149.9224960813056, 150.07300099610117]","[2.44716363899613, 2.501860932377267, 2.6969192958678105, 2.6422172422785875]",/Users/suzuki/github/projects_cosmos/csvfiles_star/v04/coverage/JWST_F444W_B1.fits.gz,478272000,445735813,445735813
JWST,F444W,B2,/Volumes/exdisk1/data/JWST/COSMOS_v0.8/mosaic_nircam_f444w_COSMOS-Web_30mas_B2_v1.0_i2d.fits,multi_extension,19200,24910,29.999999999999936,149.98706335393913,150.2086103635022,2.3978611807643104,2.6476287759604964,"[150.13754173574335, 149.98706335393913, 150.0581147760042, 150.2086103635022]","[2.3978611807643104, 2.452574641917741, 2.6476287759604964, 2.592909343073485]",/Users/suzuki/github/projects_cosmos/csvfiles_star/v04/coverage/JWST_F444W_B2.fits.gz,478272000,464429605,464429605
JWST,F444W,B3,/Volumes/exdisk1/data/JWST/COSMOS_v0.8/mosaic_nircam_f444w_COSMOS-Web_30mas_B3_v1.0_i2d.fits,multi_extension,19200,24910,29.999999999999936,150.12265817959866,150.34420972444414,2.3485451042941046,2.598322546321641,"[150.27312643503734, 150.12265817959866, 150.19372514933036, 150.34420972444414]","[2.3485451042941046, 2.4032737334320387, 2.598322546321641, 2.5435867342211047]",/Users/suzuki/github/projects_cosmos/csvfiles_star/v04/coverage/JWST_F444W_B3.fits.gz,478272000,460835609,460835609
JWST,F444W,B4,/Volumes/exdisk1/data/JWST/COSMOS_v0.8/mosaic_nircam_f444w_COSMOS-Web_30mas_B4_v1.0_i2d.fits,multi_extension,19200,24910,29.999999999999936,150.25824396380185,150.47979756122,2.2992163112219375,2.549001508072617,"[150.4087004088753, 150.25824396380185, 150.32932568283704, 150.47979756122]","[2.2992163112219375, 2.353959107777471, 2.549001508072617, 2.4942503176829214]",/Users/suzuki/github/projects_cosmos/csvfiles_star/v04/coverage/JWST_F444W_B4.fits.gz,478272000,464393952,464393952
JWST,F444W,B5,/Volumes/exdisk1/data/JWST/COSMOS_v0.8/mosaic_nircam_f444w_COSMOS-Web_30mas_B5_v1.0_i2d.fits,multi_extension,19200,24910,29.999999999999936,150.39381918907853,150.6153723568971,2.249875703799257,2.499666563096367,"[150.5442621405804, 150.39381918907853, 150.46491485873855, 150.6153723568971]","[2.249875703799257, 2.3046316665178543, 2.499666563096367, 2.4449009960903205]",/Users/suzuki/github/projects_cosmos/csvfiles_star/v04/coverage/JWST_F444W_B5.fits.gz,478272000,349586728,349586728
JWST,F444W,B6,/Volumes/exdisk1/data/JWST/COSMOS_v0.8/mosaic_nircam_f444w_COSMOS-Web_30mas_B6_v1.0_i2d.fits,multi_extension,19200,24910,29.999999999999936,149.78565630431362,150.00716157478698,2.2664167537395556,2.516176063434968,"[149.93612595515094, 149.78565630431362, 149.85667340804227, 150.00716157478698]","[2.2664167537395556, 2.321109563244642, 2.516176063434968, 2.4614784179362363]",/Users/suzuki/github/projects_cosmos/csvfiles_star/v04/coverage/JWST_F444W_B6.fits.gz,478272000,458057048,458057048
JWST,F444W,B7,/Volumes/exdisk1/data/JWST/COSMOS_v0.8/mosaic_nircam_f444w_COSMOS-Web_30mas_B7_v1.0_i2d.fits,multi_extension,19200,24910,29.999999999999936,149.92124313872156,150.14275663077282,2.2171194032273127,2.466889460084325,"[150.07170516793067, 149.92124313872156, 149.99227697068486, 150.14275663077282]","[2.2171194032273127, 2.271827257617084, 2.466889460084325, 2.412175557891261]",/Users/suzuki/github/projects_cosmos/csvfiles_star/v04/coverage/JWST_F444W_B7.fits.gz,478272000,473598857,473598857
JWST,F444W,B8,/Volumes/exdisk1/data/JWST/COSMOS_v0.8/mosaic_nircam_f444w_COSMOS-Web_30mas_B8_v1.0_i2d.fits,multi_extension,19200,24910,29.999999999999936,150.05682318867414,150.2783424201258,2.167809446029673,2.4175881585798864,"[150.20727591197942, 150.05682318867414, 150.12787295140552, 150.2783424201258]","[2.167809446029673, 2.2225313457975324, 2.4175881585798864, 2.3628589995022926]",/Users/suzuki/github/projects_cosmos/csvfiles_star/v04/coverage/JWST_F444W_B8.fits.gz,478272000,473270917,473270917
JWST,F444W,B9,/Volumes/exdisk1/data/JWST/COSMOS_v0.8/mosaic_nircam_f444w_COSMOS-Web_30mas_B9_v1.0_i2d.fits,multi_extension,19200,24910,29.999999999999936,150.19239493646083,150.41391742542487,2.118487783475957,2.3682730597985366,"[150.34283667021174, 150.19239493646083, 150.26345983209853, 150.41391742542487]","[2.118487783475957, 2.1732227283926653, 2.3682730597985366, 2.313529644429799]",/Users/suzuki/github/projects_cosmos/csvfiles_star/v04/coverage/JWST_F444W_B9.fits.gz,478272000,471327903,471327903
JWST,F115W,A10,/Volumes/exdisk1/data/JWST/COSMOS_v0.8/scidir/mosaic_nircam_f115w_COSMOS-Web_30mas_A10_v0_8_sci.fits,separate_sci_wht_err,19200,24910,29.999999999999936,150.19627860994618,150.4177403374616,1.7077106650773655,1.9574840147801997,"[150.34667870604716, 150.19627860994618, 150.26732441566188, 150.4177403374616]","[1.7077106650773655, 1.7624394946356927, 1.9574840147801997, 1.9027453511530938]",/Users/suzuki/github/projects_cosmos/csvfiles_star/v04/coverage/JWST_F115W_A10.fits.gz,478272000,349946082,349946082
JWST,F115W,A2,/Volumes/exdisk1/data/JWST/COSMOS_v0.8/scidir/mosaic_nircam_f115w_COSMOS-Web_30mas_A2_v0_8_sci.fits,single_hdu,19200,24910,29.999999999999936,149.85543939696583,150.07691879661863,2.0363747035409574,2.286142497118563,"[150.00588468003608, 149.85543939696583, 149.92645545793923, 150.07691879661863]","[2.0363747035409574, 2.0910768806788482, 2.286142497118563, 2.231434196106571]",/Users/suzuki/github/projects_cosmos/csvfiles_star/v04/coverage/JWST_F115W_A2.fits.gz,478272000,477390200,477390200
JWST,F115W,B4,/Volumes/exdisk1/data/JWST/COSMOS_v0.8/scidir/mosaic_nircam_f115w_COSMOS-Web_30mas_B4_v0_8_sci.fits,single_hdu,19200,24910,29.999999999999936,150.25824396380185,150.47979756122,2.2992163112219375,2.549001508072617,"[150.4087004088753, 150.25824396380185, 150.32932568283704, 150.47979756122]","[2.2992163112219375, 2.353959107777471, 2.549001508072617, 2.4942503176829214]",/Users/suzuki/github/projects_cosmos/csvfiles_star/v04/coverage/JWST_F115W_B4.fits.gz,478272000,477390200,477390200
JWST,F115W,B6,/Volumes/exdisk1/data/JWST/COSMOS_v0.8/scidir/mosaic_nircam_f115w_COSMOS-Web_30mas_B6_v0_8_sci.fits,single_hdu,19200,24910,29.999999999999936,149.78565630431362,150.00716157478698,2.2664167537395556,2.516176063434968,"[149.93612595515094, 149.78565630431362, 149.85667340804227, 150.00716157478698]","[2.2664167537395556, 2.321109563244642, 2.516176063434968, 2.4614784179362363]",/Users/suzuki/github/projects_cosmos/csvfiles_star/v04/coverage/JWST_F115W_B6.fits.gz,478272000,477390200,477390200
Euclid,NIR-H,TILE101538497,/Volumes/exdisk1/data/Euclid/COSMOS_DR1/EUC_MER_BGSUB-MOSAIC-NIR-H_TILE101538497-C3C5B9_20250515T183607.491976Z_00.00.fits,single_hdu,10200,10200,100.000000000008,149.881141462701,150.16452916478013,1.1083580112619618,1.391662124873849,"[150.16451387955027, 149.8811567509285, 149.881141462701, 150.16452916478013]","[1.10835801259061, 1.1083580112619618, 1.3916621232054731, 1.391662124873849]",/Users/suzuki/github/projects_cosmos/csvfiles_star/v04/coverage/Euclid_NIR-H_TILE101538497.fits.gz,104040000,103632400,103632400
Euclid,NIR-H,TILE101538498,/Volumes/exdisk1/data/Euclid/COSMOS_DR1/EUC_MER_BGSUB-MOSAIC-NIR-H_TILE101538498-F3E6F6_20250516T025900.646080Z_00.00.fits,single_hdu,10200,10200,100.000000000008,150.131179544701,150.41456724678014,1.1083580112619618,1.391662124873849,"[150.41455196155027, 150.13119483292851, 150.131179544701, 150.41456724678014]","[1.10835801259061, 1.1083580112619618, 1.3916621232054731, 1.391662124873849]",/Users/suzuki/github/projects_cosmos/csvfiles_star/v04/coverage/Euclid_NIR-H_TILE101538498.fits.gz,104040000,103632400,103632400
Euclid,NIR-H,TILE101538499,/Volumes/exdisk1/data/Euclid/COSMOS_DR1/EUC_MER_BGSUB-MOSAIC-NIR-H_TILE101538499-BFBCB7_20250516T155345.382511Z_00.00.fits,single_hdu,10200,10200,100.000000000008,150.38121762670102,150.66460532878014,1.1083580112619618,1.391662124873849,"[150.66459004355028, 150.38123291492852, 150.38121762670102, 150.66460532878014]","[1.10835801259061, 1.1083580112619618, 1.3916621232054731, 1.391662124873849]",/Users/suzuki/github/projects_cosmos/csvfiles_star/v04/coverage/Euclid_NIR-H_TILE101538499.fits.gz,104040000,103632400,103632400
Euclid,NIR-H,TILE101538500,/Volumes/exdisk1/data/Euclid/COSMOS_DR1/EUC_MER_BGSUB-MOSAIC-NIR-H_TILE101538500-97DF2B_20250515T181935.093782Z_00.00.fits,single_hdu,10200,10200,100.000000000008,150.63125570870102,150.91464341078014,1.1083580112619618,1.391662124873849,"[150.91462812555028, 150.63127099692852, 150.63125570870102, 150.91464341078014]","[1.10835801259061, 1.1083580112619618, 1.3916621232054731, 1.391662124873849]",/Users/suzuki/github/projects_cosmos/csvfiles_star/v04/coverage/Euclid_NIR-H_TILE101538500.fits.gz,104040000,103632400,103632400
Euclid,NIR-H,TILE101539933,/Volumes/exdisk1/data/Euclid/COSMOS_DR1/EUC_MER_BGSUB-MOSAIC-NIR-H_TILE101539933-55E39B_20250515T182030.864587Z_00.00.fits,single_hdu,10200,10200,100.000000000008,148.8937422891215,149.1771627321495,1.3583572467269085,1.6416613604571544,"[149.17714438667153, 148.89376063819728, 148.8937422891215, 149.1771627321495]","[1.3583572483553434, 1.3583572467269085, 1.6416613584889208, 1.6416613604571544]",/Users/suzuki/github/projects_cosmos/csvfiles_star/v04/coverage/Euclid_NIR-H_TILE101539933.fits.gz,104040000,103632400,103632400
Euclid,NIR-H,TILE101539934,/Volumes/exdisk1/data/Euclid/COSMOS_DR1/EUC_MER_BGSUB-MOSAIC-NIR-H_TILE101539934-61A454_20250515T194341.069452Z_00.00.fits,single_hdu,10200,10200,100.000000000008,149.14380179652147,149.42722223954948,1.3583572467269085,1.6416613604571544,"[149.4272038940715, 149.14382014559726, 149.14380179652147, 149.42722223954948]","[1.3583572483553434, 1.3583572467269085, 1.6416613584889208, 1.6416613604571544]",/Users/suzuki/github/projects_cosmos/csvfiles_star/v04/coverage/Euclid_NIR-H_TILE101539934.fits.gz,104040000,103632400,103632400
Euclid,NIR-H,TILE101539935,/Volumes/exdisk1/data/Euclid/COSMOS_DR1/EUC_MER_BGSUB-MOSAIC-NIR-H_TILE101539935-72864E_20250515T211815.101699Z_00.00.fits,single_hdu,10200,10200,100.000000000008,149.39386130392148,149.6772817469495,1.3583572467269085,1.6416613604571544,"[149.67726340147152, 149.39387965299727, 149.39386130392148, 149.6772817469495]","[1.3583572483553434, 1.3583572467269085, 1.6416613584889208, 1.6416613604571544]",/Users/suzuki/github/projects_cosmos/csvfiles_star/v04/coverage/Euclid_NIR-H_TILE101539935.fits.gz,104040000,103632400,103632400
Euclid,NIR-H,TILE101539936,/Volumes/exdisk1/data/Euclid/COSMOS_DR1/EUC_MER_BGSUB-MOSAIC-NIR-H_TILE101539936-65029E_20250516T062308.541673Z_00.00.fits,single_hdu,10200,10200,100.000000000008,149.6439208113215,149.9273412543495,1.3583572467269085,1.6416613604571544,"[149.92732290887153, 149.64393916039728, 149.6439208113215, 149.9273412543495]","[1.3583572483553434, 1.3583572467269085, 1.6416613584889208, 1.6416613604571544]",/Users/suzuki/github/projects_cosmos/csvfiles_star/v04/coverage/Euclid_NIR-H_TILE101539936.fits.gz,104040000,103632400,103632400
Euclid,NIR-H,TILE101539937,/Volumes/exdisk1/data/Euclid/COSMOS_DR1/EUC_MER_BGSUB-MOSAIC-NIR-H_TILE101539937-565970_20250517T104425.491422Z_00.00.fits,single_hdu,10200,10200,100.000000000008,149.89398031872147,150.17740076174948,1.3583572467269085,1.6416613604571544,"[150.1773824162715, 149.89399866779726, 149.89398031872147, 150.17740076174948]","[1.3583572483553434, 1.3583572467269085, 1.6416613584889208, 1.6416613604571544]",/Users/suzuki/github/projects_cosmos/csvfiles_star/v04/coverage/Euclid_NIR-H_TILE101539937.fits.gz,104040000,103632400,103632400
Euclid,NIR-H,TILE101539938,/Volumes/exdisk1/data/Euclid/COSMOS_DR1/EUC_MER_BGSUB-MOSAIC-NIR-H_TILE101539938-7B5DDC_20250516T143622.025404Z_00.00.fits,single_hdu,10200,10200,100.000000000008,150.14403982612149,150.4274602691495,1.3583572467269085,1.6416613604571544,"[150.42744192367152, 150.14405817519727, 150.14403982612149, 150.4274602691495]","[1.3583572483553434, 1.3583572467269085, 1.6416613584889208, 1.6416613604571544]",/Users/suzuki/github/projects_cosmos/csvfiles_star/v04/coverage/Euclid_NIR-H_TILE101539938.fits.gz,104040000,103632400,103632400
Euclid,NIR-H,TILE101539939,/Volumes/exdisk1/data/Euclid/COSMOS_DR1/EUC_MER_BGSUB-MOSAIC-NIR-H_TILE101539939-893F30_20250516T124750.690925Z_00.00.fits,single_hdu,10200,10200,100.000000000008,150.39409933352147,150.67751977654947,1.3583572467269085,1.6416613604571544,"[150.6775014310715, 150.39411768259725, 150.39409933352147, 150.67751977654947]","[1.3583572483553434, 1.3583572467269085, 1.6416613584889208, 1.6416613604571544]",/Users/suzuki/github/projects_cosmos/csvfiles_star/v04/coverage/Euclid_NIR-H_TILE101539939.fits.gz,104040000,103632400,103632400
Euclid,NIR-H,TILE101539940,/Volumes/exdisk1/data/Euclid/COSMOS_DR1/EUC_MER_BGSUB-MOSAIC-NIR-H_TILE101539940-DAAF02_20250517T022415.807411Z_00.00.fits,single_hdu,10200,10200,100.000000000008,150.64415884092148,150.92757928394948,1.3583572467269085,1.6416613604571544,"[150.92756093847152, 150.64417718999727, 150.64415884092148, 150.92757928394948]","[1.3583572483553434, 1.3583572467269085, 1.6416613584889208, 1.6416613604571544]",/Users/suzuki/github/projects_cosmos/csvfiles_star/v04/coverage/Euclid_NIR-H_TILE101539940.fits.gz,104040000,103632400,103632400
Euclid,NIR-H,TILE101541373,/Volumes/exdisk1/data/Euclid/COSMOS_DR1/EUC_MER_BGSUB-MOSAIC-NIR-H_TILE101541373-8B2A4E_20250516T103045.760251Z_00.00.fits,single_hdu,10200,10200,100.000000000008,148.90933289037162,149.19279147915927,1.6083564820336467,1.8916605958492612,"[149.19277007168535, 148.90935430204385, 148.90933289037162, 149.19279147915927]","[1.6083564839619306, 1.6083564820336467, 1.8916605935810944, 1.8916605958492612]",/Users/suzuki/github/projects_cosmos/csvfiles_star/v04/coverage/Euclid_NIR-H_TILE101541373.fits.gz,104040000,103632400,103632400
Euclid,NIR-H,TILE101541374,/Volumes/exdisk1/data/Euclid/COSMOS_DR1/EUC_MER_BGSUB-MOSAIC-NIR-H_TILE101541374-5F5144_20250517T064436.049857Z_00.00.fits,single_hdu,10200,10200,100.000000000008,149.1594185885716,149.44287717735926,1.6083564820336467,1.8916605958492612,"[149.44285576988534, 149.15944000024385, 149.1594185885716, 149.44287717735926]","[1.6083564839619306, 1.6083564820336467, 1.8916605935810944, 1.8916605958492612]",/Users/suzuki/github/projects_cosmos/csvfiles_star/v04/coverage/Euclid_NIR-H_TILE101541374.fits.gz,104040000,103632400,103632400
Euclid,NIR-H,TILE101541375,/Volumes/exdisk1/data/Euclid/COSMOS_DR1/EUC_MER_BGSUB-MOSAIC-NIR-H_TILE101541375-726C2C_20250517T070843.369210Z_00.00.fits,single_hdu,10200,10200,100.000000000008,149.40950428667162,149.69296287545927,1.6083564820336467,1.8916605958492612,"[149.69294146798535, 149.40952569834386, 149.40950428667162, 149.69296287545927]","[1.6083564839619306, 1.6083564820336467, 1.8916605935810944, 1.8916605958492612]",/Users/suzuki/github/projects_cosmos/csvfiles_star/v04/coverage/Euclid_NIR-H_TILE101541375.fits.gz,104040000,103632400,103632400
Euclid,NIR-H,TILE101541376,/Volumes/exdisk1/data/Euclid/COSMOS_DR1/EUC_MER_BGSUB-MOSAIC-NIR-H_TILE101541376-43D1F2_20250516T200659.712842Z_00.00.fits,single_hdu,10200,10200,100.000000000008,149.6595899847716,149.94304857355925,1.6083564820336467,1.8916605958492612,"[149.94302716608533, 149.65961139644384, 149.6595899847716, 149.94304857355925]","[1.6083564839619306, 1.6083564820336467, 1.8916605935810944, 1.8916605958492612]",/Users/suzuki/github/projects_cosmos/csvfiles_star/v04/coverage/Euclid_NIR-H_TILE101541376.fits.gz,104040000,103632400,103632400
Euclid,NIR-H,TILE101541377,/Volumes/exdisk1/data/Euclid/COSMOS_DR1/EUC_MER_BGSUB-MOSAIC-NIR-H_TILE101541377-E7A317_20250807T205622.467871Z_00.00.fits,single_hdu,10200,10200,100.000000000008,149.9096756828716,150.19313427165926,1.6083564820336467,1.8916605958492612,"[150.19311286418534, 149.90969709454384, 149.9096756828716, 150.19313427165926]","[1.6083564839619306, 1.6083564820336467, 1.8916605935810944, 1.8916605958492612]",/Users/suzuki/github/projects_cosmos/csvfiles_star/v04/coverage/Euclid_NIR-H_TILE101541377.fits.gz,104040000,103632400,103632400
Euclid,NIR-H,TILE101541378,/Volumes/exdisk1/data/Euclid/COSMOS_DR1/EUC_MER_BGSUB-MOSAIC-NIR-H_TILE101541378-EAC853_20250809T130034.346412Z_00.00.fits,single_hdu,10200,10200,100.000000000008,150.1597613810716,150.44321996985926,1.6083564820336467,1.8916605958492612,"[150.44319856238533, 150.15978279274384, 150.1597613810716, 150.44321996985926]","[1.6083564839619306, 1.6083564820336467, 1.8916605935810944, 1.8916605958492612]",/Users/suzuki/github/projects_cosmos/csvfiles_star/v04/coverage/Euclid_NIR-H_TILE101541378.fits.gz,104040000,103632400,103632400
Euclid,NIR-H,TILE101541379,/Volumes/exdisk1/data/Euclid/COSMOS_DR1/EUC_MER_BGSUB-MOSAIC-NIR-H_TILE101541379-34DE99_20250515T224326.634182Z_00.00.fits,single_hdu,10200,10200,100.000000000008,150.4098470791716,150.69330566795927,1.6083564820336467,1.8916605958492612,"[150.69328426048534, 150.40986849084385, 150.4098470791716, 150.69330566795927]","[1.6083564839619306, 1.6083564820336467, 1.8916605935810944, 1.8916605958492612]",/Users/suzuki/github/projects_cosmos/csvfiles_star/v04/coverage/Euclid_NIR-H_TILE101541379.fits.gz,104040000,103632400,103632400
Euclid,NIR-H,TILE101541380,/Volumes/exdisk1/data/Euclid/COSMOS_DR1/EUC_MER_BGSUB-MOSAIC-NIR-H_TILE101541380-2260EB_20250516T003602.331332Z_00.00.fits,single_hdu,10200,10200,100.000000000008,150.65993277727162,150.94339136605927,1.6083564820336467,1.8916605958492612,"[150.94336995858535, 150.65995418894386, 150.65993277727162, 150.94339136605927]","[1.6083564839619306, 1.6083564820336467, 1.8916605935810944, 1.8916605958492612]",/Users/suzuki/github/projects_cosmos/csvfiles_star/v04/coverage/Euclid_NIR-H_TILE101541380.fits.gz,104040000,103632400,103632400
Euclid,NIR-H,TILE101542814,/Volumes/exdisk1/data/Euclid/COSMOS_DR1/EUC_MER_BGSUB-MOSAIC-NIR-H_TILE101542814-C416F6_20250517T033721.032078Z_00.00.fits,single_hdu,10200,10200,100.000000000008,149.1778790802335,149.46138122322697,1.8583557171529748,2.1416598310209465,"[149.4613567517169, 149.1779035565428, 149.1778790802335, 149.46138122322697]","[1.8583557193811806, 1.8583557171529748, 2.14165982845276, 2.1416598310209465]",/Users/suzuki/github/projects_cosmos/csvfiles_star/v04/coverage/Euclid_NIR-H_TILE101542814.fits.gz,104040000,103632400,103632400
Euclid,NIR-H,TILE101542815,/Volumes/exdisk1/data/Euclid/COSMOS_DR1/EUC_MER_BGSUB-MOSAIC-NIR-H_TILE101542815-8167F9_20250809T143452.543786Z_00.00.fits,single_hdu,10200,10200,100.000000000008,149.42799573693352,149.71149787992698,1.8583557171529748,2.1416598310209465,"[149.7114734084169, 149.4280202132428, 149.42799573693352, 149.71149787992698]","[1.8583557193811806, 1.8583557171529748, 2.14165982845276, 2.1416598310209465]",/Users/suzuki/github/projects_cosmos/csvfiles_star/v04/coverage/Euclid_NIR-H_TILE101542815.fits.gz,104040000,103632400,103632400
Euclid,NIR-H,TILE101542816,/Volumes/exdisk1/data/Euclid/COSMOS_DR1/EUC_MER_BGSUB-MOSAIC-NIR-H_TILE101542816-F140F2_20250808T170736.646804Z_00.00.fits,single_hdu,10200,10200,100.000000000008,149.6781123936335,149.96161453662697,1.8583557171529748,2.1416598310209465,"[149.9615900651169, 149.6781368699428, 149.6781123936335, 149.96161453662697]","[1.8583557193811806, 1.8583557171529748, 2.14165982845276, 2.1416598310209465]",/Users/suzuki/github/projects_cosmos/csvfiles_star/v04/coverage/Euclid_NIR-H_TILE101542816.fits.gz,104040000,103632400,103632400
Euclid,NIR-H,TILE101542817,/Volumes/exdisk1/data/Euclid/COSMOS_DR1/EUC_MER_BGSUB-MOSAIC-NIR-H_TILE101542817-1383F3_20250808T171853.293741Z_00.00.fits,single_hdu,10200,10200,100.000000000008,149.9282290503335,150.21173119332695,1.8583557171529748,2.1416598310209465,"[150.21170672181688, 149.92825352664278, 149.9282290503335, 150.21173119332695]","[1.8583557193811806, 1.8583557171529748, 2.14165982845276, 2.1416598310209465]",/Users/suzuki/github/projects_cosmos/csvfiles_star/v04/coverage/Euclid_NIR-H_TILE101542817.fits.gz,104040000,103632400,103632400
Euclid,NIR-H,TILE101542818,/Volumes/exdisk1/data/Euclid/COSMOS_DR1/EUC_MER_BGSUB-MOSAIC-NIR-H_TILE101542818-2116EB_20250808T152812.760009Z_00.00.fits,single_hdu,10200,10200,100.000000000008,150.17834570703351,150.46184785002697,1.8583557171529748,2.1416598310209465,"[150.4618233785169, 150.1783701833428, 150.17834570703351, 150.46184785002697]","[1.8583557193811806, 1.8583557171529748, 2.14165982845276, 2.1416598310209465]",/Users/suzuki/github/projects_cosmos/csvfiles_star/v04/coverage/Euclid_NIR-H_TILE101542818.fits.gz,104040000,103632400,103632400
Euclid,NIR-H,TILE101542819,/Volumes/exdisk1/data/Euclid/COSMOS_DR1/EUC_MER_BGSUB-MOSAIC-NIR-H_TILE101542819-6807AE_20250809T132700.058389Z_00.00.fits,single_hdu,10200,10200,100.000000000008,150.4284623637335,150.71196450672696,1.8583557171529748,2.1416598310209465,"[150.71194003521688, 150.42848684004278, 150.4284623637335, 150.71196450672696]","[1.8583557193811806, 1.8583557171529748, 2.14165982845276, 2.1416598310209465]",/Users/suzuki/github/projects_cosmos/csvfiles_star/v04/coverage/Euclid_NIR-H_TILE101542819.fits.gz,104040000,103632400,103632400
Euclid,NIR-H,TILE101542820,/Volumes/exdisk1/data/Euclid/COSMOS_DR1/EUC_MER_BGSUB-MOSAIC-NIR-H_TILE101542820-DFB691_20250517T143608.967513Z_00.00.fits,single_hdu,10200,10200,100.000000000008,150.67857902043352,150.96208116342697,1.8583557171529748,2.1416598310209465,"[150.9620566919169, 150.6786034967428, 150.67857902043352, 150.96208116342697]","[1.8583557193811806, 1.8583557171529748, 2.14165982845276, 2.1416598310209465]",/Users/suzuki/github/projects_cosmos/csvfiles_star/v04/coverage/Euclid_NIR-H_TILE101542820.fits.gz,104040000,103632400,103632400
Euclid,NIR-H,TILE101544254,/Volumes/exdisk1/data/Euclid/COSMOS_DR1/EUC_MER_BGSUB-MOSAIC-NIR-H_TILE101544254-A4E5DE_20250517T001158.820797Z_00.00.fits,single_hdu,10200,10200,100.000000000008,149.19918503083085,149.48273614062856,2.1083549520557,2.3916590659429904,"[149.48270860274937, 149.1992125741106, 149.19918503083085, 149.48273614062856]","[2.108354954583914, 2.1083549520557, 2.3916590630746875, 2.3916590659429904]",/Users/suzuki/github/projects_cosmos/csvfiles_star/v04/coverage/Euclid_NIR-H_TILE101544254.fits.gz,104040000,103632400,103632400
Euclid,NIR-H,TILE101544255,/Volumes/exdisk1/data/Euclid/COSMOS_DR1/EUC_MER_BGSUB-MOSAIC-NIR-H_TILE101544255-CC0335_20250808T080108.986603Z_00.00.fits,single_hdu,10200,10200,100.000000000008,149.44933741693083,149.73288852672854,2.1083549520557,2.3916590659429904,"[149.73286098884935, 149.44936496021057, 149.44933741693083, 149.73288852672854]","[2.108354954583914, 2.1083549520557, 2.3916590630746875, 2.3916590659429904]",/Users/suzuki/github/projects_cosmos/csvfiles_star/v04/coverage/Euclid_NIR-H_TILE101544255.fits.gz,104040000,103632400,103632400
Euclid,NIR-H,TILE101544256,/Volumes/exdisk1/data/Euclid/COSMOS_DR1/EUC_MER_BGSUB-MOSAIC-NIR-H_TILE101544256-F8F9FA_20250808T170457.341165Z_00.00.fits,single_hdu,10200,10200,100.000000000008,149.69948980293086,149.98304091272857,2.1083549520557,2.3916590659429904,"[149.98301337484938, 149.6995173462106, 149.69948980293086, 149.98304091272857]","[2.108354954583914, 2.1083549520557, 2.3916590630746875, 2.3916590659429904]",/Users/suzuki/github/projects_cosmos/csvfiles_star/v04/coverage/Euclid_NIR-H_TILE101544256.fits.gz,104040000,103632400,103632400
Euclid,NIR-H,TILE101544257,/Volumes/exdisk1/data/Euclid/COSMOS_DR1/EUC_MER_BGSUB-MOSAIC-NIR-H_TILE101544257-E612B_20250808T184733.389607Z_00.00.fits,single_hdu,10200,10200,100.000000000008,149.94964218903084,150.23319329882855,2.1083549520557,2.3916590659429904,"[150.23316576094936, 149.94966973231058, 149.94964218903084, 150.23319329882855]","[2.108354954583914, 2.1083549520557, 2.3916590630746875, 2.3916590659429904]",/Users/suzuki/github/projects_cosmos/csvfiles_star/v04/coverage/Euclid_NIR-H_TILE101544257.fits.gz,104040000,103632400,103632400
Euclid,NIR-H,TILE101544258,/Volumes/exdisk1/data/Euclid/COSMOS_DR1/EUC_MER_BGSUB-MOSAIC-NIR-H_TILE101544258-BA187D_20250808T113449.463876Z_00.00.fits,single_hdu,10200,10200,100.000000000008,150.19979457513085,150.48334568492857,2.1083549520557,2.3916590659429904,"[150.48331814704937, 150.1998221184106, 150.19979457513085, 150.48334568492857]","[2.108354954583914, 2.1083549520557, 2.3916590630746875, 2.3916590659429904]",/Users/suzuki/github/projects_cosmos/csvfiles_star/v04/coverage/Euclid_NIR-H_TILE101544258.fits.gz,104040000,103632400,103632400
Euclid,NIR-H,TILE101544259,/Volumes/exdisk1/data/Euclid/COSMOS_DR1/EUC_MER_BGSUB-MOSAIC-NIR-H_TILE101544259-626F32_20250809T162343.390067Z_00.00.fits,single_hdu,10200,10200,100.000000000008,150.44994696123084,150.73349807102855,2.1083549520557,2.3916590659429904,"[150.73347053314936, 150.44997450451058, 150.44994696123084, 150.73349807102855]","[2.108354954583914, 2.1083549520557, 2.3916590630746875, 2.3916590659429904]",/Users/suzuki/github/projects_cosmos/csvfiles_star/v04/coverage/Euclid_NIR-H_TILE101544259.fits.gz,104040000,103632400,103632400
Euclid,NIR-H,TILE101544260,/Volumes/exdisk1/data/Euclid/COSMOS_DR1/EUC_MER_BGSUB-MOSAIC-NIR-H_TILE101544260-3DBCC0_20250517T224645.243828Z_00.00.fits,single_hdu,10200,10200,100.000000000008,150.70009934723083,150.98365045702855,2.1083549520557,2.3916590659429904,"[150.98362291914935, 150.70012689051057, 150.70009934723083, 150.98365045702855]","[2.108354954583914, 2.1083549520557, 2.3916590630746875, 2.3916590659429904]",/Users/suzuki/github/projects_cosmos/csvfiles_star/v04/coverage/Euclid_NIR-H_TILE101544260.fits.gz,104040000,103632400,103632400
Euclid,NIR-H,TILE101545694,/Volumes/exdisk1/data/Euclid/COSMOS_DR1/EUC_MER_BGSUB-MOSAIC-NIR-H_TILE101545694-F617FB_20250517T234120.129348Z_00.00.fits,single_hdu,10200,10200,100.000000000008,149.2233384710283,149.50694396489888,2.3583541867125977,2.6416583005861387,"[149.50691335802424, 149.2233690839054, 149.2233384710283, 149.50694396489888]","[2.358354189540916, 2.3583541867125977, 2.641658297417609, 2.6416583005861387]",/Users/suzuki/github/projects_cosmos/csvfiles_star/v04/coverage/Euclid_NIR-H_TILE101545694.fits.gz,104040000,103632400,103632400
Euclid,NIR-H,TILE101545695,/Volumes/exdisk1/data/Euclid/COSMOS_DR1/EUC_MER_BGSUB-MOSAIC-NIR-H_TILE101545695-D275D8_20250808T005321.182378Z_00.00.fits,single_hdu,10200,10200,100.000000000008,149.4735313606283,149.75713685449887,2.3583541867125977,2.6416583005861387,"[149.75710624762422, 149.47356197350538, 149.4735313606283, 149.75713685449887]","[2.358354189540916, 2.3583541867125977, 2.641658297417609, 2.6416583005861387]",/Users/suzuki/github/projects_cosmos/csvfiles_star/v04/coverage/Euclid_NIR-H_TILE101545695.fits.gz,104040000,103632400,103632400
Euclid,NIR-H,TILE101545696,/Volumes/exdisk1/data/Euclid/COSMOS_DR1/EUC_MER_BGSUB-MOSAIC-NIR-H_TILE101545696-C274A9_20250808T122253.817238Z_00.00.fits,single_hdu,10200,10200,100.000000000008,149.7237242503283,150.00732974419887,2.3583541867125977,2.6416583005861387,"[150.00729913732422, 149.7237548632054, 149.7237242503283, 150.00732974419887]","[2.358354189540916, 2.3583541867125977, 2.641658297417609, 2.6416583005861387]",/Users/suzuki/github/projects_cosmos/csvfiles_star/v04/coverage/Euclid_NIR-H_TILE101545696.fits.gz,104040000,103632400,103632400
Euclid,NIR-H,TILE101545697,/Volumes/exdisk1/data/Euclid/COSMOS_DR1/EUC_MER_BGSUB-MOSAIC-NIR-H_TILE101545697-543156_20250808T141905.250955Z_00.00.fits,single_hdu,10200,10200,100.000000000008,149.9739171399283,150.25752263379886,2.3583541867125977,2.6416583005861387,"[150.2574920269242, 149.97394775280537, 149.9739171399283, 150.25752263379886]","[2.358354189540916, 2.3583541867125977, 2.641658297417609, 2.6416583005861387]",/Users/suzuki/github/projects_cosmos/csvfiles_star/v04/coverage/Euclid_NIR-H_TILE101545697.fits.gz,104040000,103632400,103632400
Euclid,NIR-H,TILE101545698,/Volumes/exdisk1/data/Euclid/COSMOS_DR1/EUC_MER_BGSUB-MOSAIC-NIR-H_TILE101545698-FD06F9_20250808T112726.094516Z_00.00.fits,single_hdu,10200,10200,100.000000000008,150.2241100296283,150.50771552349886,2.3583541867125977,2.6416583005861387,"[150.5076849166242, 150.22414064250538, 150.2241100296283, 150.50771552349886]","[2.358354189540916, 2.3583541867125977, 2.641658297417609, 2.6416583005861387]",/Users/suzuki/github/projects_cosmos/csvfiles_star/v04/coverage/Euclid_NIR-H_TILE101545698.fits.gz,104040000,103632400,103632400
Euclid,NIR-H,TILE101545699,/Volumes/exdisk1/data/Euclid/COSMOS_DR1/EUC_MER_BGSUB-MOSAIC-NIR-H_TILE101545699-931E60_20250808T100408.457454Z_00.00.fits,single_hdu,10200,10200,100.000000000008,150.4743029193283,150.75790841319886,2.3583541867125977,2.6416583005861387,"[150.75787780632422, 150.47433353220538, 150.4743029193283, 150.75790841319886]","[2.358354189540916, 2.3583541867125977, 2.641658297417609, 2.6416583005861387]",/Users/suzuki/github/projects_cosmos/csvfiles_star/v04/coverage/Euclid_NIR-H_TILE101545699.fits.gz,104040000,103632400,103632400
Euclid,NIR-H,TILE101545700,/Volumes/exdisk1/data/Euclid/COSMOS_DR1/EUC_MER_BGSUB-MOSAIC-NIR-H_TILE101545700-7E70CC_20250515T214005.921658Z_00.00.fits,single_hdu,10200,10200,100.000000000008,150.7244958089283,151.00810130279888,2.3583541867125977,2.6416583005861387,"[151.00807069592423, 150.7245264218054, 150.7244958089283, 151.00810130279888]","[2.358354189540916, 2.3583541867125977, 2.641658297417609, 2.6416583005861387]",/Users/suzuki/github/projects_cosmos/csvfiles_star/v04/coverage/Euclid_NIR-H_TILE101545700.fits.gz,104040000,103632400,103632400
Euclid,NIR-H,TILE101545701,/Volumes/exdisk1/data/Euclid/COSMOS_DR1/EUC_MER_BGSUB-MOSAIC-NIR-H_TILE101545701-3B1541_20250515T182901.133837Z_00.00.fits,single_hdu,10200,10200,100.000000000008,150.9746886986283,151.25829419249888,2.3583541867125977,2.6416583005861387,"[151.25826358562423, 150.9747193115054, 150.9746886986283, 151.25829419249888]","[2.358354189540916, 2.3583541867125977, 2.641658297417609, 2.6416583005861387]",/Users/suzuki/github/projects_cosmos/csvfiles_star/v04/coverage/Euclid_NIR-H_TILE101545701.fits.gz,104040000,103632400,103632400
Euclid,NIR-H,TILE101547133,/Volumes/exdisk1/data/Euclid/COSMOS_DR1/EUC_MER_BGSUB-MOSAIC-NIR-H_TILE101547133-3FF132_20250515T202859.210274Z_00.00.fits,single_hdu,10200,10200,100.000000000008,149.2503417039311,149.53400700433218,2.608353421094355,2.8916575349210403,"[149.5339733255418, 149.25037538932636, 149.2503417039311, 149.53400700433218]","[2.608353424222884, 2.608353421094355, 2.8916575314521618, 2.8916575349210403]",/Users/suzuki/github/projects_cosmos/csvfiles_star/v04/coverage/Euclid_NIR-H_TILE101547133.fits.gz,104040000,103632400,103632400
Euclid,NIR-H,TILE101547134,/Volumes/exdisk1/data/Euclid/COSMOS_DR1/EUC_MER_BGSUB-MOSAIC-NIR-H_TILE101547134-C22F5D_20250807T202114.107019Z_00.00.fits,single_hdu,10200,10200,100.000000000008,149.5005798752311,149.78424517563218,2.608353421094355,2.8916575349210403,"[149.7842114968418, 149.50061356062636, 149.5005798752311, 149.78424517563218]","[2.608353424222884, 2.608353421094355, 2.8916575314521618, 2.8916575349210403]",/Users/suzuki/github/projects_cosmos/csvfiles_star/v04/coverage/Euclid_NIR-H_TILE101547134.fits.gz,104040000,103632400,103632400
Euclid,NIR-H,TILE101547135,/Volumes/exdisk1/data/Euclid/COSMOS_DR1/EUC_MER_BGSUB-MOSAIC-NIR-H_TILE101547135-FE33F2_20250808T101828.879874Z_00.00.fits,single_hdu,10200,10200,100.000000000008,149.7508180465311,150.03448334693218,2.608353421094355,2.8916575349210403,"[150.0344496681418, 149.75085173192636, 149.7508180465311, 150.03448334693218]","[2.608353424222884, 2.608353421094355, 2.8916575314521618, 2.8916575349210403]",/Users/suzuki/github/projects_cosmos/csvfiles_star/v04/coverage/Euclid_NIR-H_TILE101547135.fits.gz,104040000,103632400,103632400
Euclid,NIR-H,TILE101547136,/Volumes/exdisk1/data/Euclid/COSMOS_DR1/EUC_MER_BGSUB-MOSAIC-NIR-H_TILE101547136-9FEDD_20250808T123728.607394Z_00.00.fits,single_hdu,10200,10200,100.000000000008,150.0010562178311,150.28472151823217,2.608353421094355,2.8916575349210403,"[150.2846878394418, 150.00108990322636, 150.0010562178311, 150.28472151823217]","[2.608353424222884, 2.608353421094355, 2.8916575314521618, 2.8916575349210403]",/Users/suzuki/github/projects_cosmos/csvfiles_star/v04/coverage/Euclid_NIR-H_TILE101547136.fits.gz,104040000,103632400,103632400
Euclid,NIR-H,TILE101547137,/Volumes/exdisk1/data/Euclid/COSMOS_DR1/EUC_MER_BGSUB-MOSAIC-NIR-H_TILE101547137-2D62BA_20250808T080334.648248Z_00.00.fits,single_hdu,10200,10200,100.000000000008,150.25129438913112,150.5349596895322,2.608353421094355,2.8916575349210403,"[150.53492601074183, 150.25132807452638, 150.25129438913112, 150.5349596895322]","[2.608353424222884, 2.608353421094355, 2.8916575314521618, 2.8916575349210403]",/Users/suzuki/github/projects_cosmos/csvfiles_star/v04/coverage/Euclid_NIR-H_TILE101547137.fits.gz,104040000,103632400,103632400
Euclid,NIR-H,TILE101547138,/Volumes/exdisk1/data/Euclid/COSMOS_DR1/EUC_MER_BGSUB-MOSAIC-NIR-H_TILE101547138-5A7468_20250809T152257.702953Z_00.00.fits,single_hdu,10200,10200,100.000000000008,150.50153256043112,150.7851978608322,2.608353421094355,2.8916575349210403,"[150.78516418204183, 150.50156624582638, 150.50153256043112, 150.7851978608322]","[2.608353424222884, 2.608353421094355, 2.8916575314521618, 2.8916575349210403]",/Users/suzuki/github/projects_cosmos/csvfiles_star/v04/coverage/Euclid_NIR-H_TILE101547138.fits.gz,104040000,103632400,103632400
Euclid,NIR-H,TILE101547139,/Volumes/exdisk1/data/Euclid/COSMOS_DR1/EUC_MER_BGSUB-MOSAIC-NIR-H_TILE101547139-B5C752_20250515T213337.502742Z_00.00.fits,single_hdu,10200,10200,100.000000000008,150.7517707317311,151.0354360321322,2.608353421094355,2.8916575349210403,"[151.03540235334182, 150.75180441712638, 150.7517707317311, 151.0354360321322]","[2.608353424222884, 2.608353421094355, 2.8916575314521618, 2.8916575349210403]",/Users/suzuki/github/projects_cosmos/csvfiles_star/v04/coverage/Euclid_NIR-H_TILE101547139.fits.gz,104040000,103632400,103632400
Euclid,NIR-H,TILE101547140,/Volumes/exdisk1/data/Euclid/COSMOS_DR1/EUC_MER_BGSUB-MOSAIC-NIR-H_TILE101547140-C20D5C_20250515T185721.351581Z_00.00.fits,single_hdu,10200,10200,100.000000000008,151.0020089030311,151.2856742034322,2.608353421094355,2.8916575349210403,"[151.28564052464182, 151.00204258842638, 151.0020089030311, 151.2856742034322]","[2.608353424222884, 2.608353421094355, 2.8916575314521618, 2.8916575349210403]",/Users/suzuki/github/projects_cosmos/csvfiles_star/v04/coverage/Euclid_NIR-H_TILE101547140.fits.gz,104040000,103632400,103632400
Euclid,NIR-H,TILE101548572,/Volumes/exdisk1/data/Euclid/COSMOS_DR1/EUC_MER_BGSUB-MOSAIC-NIR-H_TILE101548572-66F234_20250515T185051.341308Z_00.00.fits,single_hdu,10200,10200,100.000000000008,149.28019730548436,149.5639278405828,2.8583526551717044,3.1416567689183865,"[149.56389108666178, 149.28023406661336, 149.28019730548436, 149.5639278405828]","[2.8583526586005643, 2.8583526551717044, 3.141656765149028, 3.1416567689183865]",/Users/suzuki/github/projects_cosmos/csvfiles_star/v04/coverage/Euclid_NIR-H_TILE101548572.fits.gz,104040000,103632400,103632400
Euclid,NIR-H,TILE101548573,/Volumes/exdisk1/data/Euclid/COSMOS_DR1/EUC_MER_BGSUB-MOSAIC-NIR-H_TILE101548573-6E9B6_20250515T213200.005669Z_00.00.fits,single_hdu,10200,10200,100.000000000008,149.53048554078438,149.81421607588283,2.8583526551717044,3.1416567689183865,"[149.8141793219618, 149.53052230191338, 149.53048554078438, 149.81421607588283]","[2.8583526586005643, 2.8583526551717044, 3.141656765149028, 3.1416567689183865]",/Users/suzuki/github/projects_cosmos/csvfiles_star/v04/coverage/Euclid_NIR-H_TILE101548573.fits.gz,104040000,103632400,103632400
Euclid,NIR-H,TILE101548574,/Volumes/exdisk1/data/Euclid/COSMOS_DR1/EUC_MER_BGSUB-MOSAIC-NIR-H_TILE101548574-C6BD2D_20250807T205949.373593Z_00.00.fits,single_hdu,10200,10200,100.000000000008,149.78077377618436,150.0645043112828,2.8583526551717044,3.1416567689183865,"[150.06446755736178, 149.78081053731336, 149.78077377618436, 150.0645043112828]","[2.8583526586005643, 2.8583526551717044, 3.141656765149028, 3.1416567689183865]",/Users/suzuki/github/projects_cosmos/csvfiles_star/v04/coverage/Euclid_NIR-H_TILE101548574.fits.gz,104040000,103632400,103632400
Euclid,NIR-H,TILE101548575,/Volumes/exdisk1/data/Euclid/COSMOS_DR1/EUC_MER_BGSUB-MOSAIC-NIR-H_TILE101548575-EADEA0_20250515T230726.733334Z_00.00.fits,single_hdu,10200,10200,100.000000000008,150.03106201148438,150.31479254658282,2.8583526551717044,3.1416567689183865,"[150.3147557926618, 150.03109877261338, 150.03106201148438, 150.31479254658282]","[2.8583526586005643, 2.8583526551717044, 3.141656765149028, 3.1416567689183865]",/Users/suzuki/github/projects_cosmos/csvfiles_star/v04/coverage/Euclid_NIR-H_TILE101548575.fits.gz,104040000,103632400,103632400
Euclid,NIR-H,TILE101548576,/Volumes/exdisk1/data/Euclid/COSMOS_DR1/EUC_MER_BGSUB-MOSAIC-NIR-H_TILE101548576-FC7DB9_20250516T002245.051084Z_00.00.fits,single_hdu,10200,10200,100.000000000008,150.28135024678437,150.5650807818828,2.8583526551717044,3.1416567689183865,"[150.5650440279618, 150.28138700791337, 150.28135024678437, 150.5650807818828]","[2.8583526586005643, 2.8583526551717044, 3.141656765149028, 3.1416567689183865]",/Users/suzuki/github/projects_cosmos/csvfiles_star/v04/coverage/Euclid_NIR-H_TILE101548576.fits.gz,104040000,103632400,103632400
Euclid,NIR-H,TILE101548577,/Volumes/exdisk1/data/Euclid/COSMOS_DR1/EUC_MER_BGSUB-MOSAIC-NIR-H_TILE101548577-3EB45_20250515T200457.812016Z_00.00.fits,single_hdu,10200,10200,100.000000000008,150.53163848208436,150.8153690171828,2.8583526551717044,3.1416567689183865,"[150.81533226326178, 150.53167524321336, 150.53163848208436, 150.8153690171828]","[2.8583526586005643, 2.8583526551717044, 3.141656765149028, 3.1416567689183865]",/Users/suzuki/github/projects_cosmos/csvfiles_star/v04/coverage/Euclid_NIR-H_TILE101548577.fits.gz,104040000,103632400,103632400
Euclid,NIR-H,TILE101548578,/Volumes/exdisk1/data/Euclid/COSMOS_DR1/EUC_MER_BGSUB-MOSAIC-NIR-H_TILE101548578-FD442C_20250515T190817.084940Z_00.00.fits,single_hdu,10200,10200,100.000000000008,150.78192671738438,151.06565725248282,2.8583526551717044,3.1416567689183865,"[151.0656204985618, 150.78196347851338, 150.78192671738438, 151.06565725248282]","[2.8583526586005643, 2.8583526551717044, 3.141656765149028, 3.1416567689183865]",/Users/suzuki/github/projects_cosmos/csvfiles_star/v04/coverage/Euclid_NIR-H_TILE101548578.fits.gz,104040000,103632400,103632400
Euclid,NIR-H,TILE101550012,/Volumes/exdisk1/data/Euclid/COSMOS_DR1/EUC_MER_BGSUB-MOSAIC-NIR-H_TILE101550012-A4749D_20250515T202634.947216Z_00.00.fits,single_hdu,10200,10200,100.000000000008,149.5632512114724,149.84705241566584,3.108351888915243,3.3916560025487295,"[149.84701258310378, 149.56329105184616, 149.5632512114724, 149.84705241566584]","[3.1083518926445657, 3.108351888915243, 3.3916559984787464, 3.3916560025487295]",/Users/suzuki/github/projects_cosmos/csvfiles_star/v04/coverage/Euclid_NIR-H_TILE101550012.fits.gz,104040000,103632400,103632400
Euclid,NIR-H,TILE101550013,/Volumes/exdisk1/data/Euclid/COSMOS_DR1/EUC_MER_BGSUB-MOSAIC-NIR-H_TILE101550013-68B709_20250515T201425.470341Z_00.00.fits,single_hdu,10200,10200,100.000000000008,149.8135942979724,150.09739550216585,3.108351888915243,3.3916560025487295,"[150.0973556696038, 149.81363413834617, 149.8135942979724, 150.09739550216585]","[3.1083518926445657, 3.108351888915243, 3.3916559984787464, 3.3916560025487295]",/Users/suzuki/github/projects_cosmos/csvfiles_star/v04/coverage/Euclid_NIR-H_TILE101550013.fits.gz,104040000,103632400,103632400
Euclid,NIR-H,TILE101550014,/Volumes/exdisk1/data/Euclid/COSMOS_DR1/EUC_MER_BGSUB-MOSAIC-NIR-H_TILE101550014-8F7015_20250515T184528.512537Z_00.00.fits,single_hdu,10200,10200,100.000000000008,150.0639373844724,150.34773858866586,3.108351888915243,3.3916560025487295,"[150.3476987561038, 150.06397722484618, 150.0639373844724, 150.34773858866586]","[3.1083518926445657, 3.108351888915243, 3.3916559984787464, 3.3916560025487295]",/Users/suzuki/github/projects_cosmos/csvfiles_star/v04/coverage/Euclid_NIR-H_TILE101550014.fits.gz,104040000,103632400,103632400
Euclid,NIR-J,TILE101538497,/Volumes/exdisk1/data/Euclid/COSMOS_DR1/EUC_MER_BGSUB-MOSAIC-NIR-J_TILE101538497-18E0FE_20250515T183536.059356Z_00.00.fits,single_hdu,10200,10200,100.000000000008,149.881141462701,150.16452916478013,1.1083580112619618,1.391662124873849,"[150.16451387955027, 149.8811567509285, 149.881141462701, 150.16452916478013]","[1.10835801259061, 1.1083580112619618, 1.3916621232054731, 1.391662124873849]",/Users/suzuki/github/projects_cosmos/csvfiles_star/v04/coverage/Euclid_NIR-J_TILE101538497.fits.gz,104040000,103632400,103632400
Euclid,NIR-J,TILE101538498,/Volumes/exdisk1/data/Euclid/COSMOS_DR1/EUC_MER_BGSUB-MOSAIC-NIR-J_TILE101538498-74BB7C_20250516T030000.672934Z_00.00.fits,single_hdu,10200,10200,100.000000000008,150.131179544701,150.41456724678014,1.1083580112619618,1.391662124873849,"[150.41455196155027, 150.13119483292851, 150.131179544701, 150.41456724678014]","[1.10835801259061, 1.1083580112619618, 1.3916621232054731, 1.391662124873849]",/Users/suzuki/github/projects_cosmos/csvfiles_star/v04/coverage/Euclid_NIR-J_TILE101538498.fits.gz,104040000,103632400,103632400
Euclid,NIR-J,TILE101538499,/Volumes/exdisk1/data/Euclid/COSMOS_DR1/EUC_MER_BGSUB-MOSAIC-NIR-J_TILE101538499-799B70_20250516T155322.857388Z_00.00.fits,single_hdu,10200,10200,100.000000000008,150.38121762670102,150.66460532878014,1.1083580112619618,1.391662124873849,"[150.66459004355028, 150.38123291492852, 150.38121762670102, 150.66460532878014]","[1.10835801259061, 1.1083580112619618, 1.3916621232054731, 1.391662124873849]",/Users/suzuki/github/projects_cosmos/csvfiles_star/v04/coverage/Euclid_NIR-J_TILE101538499.fits.gz,104040000,103632400,103632400
Euclid,NIR-J,TILE101538500,/Volumes/exdisk1/data/Euclid/COSMOS_DR1/EUC_MER_BGSUB-MOSAIC-NIR-J_TILE101538500-15626A_20250515T182001.073125Z_00.00.fits,single_hdu,10200,10200,100.000000000008,150.63125570870102,150.91464341078014,1.1083580112619618,1.391662124873849,"[150.91462812555028, 150.63127099692852, 150.63125570870102, 150.91464341078014]","[1.10835801259061, 1.1083580112619618, 1.3916621232054731, 1.391662124873849]",/Users/suzuki/github/projects_cosmos/csvfiles_star/v04/coverage/Euclid_NIR-J_TILE101538500.fits.gz,104040000,103632400,103632400
Euclid,NIR-J,TILE101539933,/Volumes/exdisk1/data/Euclid/COSMOS_DR1/EUC_MER_BGSUB-MOSAIC-NIR-J_TILE101539933-BD4484_20250515T182034.257961Z_00.00.fits,single_hdu,10200,10200,100.000000000008,148.8937422891215,149.1771627321495,1.3583572467269085,1.6416613604571544,"[149.17714438667153, 148.89376063819728, 148.8937422891215, 149.1771627321495]","[1.3583572483553434, 1.3583572467269085, 1.6416613584889208, 1.6416613604571544]",/Users/suzuki/github/projects_cosmos/csvfiles_star/v04/coverage/Euclid_NIR-J_TILE101539933.fits.gz,104040000,103632400,103632400
Euclid,NIR-J,TILE101539934,/Volumes/exdisk1/data/Euclid/COSMOS_DR1/EUC_MER_BGSUB-MOSAIC-NIR-J_TILE101539934-59FA02_20250515T194400.414834Z_00.00.fits,single_hdu,10200,10200,100.000000000008,149.14380179652147,149.42722223954948,1.3583572467269085,1.6416613604571544,"[149.4272038940715, 149.14382014559726, 149.14380179652147, 149.42722223954948]","[1.3583572483553434, 1.3583572467269085, 1.6416613584889208, 1.6416613604571544]",/Users/suzuki/github/projects_cosmos/csvfiles_star/v04/coverage/Euclid_NIR-J_TILE101539934.fits.gz,104040000,103632400,103632400
Euclid,NIR-J,TILE101539935,/Volumes/exdisk1/data/Euclid/COSMOS_DR1/EUC_MER_BGSUB-MOSAIC-NIR-J_TILE101539935-1990B7_20250515T211855.026563Z_00.00.fits,single_hdu,10200,10200,100.000000000008,149.39386130392148,149.6772817469495,1.3583572467269085,1.6416613604571544,"[149.67726340147152, 149.39387965299727, 149.39386130392148, 149.6772817469495]","[1.3583572483553434, 1.3583572467269085, 1.6416613584889208, 1.6416613604571544]",/Users/suzuki/github/projects_cosmos/csvfiles_star/v04/coverage/Euclid_NIR-J_TILE101539935.fits.gz,104040000,103632400,103632400
Euclid,NIR-J,TILE101539936,/Volumes/exdisk1/data/Euclid/COSMOS_DR1/EUC_MER_BGSUB-MOSAIC-NIR-J_TILE101539936-37F4F4_20250516T062310.143072Z_00.00.fits,single_hdu,10200,10200,100.000000000008,149.6439208113215,149.9273412543495,1.3583572467269085,1.6416613604571544,"[149.92732290887153, 149.64393916039728, 149.6439208113215, 149.9273412543495]","[1.3583572483553434, 1.3583572467269085, 1.6416613584889208, 1.6416613604571544]",/Users/suzuki/github/projects_cosmos/csvfiles_star/v04/coverage/Euclid_NIR-J_TILE101539936.fits.gz,104040000,103632400,103632400
Euclid,NIR-J,TILE101539937,/Volumes/exdisk1/data/Euclid/COSMOS_DR1/EUC_MER_BGSUB-MOSAIC-NIR-J_TILE101539937-CCD946_20250517T104547.951073Z_00.00.fits,single_hdu,10200,10200,100.000000000008,149.89398031872147,150.17740076174948,1.3583572467269085,1.6416613604571544,"[150.1773824162715, 149.89399866779726, 149.89398031872147, 150.17740076174948]","[1.3583572483553434, 1.3583572467269085, 1.6416613584889208, 1.6416613604571544]",/Users/suzuki/github/projects_cosmos/csvfiles_star/v04/coverage/Euclid_NIR-J_TILE101539937.fits.gz,104040000,103632400,103632400
Euclid,NIR-J,TILE101539938,/Volumes/exdisk1/data/Euclid/COSMOS_DR1/EUC_MER_BGSUB-MOSAIC-NIR-J_TILE101539938-BA355E_20250516T143442.725807Z_00.00.fits,single_hdu,10200,10200,100.000000000008,150.14403982612149,150.4274602691495,1.3583572467269085,1.6416613604571544,"[150.42744192367152, 150.14405817519727, 150.14403982612149, 150.4274602691495]","[1.3583572483553434, 1.3583572467269085, 1.6416613584889208, 1.6416613604571544]",/Users/suzuki/github/projects_cosmos/csvfiles_star/v04/coverage/Euclid_NIR-J_TILE101539938.fits.gz,104040000,103632400,103632400
Euclid,NIR-J,TILE101539939,/Volumes/exdisk1/data/Euclid/COSMOS_DR1/EUC_MER_BGSUB-MOSAIC-NIR-J_TILE101539939-DF9E29_20250516T125224.751746Z_00.00.fits,single_hdu,10200,10200,100.000000000008,150.39409933352147,150.67751977654947,1.3583572467269085,1.6416613604571544,"[150.6775014310715, 150.39411768259725, 150.39409933352147, 150.67751977654947]","[1.3583572483553434, 1.3583572467269085, 1.6416613584889208, 1.6416613604571544]",/Users/suzuki/github/projects_cosmos/csvfiles_star/v04/coverage/Euclid_NIR-J_TILE101539939.fits.gz,104040000,103632400,103632400
Euclid,NIR-J,TILE101539940,/Volumes/exdisk1/data/Euclid/COSMOS_DR1/EUC_MER_BGSUB-MOSAIC-NIR-J_TILE101539940-1F08F1_20250517T022355.540915Z_00.00.fits,single_hdu,10200,10200,100.000000000008,150.64415884092148,150.92757928394948,1.3583572467269085,1.6416613604571544,"[150.92756093847152, 150.64417718999727, 150.64415884092148, 150.92757928394948]","[1.3583572483553434, 1.3583572467269085, 1.6416613584889208, 1.6416613604571544]",/Users/suzuki/github/projects_cosmos/csvfiles_star/v04/coverage/Euclid_NIR-J_TILE101539940.fits.gz,104040000,103632400,103632400
Euclid,NIR-J,TILE101541373,/Volumes/exdisk1/data/Euclid/COSMOS_DR1/EUC_MER_BGSUB-MOSAIC-NIR-J_TILE101541373-1F1C97_20250516T103047.516481Z_00.00.fits,single_hdu,10200,10200,100.000000000008,148.90933289037162,149.19279147915927,1.6083564820336467,1.8916605958492612,"[149.19277007168535, 148.90935430204385, 148.90933289037162, 149.19279147915927]","[1.6083564839619306, 1.6083564820336467, 1.8916605935810944, 1.8916605958492612]",/Users/suzuki/github/projects_cosmos/csvfiles_star/v04/coverage/Euclid_NIR-J_TILE101541373.fits.gz,104040000,103632400,103632400
Euclid,NIR-J,TILE101541374,/Volumes/exdisk1/data/Euclid/COSMOS_DR1/EUC_MER_BGSUB-MOSAIC-NIR-J_TILE101541374-20885F_20250517T064454.552281Z_00.00.fits,single_hdu,10200,10200,100.000000000008,149.1594185885716,149.44287717735926,1.6083564820336467,1.8916605958492612,"[149.44285576988534, 149.15944000024385, 149.1594185885716, 149.44287717735926]","[1.6083564839619306, 1.6083564820336467, 1.8916605935810944, 1.8916605958492612]",/Users/suzuki/github/projects_cosmos/csvfiles_star/v04/coverage/Euclid_NIR-J_TILE101541374.fits.gz,104040000,103632400,103632400
Euclid,NIR-J,TILE101541375,/Volumes/exdisk1/data/Euclid/COSMOS_DR1/EUC_MER_BGSUB-MOSAIC-NIR-J_TILE101541375-4AC80A_20250517T070944.909643Z_00.00.fits,single_hdu,10200,10200,100.000000000008,149.40950428667162,149.69296287545927,1.6083564820336467,1.8916605958492612,"[149.69294146798535, 149.40952569834386, 149.40950428667162, 149.69296287545927]","[1.6083564839619306, 1.6083564820336467, 1.8916605935810944, 1.8916605958492612]",/Users/suzuki/github/projects_cosmos/csvfiles_star/v04/coverage/Euclid_NIR-J_TILE101541375.fits.gz,104040000,103632400,103632400
Euclid,NIR-J,TILE101541376,/Volumes/exdisk1/data/Euclid/COSMOS_DR1/EUC_MER_BGSUB-MOSAIC-NIR-J_TILE101541376-22781F_20250516T200618.385408Z_00.00.fits,single_hdu,10200,10200,100.000000000008,149.6595899847716,149.94304857355925,1.6083564820336467,1.8916605958492612,"[149.94302716608533, 149.65961139644384, 149.6595899847716, 149.94304857355925]","[1.6083564839619306, 1.6083564820336467, 1.8916605935810944, 1.8916605958492612]",/Users/suzuki/github/projects_cosmos/csvfiles_star/v04/coverage/Euclid_NIR-J_TILE101541376.fits.gz,104040000,103632400,103632400
Euclid,NIR-J,TILE101541377,/Volumes/exdisk1/data/Euclid/COSMOS_DR1/EUC_MER_BGSUB-MOSAIC-NIR-J_TILE101541377-9407C_20250807T205624.469886Z_00.00.fits,single_hdu,10200,10200,100.000000000008,149.9096756828716,150.19313427165926,1.6083564820336467,1.8916605958492612,"[150.19311286418534, 149.90969709454384, 149.9096756828716, 150.19313427165926]","[1.6083564839619306, 1.6083564820336467, 1.8916605935810944, 1.8916605958492612]",/Users/suzuki/github/projects_cosmos/csvfiles_star/v04/coverage/Euclid_NIR-J_TILE101541377.fits.gz,104040000,103632400,103632400
Euclid,NIR-J,TILE101541378,/Volumes/exdisk1/data/Euclid/COSMOS_DR1/EUC_MER_BGSUB-MOSAIC-NIR-J_TILE101541378-D222D4_20250809T130036.314933Z_00.00.fits,single_hdu,10200,10200,100.000000000008,150.1597613810716,150.44321996985926,1.6083564820336467,1.8916605958492612,"[150.44319856238533, 150.15978279274384, 150.1597613810716, 150.44321996985926]","[1.6083564839619306, 1.6083564820336467, 1.8916605935810944, 1.8916605958492612]",/Users/suzuki/github/projects_cosmos/csvfiles_star/v04/coverage/Euclid_NIR-J_TILE101541378.fits.gz,104040000,103632400,103632400
Euclid,NIR-J,TILE101541379,/Volumes/exdisk1/data/Euclid/COSMOS_DR1/EUC_MER_BGSUB-MOSAIC-NIR-J_TILE101541379-278153_20250515T224639.089876Z_00.00.fits,single_hdu,10200,10200,100.000000000008,150.4098470791716,150.69330566795927,1.6083564820336467,1.8916605958492612,"[150.69328426048534, 150.40986849084385, 150.4098470791716, 150.69330566795927]","[1.6083564839619306, 1.6083564820336467, 1.8916605935810944, 1.8916605958492612]",/Users/suzuki/github/projects_cosmos/csvfiles_star/v04/coverage/Euclid_NIR-J_TILE101541379.fits.gz,104040000,103632400,103632400
Euclid,NIR-J,TILE101541380,/Volumes/exdisk1/data/Euclid/COSMOS_DR1/EUC_MER_BGSUB-MOSAIC-NIR-J_TILE101541380-F23A67_20250516T003703.237088Z_00.00.fits,single_hdu,10200,10200,100.000000000008,150.65993277727162,150.94339136605927,1.6083564820336467,1.8916605958492612,"[150.94336995858535, 150.65995418894386, 150.65993277727162, 150.94339136605927]","[1.6083564839619306, 1.6083564820336467, 1.8916605935810944, 1.8916605958492612]",/Users/suzuki/github/projects_cosmos/csvfiles_star/v04/coverage/Euclid_NIR-J_TILE101541380.fits.gz,104040000,103632400,103632400
Euclid,NIR-J,TILE101542814,/Volumes/exdisk1/data/Euclid/COSMOS_DR1/EUC_MER_BGSUB-MOSAIC-NIR-J_TILE101542814-6379DA_20250517T033615.923087Z_00.00.fits,single_hdu,10200,10200,100.000000000008,149.1778790802335,149.46138122322697,1.8583557171529748,2.1416598310209465,"[149.4613567517169, 149.1779035565428, 149.1778790802335, 149.46138122322697]","[1.8583557193811806, 1.8583557171529748, 2.14165982845276, 2.1416598310209465]",/Users/suzuki/github/projects_cosmos/csvfiles_star/v04/coverage/Euclid_NIR-J_TILE101542814.fits.gz,104040000,103632400,103632400
Euclid,NIR-J,TILE101542815,/Volumes/exdisk1/data/Euclid/COSMOS_DR1/EUC_MER_BGSUB-MOSAIC-NIR-J_TILE101542815-CF368C_20250809T143454.519838Z_00.00.fits,single_hdu,10200,10200,100.000000000008,149.42799573693352,149.71149787992698,1.8583557171529748,2.1416598310209465,"[149.7114734084169, 149.4280202132428, 149.42799573693352, 149.71149787992698]","[1.8583557193811806, 1.8583557171529748, 2.14165982845276, 2.1416598310209465]",/Users/suzuki/github/projects_cosmos/csvfiles_star/v04/coverage/Euclid_NIR-J_TILE101542815.fits.gz,104040000,103632400,103632400
Euclid,NIR-J,TILE101542816,/Volumes/exdisk1/data/Euclid/COSMOS_DR1/EUC_MER_BGSUB-MOSAIC-NIR-J_TILE101542816-C3C394_20250808T170410.723132Z_00.00.fits,single_hdu,10200,10200,100.000000000008,149.6781123936335,149.96161453662697,1.8583557171529748,2.1416598310209465,"[149.9615900651169, 149.6781368699428, 149.6781123936335, 149.96161453662697]","[1.8583557193811806, 1.8583557171529748, 2.14165982845276, 2.1416598310209465]",/Users/suzuki/github/projects_cosmos/csvfiles_star/v04/coverage/Euclid_NIR-J_TILE101542816.fits.gz,104040000,103632400,103632400
Euclid,NIR-J,TILE101542817,/Volumes/exdisk1/data/Euclid/COSMOS_DR1/EUC_MER_BGSUB-MOSAIC-NIR-J_TILE101542817-69AA1A_20250808T171744.105776Z_00.00.fits,single_hdu,10200,10200,100.000000000008,149.9282290503335,150.21173119332695,1.8583557171529748,2.1416598310209465,"[150.21170672181688, 149.92825352664278, 149.9282290503335, 150.21173119332695]","[1.8583557193811806, 1.8583557171529748, 2.14165982845276, 2.1416598310209465]",/Users/suzuki/github/projects_cosmos/csvfiles_star/v04/coverage/Euclid_NIR-J_TILE101542817.fits.gz,104040000,103632400,103632400
Euclid,NIR-J,TILE101542818,/Volumes/exdisk1/data/Euclid/COSMOS_DR1/EUC_MER_BGSUB-MOSAIC-NIR-J_TILE101542818-AC3AAC_20250808T152703.865550Z_00.00.fits,single_hdu,10200,10200,100.000000000008,150.17834570703351,150.46184785002697,1.8583557171529748,2.1416598310209465,"[150.4618233785169, 150.1783701833428, 150.17834570703351, 150.46184785002697]","[1.8583557193811806, 1.8583557171529748, 2.14165982845276, 2.1416598310209465]",/Users/suzuki/github/projects_cosmos/csvfiles_star/v04/coverage/Euclid_NIR-J_TILE101542818.fits.gz,104040000,103632400,103632400
Euclid,NIR-J,TILE101542819,/Volumes/exdisk1/data/Euclid/COSMOS_DR1/EUC_MER_BGSUB-MOSAIC-NIR-J_TILE101542819-946A4_20250809T132702.059050Z_00.00.fits,single_hdu,10200,10200,100.000000000008,150.4284623637335,150.71196450672696,1.8583557171529748,2.1416598310209465,"[150.71194003521688, 150.42848684004278, 150.4284623637335, 150.71196450672696]","[1.8583557193811806, 1.8583557171529748, 2.14165982845276, 2.1416598310209465]",/Users/suzuki/github/projects_cosmos/csvfiles_star/v04/coverage/Euclid_NIR-J_TILE101542819.fits.gz,104040000,103632400,103632400
Euclid,NIR-J,TILE101542820,/Volumes/exdisk1/data/Euclid/COSMOS_DR1/EUC_MER_BGSUB-MOSAIC-NIR-J_TILE101542820-2BAFA_20250517T143748.745367Z_00.00.fits,single_hdu,10200,10200,100.000000000008,150.67857902043352,150.96208116342697,1.8583557171529748,2.1416598310209465,"[150.9620566919169, 150.6786034967428, 150.67857902043352, 150.96208116342697]","[1.8583557193811806, 1.8583557171529748, 2.14165982845276, 2.1416598310209465]",/Users/suzuki/github/projects_cosmos/csvfiles_star/v04/coverage/Euclid_NIR-J_TILE101542820.fits.gz,104040000,103632400,103632400
Euclid,NIR-J,TILE101544254,/Volumes/exdisk1/data/Euclid/COSMOS_DR1/EUC_MER_BGSUB-MOSAIC-NIR-J_TILE101544254-D34444_20250517T001400.223138Z_00.00.fits,single_hdu,10200,10200,100.000000000008,149.19918503083085,149.48273614062856,2.1083549520557,2.3916590659429904,"[149.48270860274937, 149.1992125741106, 149.19918503083085, 149.48273614062856]","[2.108354954583914, 2.1083549520557, 2.3916590630746875, 2.3916590659429904]",/Users/suzuki/github/projects_cosmos/csvfiles_star/v04/coverage/Euclid_NIR-J_TILE101544254.fits.gz,104040000,103632400,103632400
Euclid,NIR-J,TILE101544255,/Volumes/exdisk1/data/Euclid/COSMOS_DR1/EUC_MER_BGSUB-MOSAIC-NIR-J_TILE101544255-A7FDBC_20250808T075959.965258Z_00.00.fits,single_hdu,10200,10200,100.000000000008,149.44933741693083,149.73288852672854,2.1083549520557,2.3916590659429904,"[149.73286098884935, 149.44936496021057, 149.44933741693083, 149.73288852672854]","[2.108354954583914, 2.1083549520557, 2.3916590630746875, 2.3916590659429904]",/Users/suzuki/github/projects_cosmos/csvfiles_star/v04/coverage/Euclid_NIR-J_TILE101544255.fits.gz,104040000,103632400,103632400
Euclid,NIR-J,TILE101544256,/Volumes/exdisk1/data/Euclid/COSMOS_DR1/EUC_MER_BGSUB-MOSAIC-NIR-J_TILE101544256-F452A3_20250808T170528.020449Z_00.00.fits,single_hdu,10200,10200,100.000000000008,149.69948980293086,149.98304091272857,2.1083549520557,2.3916590659429904,"[149.98301337484938, 149.6995173462106, 149.69948980293086, 149.98304091272857]","[2.108354954583914, 2.1083549520557, 2.3916590630746875, 2.3916590659429904]",/Users/suzuki/github/projects_cosmos/csvfiles_star/v04/coverage/Euclid_NIR-J_TILE101544256.fits.gz,104040000,103632400,103632400
Euclid,NIR-J,TILE101544257,/Volumes/exdisk1/data/Euclid/COSMOS_DR1/EUC_MER_BGSUB-MOSAIC-NIR-J_TILE101544257-7649E8_20250808T185150.836917Z_00.00.fits,single_hdu,10200,10200,100.000000000008,149.94964218903084,150.23319329882855,2.1083549520557,2.3916590659429904,"[150.23316576094936, 149.94966973231058, 149.94964218903084, 150.23319329882855]","[2.108354954583914, 2.1083549520557, 2.3916590630746875, 2.3916590659429904]",/Users/suzuki/github/projects_cosmos/csvfiles_star/v04/coverage/Euclid_NIR-J_TILE101544257.fits.gz,104040000,103632400,103632400
Euclid,NIR-J,TILE101544258,/Volumes/exdisk1/data/Euclid/COSMOS_DR1/EUC_MER_BGSUB-MOSAIC-NIR-J_TILE101544258-C6E782_20250808T113429.394734Z_00.00.fits,single_hdu,10200,10200,100.000000000008,150.19979457513085,150.48334568492857,2.1083549520557,2.3916590659429904,"[150.48331814704937, 150.1998221184106, 150.19979457513085, 150.48334568492857]","[2.108354954583914, 2.1083549520557, 2.3916590630746875, 2.3916590659429904]",/Users/suzuki/github/projects_cosmos/csvfiles_star/v04/coverage/Euclid_NIR-J_TILE101544258.fits.gz,104040000,103632400,103632400
Euclid,NIR-J,TILE101544259,/Volumes/exdisk1/data/Euclid/COSMOS_DR1/EUC_MER_BGSUB-MOSAIC-NIR-J_TILE101544259-547D7C_20250809T162405.507034Z_00.00.fits,single_hdu,10200,10200,100.000000000008,150.44994696123084,150.73349807102855,2.1083549520557,2.3916590659429904,"[150.73347053314936, 150.44997450451058, 150.44994696123084, 150.73349807102855]","[2.108354954583914, 2.1083549520557, 2.3916590630746875, 2.3916590659429904]",/Users/suzuki/github/projects_cosmos/csvfiles_star/v04/coverage/Euclid_NIR-J_TILE101544259.fits.gz,104040000,103632400,103632400
Euclid,NIR-J,TILE101544260,/Volumes/exdisk1/data/Euclid/COSMOS_DR1/EUC_MER_BGSUB-MOSAIC-NIR-J_TILE101544260-F9D06B_20250517T224806.161319Z_00.00.fits,single_hdu,10200,10200,100.000000000008,150.70009934723083,150.98365045702855,2.1083549520557,2.3916590659429904,"[150.98362291914935, 150.70012689051057, 150.70009934723083, 150.98365045702855]","[2.108354954583914, 2.1083549520557, 2.3916590630746875, 2.3916590659429904]",/Users/suzuki/github/projects_cosmos/csvfiles_star/v04/coverage/Euclid_NIR-J_TILE101544260.fits.gz,104040000,103632400,103632400
Euclid,NIR-J,TILE101545694,/Volumes/exdisk1/data/Euclid/COSMOS_DR1/EUC_MER_BGSUB-MOSAIC-NIR-J_TILE101545694-120297_20250517T234344.087973Z_00.00.fits,single_hdu,10200,10200,100.000000000008,149.2233384710283,149.50694396489888,2.3583541867125977,2.6416583005861387,"[149.50691335802424, 149.2233690839054, 149.2233384710283, 149.50694396489888]","[2.358354189540916, 2.3583541867125977, 2.641658297417609, 2.6416583005861387]",/Users/suzuki/github/projects_cosmos/csvfiles_star/v04/coverage/Euclid_NIR-J_TILE101545694.fits.gz,104040000,103632400,103632400
Euclid,NIR-J,TILE101545695,/Volumes/exdisk1/data/Euclid/COSMOS_DR1/EUC_MER_BGSUB-MOSAIC-NIR-J_TILE101545695-5C92BB_20250808T005302.033553Z_00.00.fits,single_hdu,10200,10200,100.000000000008,149.4735313606283,149.75713685449887,2.3583541867125977,2.6416583005861387,"[149.75710624762422, 149.47356197350538, 149.4735313606283, 149.75713685449887]","[2.358354189540916, 2.3583541867125977, 2.641658297417609, 2.6416583005861387]",/Users/suzuki/github/projects_cosmos/csvfiles_star/v04/coverage/Euclid_NIR-J_TILE101545695.fits.gz,104040000,103632400,103632400
Euclid,NIR-J,TILE101545696,/Volumes/exdisk1/data/Euclid/COSMOS_DR1/EUC_MER_BGSUB-MOSAIC-NIR-J_TILE101545696-51A486_20250808T121715.399544Z_00.00.fits,single_hdu,10200,10200,100.000000000008,149.7237242503283,150.00732974419887,2.3583541867125977,2.6416583005861387,"[150.00729913732422, 149.7237548632054, 149.7237242503283, 150.00732974419887]","[2.358354189540916, 2.3583541867125977, 2.641658297417609, 2.6416583005861387]",/Users/suzuki/github/projects_cosmos/csvfiles_star/v04/coverage/Euclid_NIR-J_TILE101545696.fits.gz,104040000,103632400,103632400
Euclid,NIR-J,TILE101545697,/Volumes/exdisk1/data/Euclid/COSMOS_DR1/EUC_MER_BGSUB-MOSAIC-NIR-J_TILE101545697-27FD8_20250808T142027.742118Z_00.00.fits,single_hdu,10200,10200,100.000000000008,149.9739171399283,150.25752263379886,2.3583541867125977,2.6416583005861387,"[150.2574920269242, 149.97394775280537, 149.9739171399283, 150.25752263379886]","[2.358354189540916, 2.3583541867125977, 2.641658297417609, 2.6416583005861387]",/Users/suzuki/github/projects_cosmos/csvfiles_star/v04/coverage/Euclid_NIR-J_TILE101545697.fits.gz,104040000,103632400,103632400
Euclid,NIR-J,TILE101545698,/Volumes/exdisk1/data/Euclid/COSMOS_DR1/EUC_MER_BGSUB-MOSAIC-NIR-J_TILE101545698-FF21C5_20250808T112115.085723Z_00.00.fits,single_hdu,10200,10200,100.000000000008,150.2241100296283,150.50771552349886,2.3583541867125977,2.6416583005861387,"[150.5076849166242, 150.22414064250538, 150.2241100296283, 150.50771552349886]","[2.358354189540916, 2.3583541867125977, 2.641658297417609, 2.6416583005861387]",/Users/suzuki/github/projects_cosmos/csvfiles_star/v04/coverage/Euclid_NIR-J_TILE101545698.fits.gz,104040000,103632400,103632400
Euclid,NIR-J,TILE101545699,/Volumes/exdisk1/data/Euclid/COSMOS_DR1/EUC_MER_BGSUB-MOSAIC-NIR-J_TILE101545699-A0C412_20250808T100316.809665Z_00.00.fits,single_hdu,10200,10200,100.000000000008,150.4743029193283,150.75790841319886,2.3583541867125977,2.6416583005861387,"[150.75787780632422, 150.47433353220538, 150.4743029193283, 150.75790841319886]","[2.358354189540916, 2.3583541867125977, 2.641658297417609, 2.6416583005861387]",/Users/suzuki/github/projects_cosmos/csvfiles_star/v04/coverage/Euclid_NIR-J_TILE101545699.fits.gz,104040000,103632400,103632400
Euclid,NIR-J,TILE101545700,/Volumes/exdisk1/data/Euclid/COSMOS_DR1/EUC_MER_BGSUB-MOSAIC-NIR-J_TILE101545700-A6EE49_20250515T213113.591849Z_00.00.fits,single_hdu,10200,10200,100.000000000008,150.7244958089283,151.00810130279888,2.3583541867125977,2.6416583005861387,"[151.00807069592423, 150.7245264218054, 150.7244958089283, 151.00810130279888]","[2.358354189540916, 2.3583541867125977, 2.641658297417609, 2.6416583005861387]",/Users/suzuki/github/projects_cosmos/csvfiles_star/v04/coverage/Euclid_NIR-J_TILE101545700.fits.gz,104040000,103632400,103632400
Euclid,NIR-J,TILE101545701,/Volumes/exdisk1/data/Euclid/COSMOS_DR1/EUC_MER_BGSUB-MOSAIC-NIR-J_TILE101545701-95BA0E_20250515T182840.295739Z_00.00.fits,single_hdu,10200,10200,100.000000000008,150.9746886986283,151.25829419249888,2.3583541867125977,2.6416583005861387,"[151.25826358562423, 150.9747193115054, 150.9746886986283, 151.25829419249888]","[2.358354189540916, 2.3583541867125977, 2.641658297417609, 2.6416583005861387]",/Users/suzuki/github/projects_cosmos/csvfiles_star/v04/coverage/Euclid_NIR-J_TILE101545701.fits.gz,104040000,103632400,103632400
Euclid,NIR-J,TILE101547133,/Volumes/exdisk1/data/Euclid/COSMOS_DR1/EUC_MER_BGSUB-MOSAIC-NIR-J_TILE101547133-D8FBF3_20250515T202839.418803Z_00.00.fits,single_hdu,10200,10200,100.000000000008,149.2503417039311,149.53400700433218,2.608353421094355,2.8916575349210403,"[149.5339733255418, 149.25037538932636, 149.2503417039311, 149.53400700433218]","[2.608353424222884, 2.608353421094355, 2.8916575314521618, 2.8916575349210403]",/Users/suzuki/github/projects_cosmos/csvfiles_star/v04/coverage/Euclid_NIR-J_TILE101547133.fits.gz,104040000,103632400,103632400
Euclid,NIR-J,TILE101547134,/Volumes/exdisk1/data/Euclid/COSMOS_DR1/EUC_MER_BGSUB-MOSAIC-NIR-J_TILE101547134-5EA8A1_20250807T202116.002208Z_00.00.fits,single_hdu,10200,10200,100.000000000008,149.5005798752311,149.78424517563218,2.608353421094355,2.8916575349210403,"[149.7842114968418, 149.50061356062636, 149.5005798752311, 149.78424517563218]","[2.608353424222884, 2.608353421094355, 2.8916575314521618, 2.8916575349210403]",/Users/suzuki/github/projects_cosmos/csvfiles_star/v04/coverage/Euclid_NIR-J_TILE101547134.fits.gz,104040000,103632400,103632400
Euclid,NIR-J,TILE101547135,/Volumes/exdisk1/data/Euclid/COSMOS_DR1/EUC_MER_BGSUB-MOSAIC-NIR-J_TILE101547135-F036FE_20250808T101844.438163Z_00.00.fits,single_hdu,10200,10200,100.000000000008,149.7508180465311,150.03448334693218,2.608353421094355,2.8916575349210403,"[150.0344496681418, 149.75085173192636, 149.7508180465311, 150.03448334693218]","[2.608353424222884, 2.608353421094355, 2.8916575314521618, 2.8916575349210403]",/Users/suzuki/github/projects_cosmos/csvfiles_star/v04/coverage/Euclid_NIR-J_TILE101547135.fits.gz,104040000,103632400,103632400
Euclid,NIR-J,TILE101547136,/Volumes/exdisk1/data/Euclid/COSMOS_DR1/EUC_MER_BGSUB-MOSAIC-NIR-J_TILE101547136-DE3C33_20250808T123255.011206Z_00.00.fits,single_hdu,10200,10200,100.000000000008,150.0010562178311,150.28472151823217,2.608353421094355,2.8916575349210403,"[150.2846878394418, 150.00108990322636, 150.0010562178311, 150.28472151823217]","[2.608353424222884, 2.608353421094355, 2.8916575314521618, 2.8916575349210403]",/Users/suzuki/github/projects_cosmos/csvfiles_star/v04/coverage/Euclid_NIR-J_TILE101547136.fits.gz,104040000,103632400,103632400
Euclid,NIR-J,TILE101547137,/Volumes/exdisk1/data/Euclid/COSMOS_DR1/EUC_MER_BGSUB-MOSAIC-NIR-J_TILE101547137-87D337_20250808T080350.901666Z_00.00.fits,single_hdu,10200,10200,100.000000000008,150.25129438913112,150.5349596895322,2.608353421094355,2.8916575349210403,"[150.53492601074183, 150.25132807452638, 150.25129438913112, 150.5349596895322]","[2.608353424222884, 2.608353421094355, 2.8916575314521618, 2.8916575349210403]",/Users/suzuki/github/projects_cosmos/csvfiles_star/v04/coverage/Euclid_NIR-J_TILE101547137.fits.gz,104040000,103632400,103632400
Euclid,NIR-J,TILE101547138,/Volumes/exdisk1/data/Euclid/COSMOS_DR1/EUC_MER_BGSUB-MOSAIC-NIR-J_TILE101547138-CF674D_20250809T152321.726551Z_00.00.fits,single_hdu,10200,10200,100.000000000008,150.50153256043112,150.7851978608322,2.608353421094355,2.8916575349210403,"[150.78516418204183, 150.50156624582638, 150.50153256043112, 150.7851978608322]","[2.608353424222884, 2.608353421094355, 2.8916575314521618, 2.8916575349210403]",/Users/suzuki/github/projects_cosmos/csvfiles_star/v04/coverage/Euclid_NIR-J_TILE101547138.fits.gz,104040000,103632400,103632400
Euclid,NIR-J,TILE101547139,/Volumes/exdisk1/data/Euclid/COSMOS_DR1/EUC_MER_BGSUB-MOSAIC-NIR-J_TILE101547139-A4AF0C_20250515T213359.200906Z_00.00.fits,single_hdu,10200,10200,100.000000000008,150.7517707317311,151.0354360321322,2.608353421094355,2.8916575349210403,"[151.03540235334182, 150.75180441712638, 150.7517707317311, 151.0354360321322]","[2.608353424222884, 2.608353421094355, 2.8916575314521618, 2.8916575349210403]",/Users/suzuki/github/projects_cosmos/csvfiles_star/v04/coverage/Euclid_NIR-J_TILE101547139.fits.gz,104040000,103632400,103632400
Euclid,NIR-J,TILE101547140,/Volumes/exdisk1/data/Euclid/COSMOS_DR1/EUC_MER_BGSUB-MOSAIC-NIR-J_TILE101547140-4FDB3A_20250515T185722.943379Z_00.00.fits,single_hdu,10200,10200,100.000000000008,151.0020089030311,151.2856742034322,2.608353421094355,2.8916575349210403,"[151.28564052464182, 151.00204258842638, 151.0020089030311, 151.2856742034322]","[2.608353424222884, 2.608353421094355, 2.8916575314521618, 2.8916575349210403]",/Users/suzuki/github/projects_cosmos/csvfiles_star/v04/coverage/Euclid_NIR-J_TILE101547140.fits.gz,104040000,103632400,103632400
Euclid,NIR-J,TILE101548572,/Volumes/exdisk1/data/Euclid/COSMOS_DR1/EUC_MER_BGSUB-MOSAIC-NIR-J_TILE101548572-FC929A_20250515T185052.636641Z_00.00.fits,single_hdu,10200,10200,100.000000000008,149.28019730548436,149.5639278405828,2.8583526551717044,3.1416567689183865,"[149.56389108666178, 149.28023406661336, 149.28019730548436, 149.5639278405828]","[2.8583526586005643, 2.8583526551717044, 3.141656765149028, 3.1416567689183865]",/Users/suzuki/github/projects_cosmos/csvfiles_star/v04/coverage/Euclid_NIR-J_TILE101548572.fits.gz,104040000,103632400,103632400
Euclid,NIR-J,TILE101548573,/Volumes/exdisk1/data/Euclid/COSMOS_DR1/EUC_MER_BGSUB-MOSAIC-NIR-J_TILE101548573-C0E1C6_20250515T212759.073379Z_00.00.fits,single_hdu,10200,10200,100.000000000008,149.53048554078438,149.81421607588283,2.8583526551717044,3.1416567689183865,"[149.8141793219618, 149.53052230191338, 149.53048554078438, 149.81421607588283]","[2.8583526586005643, 2.8583526551717044, 3.141656765149028, 3.1416567689183865]",/Users/suzuki/github/projects_cosmos/csvfiles_star/v04/coverage/Euclid_NIR-J_TILE101548573.fits.gz,104040000,103632400,103632400
Euclid,NIR-J,TILE101548574,/Volumes/exdisk1/data/Euclid/COSMOS_DR1/EUC_MER_BGSUB-MOSAIC-NIR-J_TILE101548574-67A3C5_20250807T205951.337432Z_00.00.fits,single_hdu,10200,10200,100.000000000008,149.78077377618436,150.0645043112828,2.8583526551717044,3.1416567689183865,"[150.06446755736178, 149.78081053731336, 149.78077377618436, 150.0645043112828]","[2.8583526586005643, 2.8583526551717044, 3.141656765149028, 3.1416567689183865]",/Users/suzuki/github/projects_cosmos/csvfiles_star/v04/coverage/Euclid_NIR-J_TILE101548574.fits.gz,104040000,103632400,103632400
Euclid,NIR-J,TILE101548575,/Volumes/exdisk1/data/Euclid/COSMOS_DR1/EUC_MER_BGSUB-MOSAIC-NIR-J_TILE101548575-881C8E_20250515T230125.605269Z_00.00.fits,single_hdu,10200,10200,100.000000000008,150.03106201148438,150.31479254658282,2.8583526551717044,3.1416567689183865,"[150.3147557926618, 150.03109877261338, 150.03106201148438, 150.31479254658282]","[2.8583526586005643, 2.8583526551717044, 3.141656765149028, 3.1416567689183865]",/Users/suzuki/github/projects_cosmos/csvfiles_star/v04/coverage/Euclid_NIR-J_TILE101548575.fits.gz,104040000,103632400,103632400
Euclid,NIR-J,TILE101548576,/Volumes/exdisk1/data/Euclid/COSMOS_DR1/EUC_MER_BGSUB-MOSAIC-NIR-J_TILE101548576-4B93C7_20250516T002327.491228Z_00.00.fits,single_hdu,10200,10200,100.000000000008,150.28135024678437,150.5650807818828,2.8583526551717044,3.1416567689183865,"[150.5650440279618, 150.28138700791337, 150.28135024678437, 150.5650807818828]","[2.8583526586005643, 2.8583526551717044, 3.141656765149028, 3.1416567689183865]",/Users/suzuki/github/projects_cosmos/csvfiles_star/v04/coverage/Euclid_NIR-J_TILE101548576.fits.gz,104040000,103632400,103632400
Euclid,NIR-J,TILE101548577,/Volumes/exdisk1/data/Euclid/COSMOS_DR1/EUC_MER_BGSUB-MOSAIC-NIR-J_TILE101548577-1D67F2_20250515T200540.128957Z_00.00.fits,single_hdu,10200,10200,100.000000000008,150.53163848208436,150.8153690171828,2.8583526551717044,3.1416567689183865,"[150.81533226326178, 150.53167524321336, 150.53163848208436, 150.8153690171828]","[2.8583526586005643, 2.8583526551717044, 3.141656765149028, 3.1416567689183865]",/Users/suzuki/github/projects_cosmos/csvfiles_star/v04/coverage/Euclid_NIR-J_TILE101548577.fits.gz,104040000,103632400,103632400
Euclid,NIR-J,TILE101548578,/Volumes/exdisk1/data/Euclid/COSMOS_DR1/EUC_MER_BGSUB-MOSAIC-NIR-J_TILE101548578-A43CEB_20250515T190819.252219Z_00.00.fits,single_hdu,10200,10200,100.000000000008,150.78192671738438,151.06565725248282,2.8583526551717044,3.1416567689183865,"[151.0656204985618, 150.78196347851338, 150.78192671738438, 151.06565725248282]","[2.8583526586005643, 2.8583526551717044, 3.141656765149028, 3.1416567689183865]",/Users/suzuki/github/projects_cosmos/csvfiles_star/v04/coverage/Euclid_NIR-J_TILE101548578.fits.gz,104040000,103632400,103632400
Euclid,NIR-J,TILE101550012,/Volumes/exdisk1/data/Euclid/COSMOS_DR1/EUC_MER_BGSUB-MOSAIC-NIR-J_TILE101550012-8993D6_20250515T202656.912358Z_00.00.fits,single_hdu,10200,10200,100.000000000008,149.5632512114724,149.84705241566584,3.108351888915243,3.3916560025487295,"[149.84701258310378, 149.56329105184616, 149.5632512114724, 149.84705241566584]","[3.1083518926445657, 3.108351888915243, 3.3916559984787464, 3.3916560025487295]",/Users/suzuki/github/projects_cosmos/csvfiles_star/v04/coverage/Euclid_NIR-J_TILE101550012.fits.gz,104040000,103632400,103632400
Euclid,NIR-J,TILE101550013,/Volumes/exdisk1/data/Euclid/COSMOS_DR1/EUC_MER_BGSUB-MOSAIC-NIR-J_TILE101550013-A76DAE_20250515T201528.225616Z_00.00.fits,single_hdu,10200,10200,100.000000000008,149.8135942979724,150.09739550216585,3.108351888915243,3.3916560025487295,"[150.0973556696038, 149.81363413834617, 149.8135942979724, 150.09739550216585]","[3.1083518926445657, 3.108351888915243, 3.3916559984787464, 3.3916560025487295]",/Users/suzuki/github/projects_cosmos/csvfiles_star/v04/coverage/Euclid_NIR-J_TILE101550013.fits.gz,104040000,103632400,103632400
Euclid,NIR-J,TILE101550014,/Volumes/exdisk1/data/Euclid/COSMOS_DR1/EUC_MER_BGSUB-MOSAIC-NIR-J_TILE101550014-DE164E_20250515T184530.329414Z_00.00.fits,single_hdu,10200,10200,100.000000000008,150.0639373844724,150.34773858866586,3.108351888915243,3.3916560025487295,"[150.3476987561038, 150.06397722484618, 150.0639373844724, 150.34773858866586]","[3.1083518926445657, 3.108351888915243, 3.3916559984787464, 3.3916560025487295]",/Users/suzuki/github/projects_cosmos/csvfiles_star/v04/coverage/Euclid_NIR-J_TILE101550014.fits.gz,104040000,103632400,103632400
Euclid,NIR-Y,TILE101538497,/Volumes/exdisk1/data/Euclid/COSMOS_DR1/EUC_MER_BGSUB-MOSAIC-NIR-Y_TILE101538497-A05F48_20250515T183620.774342Z_00.00.fits,single_hdu,10200,10200,100.000000000008,149.881141462701,150.16452916478013,1.1083580112619618,1.391662124873849,"[150.16451387955027, 149.8811567509285, 149.881141462701, 150.16452916478013]","[1.10835801259061, 1.1083580112619618, 1.3916621232054731, 1.391662124873849]",/Users/suzuki/github/projects_cosmos/csvfiles_star/v04/coverage/Euclid_NIR-Y_TILE101538497.fits.gz,104040000,103632400,103632400
Euclid,NIR-Y,TILE101538498,/Volumes/exdisk1/data/Euclid/COSMOS_DR1/EUC_MER_BGSUB-MOSAIC-NIR-Y_TILE101538498-FF7091_20250516T025858.698545Z_00.00.fits,single_hdu,10200,10200,100.000000000008,150.131179544701,150.41456724678014,1.1083580112619618,1.391662124873849,"[150.41455196155027, 150.13119483292851, 150.131179544701, 150.41456724678014]","[1.10835801259061, 1.1083580112619618, 1.3916621232054731, 1.391662124873849]",/Users/suzuki/github/projects_cosmos/csvfiles_star/v04/coverage/Euclid_NIR-Y_TILE101538498.fits.gz,104040000,103632400,103632400
Euclid,NIR-Y,TILE101538499,/Volumes/exdisk1/data/Euclid/COSMOS_DR1/EUC_MER_BGSUB-MOSAIC-NIR-Y_TILE101538499-FDF6C9_20250516T154953.415638Z_00.00.fits,single_hdu,10200,10200,100.000000000008,150.38121762670102,150.66460532878014,1.1083580112619618,1.391662124873849,"[150.66459004355028, 150.38123291492852, 150.38121762670102, 150.66460532878014]","[1.10835801259061, 1.1083580112619618, 1.3916621232054731, 1.391662124873849]",/Users/suzuki/github/projects_cosmos/csvfiles_star/v04/coverage/Euclid_NIR-Y_TILE101538499.fits.gz,104040000,103632400,103632400
Euclid,NIR-Y,TILE101538500,/Volumes/exdisk1/data/Euclid/COSMOS_DR1/EUC_MER_BGSUB-MOSAIC-NIR-Y_TILE101538500-F96080_20250515T181958.740152Z_00.00.fits,single_hdu,10200,10200,100.000000000008,150.63125570870102,150.91464341078014,1.1083580112619618,1.391662124873849,"[150.91462812555028, 150.63127099692852, 150.63125570870102, 150.91464341078014]","[1.10835801259061, 1.1083580112619618, 1.3916621232054731, 1.391662124873849]",/Users/suzuki/github/projects_cosmos/csvfiles_star/v04/coverage/Euclid_NIR-Y_TILE101538500.fits.gz,104040000,103632400,103632400
Euclid,NIR-Y,TILE101539933,/Volumes/exdisk1/data/Euclid/COSMOS_DR1/EUC_MER_BGSUB-MOSAIC-NIR-Y_TILE101539933-3C574F_20250515T182030.213918Z_00.00.fits,single_hdu,10200,10200,100.000000000008,148.8937422891215,149.1771627321495,1.3583572467269085,1.6416613604571544,"[149.17714438667153, 148.89376063819728, 148.8937422891215, 149.1771627321495]","[1.3583572483553434, 1.3583572467269085, 1.6416613584889208, 1.6416613604571544]",/Users/suzuki/github/projects_cosmos/csvfiles_star/v04/coverage/Euclid_NIR-Y_TILE101539933.fits.gz,104040000,103632400,103632400
Euclid,NIR-Y,TILE101539934,/Volumes/exdisk1/data/Euclid/COSMOS_DR1/EUC_MER_BGSUB-MOSAIC-NIR-Y_TILE101539934-BF531A_20250515T194339.403049Z_00.00.fits,single_hdu,10200,10200,100.000000000008,149.14380179652147,149.42722223954948,1.3583572467269085,1.6416613604571544,"[149.4272038940715, 149.14382014559726, 149.14380179652147, 149.42722223954948]","[1.3583572483553434, 1.3583572467269085, 1.6416613584889208, 1.6416613604571544]",/Users/suzuki/github/projects_cosmos/csvfiles_star/v04/coverage/Euclid_NIR-Y_TILE101539934.fits.gz,104040000,103632400,103632400
Euclid,NIR-Y,TILE101539935,/Volumes/exdisk1/data/Euclid/COSMOS_DR1/EUC_MER_BGSUB-MOSAIC-NIR-Y_TILE101539935-3C227D_20250515T211754.855976Z_00.00.fits,single_hdu,10200,10200,100.000000000008,149.39386130392148,149.6772817469495,1.3583572467269085,1.6416613604571544,"[149.67726340147152, 149.39387965299727, 149.39386130392148, 149.6772817469495]","[1.3583572483553434, 1.3583572467269085, 1.6416613584889208, 1.6416613604571544]",/Users/suzuki/github/projects_cosmos/csvfiles_star/v04/coverage/Euclid_NIR-Y_TILE101539935.fits.gz,104040000,103632400,103632400
Euclid,NIR-Y,TILE101539936,/Volumes/exdisk1/data/Euclid/COSMOS_DR1/EUC_MER_BGSUB-MOSAIC-NIR-Y_TILE101539936-39456A_20250516T062146.950465Z_00.00.fits,single_hdu,10200,10200,100.000000000008,149.6439208113215,149.9273412543495,1.3583572467269085,1.6416613604571544,"[149.92732290887153, 149.64393916039728, 149.6439208113215, 149.9273412543495]","[1.3583572483553434, 1.3583572467269085, 1.6416613584889208, 1.6416613604571544]",/Users/suzuki/github/projects_cosmos/csvfiles_star/v04/coverage/Euclid_NIR-Y_TILE101539936.fits.gz,104040000,103632400,103632400
Euclid,NIR-Y,TILE101539937,/Volumes/exdisk1/data/Euclid/COSMOS_DR1/EUC_MER_BGSUB-MOSAIC-NIR-Y_TILE101539937-C55FD9_20250517T104446.188961Z_00.00.fits,single_hdu,10200,10200,100.000000000008,149.89398031872147,150.17740076174948,1.3583572467269085,1.6416613604571544,"[150.1773824162715, 149.89399866779726, 149.89398031872147, 150.17740076174948]","[1.3583572483553434, 1.3583572467269085, 1.6416613584889208, 1.6416613604571544]",/Users/suzuki/github/projects_cosmos/csvfiles_star/v04/coverage/Euclid_NIR-Y_TILE101539937.fits.gz,104040000,103632400,103632400
Euclid,NIR-Y,TILE101539938,/Volumes/exdisk1/data/Euclid/COSMOS_DR1/EUC_MER_BGSUB-MOSAIC-NIR-Y_TILE101539938-A5C6B9_20250516T142142.633773Z_00.00.fits,single_hdu,10200,10200,100.000000000008,150.14403982612149,150.4274602691495,1.3583572467269085,1.6416613604571544,"[150.42744192367152, 150.14405817519727, 150.14403982612149, 150.4274602691495]","[1.3583572483553434, 1.3583572467269085, 1.6416613584889208, 1.6416613604571544]",/Users/suzuki/github/projects_cosmos/csvfiles_star/v04/coverage/Euclid_NIR-Y_TILE101539938.fits.gz,104040000,103632400,103632400
Euclid,NIR-Y,TILE101539939,/Volumes/exdisk1/data/Euclid/COSMOS_DR1/EUC_MER_BGSUB-MOSAIC-NIR-Y_TILE101539939-F36C06_20250516T124532.775933Z_00.00.fits,single_hdu,10200,10200,100.000000000008,150.39409933352147,150.67751977654947,1.3583572467269085,1.6416613604571544,"[150.6775014310715, 150.39411768259725, 150.39409933352147, 150.67751977654947]","[1.3583572483553434, 1.3583572467269085, 1.6416613584889208, 1.6416613604571544]",/Users/suzuki/github/projects_cosmos/csvfiles_star/v04/coverage/Euclid_NIR-Y_TILE101539939.fits.gz,104040000,103632400,103632400
Euclid,NIR-Y,TILE101539940,/Volumes/exdisk1/data/Euclid/COSMOS_DR1/EUC_MER_BGSUB-MOSAIC-NIR-Y_TILE101539940-DA663F_20250517T022333.442214Z_00.00.fits,single_hdu,10200,10200,100.000000000008,150.64415884092148,150.92757928394948,1.3583572467269085,1.6416613604571544,"[150.92756093847152, 150.64417718999727, 150.64415884092148, 150.92757928394948]","[1.3583572483553434, 1.3583572467269085, 1.6416613584889208, 1.6416613604571544]",/Users/suzuki/github/projects_cosmos/csvfiles_star/v04/coverage/Euclid_NIR-Y_TILE101539940.fits.gz,104040000,103632400,103632400
Euclid,NIR-Y,TILE101541373,/Volumes/exdisk1/data/Euclid/COSMOS_DR1/EUC_MER_BGSUB-MOSAIC-NIR-Y_TILE101541373-9BA413_20250516T103026.677148Z_00.00.fits,single_hdu,10200,10200,100.000000000008,148.90933289037162,149.19279147915927,1.6083564820336467,1.8916605958492612,"[149.19277007168535, 148.90935430204385, 148.90933289037162, 149.19279147915927]","[1.6083564839619306, 1.6083564820336467, 1.8916605935810944, 1.8916605958492612]",/Users/suzuki/github/projects_cosmos/csvfiles_star/v04/coverage/Euclid_NIR-Y_TILE101541373.fits.gz,104040000,103632400,103632400
Euclid,NIR-Y,TILE101541374,/Volumes/exdisk1/data/Euclid/COSMOS_DR1/EUC_MER_BGSUB-MOSAIC-NIR-Y_TILE101541374-1576FF_20250517T064556.637713Z_00.00.fits,single_hdu,10200,10200,100.000000000008,149.1594185885716,149.44287717735926,1.6083564820336467,1.8916605958492612,"[149.44285576988534, 149.15944000024385, 149.1594185885716, 149.44287717735926]","[1.6083564839619306, 1.6083564820336467, 1.8916605935810944, 1.8916605958492612]",/Users/suzuki/github/projects_cosmos/csvfiles_star/v04/coverage/Euclid_NIR-Y_TILE101541374.fits.gz,104040000,103632400,103632400
Euclid,NIR-Y,TILE101541375,/Volumes/exdisk1/data/Euclid/COSMOS_DR1/EUC_MER_BGSUB-MOSAIC-NIR-Y_TILE101541375-5DDFFC_20250517T070541.052990Z_00.00.fits,single_hdu,10200,10200,100.000000000008,149.40950428667162,149.69296287545927,1.6083564820336467,1.8916605958492612,"[149.69294146798535, 149.40952569834386, 149.40950428667162, 149.69296287545927]","[1.6083564839619306, 1.6083564820336467, 1.8916605935810944, 1.8916605958492612]",/Users/suzuki/github/projects_cosmos/csvfiles_star/v04/coverage/Euclid_NIR-Y_TILE101541375.fits.gz,104040000,103632400,103632400
Euclid,NIR-Y,TILE101541376,/Volumes/exdisk1/data/Euclid/COSMOS_DR1/EUC_MER_BGSUB-MOSAIC-NIR-Y_TILE101541376-814C29_20250516T195936.382546Z_00.00.fits,single_hdu,10200,10200,100.000000000008,149.6595899847716,149.94304857355925,1.6083564820336467,1.8916605958492612,"[149.94302716608533, 149.65961139644384, 149.6595899847716, 149.94304857355925]","[1.6083564839619306, 1.6083564820336467, 1.8916605935810944, 1.8916605958492612]",/Users/suzuki/github/projects_cosmos/csvfiles_star/v04/coverage/Euclid_NIR-Y_TILE101541376.fits.gz,104040000,103632400,103632400
Euclid,NIR-Y,TILE101541377,/Volumes/exdisk1/data/Euclid/COSMOS_DR1/EUC_MER_BGSUB-MOSAIC-NIR-Y_TILE101541377-79427E_20250807T205620.686346Z_00.00.fits,single_hdu,10200,10200,100.000000000008,149.9096756828716,150.19313427165926,1.6083564820336467,1.8916605958492612,"[150.19311286418534, 149.90969709454384, 149.9096756828716, 150.19313427165926]","[1.6083564839619306, 1.6083564820336467, 1.8916605935810944, 1.8916605958492612]",/Users/suzuki/github/projects_cosmos/csvfiles_star/v04/coverage/Euclid_NIR-Y_TILE101541377.fits.gz,104040000,103632400,103632400
Euclid,NIR-Y,TILE101541378,/Volumes/exdisk1/data/Euclid/COSMOS_DR1/EUC_MER_BGSUB-MOSAIC-NIR-Y_TILE101541378-84A1AB_20250809T130032.458911Z_00.00.fits,single_hdu,10200,10200,100.000000000008,150.1597613810716,150.44321996985926,1.6083564820336467,1.8916605958492612,"[150.44319856238533, 150.15978279274384, 150.1597613810716, 150.44321996985926]","[1.6083564839619306, 1.6083564820336467, 1.8916605935810944, 1.8916605958492612]",/Users/suzuki/github/projects_cosmos/csvfiles_star/v04/coverage/Euclid_NIR-Y_TILE101541378.fits.gz,104040000,103632400,103632400
Euclid,NIR-Y,TILE101541379,/Volumes/exdisk1/data/Euclid/COSMOS_DR1/EUC_MER_BGSUB-MOSAIC-NIR-Y_TILE101541379-564DFE_20250515T224527.937985Z_00.00.fits,single_hdu,10200,10200,100.000000000008,150.4098470791716,150.69330566795927,1.6083564820336467,1.8916605958492612,"[150.69328426048534, 150.40986849084385, 150.4098470791716, 150.69330566795927]","[1.6083564839619306, 1.6083564820336467, 1.8916605935810944, 1.8916605958492612]",/Users/suzuki/github/projects_cosmos/csvfiles_star/v04/coverage/Euclid_NIR-Y_TILE101541379.fits.gz,104040000,103632400,103632400
Euclid,NIR-Y,TILE101541380,/Volumes/exdisk1/data/Euclid/COSMOS_DR1/EUC_MER_BGSUB-MOSAIC-NIR-Y_TILE101541380-D0DBE0_20250516T003643.766127Z_00.00.fits,single_hdu,10200,10200,100.000000000008,150.65993277727162,150.94339136605927,1.6083564820336467,1.8916605958492612,"[150.94336995858535, 150.65995418894386, 150.65993277727162, 150.94339136605927]","[1.6083564839619306, 1.6083564820336467, 1.8916605935810944, 1.8916605958492612]",/Users/suzuki/github/projects_cosmos/csvfiles_star/v04/coverage/Euclid_NIR-Y_TILE101541380.fits.gz,104040000,103632400,103632400
Euclid,NIR-Y,TILE101542814,/Volumes/exdisk1/data/Euclid/COSMOS_DR1/EUC_MER_BGSUB-MOSAIC-NIR-Y_TILE101542814-4E91D6_20250517T033636.789196Z_00.00.fits,single_hdu,10200,10200,100.000000000008,149.1778790802335,149.46138122322697,1.8583557171529748,2.1416598310209465,"[149.4613567517169, 149.1779035565428, 149.1778790802335, 149.46138122322697]","[1.8583557193811806, 1.8583557171529748, 2.14165982845276, 2.1416598310209465]",/Users/suzuki/github/projects_cosmos/csvfiles_star/v04/coverage/Euclid_NIR-Y_TILE101542814.fits.gz,104040000,103632400,103632400
Euclid,NIR-Y,TILE101542815,/Volumes/exdisk1/data/Euclid/COSMOS_DR1/EUC_MER_BGSUB-MOSAIC-NIR-Y_TILE101542815-AF7C6_20250809T143450.664447Z_00.00.fits,single_hdu,10200,10200,100.000000000008,149.42799573693352,149.71149787992698,1.8583557171529748,2.1416598310209465,"[149.7114734084169, 149.4280202132428, 149.42799573693352, 149.71149787992698]","[1.8583557193811806, 1.8583557171529748, 2.14165982845276, 2.1416598310209465]",/Users/suzuki/github/projects_cosmos/csvfiles_star/v04/coverage/Euclid_NIR-Y_TILE101542815.fits.gz,104040000,103632400,103632400
Euclid,NIR-Y,TILE101542816,/Volumes/exdisk1/data/Euclid/COSMOS_DR1/EUC_MER_BGSUB-MOSAIC-NIR-Y_TILE101542816-A3CDB5_20250808T170717.430835Z_00.00.fits,single_hdu,10200,10200,100.000000000008,149.6781123936335,149.96161453662697,1.8583557171529748,2.1416598310209465,"[149.9615900651169, 149.6781368699428, 149.6781123936335, 149.96161453662697]","[1.8583557193811806, 1.8583557171529748, 2.14165982845276, 2.1416598310209465]",/Users/suzuki/github/projects_cosmos/csvfiles_star/v04/coverage/Euclid_NIR-Y_TILE101542816.fits.gz,104040000,103632400,103632400
Euclid,NIR-Y,TILE101542817,/Volumes/exdisk1/data/Euclid/COSMOS_DR1/EUC_MER_BGSUB-MOSAIC-NIR-Y_TILE101542817-7A0529_20250808T171812.248621Z_00.00.fits,single_hdu,10200,10200,100.000000000008,149.9282290503335,150.21173119332695,1.8583557171529748,2.1416598310209465,"[150.21170672181688, 149.92825352664278, 149.9282290503335, 150.21173119332695]","[1.8583557193811806, 1.8583557171529748, 2.14165982845276, 2.1416598310209465]",/Users/suzuki/github/projects_cosmos/csvfiles_star/v04/coverage/Euclid_NIR-Y_TILE101542817.fits.gz,104040000,103632400,103632400
Euclid,NIR-Y,TILE101542818,/Volumes/exdisk1/data/Euclid/COSMOS_DR1/EUC_MER_BGSUB-MOSAIC-NIR-Y_TILE101542818-E9F65C_20250808T152142.353628Z_00.00.fits,single_hdu,10200,10200,100.000000000008,150.17834570703351,150.46184785002697,1.8583557171529748,2.1416598310209465,"[150.4618233785169, 150.1783701833428, 150.17834570703351, 150.46184785002697]","[1.8583557193811806, 1.8583557171529748, 2.14165982845276, 2.1416598310209465]",/Users/suzuki/github/projects_cosmos/csvfiles_star/v04/coverage/Euclid_NIR-Y_TILE101542818.fits.gz,104040000,103632400,103632400
Euclid,NIR-Y,TILE101542819,/Volumes/exdisk1/data/Euclid/COSMOS_DR1/EUC_MER_BGSUB-MOSAIC-NIR-Y_TILE101542819-3A1CE9_20250809T132720.316747Z_00.00.fits,single_hdu,10200,10200,100.000000000008,150.4284623637335,150.71196450672696,1.8583557171529748,2.1416598310209465,"[150.71194003521688, 150.42848684004278, 150.4284623637335, 150.71196450672696]","[1.8583557193811806, 1.8583557171529748, 2.14165982845276, 2.1416598310209465]",/Users/suzuki/github/projects_cosmos/csvfiles_star/v04/coverage/Euclid_NIR-Y_TILE101542819.fits.gz,104040000,103632400,103632400
Euclid,NIR-Y,TILE101542820,/Volumes/exdisk1/data/Euclid/COSMOS_DR1/EUC_MER_BGSUB-MOSAIC-NIR-Y_TILE101542820-196827_20250517T143728.454345Z_00.00.fits,single_hdu,10200,10200,100.000000000008,150.67857902043352,150.96208116342697,1.8583557171529748,2.1416598310209465,"[150.9620566919169, 150.6786034967428, 150.67857902043352, 150.96208116342697]","[1.8583557193811806, 1.8583557171529748, 2.14165982845276, 2.1416598310209465]",/Users/suzuki/github/projects_cosmos/csvfiles_star/v04/coverage/Euclid_NIR-Y_TILE101542820.fits.gz,104040000,103632400,103632400
Euclid,NIR-Y,TILE101544254,/Volumes/exdisk1/data/Euclid/COSMOS_DR1/EUC_MER_BGSUB-MOSAIC-NIR-Y_TILE101544254-FA5097_20250517T001318.440283Z_00.00.fits,single_hdu,10200,10200,100.000000000008,149.19918503083085,149.48273614062856,2.1083549520557,2.3916590659429904,"[149.48270860274937, 149.1992125741106, 149.19918503083085, 149.48273614062856]","[2.108354954583914, 2.1083549520557, 2.3916590630746875, 2.3916590659429904]",/Users/suzuki/github/projects_cosmos/csvfiles_star/v04/coverage/Euclid_NIR-Y_TILE101544254.fits.gz,104040000,103632400,103632400
Euclid,NIR-Y,TILE101544255,/Volumes/exdisk1/data/Euclid/COSMOS_DR1/EUC_MER_BGSUB-MOSAIC-NIR-Y_TILE101544255-625E4E_20250808T075202.996101Z_00.00.fits,single_hdu,10200,10200,100.000000000008,149.44933741693083,149.73288852672854,2.1083549520557,2.3916590659429904,"[149.73286098884935, 149.44936496021057, 149.44933741693083, 149.73288852672854]","[2.108354954583914, 2.1083549520557, 2.3916590630746875, 2.3916590659429904]",/Users/suzuki/github/projects_cosmos/csvfiles_star/v04/coverage/Euclid_NIR-Y_TILE101544255.fits.gz,104040000,103632400,103632400
Euclid,NIR-Y,TILE101544256,/Volumes/exdisk1/data/Euclid/COSMOS_DR1/EUC_MER_BGSUB-MOSAIC-NIR-Y_TILE101544256-96D8B2_20250808T170723.427027Z_00.00.fits,single_hdu,10200,10200,100.000000000008,149.69948980293086,149.98304091272857,2.1083549520557,2.3916590659429904,"[149.98301337484938, 149.6995173462106, 149.69948980293086, 149.98304091272857]","[2.108354954583914, 2.1083549520557, 2.3916590630746875, 2.3916590659429904]",/Users/suzuki/github/projects_cosmos/csvfiles_star/v04/coverage/Euclid_NIR-Y_TILE101544256.fits.gz,104040000,103632400,103632400
Euclid,NIR-Y,TILE101544257,/Volumes/exdisk1/data/Euclid/COSMOS_DR1/EUC_MER_BGSUB-MOSAIC-NIR-Y_TILE101544257-551343_20250808T184917.790690Z_00.00.fits,single_hdu,10200,10200,100.000000000008,149.94964218903084,150.23319329882855,2.1083549520557,2.3916590659429904,"[150.23316576094936, 149.94966973231058, 149.94964218903084, 150.23319329882855]","[2.108354954583914, 2.1083549520557, 2.3916590630746875, 2.3916590659429904]",/Users/suzuki/github/projects_cosmos/csvfiles_star/v04/coverage/Euclid_NIR-Y_TILE101544257.fits.gz,104040000,103632400,103632400
Euclid,NIR-Y,TILE101544258,/Volumes/exdisk1/data/Euclid/COSMOS_DR1/EUC_MER_BGSUB-MOSAIC-NIR-Y_TILE101544258-B90A43_20250808T113005.265642Z_00.00.fits,single_hdu,10200,10200,100.000000000008,150.19979457513085,150.48334568492857,2.1083549520557,2.3916590659429904,"[150.48331814704937, 150.1998221184106, 150.19979457513085, 150.48334568492857]","[2.108354954583914, 2.1083549520557, 2.3916590630746875, 2.3916590659429904]",/Users/suzuki/github/projects_cosmos/csvfiles_star/v04/coverage/Euclid_NIR-Y_TILE101544258.fits.gz,104040000,103632400,103632400
Euclid,NIR-Y,TILE101544259,/Volumes/exdisk1/data/Euclid/COSMOS_DR1/EUC_MER_BGSUB-MOSAIC-NIR-Y_TILE101544259-1DA80D_20250809T162403.693485Z_00.00.fits,single_hdu,10200,10200,100.000000000008,150.44994696123084,150.73349807102855,2.1083549520557,2.3916590659429904,"[150.73347053314936, 150.44997450451058, 150.44994696123084, 150.73349807102855]","[2.108354954583914, 2.1083549520557, 2.3916590630746875, 2.3916590659429904]",/Users/suzuki/github/projects_cosmos/csvfiles_star/v04/coverage/Euclid_NIR-Y_TILE101544259.fits.gz,104040000,103632400,103632400
Euclid,NIR-Y,TILE101544260,/Volumes/exdisk1/data/Euclid/COSMOS_DR1/EUC_MER_BGSUB-MOSAIC-NIR-Y_TILE101544260-767454_20250517T223908.250503Z_00.00.fits,single_hdu,10200,10200,100.000000000008,150.70009934723083,150.98365045702855,2.1083549520557,2.3916590659429904,"[150.98362291914935, 150.70012689051057, 150.70009934723083, 150.98365045702855]","[2.108354954583914, 2.1083549520557, 2.3916590630746875, 2.3916590659429904]",/Users/suzuki/github/projects_cosmos/csvfiles_star/v04/coverage/Euclid_NIR-Y_TILE101544260.fits.gz,104040000,103632400,103632400
Euclid,NIR-Y,TILE101545694,/Volumes/exdisk1/data/Euclid/COSMOS_DR1/EUC_MER_BGSUB-MOSAIC-NIR-Y_TILE101545694-639BDB_20250517T234301.970596Z_00.00.fits,single_hdu,10200,10200,100.000000000008,149.2233384710283,149.50694396489888,2.3583541867125977,2.6416583005861387,"[149.50691335802424, 149.2233690839054, 149.2233384710283, 149.50694396489888]","[2.358354189540916, 2.3583541867125977, 2.641658297417609, 2.6416583005861387]",/Users/suzuki/github/projects_cosmos/csvfiles_star/v04/coverage/Euclid_NIR-Y_TILE101545694.fits.gz,104040000,103632400,103632400
Euclid,NIR-Y,TILE101545695,/Volumes/exdisk1/data/Euclid/COSMOS_DR1/EUC_MER_BGSUB-MOSAIC-NIR-Y_TILE101545695-BF4A83_20250808T005321.160487Z_00.00.fits,single_hdu,10200,10200,100.000000000008,149.4735313606283,149.75713685449887,2.3583541867125977,2.6416583005861387,"[149.75710624762422, 149.47356197350538, 149.4735313606283, 149.75713685449887]","[2.358354189540916, 2.3583541867125977, 2.641658297417609, 2.6416583005861387]",/Users/suzuki/github/projects_cosmos/csvfiles_star/v04/coverage/Euclid_NIR-Y_TILE101545695.fits.gz,104040000,103632400,103632400
Euclid,NIR-Y,TILE101545696,/Volumes/exdisk1/data/Euclid/COSMOS_DR1/EUC_MER_BGSUB-MOSAIC-NIR-Y_TILE101545696-A09FC7_20250808T122052.069873Z_00.00.fits,single_hdu,10200,10200,100.000000000008,149.7237242503283,150.00732974419887,2.3583541867125977,2.6416583005861387,"[150.00729913732422, 149.7237548632054, 149.7237242503283, 150.00732974419887]","[2.358354189540916, 2.3583541867125977, 2.641658297417609, 2.6416583005861387]",/Users/suzuki/github/projects_cosmos/csvfiles_star/v04/coverage/Euclid_NIR-Y_TILE101545696.fits.gz,104040000,103632400,103632400
Euclid,NIR-Y,TILE101545697,/Volumes/exdisk1/data/Euclid/COSMOS_DR1/EUC_MER_BGSUB-MOSAIC-NIR-Y_TILE101545697-D79463_20250808T142005.338456Z_00.00.fits,single_hdu,10200,10200,100.000000000008,149.9739171399283,150.25752263379886,2.3583541867125977,2.6416583005861387,"[150.2574920269242, 149.97394775280537, 149.9739171399283, 150.25752263379886]","[2.358354189540916, 2.3583541867125977, 2.641658297417609, 2.6416583005861387]",/Users/suzuki/github/projects_cosmos/csvfiles_star/v04/coverage/Euclid_NIR-Y_TILE101545697.fits.gz,104040000,103632400,103632400
Euclid,NIR-Y,TILE101545698,/Volumes/exdisk1/data/Euclid/COSMOS_DR1/EUC_MER_BGSUB-MOSAIC-NIR-Y_TILE101545698-C775DA_20250808T112238.383422Z_00.00.fits,single_hdu,10200,10200,100.000000000008,150.2241100296283,150.50771552349886,2.3583541867125977,2.6416583005861387,"[150.5076849166242, 150.22414064250538, 150.2241100296283, 150.50771552349886]","[2.358354189540916, 2.3583541867125977, 2.641658297417609, 2.6416583005861387]",/Users/suzuki/github/projects_cosmos/csvfiles_star/v04/coverage/Euclid_NIR-Y_TILE101545698.fits.gz,104040000,103632400,103632400
Euclid,NIR-Y,TILE101545699,/Volumes/exdisk1/data/Euclid/COSMOS_DR1/EUC_MER_BGSUB-MOSAIC-NIR-Y_TILE101545699-7C5E5A_20250808T100505.295627Z_00.00.fits,single_hdu,10200,10200,100.000000000008,150.4743029193283,150.75790841319886,2.3583541867125977,2.6416583005861387,"[150.75787780632422, 150.47433353220538, 150.4743029193283, 150.75790841319886]","[2.358354189540916, 2.3583541867125977, 2.641658297417609, 2.6416583005861387]",/Users/suzuki/github/projects_cosmos/csvfiles_star/v04/coverage/Euclid_NIR-Y_TILE101545699.fits.gz,104040000,103632400,103632400
Euclid,NIR-Y,TILE101545700,/Volumes/exdisk1/data/Euclid/COSMOS_DR1/EUC_MER_BGSUB-MOSAIC-NIR-Y_TILE101545700-3AD510_20250515T213918.962968Z_00.00.fits,single_hdu,10200,10200,100.000000000008,150.7244958089283,151.00810130279888,2.3583541867125977,2.6416583005861387,"[151.00807069592423, 150.7245264218054, 150.7244958089283, 151.00810130279888]","[2.358354189540916, 2.3583541867125977, 2.641658297417609, 2.6416583005861387]",/Users/suzuki/github/projects_cosmos/csvfiles_star/v04/coverage/Euclid_NIR-Y_TILE101545700.fits.gz,104040000,103632400,103632400
Euclid,NIR-Y,TILE101545701,/Volumes/exdisk1/data/Euclid/COSMOS_DR1/EUC_MER_BGSUB-MOSAIC-NIR-Y_TILE101545701-A70DF_20250515T182837.889603Z_00.00.fits,single_hdu,10200,10200,100.000000000008,150.9746886986283,151.25829419249888,2.3583541867125977,2.6416583005861387,"[151.25826358562423, 150.9747193115054, 150.9746886986283, 151.25829419249888]","[2.358354189540916, 2.3583541867125977, 2.641658297417609, 2.6416583005861387]",/Users/suzuki/github/projects_cosmos/csvfiles_star/v04/coverage/Euclid_NIR-Y_TILE101545701.fits.gz,104040000,103632400,103632400
Euclid,NIR-Y,TILE101547133,/Volumes/exdisk1/data/Euclid/COSMOS_DR1/EUC_MER_BGSUB-MOSAIC-NIR-Y_TILE101547133-CF525A_20250515T202552.834171Z_00.00.fits,single_hdu,10200,10200,100.000000000008,149.2503417039311,149.53400700433218,2.608353421094355,2.8916575349210403,"[149.5339733255418, 149.25037538932636, 149.2503417039311, 149.53400700433218]","[2.608353424222884, 2.608353421094355, 2.8916575314521618, 2.8916575349210403]",/Users/suzuki/github/projects_cosmos/csvfiles_star/v04/coverage/Euclid_NIR-Y_TILE101547133.fits.gz,104040000,103632400,103632400
Euclid,NIR-Y,TILE101547134,/Volumes/exdisk1/data/Euclid/COSMOS_DR1/EUC_MER_BGSUB-MOSAIC-NIR-Y_TILE101547134-507754_20250807T202112.158601Z_00.00.fits,single_hdu,10200,10200,100.000000000008,149.5005798752311,149.78424517563218,2.608353421094355,2.8916575349210403,"[149.7842114968418, 149.50061356062636, 149.5005798752311, 149.78424517563218]","[2.608353424222884, 2.608353421094355, 2.8916575314521618, 2.8916575349210403]",/Users/suzuki/github/projects_cosmos/csvfiles_star/v04/coverage/Euclid_NIR-Y_TILE101547134.fits.gz,104040000,103632400,103632400
Euclid,NIR-Y,TILE101547135,/Volumes/exdisk1/data/Euclid/COSMOS_DR1/EUC_MER_BGSUB-MOSAIC-NIR-Y_TILE101547135-2C2475_20250808T101907.585376Z_00.00.fits,single_hdu,10200,10200,100.000000000008,149.7508180465311,150.03448334693218,2.608353421094355,2.8916575349210403,"[150.0344496681418, 149.75085173192636, 149.7508180465311, 150.03448334693218]","[2.608353424222884, 2.608353421094355, 2.8916575314521618, 2.8916575349210403]",/Users/suzuki/github/projects_cosmos/csvfiles_star/v04/coverage/Euclid_NIR-Y_TILE101547135.fits.gz,104040000,103632400,103632400
Euclid,NIR-Y,TILE101547136,/Volumes/exdisk1/data/Euclid/COSMOS_DR1/EUC_MER_BGSUB-MOSAIC-NIR-Y_TILE101547136-8290C5_20250808T123710.342315Z_00.00.fits,single_hdu,10200,10200,100.000000000008,150.0010562178311,150.28472151823217,2.608353421094355,2.8916575349210403,"[150.2846878394418, 150.00108990322636, 150.0010562178311, 150.28472151823217]","[2.608353424222884, 2.608353421094355, 2.8916575314521618, 2.8916575349210403]",/Users/suzuki/github/projects_cosmos/csvfiles_star/v04/coverage/Euclid_NIR-Y_TILE101547136.fits.gz,104040000,103632400,103632400
Euclid,NIR-Y,TILE101547137,/Volumes/exdisk1/data/Euclid/COSMOS_DR1/EUC_MER_BGSUB-MOSAIC-NIR-Y_TILE101547137-5E3113_20250808T080314.351213Z_00.00.fits,single_hdu,10200,10200,100.000000000008,150.25129438913112,150.5349596895322,2.608353421094355,2.8916575349210403,"[150.53492601074183, 150.25132807452638, 150.25129438913112, 150.5349596895322]","[2.608353424222884, 2.608353421094355, 2.8916575314521618, 2.8916575349210403]",/Users/suzuki/github/projects_cosmos/csvfiles_star/v04/coverage/Euclid_NIR-Y_TILE101547137.fits.gz,104040000,103632400,103632400
Euclid,NIR-Y,TILE101547138,/Volumes/exdisk1/data/Euclid/COSMOS_DR1/EUC_MER_BGSUB-MOSAIC-NIR-Y_TILE101547138-9E5795_20250809T152319.941195Z_00.00.fits,single_hdu,10200,10200,100.000000000008,150.50153256043112,150.7851978608322,2.608353421094355,2.8916575349210403,"[150.78516418204183, 150.50156624582638, 150.50153256043112, 150.7851978608322]","[2.608353424222884, 2.608353421094355, 2.8916575314521618, 2.8916575349210403]",/Users/suzuki/github/projects_cosmos/csvfiles_star/v04/coverage/Euclid_NIR-Y_TILE101547138.fits.gz,104040000,103632400,103632400
Euclid,NIR-Y,TILE101547139,/Volumes/exdisk1/data/Euclid/COSMOS_DR1/EUC_MER_BGSUB-MOSAIC-NIR-Y_TILE101547139-83C504_20250515T213154.855453Z_00.00.fits,single_hdu,10200,10200,100.000000000008,150.7517707317311,151.0354360321322,2.608353421094355,2.8916575349210403,"[151.03540235334182, 150.75180441712638, 150.7517707317311, 151.0354360321322]","[2.608353424222884, 2.608353421094355, 2.8916575314521618, 2.8916575349210403]",/Users/suzuki/github/projects_cosmos/csvfiles_star/v04/coverage/Euclid_NIR-Y_TILE101547139.fits.gz,104040000,103632400,103632400
Euclid,NIR-Y,TILE101547140,/Volumes/exdisk1/data/Euclid/COSMOS_DR1/EUC_MER_BGSUB-MOSAIC-NIR-Y_TILE101547140-59766D_20250515T185700.490034Z_00.00.fits,single_hdu,10200,10200,100.000000000008,151.0020089030311,151.2856742034322,2.608353421094355,2.8916575349210403,"[151.28564052464182, 151.00204258842638, 151.0020089030311, 151.2856742034322]","[2.608353424222884, 2.608353421094355, 2.8916575314521618, 2.8916575349210403]",/Users/suzuki/github/projects_cosmos/csvfiles_star/v04/coverage/Euclid_NIR-Y_TILE101547140.fits.gz,104040000,103632400,103632400
Euclid,NIR-Y,TILE101548572,/Volumes/exdisk1/data/Euclid/COSMOS_DR1/EUC_MER_BGSUB-MOSAIC-NIR-Y_TILE101548572-671EBB_20250515T185031.801983Z_00.00.fits,single_hdu,10200,10200,100.000000000008,149.28019730548436,149.5639278405828,2.8583526551717044,3.1416567689183865,"[149.56389108666178, 149.28023406661336, 149.28019730548436, 149.5639278405828]","[2.8583526586005643, 2.8583526551717044, 3.141656765149028, 3.1416567689183865]",/Users/suzuki/github/projects_cosmos/csvfiles_star/v04/coverage/Euclid_NIR-Y_TILE101548572.fits.gz,104040000,103632400,103632400
Euclid,NIR-Y,TILE101548573,/Volumes/exdisk1/data/Euclid/COSMOS_DR1/EUC_MER_BGSUB-MOSAIC-NIR-Y_TILE101548573-80C729_20250515T212817.729015Z_00.00.fits,single_hdu,10200,10200,100.000000000008,149.53048554078438,149.81421607588283,2.8583526551717044,3.1416567689183865,"[149.8141793219618, 149.53052230191338, 149.53048554078438, 149.81421607588283]","[2.8583526586005643, 2.8583526551717044, 3.141656765149028, 3.1416567689183865]",/Users/suzuki/github/projects_cosmos/csvfiles_star/v04/coverage/Euclid_NIR-Y_TILE101548573.fits.gz,104040000,103632400,103632400
Euclid,NIR-Y,TILE101548574,/Volumes/exdisk1/data/Euclid/COSMOS_DR1/EUC_MER_BGSUB-MOSAIC-NIR-Y_TILE101548574-D45100_20250807T205947.564739Z_00.00.fits,single_hdu,10200,10200,100.000000000008,149.78077377618436,150.0645043112828,2.8583526551717044,3.1416567689183865,"[150.06446755736178, 149.78081053731336, 149.78077377618436, 150.0645043112828]","[2.8583526586005643, 2.8583526551717044, 3.141656765149028, 3.1416567689183865]",/Users/suzuki/github/projects_cosmos/csvfiles_star/v04/coverage/Euclid_NIR-Y_TILE101548574.fits.gz,104040000,103632400,103632400
Euclid,NIR-Y,TILE101548575,/Volumes/exdisk1/data/Euclid/COSMOS_DR1/EUC_MER_BGSUB-MOSAIC-NIR-Y_TILE101548575-BC0FC7_20250515T230847.548744Z_00.00.fits,single_hdu,10200,10200,100.000000000008,150.03106201148438,150.31479254658282,2.8583526551717044,3.1416567689183865,"[150.3147557926618, 150.03109877261338, 150.03106201148438, 150.31479254658282]","[2.8583526586005643, 2.8583526551717044, 3.141656765149028, 3.1416567689183865]",/Users/suzuki/github/projects_cosmos/csvfiles_star/v04/coverage/Euclid_NIR-Y_TILE101548575.fits.gz,104040000,103632400,103632400
Euclid,NIR-Y,TILE101548576,/Volumes/exdisk1/data/Euclid/COSMOS_DR1/EUC_MER_BGSUB-MOSAIC-NIR-Y_TILE101548576-361141_20250516T002123.097154Z_00.00.fits,single_hdu,10200,10200,100.000000000008,150.28135024678437,150.5650807818828,2.8583526551717044,3.1416567689183865,"[150.5650440279618, 150.28138700791337, 150.28135024678437, 150.5650807818828]","[2.8583526586005643, 2.8583526551717044, 3.141656765149028, 3.1416567689183865]",/Users/suzuki/github/projects_cosmos/csvfiles_star/v04/coverage/Euclid_NIR-Y_TILE101548576.fits.gz,104040000,103632400,103632400
Euclid,NIR-Y,TILE101548577,/Volumes/exdisk1/data/Euclid/COSMOS_DR1/EUC_MER_BGSUB-MOSAIC-NIR-Y_TILE101548577-57CFE0_20250515T200507.955524Z_00.00.fits,single_hdu,10200,10200,100.000000000008,150.53163848208436,150.8153690171828,2.8583526551717044,3.1416567689183865,"[150.81533226326178, 150.53167524321336, 150.53163848208436, 150.8153690171828]","[2.8583526586005643, 2.8583526551717044, 3.141656765149028, 3.1416567689183865]",/Users/suzuki/github/projects_cosmos/csvfiles_star/v04/coverage/Euclid_NIR-Y_TILE101548577.fits.gz,104040000,103632400,103632400
Euclid,NIR-Y,TILE101548578,/Volumes/exdisk1/data/Euclid/COSMOS_DR1/EUC_MER_BGSUB-MOSAIC-NIR-Y_TILE101548578-352460_20250515T190757.210408Z_00.00.fits,single_hdu,10200,10200,100.000000000008,150.78192671738438,151.06565725248282,2.8583526551717044,3.1416567689183865,"[151.0656204985618, 150.78196347851338, 150.78192671738438, 151.06565725248282]","[2.8583526586005643, 2.8583526551717044, 3.141656765149028, 3.1416567689183865]",/Users/suzuki/github/projects_cosmos/csvfiles_star/v04/coverage/Euclid_NIR-Y_TILE101548578.fits.gz,104040000,103632400,103632400
Euclid,NIR-Y,TILE101550012,/Volumes/exdisk1/data/Euclid/COSMOS_DR1/EUC_MER_BGSUB-MOSAIC-NIR-Y_TILE101550012-6AD6B4_20250515T202632.840094Z_00.00.fits,single_hdu,10200,10200,100.000000000008,149.5632512114724,149.84705241566584,3.108351888915243,3.3916560025487295,"[149.84701258310378, 149.56329105184616, 149.5632512114724, 149.84705241566584]","[3.1083518926445657, 3.108351888915243, 3.3916559984787464, 3.3916560025487295]",/Users/suzuki/github/projects_cosmos/csvfiles_star/v04/coverage/Euclid_NIR-Y_TILE101550012.fits.gz,104040000,103632400,103632400
Euclid,NIR-Y,TILE101550013,/Volumes/exdisk1/data/Euclid/COSMOS_DR1/EUC_MER_BGSUB-MOSAIC-NIR-Y_TILE101550013-D4F00C_20250515T201447.083161Z_00.00.fits,single_hdu,10200,10200,100.000000000008,149.8135942979724,150.09739550216585,3.108351888915243,3.3916560025487295,"[150.0973556696038, 149.81363413834617, 149.8135942979724, 150.09739550216585]","[3.1083518926445657, 3.108351888915243, 3.3916559984787464, 3.3916560025487295]",/Users/suzuki/github/projects_cosmos/csvfiles_star/v04/coverage/Euclid_NIR-Y_TILE101550013.fits.gz,104040000,103632400,103632400
Euclid,NIR-Y,TILE101550014,/Volumes/exdisk1/data/Euclid/COSMOS_DR1/EUC_MER_BGSUB-MOSAIC-NIR-Y_TILE101550014-6497CB_20250515T184526.741038Z_00.00.fits,single_hdu,10200,10200,100.000000000008,150.0639373844724,150.34773858866586,3.108351888915243,3.3916560025487295,"[150.3476987561038, 150.06397722484618, 150.0639373844724, 150.34773858866586]","[3.1083518926445657, 3.108351888915243, 3.3916559984787464, 3.3916560025487295]",/Users/suzuki/github/projects_cosmos/csvfiles_star/v04/coverage/Euclid_NIR-Y_TILE101550014.fits.gz,104040000,103632400,103632400
Euclid,VIS,TILE101538497,/Volumes/exdisk1/data/Euclid/COSMOS_DR1/EUC_MER_BGSUB-MOSAIC-VIS_TILE101538497-FB8523_20250515T194329.895257Z_00.00.fits,single_hdu,10200,10200,100.000000000008,149.881141462701,150.16452916478013,1.1083580112619618,1.391662124873849,"[150.16451387955027, 149.8811567509285, 149.881141462701, 150.16452916478013]","[1.10835801259061, 1.1083580112619618, 1.3916621232054731, 1.391662124873849]",/Users/suzuki/github/projects_cosmos/csvfiles_star/v04/coverage/Euclid_VIS_TILE101538497.fits.gz,104040000,103632400,103632400
Euclid,VIS,TILE101538498,/Volumes/exdisk1/data/Euclid/COSMOS_DR1/EUC_MER_BGSUB-MOSAIC-VIS_TILE101538498-3AEA9E_20250516T071242.624599Z_00.00.fits,single_hdu,10200,10200,100.000000000008,150.131179544701,150.41456724678014,1.1083580112619618,1.391662124873849,"[150.41455196155027, 150.13119483292851, 150.131179544701, 150.41456724678014]","[1.10835801259061, 1.1083580112619618, 1.3916621232054731, 1.391662124873849]",/Users/suzuki/github/projects_cosmos/csvfiles_star/v04/coverage/Euclid_VIS_TILE101538498.fits.gz,104040000,103632400,103632400
Euclid,VIS,TILE101538499,/Volumes/exdisk1/data/Euclid/COSMOS_DR1/EUC_MER_BGSUB-MOSAIC-VIS_TILE101538499-74CBCB_20250516T204947.890647Z_00.00.fits,single_hdu,10200,10200,100.000000000008,150.38121762670102,150.66460532878014,1.1083580112619618,1.391662124873849,"[150.66459004355028, 150.38123291492852, 150.38121762670102, 150.66460532878014]","[1.10835801259061, 1.1083580112619618, 1.3916621232054731, 1.391662124873849]",/Users/suzuki/github/projects_cosmos/csvfiles_star/v04/coverage/Euclid_VIS_TILE101538499.fits.gz,104040000,103632400,103632400
Euclid,VIS,TILE101538500,/Volumes/exdisk1/data/Euclid/COSMOS_DR1/EUC_MER_BGSUB-MOSAIC-VIS_TILE101538500-549A59_20250515T185058.597233Z_00.00.fits,single_hdu,10200,10200,100.000000000008,150.63125570870102,150.91464341078014,1.1083580112619618,1.391662124873849,"[150.91462812555028, 150.63127099692852, 150.63125570870102, 150.91464341078014]","[1.10835801259061, 1.1083580112619618, 1.3916621232054731, 1.391662124873849]",/Users/suzuki/github/projects_cosmos/csvfiles_star/v04/coverage/Euclid_VIS_TILE101538500.fits.gz,104040000,103632400,103632400
Euclid,VIS,TILE101539933,/Volumes/exdisk1/data/Euclid/COSMOS_DR1/EUC_MER_BGSUB-MOSAIC-VIS_TILE101539933-6454CE_20250515T182613.631794Z_00.00.fits,single_hdu,10200,10200,100.000000000008,148.8937422891215,149.1771627321495,1.3583572467269085,1.6416613604571544,"[149.17714438667153, 148.89376063819728, 148.8937422891215, 149.1771627321495]","[1.3583572483553434, 1.3583572467269085, 1.6416613584889208, 1.6416613604571544]",/Users/suzuki/github/projects_cosmos/csvfiles_star/v04/coverage/Euclid_VIS_TILE101539933.fits.gz,104040000,103632400,103632400
Euclid,VIS,TILE101539934,/Volumes/exdisk1/data/Euclid/COSMOS_DR1/EUC_MER_BGSUB-MOSAIC-VIS_TILE101539934-5A3137_20250515T222129.264831Z_00.00.fits,single_hdu,10200,10200,100.000000000008,149.14380179652147,149.42722223954948,1.3583572467269085,1.6416613604571544,"[149.4272038940715, 149.14382014559726, 149.14380179652147, 149.42722223954948]","[1.3583572483553434, 1.3583572467269085, 1.6416613584889208, 1.6416613604571544]",/Users/suzuki/github/projects_cosmos/csvfiles_star/v04/coverage/Euclid_VIS_TILE101539934.fits.gz,104040000,103632400,103632400
Euclid,VIS,TILE101539935,/Volumes/exdisk1/data/Euclid/COSMOS_DR1/EUC_MER_BGSUB-MOSAIC-VIS_TILE101539935-D15D53_20250516T024717.833576Z_00.00.fits,single_hdu,10200,10200,100.000000000008,149.39386130392148,149.6772817469495,1.3583572467269085,1.6416613604571544,"[149.67726340147152, 149.39387965299727, 149.39386130392148, 149.6772817469495]","[1.3583572483553434, 1.3583572467269085, 1.6416613584889208, 1.6416613604571544]",/Users/suzuki/github/projects_cosmos/csvfiles_star/v04/coverage/Euclid_VIS_TILE101539935.fits.gz,104040000,103632400,103632400
Euclid,VIS,TILE101539936,/Volumes/exdisk1/data/Euclid/COSMOS_DR1/EUC_MER_BGSUB-MOSAIC-VIS_TILE101539936-6DEB41_20250516T154711.016648Z_00.00.fits,single_hdu,10200,10200,100.000000000008,149.6439208113215,149.9273412543495,1.3583572467269085,1.6416613604571544,"[149.92732290887153, 149.64393916039728, 149.6439208113215, 149.9273412543495]","[1.3583572483553434, 1.3583572467269085, 1.6416613584889208, 1.6416613604571544]",/Users/suzuki/github/projects_cosmos/csvfiles_star/v04/coverage/Euclid_VIS_TILE101539936.fits.gz,104040000,103632400,103632400
Euclid,VIS,TILE101539937,/Volumes/exdisk1/data/Euclid/COSMOS_DR1/EUC_MER_BGSUB-MOSAIC-VIS_TILE101539937-5C4B58_20250517T214637.369094Z_00.00.fits,single_hdu,10200,10200,100.000000000008,149.89398031872147,150.17740076174948,1.3583572467269085,1.6416613604571544,"[150.1773824162715, 149.89399866779726, 149.89398031872147, 150.17740076174948]","[1.3583572483553434, 1.3583572467269085, 1.6416613584889208, 1.6416613604571544]",/Users/suzuki/github/projects_cosmos/csvfiles_star/v04/coverage/Euclid_VIS_TILE101539937.fits.gz,104040000,103632400,103632400
Euclid,VIS,TILE101539938,/Volumes/exdisk1/data/Euclid/COSMOS_DR1/EUC_MER_BGSUB-MOSAIC-VIS_TILE101539938-1DB61F_20250516T220423.791826Z_00.00.fits,single_hdu,10200,10200,100.000000000008,150.14403982612149,150.4274602691495,1.3583572467269085,1.6416613604571544,"[150.42744192367152, 150.14405817519727, 150.14403982612149, 150.4274602691495]","[1.3583572483553434, 1.3583572467269085, 1.6416613584889208, 1.6416613604571544]",/Users/suzuki/github/projects_cosmos/csvfiles_star/v04/coverage/Euclid_VIS_TILE101539938.fits.gz,104040000,103632400,103632400
Euclid,VIS,TILE101539939,/Volumes/exdisk1/data/Euclid/COSMOS_DR1/EUC_MER_BGSUB-MOSAIC-VIS_TILE101539939-94CE75_20250516T203147.601131Z_00.00.fits,single_hdu,10200,10200,100.000000000008,150.39409933352147,150.67751977654947,1.3583572467269085,1.6416613604571544,"[150.6775014310715, 150.39411768259725, 150.39409933352147, 150.67751977654947]","[1.3583572483553434, 1.3583572467269085, 1.6416613584889208, 1.6416613604571544]",/Users/suzuki/github/projects_cosmos/csvfiles_star/v04/coverage/Euclid_VIS_TILE101539939.fits.gz,104040000,103632400,103632400
Euclid,VIS,TILE101539940,/Volumes/exdisk1/data/Euclid/COSMOS_DR1/EUC_MER_BGSUB-MOSAIC-VIS_TILE101539940-D94E5F_20250517T062304.759714Z_00.00.fits,single_hdu,10200,10200,100.000000000008,150.64415884092148,150.92757928394948,1.3583572467269085,1.6416613604571544,"[150.92756093847152, 150.64417718999727, 150.64415884092148, 150.92757928394948]","[1.3583572483553434, 1.3583572467269085, 1.6416613584889208, 1.6416613604571544]",/Users/suzuki/github/projects_cosmos/csvfiles_star/v04/coverage/Euclid_VIS_TILE101539940.fits.gz,104040000,103632400,103632400
Euclid,VIS,TILE101541373,/Volumes/exdisk1/data/Euclid/COSMOS_DR1/EUC_MER_BGSUB-MOSAIC-VIS_TILE101541373-E234D2_20250516T110016.799033Z_00.00.fits,single_hdu,10200,10200,100.000000000008,148.90933289037162,149.19279147915927,1.6083564820336467,1.8916605958492612,"[149.19277007168535, 148.90935430204385, 148.90933289037162, 149.19279147915927]","[1.6083564839619306, 1.6083564820336467, 1.8916605935810944, 1.8916605958492612]",/Users/suzuki/github/projects_cosmos/csvfiles_star/v04/coverage/Euclid_VIS_TILE101541373.fits.gz,104040000,103632400,103632400
Euclid,VIS,TILE101541374,/Volumes/exdisk1/data/Euclid/COSMOS_DR1/EUC_MER_BGSUB-MOSAIC-VIS_TILE101541374-EDFA4B_20250517T131100.987548Z_00.00.fits,single_hdu,10200,10200,100.000000000008,149.1594185885716,149.44287717735926,1.6083564820336467,1.8916605958492612,"[149.44285576988534, 149.15944000024385, 149.1594185885716, 149.44287717735926]","[1.6083564839619306, 1.6083564820336467, 1.8916605935810944, 1.8916605958492612]",/Users/suzuki/github/projects_cosmos/csvfiles_star/v04/coverage/Euclid_VIS_TILE101541374.fits.gz,104040000,103632400,103632400
Euclid,VIS,TILE101541375,/Volumes/exdisk1/data/Euclid/COSMOS_DR1/EUC_MER_BGSUB-MOSAIC-VIS_TILE101541375-E1BFD4_20250517T151446.175555Z_00.00.fits,single_hdu,10200,10200,100.000000000008,149.40950428667162,149.69296287545927,1.6083564820336467,1.8916605958492612,"[149.69294146798535, 149.40952569834386, 149.40950428667162, 149.69296287545927]","[1.6083564839619306, 1.6083564820336467, 1.8916605935810944, 1.8916605958492612]",/Users/suzuki/github/projects_cosmos/csvfiles_star/v04/coverage/Euclid_VIS_TILE101541375.fits.gz,104040000,103632400,103632400
Euclid,VIS,TILE101541376,/Volumes/exdisk1/data/Euclid/COSMOS_DR1/EUC_MER_BGSUB-MOSAIC-VIS_TILE101541376-744D8D_20250517T062048.020638Z_00.00.fits,single_hdu,10200,10200,100.000000000008,149.6595899847716,149.94304857355925,1.6083564820336467,1.8916605958492612,"[149.94302716608533, 149.65961139644384, 149.6595899847716, 149.94304857355925]","[1.6083564839619306, 1.6083564820336467, 1.8916605935810944, 1.8916605958492612]",/Users/suzuki/github/projects_cosmos/csvfiles_star/v04/coverage/Euclid_VIS_TILE101541376.fits.gz,104040000,103632400,103632400
Euclid,VIS,TILE101541377,/Volumes/exdisk1/data/Euclid/COSMOS_DR1/EUC_MER_BGSUB-MOSAIC-VIS_TILE101541377-3913E0_20250808T011220.968631Z_00.00.fits,single_hdu,10200,10200,100.000000000008,149.9096756828716,150.19313427165926,1.6083564820336467,1.8916605958492612,"[150.19311286418534, 149.90969709454384, 149.9096756828716, 150.19313427165926]","[1.6083564839619306, 1.6083564820336467, 1.8916605935810944, 1.8916605958492612]",/Users/suzuki/github/projects_cosmos/csvfiles_star/v04/coverage/Euclid_VIS_TILE101541377.fits.gz,104040000,103632400,103632400
Euclid,VIS,TILE101541378,/Volumes/exdisk1/data/Euclid/COSMOS_DR1/EUC_MER_BGSUB-MOSAIC-VIS_TILE101541378-6F86E8_20250809T143856.409195Z_00.00.fits,single_hdu,10200,10200,100.000000000008,150.1597613810716,150.44321996985926,1.6083564820336467,1.8916605958492612,"[150.44319856238533, 150.15978279274384, 150.1597613810716, 150.44321996985926]","[1.6083564839619306, 1.6083564820336467, 1.8916605935810944, 1.8916605958492612]",/Users/suzuki/github/projects_cosmos/csvfiles_star/v04/coverage/Euclid_VIS_TILE101541378.fits.gz,104040000,103632400,103632400
Euclid,VIS,TILE101541379,/Volumes/exdisk1/data/Euclid/COSMOS_DR1/EUC_MER_BGSUB-MOSAIC-VIS_TILE101541379-D829DF_20250516T065819.202171Z_00.00.fits,single_hdu,10200,10200,100.000000000008,150.4098470791716,150.69330566795927,1.6083564820336467,1.8916605958492612,"[150.69328426048534, 150.40986849084385, 150.4098470791716, 150.69330566795927]","[1.6083564839619306, 1.6083564820336467, 1.8916605935810944, 1.8916605958492612]",/Users/suzuki/github/projects_cosmos/csvfiles_star/v04/coverage/Euclid_VIS_TILE101541379.fits.gz,104040000,103632400,103632400
Euclid,VIS,TILE101541380,/Volumes/exdisk1/data/Euclid/COSMOS_DR1/EUC_MER_BGSUB-MOSAIC-VIS_TILE101541380-AAD570_20250516T054946.440962Z_00.00.fits,single_hdu,10200,10200,100.000000000008,150.65993277727162,150.94339136605927,1.6083564820336467,1.8916605958492612,"[150.94336995858535, 150.65995418894386, 150.65993277727162, 150.94339136605927]","[1.6083564839619306, 1.6083564820336467, 1.8916605935810944, 1.8916605958492612]",/Users/suzuki/github/projects_cosmos/csvfiles_star/v04/coverage/Euclid_VIS_TILE101541380.fits.gz,104040000,103632400,103632400
Euclid,VIS,TILE101542814,/Volumes/exdisk1/data/Euclid/COSMOS_DR1/EUC_MER_BGSUB-MOSAIC-VIS_TILE101542814-DA2229_20250517T101223.374213Z_00.00.fits,single_hdu,10200,10200,100.000000000008,149.1778790802335,149.46138122322697,1.8583557171529748,2.1416598310209465,"[149.4613567517169, 149.1779035565428, 149.1778790802335, 149.46138122322697]","[1.8583557193811806, 1.8583557171529748, 2.14165982845276, 2.1416598310209465]",/Users/suzuki/github/projects_cosmos/csvfiles_star/v04/coverage/Euclid_VIS_TILE101542814.fits.gz,104040000,103632400,103632400
Euclid,VIS,TILE101542815,/Volumes/exdisk1/data/Euclid/COSMOS_DR1/EUC_MER_BGSUB-MOSAIC-VIS_TILE101542815-E02567_20250809T184432.611986Z_00.00.fits,single_hdu,10200,10200,100.000000000008,149.42799573693352,149.71149787992698,1.8583557171529748,2.1416598310209465,"[149.7114734084169, 149.4280202132428, 149.42799573693352, 149.71149787992698]","[1.8583557193811806, 1.8583557171529748, 2.14165982845276, 2.1416598310209465]",/Users/suzuki/github/projects_cosmos/csvfiles_star/v04/coverage/Euclid_VIS_TILE101542815.fits.gz,104040000,103632400,103632400
Euclid,VIS,TILE101542816,/Volumes/exdisk1/data/Euclid/COSMOS_DR1/EUC_MER_BGSUB-MOSAIC-VIS_TILE101542816-8828D4_20250809T013909.433423Z_00.00.fits,single_hdu,10200,10200,100.000000000008,149.6781123936335,149.96161453662697,1.8583557171529748,2.1416598310209465,"[149.9615900651169, 149.6781368699428, 149.6781123936335, 149.96161453662697]","[1.8583557193811806, 1.8583557171529748, 2.14165982845276, 2.1416598310209465]",/Users/suzuki/github/projects_cosmos/csvfiles_star/v04/coverage/Euclid_VIS_TILE101542816.fits.gz,104040000,103632400,103632400
Euclid,VIS,TILE101542817,/Volumes/exdisk1/data/Euclid/COSMOS_DR1/EUC_MER_BGSUB-MOSAIC-VIS_TILE101542817-1A65A3_20250809T032909.623554Z_00.00.fits,single_hdu,10200,10200,100.000000000008,149.9282290503335,150.21173119332695,1.8583557171529748,2.1416598310209465,"[150.21170672181688, 149.92825352664278, 149.9282290503335, 150.21173119332695]","[1.8583557193811806, 1.8583557171529748, 2.14165982845276, 2.1416598310209465]",/Users/suzuki/github/projects_cosmos/csvfiles_star/v04/coverage/Euclid_VIS_TILE101542817.fits.gz,104040000,103632400,103632400
Euclid,VIS,TILE101542818,/Volumes/exdisk1/data/Euclid/COSMOS_DR1/EUC_MER_BGSUB-MOSAIC-VIS_TILE101542818-669E2B_20250809T025332.861015Z_00.00.fits,single_hdu,10200,10200,100.000000000008,150.17834570703351,150.46184785002697,1.8583557171529748,2.1416598310209465,"[150.4618233785169, 150.1783701833428, 150.17834570703351, 150.46184785002697]","[1.8583557193811806, 1.8583557171529748, 2.14165982845276, 2.1416598310209465]",/Users/suzuki/github/projects_cosmos/csvfiles_star/v04/coverage/Euclid_VIS_TILE101542818.fits.gz,104040000,103632400,103632400
Euclid,VIS,TILE101542819,/Volumes/exdisk1/data/Euclid/COSMOS_DR1/EUC_MER_BGSUB-MOSAIC-VIS_TILE101542819-5461F3_20250809T151231.089564Z_00.00.fits,single_hdu,10200,10200,100.000000000008,150.4284623637335,150.71196450672696,1.8583557171529748,2.1416598310209465,"[150.71194003521688, 150.42848684004278, 150.4284623637335, 150.71196450672696]","[1.8583557193811806, 1.8583557171529748, 2.14165982845276, 2.1416598310209465]",/Users/suzuki/github/projects_cosmos/csvfiles_star/v04/coverage/Euclid_VIS_TILE101542819.fits.gz,104040000,103632400,103632400
Euclid,VIS,TILE101542820,/Volumes/exdisk1/data/Euclid/COSMOS_DR1/EUC_MER_BGSUB-MOSAIC-VIS_TILE101542820-ABF21_20250518T012958.357208Z_00.00.fits,single_hdu,10200,10200,100.000000000008,150.67857902043352,150.96208116342697,1.8583557171529748,2.1416598310209465,"[150.9620566919169, 150.6786034967428, 150.67857902043352, 150.96208116342697]","[1.8583557193811806, 1.8583557171529748, 2.14165982845276, 2.1416598310209465]",/Users/suzuki/github/projects_cosmos/csvfiles_star/v04/coverage/Euclid_VIS_TILE101542820.fits.gz,104040000,103632400,103632400
Euclid,VIS,TILE101544254,/Volumes/exdisk1/data/Euclid/COSMOS_DR1/EUC_MER_BGSUB-MOSAIC-VIS_TILE101544254-DF13C9_20250517T070408.689718Z_00.00.fits,single_hdu,10200,10200,100.000000000008,149.19918503083085,149.48273614062856,2.1083549520557,2.3916590659429904,"[149.48270860274937, 149.1992125741106, 149.19918503083085, 149.48273614062856]","[2.108354954583914, 2.1083549520557, 2.3916590630746875, 2.3916590659429904]",/Users/suzuki/github/projects_cosmos/csvfiles_star/v04/coverage/Euclid_VIS_TILE101544254.fits.gz,104040000,103632400,103632400
Euclid,VIS,TILE101544255,/Volumes/exdisk1/data/Euclid/COSMOS_DR1/EUC_MER_BGSUB-MOSAIC-VIS_TILE101544255-F4D9E0_20250808T223343.538210Z_00.00.fits,single_hdu,10200,10200,100.000000000008,149.44933741693083,149.73288852672854,2.1083549520557,2.3916590659429904,"[149.73286098884935, 149.44936496021057, 149.44933741693083, 149.73288852672854]","[2.108354954583914, 2.1083549520557, 2.3916590630746875, 2.3916590659429904]",/Users/suzuki/github/projects_cosmos/csvfiles_star/v04/coverage/Euclid_VIS_TILE101544255.fits.gz,104040000,103632400,103632400
Euclid,VIS,TILE101544256,/Volumes/exdisk1/data/Euclid/COSMOS_DR1/EUC_MER_BGSUB-MOSAIC-VIS_TILE101544256-3DB51B_20250809T044713.524982Z_00.00.fits,single_hdu,10200,10200,100.000000000008,149.69948980293086,149.98304091272857,2.1083549520557,2.3916590659429904,"[149.98301337484938, 149.6995173462106, 149.69948980293086, 149.98304091272857]","[2.108354954583914, 2.1083549520557, 2.3916590630746875, 2.3916590659429904]",/Users/suzuki/github/projects_cosmos/csvfiles_star/v04/coverage/Euclid_VIS_TILE101544256.fits.gz,104040000,103632400,103632400
Euclid,VIS,TILE101544257,/Volumes/exdisk1/data/Euclid/COSMOS_DR1/EUC_MER_BGSUB-MOSAIC-VIS_TILE101544257-74577F_20250809T055109.406907Z_00.00.fits,single_hdu,10200,10200,100.000000000008,149.94964218903084,150.23319329882855,2.1083549520557,2.3916590659429904,"[150.23316576094936, 149.94966973231058, 149.94964218903084, 150.23319329882855]","[2.108354954583914, 2.1083549520557, 2.3916590630746875, 2.3916590659429904]",/Users/suzuki/github/projects_cosmos/csvfiles_star/v04/coverage/Euclid_VIS_TILE101544257.fits.gz,104040000,103632400,103632400
Euclid,VIS,TILE101544258,/Volumes/exdisk1/data/Euclid/COSMOS_DR1/EUC_MER_BGSUB-MOSAIC-VIS_TILE101544258-42C961_20250809T044124.145861Z_00.00.fits,single_hdu,10200,10200,100.000000000008,150.19979457513085,150.48334568492857,2.1083549520557,2.3916590659429904,"[150.48331814704937, 150.1998221184106, 150.19979457513085, 150.48334568492857]","[2.108354954583914, 2.1083549520557, 2.3916590630746875, 2.3916590659429904]",/Users/suzuki/github/projects_cosmos/csvfiles_star/v04/coverage/Euclid_VIS_TILE101544258.fits.gz,104040000,103632400,103632400
Euclid,VIS,TILE101544259,/Volumes/exdisk1/data/Euclid/COSMOS_DR1/EUC_MER_BGSUB-MOSAIC-VIS_TILE101544259-39825E_20250809T210554.686417Z_00.00.fits,single_hdu,10200,10200,100.000000000008,150.44994696123084,150.73349807102855,2.1083549520557,2.3916590659429904,"[150.73347053314936, 150.44997450451058, 150.44994696123084, 150.73349807102855]","[2.108354954583914, 2.1083549520557, 2.3916590630746875, 2.3916590659429904]",/Users/suzuki/github/projects_cosmos/csvfiles_star/v04/coverage/Euclid_VIS_TILE101544259.fits.gz,104040000,103632400,103632400
Euclid,VIS,TILE101544260,/Volumes/exdisk1/data/Euclid/COSMOS_DR1/EUC_MER_BGSUB-MOSAIC-VIS_TILE101544260-1516F2_20250518T061815.587882Z_00.00.fits,single_hdu,10200,10200,100.000000000008,150.70009934723083,150.98365045702855,2.1083549520557,2.3916590659429904,"[150.98362291914935, 150.70012689051057, 150.70009934723083, 150.98365045702855]","[2.108354954583914, 2.1083549520557, 2.3916590630746875, 2.3916590659429904]",/Users/suzuki/github/projects_cosmos/csvfiles_star/v04/coverage/Euclid_VIS_TILE101544260.fits.gz,104040000,103632400,103632400
Euclid,VIS,TILE101545694,/Volumes/exdisk1/data/Euclid/COSMOS_DR1/EUC_MER_BGSUB-MOSAIC-VIS_TILE101545694-5C7F2C_20250518T095745.023303Z_00.00.fits,single_hdu,10200,10200,100.000000000008,149.2233384710283,149.50694396489888,2.3583541867125977,2.6416583005861387,"[149.50691335802424, 149.2233690839054, 149.2233384710283, 149.50694396489888]","[2.358354189540916, 2.3583541867125977, 2.641658297417609, 2.6416583005861387]",/Users/suzuki/github/projects_cosmos/csvfiles_star/v04/coverage/Euclid_VIS_TILE101545694.fits.gz,104040000,103632400,103632400
Euclid,VIS,TILE101545695,/Volumes/exdisk1/data/Euclid/COSMOS_DR1/EUC_MER_BGSUB-MOSAIC-VIS_TILE101545695-84E555_20250808T180650.895583Z_00.00.fits,single_hdu,10200,10200,100.000000000008,149.4735313606283,149.75713685449887,2.3583541867125977,2.6416583005861387,"[149.75710624762422, 149.47356197350538, 149.4735313606283, 149.75713685449887]","[2.358354189540916, 2.3583541867125977, 2.641658297417609, 2.6416583005861387]",/Users/suzuki/github/projects_cosmos/csvfiles_star/v04/coverage/Euclid_VIS_TILE101545695.fits.gz,104040000,103632400,103632400
Euclid,VIS,TILE101545696,/Volumes/exdisk1/data/Euclid/COSMOS_DR1/EUC_MER_BGSUB-MOSAIC-VIS_TILE101545696-371CA6_20250809T034402.668968Z_00.00.fits,single_hdu,10200,10200,100.000000000008,149.7237242503283,150.00732974419887,2.3583541867125977,2.6416583005861387,"[150.00729913732422, 149.7237548632054, 149.7237242503283, 150.00732974419887]","[2.358354189540916, 2.3583541867125977, 2.641658297417609, 2.6416583005861387]",/Users/suzuki/github/projects_cosmos/csvfiles_star/v04/coverage/Euclid_VIS_TILE101545696.fits.gz,104040000,103632400,103632400
Euclid,VIS,TILE101545697,/Volumes/exdisk1/data/Euclid/COSMOS_DR1/EUC_MER_BGSUB-MOSAIC-VIS_TILE101545697-DC4124_20250809T054426.844000Z_00.00.fits,single_hdu,10200,10200,100.000000000008,149.9739171399283,150.25752263379886,2.3583541867125977,2.6416583005861387,"[150.2574920269242, 149.97394775280537, 149.9739171399283, 150.25752263379886]","[2.358354189540916, 2.3583541867125977, 2.641658297417609, 2.6416583005861387]",/Users/suzuki/github/projects_cosmos/csvfiles_star/v04/coverage/Euclid_VIS_TILE101545697.fits.gz,104040000,103632400,103632400
Euclid,VIS,TILE101545698,/Volumes/exdisk1/data/Euclid/COSMOS_DR1/EUC_MER_BGSUB-MOSAIC-VIS_TILE101545698-F2F054_20250809T052330.616106Z_00.00.fits,single_hdu,10200,10200,100.000000000008,150.2241100296283,150.50771552349886,2.3583541867125977,2.6416583005861387,"[150.5076849166242, 150.22414064250538, 150.2241100296283, 150.50771552349886]","[2.358354189540916, 2.3583541867125977, 2.641658297417609, 2.6416583005861387]",/Users/suzuki/github/projects_cosmos/csvfiles_star/v04/coverage/Euclid_VIS_TILE101545698.fits.gz,104040000,103632400,103632400
Euclid,VIS,TILE101545699,/Volumes/exdisk1/data/Euclid/COSMOS_DR1/EUC_MER_BGSUB-MOSAIC-VIS_TILE101545699-20434E_20250809T001413.515814Z_00.00.fits,single_hdu,10200,10200,100.000000000008,150.4743029193283,150.75790841319886,2.3583541867125977,2.6416583005861387,"[150.75787780632422, 150.47433353220538, 150.4743029193283, 150.75790841319886]","[2.358354189540916, 2.3583541867125977, 2.641658297417609, 2.6416583005861387]",/Users/suzuki/github/projects_cosmos/csvfiles_star/v04/coverage/Euclid_VIS_TILE101545699.fits.gz,104040000,103632400,103632400
Euclid,VIS,TILE101545700,/Volumes/exdisk1/data/Euclid/COSMOS_DR1/EUC_MER_BGSUB-MOSAIC-VIS_TILE101545700-6A0E40_20250516T045220.954484Z_00.00.fits,single_hdu,10200,10200,100.000000000008,150.7244958089283,151.00810130279888,2.3583541867125977,2.6416583005861387,"[151.00807069592423, 150.7245264218054, 150.7244958089283, 151.00810130279888]","[2.358354189540916, 2.3583541867125977, 2.641658297417609, 2.6416583005861387]",/Users/suzuki/github/projects_cosmos/csvfiles_star/v04/coverage/Euclid_VIS_TILE101545700.fits.gz,104040000,103632400,103632400
Euclid,VIS,TILE101545701,/Volumes/exdisk1/data/Euclid/COSMOS_DR1/EUC_MER_BGSUB-MOSAIC-VIS_TILE101545701-28F734_20250515T195526.037704Z_00.00.fits,single_hdu,10200,10200,100.000000000008,150.9746886986283,151.25829419249888,2.3583541867125977,2.6416583005861387,"[151.25826358562423, 150.9747193115054, 150.9746886986283, 151.25829419249888]","[2.358354189540916, 2.3583541867125977, 2.641658297417609, 2.6416583005861387]",/Users/suzuki/github/projects_cosmos/csvfiles_star/v04/coverage/Euclid_VIS_TILE101545701.fits.gz,104040000,103632400,103632400
Euclid,VIS,TILE101547133,/Volumes/exdisk1/data/Euclid/COSMOS_DR1/EUC_MER_BGSUB-MOSAIC-VIS_TILE101547133-AE4C84_20250516T013004.720171Z_00.00.fits,single_hdu,10200,10200,100.000000000008,149.2503417039311,149.53400700433218,2.608353421094355,2.8916575349210403,"[149.5339733255418, 149.25037538932636, 149.2503417039311, 149.53400700433218]","[2.608353424222884, 2.608353421094355, 2.8916575314521618, 2.8916575349210403]",/Users/suzuki/github/projects_cosmos/csvfiles_star/v04/coverage/Euclid_VIS_TILE101547133.fits.gz,104040000,103632400,103632400
Euclid,VIS,TILE101547134,/Volumes/exdisk1/data/Euclid/COSMOS_DR1/EUC_MER_BGSUB-MOSAIC-VIS_TILE101547134-26976E_20250807T204007.460070Z_00.00.fits,single_hdu,10200,10200,100.000000000008,149.5005798752311,149.78424517563218,2.608353421094355,2.8916575349210403,"[149.7842114968418, 149.50061356062636, 149.5005798752311, 149.78424517563218]","[2.608353424222884, 2.608353421094355, 2.8916575314521618, 2.8916575349210403]",/Users/suzuki/github/projects_cosmos/csvfiles_star/v04/coverage/Euclid_VIS_TILE101547134.fits.gz,104040000,103632400,103632400
Euclid,VIS,TILE101547135,/Volumes/exdisk1/data/Euclid/COSMOS_DR1/EUC_MER_BGSUB-MOSAIC-VIS_TILE101547135-BFC49F_20250809T014528.597355Z_00.00.fits,single_hdu,10200,10200,100.000000000008,149.7508180465311,150.03448334693218,2.608353421094355,2.8916575349210403,"[150.0344496681418, 149.75085173192636, 149.7508180465311, 150.03448334693218]","[2.608353424222884, 2.608353421094355, 2.8916575314521618, 2.8916575349210403]",/Users/suzuki/github/projects_cosmos/csvfiles_star/v04/coverage/Euclid_VIS_TILE101547135.fits.gz,104040000,103632400,103632400
Euclid,VIS,TILE101547136,/Volumes/exdisk1/data/Euclid/COSMOS_DR1/EUC_MER_BGSUB-MOSAIC-VIS_TILE101547136-E2ED82_20250809T023403.758381Z_00.00.fits,single_hdu,10200,10200,100.000000000008,150.0010562178311,150.28472151823217,2.608353421094355,2.8916575349210403,"[150.2846878394418, 150.00108990322636, 150.0010562178311, 150.28472151823217]","[2.608353424222884, 2.608353421094355, 2.8916575314521618, 2.8916575349210403]",/Users/suzuki/github/projects_cosmos/csvfiles_star/v04/coverage/Euclid_VIS_TILE101547136.fits.gz,104040000,103632400,103632400
Euclid,VIS,TILE101547137,/Volumes/exdisk1/data/Euclid/COSMOS_DR1/EUC_MER_BGSUB-MOSAIC-VIS_TILE101547137-16619A_20250809T010610.519082Z_00.00.fits,single_hdu,10200,10200,100.000000000008,150.25129438913112,150.5349596895322,2.608353421094355,2.8916575349210403,"[150.53492601074183, 150.25132807452638, 150.25129438913112, 150.5349596895322]","[2.608353424222884, 2.608353421094355, 2.8916575314521618, 2.8916575349210403]",/Users/suzuki/github/projects_cosmos/csvfiles_star/v04/coverage/Euclid_VIS_TILE101547137.fits.gz,104040000,103632400,103632400
Euclid,VIS,TILE101547138,/Volumes/exdisk1/data/Euclid/COSMOS_DR1/EUC_MER_BGSUB-MOSAIC-VIS_TILE101547138-5D92F3_20250809T201252.724500Z_00.00.fits,single_hdu,10200,10200,100.000000000008,150.50153256043112,150.7851978608322,2.608353421094355,2.8916575349210403,"[150.78516418204183, 150.50156624582638, 150.50153256043112, 150.7851978608322]","[2.608353424222884, 2.608353421094355, 2.8916575314521618, 2.8916575349210403]",/Users/suzuki/github/projects_cosmos/csvfiles_star/v04/coverage/Euclid_VIS_TILE101547138.fits.gz,104040000,103632400,103632400
Euclid,VIS,TILE101547139,/Volumes/exdisk1/data/Euclid/COSMOS_DR1/EUC_MER_BGSUB-MOSAIC-VIS_TILE101547139-761110_20250516T044555.023043Z_00.00.fits,single_hdu,10200,10200,100.000000000008,150.7517707317311,151.0354360321322,2.608353421094355,2.8916575349210403,"[151.03540235334182, 150.75180441712638, 150.7517707317311, 151.0354360321322]","[2.608353424222884, 2.608353421094355, 2.8916575314521618, 2.8916575349210403]",/Users/suzuki/github/projects_cosmos/csvfiles_star/v04/coverage/Euclid_VIS_TILE101547139.fits.gz,104040000,103632400,103632400
Euclid,VIS,TILE101547140,/Volumes/exdisk1/data/Euclid/COSMOS_DR1/EUC_MER_BGSUB-MOSAIC-VIS_TILE101547140-7B794C_20250515T214954.425654Z_00.00.fits,single_hdu,10200,10200,100.000000000008,151.0020089030311,151.2856742034322,2.608353421094355,2.8916575349210403,"[151.28564052464182, 151.00204258842638, 151.0020089030311, 151.2856742034322]","[2.608353424222884, 2.608353421094355, 2.8916575314521618, 2.8916575349210403]",/Users/suzuki/github/projects_cosmos/csvfiles_star/v04/coverage/Euclid_VIS_TILE101547140.fits.gz,104040000,103632400,103632400
Euclid,VIS,TILE101548572,/Volumes/exdisk1/data/Euclid/COSMOS_DR1/EUC_MER_BGSUB-MOSAIC-VIS_TILE101548572-8D138C_20250515T210637.597979Z_00.00.fits,single_hdu,10200,10200,100.000000000008,149.28019730548436,149.5639278405828,2.8583526551717044,3.1416567689183865,"[149.56389108666178, 149.28023406661336, 149.28019730548436, 149.5639278405828]","[2.8583526586005643, 2.8583526551717044, 3.141656765149028, 3.1416567689183865]",/Users/suzuki/github/projects_cosmos/csvfiles_star/v04/coverage/Euclid_VIS_TILE101548572.fits.gz,104040000,103632400,103632400
Euclid,VIS,TILE101548573,/Volumes/exdisk1/data/Euclid/COSMOS_DR1/EUC_MER_BGSUB-MOSAIC-VIS_TILE101548573-3EAB55_20250516T050018.454610Z_00.00.fits,single_hdu,10200,10200,100.000000000008,149.53048554078438,149.81421607588283,2.8583526551717044,3.1416567689183865,"[149.8141793219618, 149.53052230191338, 149.53048554078438, 149.81421607588283]","[2.8583526586005643, 2.8583526551717044, 3.141656765149028, 3.1416567689183865]",/Users/suzuki/github/projects_cosmos/csvfiles_star/v04/coverage/Euclid_VIS_TILE101548573.fits.gz,104040000,103632400,103632400
Euclid,VIS,TILE101548574,/Volumes/exdisk1/data/Euclid/COSMOS_DR1/EUC_MER_BGSUB-MOSAIC-VIS_TILE101548574-AB4909_20250808T034524.305542Z_00.00.fits,single_hdu,10200,10200,100.000000000008,149.78077377618436,150.0645043112828,2.8583526551717044,3.1416567689183865,"[150.06446755736178, 149.78081053731336, 149.78077377618436, 150.0645043112828]","[2.8583526586005643, 2.8583526551717044, 3.141656765149028, 3.1416567689183865]",/Users/suzuki/github/projects_cosmos/csvfiles_star/v04/coverage/Euclid_VIS_TILE101548574.fits.gz,104040000,103632400,103632400
Euclid,VIS,TILE101548575,/Volumes/exdisk1/data/Euclid/COSMOS_DR1/EUC_MER_BGSUB-MOSAIC-VIS_TILE101548575-571CB0_20250516T084656.546447Z_00.00.fits,single_hdu,10200,10200,100.000000000008,150.03106201148438,150.31479254658282,2.8583526551717044,3.1416567689183865,"[150.3147557926618, 150.03109877261338, 150.03106201148438, 150.31479254658282]","[2.8583526586005643, 2.8583526551717044, 3.141656765149028, 3.1416567689183865]",/Users/suzuki/github/projects_cosmos/csvfiles_star/v04/coverage/Euclid_VIS_TILE101548575.fits.gz,104040000,103632400,103632400
Euclid,VIS,TILE101548576,/Volumes/exdisk1/data/Euclid/COSMOS_DR1/EUC_MER_BGSUB-MOSAIC-VIS_TILE101548576-542650_20250516T111827.633598Z_00.00.fits,single_hdu,10200,10200,100.000000000008,150.28135024678437,150.5650807818828,2.8583526551717044,3.1416567689183865,"[150.5650440279618, 150.28138700791337, 150.28135024678437, 150.5650807818828]","[2.8583526586005643, 2.8583526551717044, 3.141656765149028, 3.1416567689183865]",/Users/suzuki/github/projects_cosmos/csvfiles_star/v04/coverage/Euclid_VIS_TILE101548576.fits.gz,104040000,103632400,103632400
Euclid,VIS,TILE101548577,/Volumes/exdisk1/data/Euclid/COSMOS_DR1/EUC_MER_BGSUB-MOSAIC-VIS_TILE101548577-6FAFD7_20250516T015342.353157Z_00.00.fits,single_hdu,10200,10200,100.000000000008,150.53163848208436,150.8153690171828,2.8583526551717044,3.1416567689183865,"[150.81533226326178, 150.53167524321336, 150.53163848208436, 150.8153690171828]","[2.8583526586005643, 2.8583526551717044, 3.141656765149028, 3.1416567689183865]",/Users/suzuki/github/projects_cosmos/csvfiles_star/v04/coverage/Euclid_VIS_TILE101548577.fits.gz,104040000,103632400,103632400
Euclid,VIS,TILE101548578,/Volumes/exdisk1/data/Euclid/COSMOS_DR1/EUC_MER_BGSUB-MOSAIC-VIS_TILE101548578-A1030A_20250515T221848.573458Z_00.00.fits,single_hdu,10200,10200,100.000000000008,150.78192671738438,151.06565725248282,2.8583526551717044,3.1416567689183865,"[151.0656204985618, 150.78196347851338, 150.78192671738438, 151.06565725248282]","[2.8583526586005643, 2.8583526551717044, 3.141656765149028, 3.1416567689183865]",/Users/suzuki/github/projects_cosmos/csvfiles_star/v04/coverage/Euclid_VIS_TILE101548578.fits.gz,104040000,103632400,103632400
Euclid,VIS,TILE101550012,/Volumes/exdisk1/data/Euclid/COSMOS_DR1/EUC_MER_BGSUB-MOSAIC-VIS_TILE101550012-238BD7_20250516T015638.485394Z_00.00.fits,single_hdu,10200,10200,100.000000000008,149.5632512114724,149.84705241566584,3.108351888915243,3.3916560025487295,"[149.84701258310378, 149.56329105184616, 149.5632512114724, 149.84705241566584]","[3.1083518926445657, 3.108351888915243, 3.3916559984787464, 3.3916560025487295]",/Users/suzuki/github/projects_cosmos/csvfiles_star/v04/coverage/Euclid_VIS_TILE101550012.fits.gz,104040000,103632400,103632400
Euclid,VIS,TILE101550013,/Volumes/exdisk1/data/Euclid/COSMOS_DR1/EUC_MER_BGSUB-MOSAIC-VIS_TILE101550013-DC0396_20250516T003709.938568Z_00.00.fits,single_hdu,10200,10200,100.000000000008,149.8135942979724,150.09739550216585,3.108351888915243,3.3916560025487295,"[150.0973556696038, 149.81363413834617, 149.8135942979724, 150.09739550216585]","[3.1083518926445657, 3.108351888915243, 3.3916559984787464, 3.3916560025487295]",/Users/suzuki/github/projects_cosmos/csvfiles_star/v04/coverage/Euclid_VIS_TILE101550013.fits.gz,104040000,103632400,103632400
Euclid,VIS,TILE101550014,/Volumes/exdisk1/data/Euclid/COSMOS_DR1/EUC_MER_BGSUB-MOSAIC-VIS_TILE101550014-6944BB_20250515T193228.850676Z_00.00.fits,single_hdu,10200,10200,100.000000000008,150.0639373844724,150.34773858866586,3.108351888915243,3.3916560025487295,"[150.3476987561038, 150.06397722484618, 150.0639373844724, 150.34773858866586]","[3.1083518926445657, 3.108351888915243, 3.3916559984787464, 3.3916560025487295]",/Users/suzuki/github/projects_cosmos/csvfiles_star/v04/coverage/Euclid_VIS_TILE101550014.fits.gz,104040000,103632400,103632400
