found_in,star_id,ra,dec,mag,peak,snr,tile,missing_jwst,missing_hst,in_jwst_fp,in_hst_fp,missing_euclid,in_euclid_fp,in_jwst_pix,in_hst_pix,real_orphan,veto_gaia,veto_peak,veto_local,veto_any,sharpness
HST F814W,F814W_088_8247358,150.27885168482382,2.5029837568301865,-4.824551582336426,11.755558967590332,4191.181640625,088,True,False,True,False,True,True,True,True,True,False,False,False,False,0.5327299237251282
HST F814W,F814W_055_4452748,149.89538492446323,2.0077943055992624,-3.347266674041748,3.896120309829712,1419.295654296875,055,True,False,True,False,True,True,True,True,True,False,False,False,False,0.8107386231422424
HST F814W,F814W_088_8247373,150.27903762779172,2.5030117032907477,-2.704525947570801,3.061619520187378,1091.552001953125,088,True,False,True,False,True,True,True,True,True,False,False,False,False,0.7744903564453125
HST F814W,F814W_043_2936225,149.77155199511694,1.9286076512567425,-3.6577508449554443,2.352926015853882,882.6598510742188,043,True,False,True,False,True,True,True,True,True,False,False,False,False,0.49095454812049866
HST F814W,F814W_076_7159018,150.37285278805524,2.4433418420528312,-3.9691081047058105,2.2065742015838623,838.9956665039062,076,True,False,True,False,True,True,True,True,True,False,False,False,False,0.44614753127098083
HST F814W,F814W_040_2392468,150.22705541204834,1.8140280326408516,-3.8051726818084717,1.8277308940887451,706.0760498046875,040,True,False,True,False,True,True,True,True,True,False,False,False,False,0.4378151595592499
HST F814W,F814W_041_2571067,150.0769719400615,1.8545321896628377,-3.0942225456237793,1.4247075319290161,534.9656372070312,041,True,False,True,False,True,True,True,True,True,False,False,False,False,0.5382176637649536
HST F814W,F814W_052_3911905,150.3114032649337,2.0366987045728875,-3.4212136268615723,1.426009178161621,523.9642333984375,052,True,False,True,False,True,True,True,True,True,False,False,False,False,0.4707009792327881
HST F814W,F814W_076_7093665,150.30092486083112,2.340391317540332,-3.2686994075775146,1.349293828010559,513.0358276367188,076,True,False,True,False,True,True,True,True,True,False,False,False,False,0.45650607347488403
HST F814W,F814W_042_2729977,150.02915757154037,1.8441476459675106,-2.06900691986084,1.4859563112258911,512.1401977539062,042,True,False,True,False,True,True,True,True,True,False,False,False,False,0.7978767156600952
HST F814W,F814W_079_7482276,149.79686643947915,2.3247107409211862,-2.849717617034912,1.3893823623657227,505.8265075683594,079,True,False,True,False,True,True,True,True,True,False,False,False,False,0.5276084542274475
HST F814W,F814W_053_4270432,150.12266677386117,2.052931443878516,-3.4556751251220703,1.3846814632415771,480.0196838378906,053,True,False,True,False,True,True,True,True,True,False,False,False,False,0.4457668364048004
HST F814W,F814W_052_4064160,150.27296184904858,2.0922535952522234,-3.2115488052368164,1.175452709197998,431.90130615234375,052,True,False,True,False,True,True,True,True,True,False,False,False,False,0.41371574997901917
HST F814W,F814W_041_2558931,150.18234225920557,1.8327942364769685,-2.7498176097869873,1.1378039121627808,427.2357482910156,041,True,False,True,False,True,True,True,True,True,False,False,False,False,0.4206887185573578
HST F814W,F814W_051_3667879,150.39640459824886,1.9714088424087657,-3.0654098987579346,1.0779547691345215,385.26397705078125,051,True,False,True,False,True,True,True,True,True,False,False,False,False,0.48401546478271484
HST F814W,F814W_088_8255833,150.26587264313684,2.523030904138718,-3.0051283836364746,1.027355670928955,366.28070068359375,088,True,False,True,False,True,True,True,True,True,False,False,False,False,0.4267529845237732
HST F814W,F814W_076_7109105,150.2790214518719,2.3684080624360813,-2.9861021041870117,0.9579327702522278,364.23040771484375,076,True,False,True,False,True,True,True,True,True,False,False,False,False,0.4358576536178589
HST F814W,F814W_054_4330432,149.9605676962208,1.9828764452513394,-2.993095874786377,0.9414973258972168,351.6810607910156,054,True,False,True,False,True,True,True,True,True,False,False,False,False,0.4878031611442566
HST F814W,F814W_041_2621847,150.09238320144655,1.9320548781337157,-2.883871078491211,0.9088886976242065,341.280029296875,041,True,False,True,False,True,True,True,True,True,False,False,False,False,0.4727391004562378
HST F814W,F814W_041_2524982,150.18443560999975,1.7989329852891374,-2.675366163253784,0.8599278330802917,322.8956298828125,041,True,False,True,False,True,True,True,True,True,False,False,False,False,0.5007923245429993
HST F814W,F814W_090_8646946,150.00343328051267,2.517395793811504,-2.384965181350708,0.8414711356163025,305.3472900390625,090,True,False,True,False,True,True,True,True,True,False,False,False,False,0.49718478322029114
HST F814W,F814W_042_2810428,149.9208248800818,1.8981402212862233,-2.4494469165802,0.8037644624710083,277.02032470703125,042,True,False,True,False,True,True,True,True,True,False,False,False,False,0.47561711072921753
HST F814W,F814W_090_8704770,149.91421019396995,2.6056278320925483,-2.878934144973755,0.7510764598846436,272.5455017089844,090,True,False,True,False,True,True,True,True,True,False,False,False,False,0.4702295660972595
HST F814W,F814W_090_8637306,149.9029827019219,2.499799873923012,-2.802468776702881,0.748872697353363,271.7458190917969,090,True,False,True,False,True,True,True,True,True,False,False,False,False,0.42073488235473633
HST F814W,F814W_042_2729167,150.02903137340272,1.8437349040306683,-2.0718953609466553,0.7360216379165649,253.67250061035156,042,True,False,True,False,True,True,True,True,True,False,False,False,False,0.7512722611427307
HST F814W,F814W_077_7206457,150.07700635106227,2.349160041893324,-2.7636144161224365,0.6558513641357422,247.00958251953125,077,True,False,True,False,True,True,True,True,True,False,False,False,False,0.4243270456790924
HST F814W,F814W_090_8635535,149.98820401304513,2.4969964022587265,-2.5392630100250244,0.6777580976486206,245.9402313232422,090,True,False,True,False,True,True,True,True,True,False,False,False,False,0.48849353194236755
HST F814W,F814W_089_8428890,150.0939730392242,2.4843364150638343,-2.5185933113098145,0.6547765135765076,224.83139038085938,089,True,False,True,False,True,True,True,True,True,False,False,False,False,0.49045100808143616
HST F814W,F814W_089_8609520,150.09722295393226,2.6164821060604426,-2.539492130279541,0.6055512428283691,207.92884826660156,089,True,False,True,False,True,True,True,True,True,False,False,False,False,0.42662325501441956
HST F814W,F814W_042_2729168,150.02900871761014,1.843743687562051,-2.109041452407837,0.5962126851081848,205.48684692382812,042,True,False,True,False,True,True,True,True,True,False,False,False,False,0.635537326335907
HST F814W,F814W_029_1209558,150.1924937266495,1.7845618120187987,-2.6129708290100098,0.7171809673309326,199.66429138183594,029,True,False,True,False,True,True,True,True,True,False,False,False,False,0.41104114055633545
HST F814W,F814W_064_5448705,150.2870858652837,2.2196898988881646,-2.4666025638580322,0.5441752672195435,199.3726806640625,064,True,False,True,False,True,True,True,True,True,False,False,False,False,0.5313159227371216
HST F814W,F814W_040_2470285,150.36165204899459,1.9185674556834942,-2.311279058456421,0.5042470693588257,194.7971649169922,040,True,False,True,False,True,True,True,True,True,False,False,False,False,0.49177151918411255
HST F814W,F814W_089_8492082,150.11726995505512,2.5559826994204786,-2.5030670166015625,0.5505428314208984,189.04055786132812,089,True,False,True,False,True,True,True,True,True,False,False,False,False,0.4040287137031555
HST F814W,F814W_041_2563819,150.17201885707442,1.8420903872026388,-2.242384433746338,0.49445366859436035,185.66317749023438,041,True,False,True,False,True,True,True,True,True,False,False,False,False,0.49023935198783875
HST F814W,F814W_075_7055637,150.49174195240184,2.4463211049240368,-2.0705957412719727,0.4515100121498108,167.98391723632812,075,True,False,True,False,True,True,True,True,True,False,False,False,False,0.5089805722236633
HST F814W,F814W_067_6116223,149.88147088401706,2.227778901718991,-2.0464043617248535,0.45144468545913696,161.6113739013672,067,True,False,True,False,True,True,True,True,True,False,False,False,False,0.5651808977127075
HST F814W,F814W_042_2819689,149.96436386528026,1.9276935032190043,-2.209953784942627,0.45996853709220886,158.52981567382812,042,True,False,True,False,True,True,True,True,True,False,False,False,False,0.4129287004470825
HST F814W,F814W_052_3898409,150.2553328948413,2.0323294548846773,-2.06259822845459,0.414059579372406,152.1395721435547,052,True,False,True,False,True,True,True,True,True,False,False,False,False,0.482084184885025
HST F814W,F814W_090_8656585,149.91362488829327,2.5345144537967705,-2.050119400024414,0.4124140739440918,149.6540069580078,090,True,False,True,False,True,True,True,True,True,False,False,False,False,0.42568981647491455
HST F814W,F814W_075_7045650,150.42966953423633,2.4272195508026737,-2.0369646549224854,0.399126797914505,148.49478149414062,075,True,False,True,False,True,True,True,True,True,False,False,False,False,0.44689568877220154
HST F814W,F814W_090_8647122,150.0220935900998,2.517785925099673,-2.1391992568969727,0.40026792883872986,145.24649047851562,090,True,False,True,False,True,True,True,True,True,False,False,False,False,0.44944339990615845
HST F814W,F814W_054_4430943,149.94141288820745,2.127194015959055,-2.096724271774292,0.38079991936683655,142.24163818359375,054,True,False,True,False,True,True,True,True,True,False,False,False,False,0.4028175473213196
HST F814W,F814W_066_6005869,149.91286246071203,2.254427857864689,-2.3147618770599365,0.4281339645385742,140.52806091308594,066,True,False,True,False,True,True,True,True,True,False,False,False,False,0.46575039625167847
HST F814W,F814W_077_7270653,150.14123933599396,2.4522329634024347,-1.7627226114273071,0.3559528887271881,134.06051635742188,077,True,False,True,False,True,True,True,True,True,False,False,False,False,0.5310140252113342
HST F814W,F814W_090_8634700,149.9853154602605,2.495875423185038,-1.8954871892929077,0.3660423755645752,132.82696533203125,090,True,False,True,False,True,True,True,True,True,False,False,False,False,0.44217434525489807
HST F814W,F814W_065_5664608,150.14878409761792,2.194356135726162,-2.07000994682312,0.4842222332954407,131.8238983154297,065,True,False,True,False,True,True,True,True,True,False,False,False,False,0.5954283475875854
HST F814W,F814W_065_5635290,150.16964830303993,2.16546345417876,-2.220848560333252,0.4756888449192047,129.5007781982422,065,True,False,True,False,True,True,True,True,True,False,False,False,False,0.4451814591884613
HST F814W,F814W_063_5340644,150.4854290848682,2.245814722611178,-1.7368271350860596,0.33303382992744446,124.48300170898438,063,True,False,True,False,True,True,True,True,True,False,False,False,False,0.42998960614204407
HST F814W,F814W_067_6064075,149.81105028452188,2.1313378944156507,-1.832374930381775,0.34390342235565186,123.11298370361328,067,True,False,True,False,True,True,True,True,True,False,False,False,False,0.4606535732746124
HST F814W,F814W_078_7300946,150.0325662047728,2.293590641946273,-1.9924871921539307,0.33701249957084656,119.86669921875,078,True,False,True,False,True,True,True,True,True,False,False,False,False,0.4138180911540985
HST F814W,F814W_054_4368232,149.90352909614836,2.0237988260273885,-1.9191116094589233,0.31952518224716187,119.35345458984375,054,True,False,True,False,True,True,True,True,True,False,False,False,False,0.4560224115848541
HST F814W,F814W_079_7545239,149.89033915568066,2.4249579497093183,-1.7986361980438232,0.32311031222343445,117.63339233398438,079,True,False,True,False,True,True,True,True,True,False,False,False,False,0.505227267742157
HST F814W,F814W_090_8712107,150.04459197386524,2.616344794240298,-1.8883476257324219,0.3229045569896698,117.17340087890625,090,True,False,True,False,True,True,True,True,True,False,False,False,False,0.46595442295074463
HST F814W,F814W_053_4283099,150.17114829615036,2.090999672530743,-1.8880481719970703,0.3242080509662628,112.39137268066406,053,True,False,True,False,True,True,True,True,True,False,False,False,False,0.5257848501205444
HST F814W,F814W_055_4620645,149.80821046486074,2.1238856127902097,-1.807751178741455,0.3065856695175171,111.68436431884766,055,True,False,True,False,True,True,True,True,True,False,False,False,False,0.4451085925102234
HST F814W,F814W_053_4280882,150.09058051834776,2.084995323574824,-1.7240633964538574,0.3184620141983032,110.39942169189453,053,True,False,True,False,True,True,True,True,True,False,False,False,False,0.44586071372032166
HST F814W,F814W_055_4465097,149.82201300826245,2.04048503758711,-1.7551934719085693,0.292343407869339,106.49613189697266,055,True,False,True,False,True,True,True,True,True,False,False,False,False,0.4003823697566986
HST F814W,F814W_102_10338740,149.97986043829223,2.653857951011234,-0.8140509128570557,0.30227237939834595,106.25711059570312,102,True,False,True,False,True,True,True,True,True,False,False,False,False,0.7121149301528931
HST F814W,F814W_078_7395100,149.91020347732083,2.3465104147846656,-1.8198816776275635,0.28640052676200867,101.86531829833984,078,True,False,True,False,True,True,True,True,True,False,False,False,False,0.48754948377609253
HST F814W,F814W_041_2616554,150.1029374494031,1.923726692516196,-1.6656030416488647,0.2654991149902344,99.69267272949219,041,True,False,True,False,True,True,True,True,True,False,False,False,False,0.5179838538169861
HST F814W,F814W_067_6136730,149.8170718032595,2.2360324514111345,-1.2258275747299194,0.27518877387046814,98.51403045654297,067,True,False,True,False,True,True,True,True,True,False,False,False,False,0.46089377999305725
HST F814W,F814W_075_7017417,150.42473621876988,2.3787041533386972,-1.9450091123580933,0.2644507586956024,98.38867950439453,075,True,False,True,False,True,True,True,True,True,False,False,False,False,0.5520009994506836
HST F814W,F814W_078_7439534,149.92170764192284,2.4031396450037863,-1.5460851192474365,0.27485114336013794,97.75749969482422,078,True,False,True,False,True,True,True,True,True,False,False,False,False,0.4396096467971802
HST F814W,F814W_054_4401442,149.97667513717386,2.0747099799241844,-1.0787712335586548,0.26021406054496765,97.19874572753906,054,True,False,True,False,True,True,True,True,True,False,False,False,False,0.491161584854126
HST F814W,F814W_028_1022187,150.3183057506254,1.7827062894135883,-1.1598621606826782,0.27822345495224,96.1706771850586,028,True,False,True,False,True,True,True,True,True,False,False,False,False,0.5575494170188904
HST F814W,F814W_028_0904836,150.30651196610216,1.7410617202180103,-1.245884895324707,0.2767837643623352,95.67303466796875,028,True,False,True,False,True,True,True,True,True,False,False,False,False,0.4718998074531555
HST F814W,F814W_067_6079330,149.87218418520533,2.1487637243688154,-1.7873847484588623,0.2614319920539856,93.58927917480469,067,True,False,True,False,True,True,True,True,True,False,False,False,False,0.4687650799751282
HST F814W,F814W_089_8488778,150.12349078697818,2.5526345081287976,-1.7582231760025024,0.27116134762763977,93.10899353027344,089,True,False,True,False,True,True,True,True,True,False,False,False,False,0.4021790325641632
HST F814W,F814W_042_2723928,150.0278474687844,1.8408268943359674,-2.0266685485839844,0.26848477125167847,92.53424072265625,042,True,False,True,False,True,True,True,True,True,False,False,False,False,0.6027094125747681
HST F814W,F814W_028_1022595,150.30148745618672,1.7843167026041278,-1.6084420680999756,0.26742637157440186,92.43855285644531,028,True,False,True,False,True,True,True,True,True,False,False,False,False,0.459345281124115
HST F814W,F814W_053_4261290,150.11794408144465,2.0235243867862884,-1.471271276473999,0.2570389211177826,89.1062240600586,053,True,False,True,False,True,True,True,True,True,False,False,False,False,0.4946434795856476
HST F814W,F814W_041_2536025,150.20961523091734,1.8054491585237507,-1.0302873849868774,0.23684488236904144,88.9332504272461,041,True,False,True,False,True,True,True,True,True,False,False,False,False,0.6304431557655334
HST F814W,F814W_076_7138985,150.3721628580582,2.4171248817989133,-0.6438502073287964,0.2325112521648407,88.40669250488281,076,True,False,True,False,True,True,True,True,True,False,False,False,False,0.6990084648132324
HST F814W,F814W_040_2420155,150.32990488444085,1.859665838566083,-1.610112190246582,0.2271401733160019,87.74718475341797,040,True,False,True,False,True,True,True,True,True,False,False,False,False,0.4503922760486603
HST F814W,F814W_078_7301999,150.050962328138,2.295296412965749,-1.4281775951385498,0.24273614585399628,86.33502197265625,078,True,False,True,False,True,True,True,True,True,False,False,False,False,0.4469340145587921
HST F814W,F814W_078_7389237,149.95711919424662,2.3439316965839248,-1.436802864074707,0.24041809141635895,85.51055145263672,078,True,False,True,False,True,True,True,True,True,False,False,False,False,0.49890655279159546
HST F814W,F814W_090_8618972,149.95785480680516,2.470619643931935,-1.5433177947998047,0.235168918967247,85.33649444580078,090,True,False,True,False,True,True,True,True,True,False,False,False,False,0.4351128935813904
HST F814W,F814W_042_2775641,149.93955106725306,1.8681460938597723,-1.0703072547912598,0.24748052656650543,85.29505157470703,042,True,False,True,False,True,True,True,True,True,False,False,False,False,0.46032461524009705
HST F814W,F814W_075_7017348,150.4246655593808,2.3785688289454567,-1.8021368980407715,0.22685810923576355,84.4023666381836,075,True,False,True,False,True,True,True,True,True,False,False,False,False,0.46562838554382324
HST F814W,F814W_063_5298130,150.45516746431295,2.174743279465842,-1.407247543334961,0.22393593192100525,83.703857421875,063,True,False,True,False,True,True,True,True,True,False,False,False,False,0.4126937687397003
HST F814W,F814W_041_2549994,150.20957707489896,1.8185446541250105,-1.5416926145553589,0.22245202958583832,83.52885437011719,041,True,False,True,False,True,True,True,True,True,False,False,False,False,0.45203453302383423
HST F814W,F814W_076_7157292,150.28108147778616,2.440540860775982,-1.4283037185668945,0.2180326133966446,82.90155029296875,076,True,False,True,False,True,True,True,True,True,False,False,False,False,0.4167364239692688
HST F814W,F814W_065_5644297,150.18919899184314,2.174462590197539,-1.666723370552063,0.30433401465415955,82.85140991210938,065,True,False,True,False,True,True,True,True,True,False,False,False,False,0.44114193320274353
HST F814W,F814W_052_3909285,150.36838707217365,2.0359253341621404,-1.5008504390716553,0.22541218996047974,82.82410430908203,052,True,False,True,False,True,True,True,True,True,False,False,False,False,0.47499555349349976
HST F814W,F814W_076_7091040,150.33613728200092,2.3355796163616724,-1.3761208057403564,0.21371962130069733,81.26163482666016,076,True,False,True,False,True,True,True,True,True,False,False,False,False,0.4487764239311218
HST F814W,F814W_089_8503031,150.15271300855912,2.561916294247957,-0.30587542057037354,0.23422983288764954,80.42778015136719,089,True,False,True,False,True,True,True,True,True,False,False,False,False,0.6631428003311157
HST F814W,F814W_042_2827332,150.02940825948528,1.9500659423334987,-1.090582251548767,0.23180530965328217,79.89253234863281,042,True,False,True,False,True,True,True,True,True,False,False,False,False,0.41394656896591187
HST F814W,F814W_040_2470764,150.3772937115355,1.9193644482446057,-1.232772946357727,0.20673881471157074,79.86587524414062,040,True,False,True,False,True,True,True,True,True,False,False,False,False,0.47142493724823
HST F814W,F814W_040_2440753,150.30788997539074,1.887387532718484,-1.1969696283340454,0.206315279006958,79.70226287841797,040,True,False,True,False,True,True,True,True,True,False,False,False,False,0.5029922127723694
HST F814W,F814W_075_6981346,150.41248546171917,2.299712185051801,-1.3462125062942505,0.20418724417686462,75.96768951416016,075,True,False,True,False,True,True,True,True,True,False,False,False,False,0.45181596279144287
HST F814W,F814W_042_2805626,149.9298190375597,1.8856180203740445,-0.02069256827235222,0.215230792760849,74.18006896972656,042,True,False,True,False,True,True,True,True,True,False,False,False,False,0.7524375915527344
HST F814W,F814W_067_6161880,149.83078456827104,2.245910044056702,-1.4610040187835693,0.20490993559360504,73.35511016845703,067,True,False,True,False,True,True,True,True,True,False,False,False,False,0.433423787355423
HST F814W,F814W_042_2812640,150.05929198808514,1.9044310233342596,-1.351973533630371,0.21269141137599945,73.30486297607422,042,True,False,True,False,True,True,True,True,True,False,False,False,False,0.40043604373931885
HST F814W,F814W_079_7488391,149.81993829002377,2.339412361594574,-1.62359619140625,0.20129354298114777,73.2840805053711,079,True,False,True,False,True,True,True,True,True,False,False,False,False,0.41678276658058167
HST F814W,F814W_054_4348730,149.98627593013788,2.000815359802401,-0.9219253659248352,0.19591686129570007,73.18156433105469,054,True,False,True,False,True,True,True,True,True,False,False,False,False,0.437256783246994
HST F814W,F814W_089_8510463,150.1304853206598,2.5652274554343473,-1.4051663875579834,0.21032115817070007,72.21823120117188,089,True,False,True,False,True,True,True,True,True,False,False,False,False,0.43256837129592896
HST F814W,F814W_075_7052001,150.4317718038751,2.4397623916545528,-1.461527943611145,0.19302357733249664,71.81425476074219,075,True,False,True,False,True,True,True,True,True,False,False,False,False,0.4066654443740845
HST F814W,F814W_053_4146770,150.10824632048974,1.9867312397110621,-1.5082356929779053,0.2063714563846588,71.5416259765625,053,True,False,True,False,True,True,True,True,True,False,False,False,False,0.4650524854660034
HST F814W,F814W_064_5516243,150.31670717714235,2.2407243484667374,-1.514168381690979,0.19374673068523407,70.98412322998047,064,True,False,True,False,True,True,True,True,True,False,False,False,False,0.43428340554237366
HST F814W,F814W_040_2392446,150.227171071871,1.8139769863235555,-1.5803430080413818,0.18210838735103607,70.35082244873047,040,True,False,True,False,True,True,True,True,True,False,False,False,False,0.556957483291626
HST F814W,F814W_075_7049271,150.5003533424441,2.43374885941259,-0.7217216491699219,0.18896716833114624,70.3050765991211,075,True,False,True,False,True,True,True,True,True,False,False,False,False,0.5547468662261963
HST F814W,F814W_077_7280418,150.1288299718241,2.4559811915139447,-1.212174415588379,0.1859351396560669,70.02769470214844,077,True,False,True,False,True,True,True,True,True,False,False,False,False,0.40626657009124756
HST F814W,F814W_054_4394668,150.00468841521567,2.0639797439419616,-1.0888092517852783,0.18671400845050812,69.74398803710938,054,True,False,True,False,True,True,True,True,True,False,False,False,False,0.5130802392959595
HST F814W,F814W_066_5961966,149.92033659949269,2.228974715274999,-1.5550397634506226,0.2112027406692505,69.32389068603516,066,True,False,True,False,True,True,True,True,True,False,False,False,False,0.42869168519973755
HST F814W,F814W_042_2818990,150.04652609507605,1.9252107403231735,-1.3854628801345825,0.19848217070102692,68.4075927734375,042,True,False,True,False,True,True,True,True,True,False,False,False,False,0.4323746860027313
HST F814W,F814W_079_7540563,149.83015088518115,2.4191781242563426,-1.1794869899749756,0.18746112287044525,68.24817657470703,079,True,False,True,False,True,True,True,True,True,False,False,False,False,0.4814101457595825
HST F814W,F814W_077_7188996,150.1919385313653,2.319339355060331,-1.020216464996338,0.18106777966022491,68.19452667236328,077,True,False,True,False,True,True,True,True,True,False,False,False,False,0.5260183811187744
HST F814W,F814W_088_8249708,150.38908438449903,2.506102013452151,-0.8862959742546082,0.18963298201560974,67.6093978881836,088,True,False,True,False,True,True,True,True,True,False,False,False,False,0.41930723190307617
HST F814W,F814W_077_7235186,150.16642044616896,2.3975721914521637,-1.2305127382278442,0.17776912450790405,66.95217895507812,077,True,False,True,False,True,True,True,True,True,False,False,False,False,0.4586755335330963
HST F814W,F814W_063_5288546,150.4483867420955,2.1540271217327476,-1.0052896738052368,0.17789167165756226,66.49320983886719,063,True,False,True,False,True,True,True,True,True,False,False,False,False,0.4488433003425598
HST F814W,F814W_076_7156489,150.30444116774933,2.4395356422403545,-0.8044291734695435,0.17379263043403625,66.08038330078125,076,True,False,True,False,True,True,True,True,True,False,False,False,False,0.4440549612045288
HST F814W,F814W_066_5927725,149.95092793208178,2.2057260008689097,-0.9026033282279968,0.20099735260009766,65.97413635253906,066,True,False,True,False,True,True,True,True,True,False,False,False,False,0.5047594904899597
HST F814W,F814W_067_6066612,149.8828448842274,2.1329561927189924,-1.3754241466522217,0.1839768886566162,65.8613510131836,067,True,False,True,False,True,True,True,True,True,False,False,False,False,0.4126718044281006
HST F814W,F814W_075_7017412,150.4247797115882,2.3787030775744626,-1.5346405506134033,0.17659693956375122,65.70274353027344,075,True,False,True,False,True,True,True,True,True,False,False,False,False,0.8095462322235107
HST F814W,F814W_029_1214544,150.20971892689442,1.7893534376178304,-1.2477846145629883,0.23554019629955292,65.57475280761719,029,True,False,True,False,True,True,True,True,True,False,False,False,False,0.46445977687835693
HST F814W,F814W_087_8154040,150.4092363473637,2.5113127405192612,-1.0317872762680054,0.17309920489788055,64.86585235595703,087,True,False,True,False,True,True,True,True,True,False,False,False,False,0.5196931958198547
HST F814W,F814W_089_8541498,150.18871516412054,2.578625990040838,-1.4604272842407227,0.18857206404209137,64.75021362304688,089,True,False,True,False,True,True,True,True,True,False,False,False,False,0.4877196252346039
HST F814W,F814W_075_7047687,150.41574941125717,2.4308590108461936,-1.5006834268569946,0.17306064069271088,64.3870620727539,075,True,False,True,False,True,True,True,True,True,False,False,False,False,0.5725507140159607
HST F814W,F814W_102_10340614,150.01301019805135,2.657462899859374,-1.1872919797897339,0.18285658955574036,64.2791519165039,102,True,False,True,False,True,True,True,True,True,False,False,False,False,0.4674762785434723
HST F814W,F814W_079_7506352,149.8793055025689,2.374701440282848,-1.3685407638549805,0.17560745775699615,63.93265914916992,079,True,False,True,False,True,True,True,True,True,False,False,False,False,0.4176080524921417
HST F814W,F814W_067_6109100,149.86027640301944,2.220404323567987,-1.2894790172576904,0.1779412180185318,63.700660705566406,067,True,False,True,False,True,True,True,True,True,False,False,False,False,0.41917529702186584
HST F814W,F814W_077_7182785,150.20361888281286,2.3058221180167133,-1.0625554323196411,0.16767343878746033,63.14989471435547,077,True,False,True,False,True,True,True,True,True,False,False,False,False,0.5018044710159302
HST F814W,F814W_066_5936988,150.04091698409502,2.214847164728678,-0.27604180574417114,0.19227004051208496,63.10953903198242,066,True,False,True,False,True,True,True,True,True,False,False,False,False,0.665367066860199
HST F814W,F814W_042_2741254,150.04840025409393,1.8492573827955439,-0.6092623472213745,0.18278342485427856,62.99696350097656,042,True,False,True,False,True,True,True,True,True,False,False,False,False,0.5141633152961731
HST F814W,F814W_066_5924370,150.01162122826148,2.2028558158301985,-0.6143247485160828,0.191921204328537,62.99503707885742,066,True,False,True,False,True,True,True,True,True,False,False,False,False,0.6107380986213684
HST F814W,F814W_040_2437208,150.2474286958278,1.8835508157505347,-1.1781255006790161,0.16301783919334412,62.97589874267578,040,True,False,True,False,True,True,True,True,True,False,False,False,False,0.403658002614975
HST F814W,F814W_078_7449743,150.05784122600454,2.427227843089704,-1.3935505151748657,0.1765429526567459,62.79180145263672,078,True,False,True,False,True,True,True,True,True,False,False,False,False,0.4422125220298767
HST F814W,F814W_078_7415499,149.90196944634883,2.3579632177922765,-1.1418064832687378,0.1759810894727707,62.59196090698242,078,True,False,True,False,True,True,True,True,True,False,False,False,False,0.46125873923301697
HST F814W,F814W_028_0905073,150.31470775213842,1.7411401593728542,-1.2584246397018433,0.18025533854961395,62.307029724121094,028,True,False,True,False,True,True,True,True,True,False,False,False,False,0.42851412296295166
HST F814W,F814W_090_8636842,149.8933896049606,2.498986962157977,-1.1627999544143677,0.16997727751731873,61.68019485473633,090,True,False,True,False,True,True,True,True,True,False,False,False,False,0.4893302321434021
HST F814W,F814W_040_2392412,150.22713550374135,1.8139180822022098,-1.4312028884887695,0.15955910086631775,61.63974380493164,040,True,False,True,False,True,True,True,True,True,False,False,False,False,0.4704801142215729
HST F814W,F814W_087_8153663,150.40805959879398,2.5107357205951226,-1.1231801509857178,0.16416415572166443,61.517601013183594,087,True,False,True,False,True,True,True,True,True,False,False,False,False,0.4621438980102539
HST F814W,F814W_043_2919337,149.87382689877268,1.9001644489862397,-1.3804893493652344,0.16394834220409393,61.502410888671875,043,True,False,True,False,True,True,True,True,True,False,False,False,False,0.4784170389175415
HST F814W,F814W_101_10070804,150.06927950095516,2.6343798269588925,-1.258415699005127,0.18861328065395355,61.14027786254883,101,True,False,True,False,True,True,True,True,True,False,False,False,False,0.47398170828819275
HST F814W,F814W_078_7447025,149.94898057981126,2.421304940694796,-1.3327527046203613,0.17144657671451569,60.979148864746094,078,True,False,True,False,True,True,True,True,True,False,False,False,False,0.46002721786499023
HST F814W,F814W_077_7178381,150.09317491223388,2.2980682764106874,-0.8967253565788269,0.1616806834936142,60.892879486083984,077,True,False,True,False,True,True,True,True,True,False,False,False,False,0.5161105990409851
HST F814W,F814W_053_4287627,150.1776165602632,2.1066203703247717,-1.192023754119873,0.17519642412662506,60.734352111816406,053,True,False,True,False,True,True,True,True,True,False,False,False,False,0.4180006682872772
HST F814W,F814W_054_4360467,149.96296085373137,2.0120580220897897,-0.9718053936958313,0.16120612621307373,60.21593475341797,054,True,False,True,False,True,True,True,True,True,False,False,False,False,0.4485253095626831
HST F814W,F814W_040_2407881,150.29858247712974,1.838946577096928,0.27858439087867737,0.15577436983585358,60.17765426635742,040,True,False,True,False,True,True,True,True,True,False,False,False,False,0.8409981727600098
HST F814W,F814W_077_7213389,150.1204551487948,2.3584403842301445,0.1950375884771347,0.1595551073551178,60.09233474731445,077,True,False,True,False,True,True,True,True,True,False,False,False,False,0.8354671597480774
HST F814W,F814W_052_3912155,150.31147234240913,2.0367616185113837,-1.4075003862380981,0.16321344673633575,59.97016906738281,052,True,False,True,False,True,True,True,True,True,False,False,False,False,0.4353286623954773
HST F814W,F814W_042_2807958,149.93854669806595,1.891608032429084,-1.4982564449310303,0.1719132512807846,59.250518798828125,042,True,False,True,False,True,True,True,True,True,False,False,False,False,0.5897610783576965
HST F814W,F814W_041_2571355,150.16128007276257,1.8549650643012938,-1.1681429147720337,0.157164067029953,59.01377868652344,041,True,False,True,False,True,True,True,True,True,False,False,False,False,0.47029781341552734
HST F814W,F814W_088_8240062,150.29801140021175,2.4841820000800885,-1.0201915502548218,0.16494885087013245,58.8088264465332,088,True,False,True,False,True,True,True,True,True,False,False,False,False,0.4728269875049591
HST F814W,F814W_075_7017331,150.42466563312698,2.3785315983802318,-1.4054709672927856,0.15805096924304962,58.80272674560547,075,True,False,True,False,True,True,True,True,True,False,False,False,False,0.6085426807403564
HST F814W,F814W_051_3711915,150.4252397946103,2.0662700357159185,-1.475646734237671,0.16430790722370148,58.72409439086914,051,True,False,True,False,True,True,True,True,True,False,False,False,False,0.45182204246520996
HST F814W,F814W_088_8242473,150.37992025386148,2.490120434955642,-1.4792722463607788,0.1644236445426941,58.62157440185547,088,True,False,True,False,True,True,True,True,True,False,False,False,False,0.5466780662536621
HST F814W,F814W_076_7097736,150.38747655310988,2.3481890129323855,-1.3710063695907593,0.15406350791454315,58.57886505126953,076,True,False,True,False,True,True,True,True,True,False,False,False,False,0.43345752358436584
HST F814W,F814W_053_4266212,150.14463589067782,2.038256926717102,-1.3491806983947754,0.1687023788690567,58.483097076416016,053,True,False,True,False,True,True,True,True,True,False,False,False,False,0.5286158919334412
HST F814W,F814W_077_7264362,150.21188478774957,2.444816997788743,-1.1750589609146118,0.15515261888504028,58.43424987792969,077,True,False,True,False,True,True,True,True,True,False,False,False,False,0.4823066294193268
HST F814W,F814W_066_5969338,150.0310171475788,2.2328280746847677,-1.0703059434890747,0.17799167335033417,58.42289352416992,066,True,False,True,False,True,True,True,True,True,False,False,False,False,0.44525769352912903
HST F814W,F814W_053_4278502,150.10025268805575,2.07819151874852,-1.1095809936523438,0.16832704842090607,58.35298538208008,053,True,False,True,False,True,True,True,True,True,False,False,False,False,0.46469175815582275
HST F814W,F814W_079_7508187,149.88767270762875,2.3783514255144134,-0.9984205961227417,0.1595819741487503,58.098331451416016,079,True,False,True,False,True,True,True,True,True,False,False,False,False,0.45285627245903015
HST F814W,F814W_064_5576208,150.30148642799062,2.259069663915544,-0.983360767364502,0.15747880935668945,57.696434020996094,064,True,False,True,False,True,True,True,True,True,False,False,False,False,0.5437794327735901
HST F814W,F814W_088_8242430,150.30912908567274,2.49001272899241,-1.1308940649032593,0.16109110414981842,57.433433532714844,088,True,False,True,False,True,True,True,True,True,False,False,False,False,0.4989294707775116
HST F814W,F814W_087_8129814,150.49198169610256,2.4671784445989817,-0.947275698184967,0.1526901125907898,57.2179069519043,087,True,False,True,False,True,True,True,True,True,False,False,False,False,0.4531038701534271
HST F814W,F814W_052_3955494,150.26459492172307,2.050267152546079,-1.1338849067687988,0.15446051955223083,56.75404739379883,052,True,False,True,False,True,True,True,True,True,False,False,False,False,0.4729161262512207
HST F814W,F814W_067_6108339,149.79233056938122,2.2182457468255525,-1.089885950088501,0.15783384442329407,56.502479553222656,067,True,False,True,False,True,True,True,True,True,False,False,False,False,0.4091430902481079
HST F814W,F814W_052_3877328,150.38147393266027,1.9981656703847344,-1.207726240158081,0.15345796942710876,56.385677337646484,052,True,False,True,False,True,True,True,True,True,False,False,False,False,0.43263447284698486
HST F814W,F814W_055_4472597,149.85105624708441,2.0588684940481428,-0.8393417596817017,0.15340088307857513,55.88154220581055,055,True,False,True,False,True,True,True,True,True,False,False,False,False,0.5267338156700134
HST F814W,F814W_056_4639341,149.66908267890443,1.9623091750238286,-0.07950033992528915,0.16132768988609314,55.792781829833984,056,True,False,True,False,True,True,True,True,True,False,False,False,False,0.6556978225708008
HST F814W,F814W_079_7473262,149.80912288442227,2.3042025606777536,-0.9273683428764343,0.15242744982242584,55.493614196777344,079,True,False,True,False,True,True,True,True,True,False,False,False,False,0.4134220480918884
HST F814W,F814W_041_2621694,150.1664644980035,1.9318156570641383,-0.9397815465927124,0.14687800407409668,55.15144729614258,041,True,False,True,False,True,True,True,True,True,False,False,False,False,0.46719375252723694
HST F814W,F814W_090_8715849,149.96502860147777,2.6235116406763734,-1.1345683336257935,0.15195371210575104,55.13992691040039,090,True,False,True,False,True,True,True,True,True,False,False,False,False,0.4110008776187897
HST F814W,F814W_090_8704850,149.91418880543003,2.605724209974351,-1.350932240486145,0.15195226669311523,55.139400482177734,090,True,False,True,False,True,True,True,True,True,False,False,False,False,0.7189607620239258
HST F814W,F814W_077_7191098,150.09852921119466,2.324569311418776,-0.5060737133026123,0.14584676921367645,54.929439544677734,077,True,False,True,False,True,True,True,True,True,False,False,False,False,0.46113353967666626
HST F814W,F814W_053_4292849,150.16175940871437,2.119902110725311,-0.5418680310249329,0.15808197855949402,54.80138397216797,053,True,False,True,False,True,True,True,True,True,False,False,False,False,0.5682242512702942
HST F814W,F814W_065_5715572,150.2160852440685,2.233240250705056,-1.4041821956634521,0.2005404233932495,54.59480667114258,065,True,False,True,False,True,True,True,True,True,False,False,False,False,0.4656901955604553
HST F814W,F814W_051_3711318,150.42523833110826,2.066045081205474,-1.3866961002349854,0.152545765042305,54.5202751159668,051,True,False,True,False,True,True,True,True,True,False,False,False,False,0.625819981098175
HST F814W,F814W_041_2572462,150.08517911477685,1.8567780636101259,-1.317887783050537,0.14461424946784973,54.301429748535156,041,True,False,True,False,True,True,True,True,True,False,False,False,False,0.4716126620769501
HST F814W,F814W_078_7303296,150.05183310866784,2.2994008509227295,-1.147823452949524,0.15242347121238708,54.21311950683594,078,True,False,True,False,True,True,True,True,True,False,False,False,False,0.409359872341156
HST F814W,F814W_053_4243846,150.1472522931593,2.0137310828414265,-1.1601828336715698,0.15634727478027344,54.20002365112305,053,True,False,True,False,True,True,True,True,True,False,False,False,False,0.4642629623413086
HST F814W,F814W_079_7541628,149.89122790427305,2.420341454359648,-0.8244217038154602,0.14866548776626587,54.1240119934082,079,True,False,True,False,True,True,True,True,True,False,False,False,False,0.4342656433582306
HST F814W,F814W_077_7227923,150.20508520290701,2.3850856288970586,-0.6120730042457581,0.14327353239059448,53.960296630859375,077,True,False,True,False,True,True,True,True,True,False,False,False,False,0.5444098114967346
HST F814W,F814W_065_5669928,150.09846466277665,2.1989221033526536,-0.9815117120742798,0.19793155789375305,53.88457489013672,065,True,False,True,False,True,True,True,True,True,False,False,False,False,0.5960890054702759
HST F814W,F814W_065_5633876,150.16292725583668,2.1642090784735637,-0.8840312957763672,0.19723853468894958,53.69590759277344,065,True,False,True,False,True,True,True,True,True,False,False,False,False,0.45873308181762695
HST F814W,F814W_076_7064379,150.29586428603892,2.291308699062373,-1.1122899055480957,0.1412164568901062,53.694091796875,076,True,False,True,False,True,True,True,True,True,False,False,False,False,0.48643165826797485
HST F814W,F814W_074_6918654,150.5674419405738,2.4318540338626145,-0.9055611491203308,0.1694181263446808,53.607940673828125,074,True,False,True,False,True,True,True,True,True,False,False,False,False,0.4745293855667114
HST F814W,F814W_063_5326591,150.4838871608337,2.219821423428678,-0.8369767069816589,0.14316606521606445,53.5133056640625,063,True,False,True,False,True,True,True,True,True,False,False,False,False,0.43125948309898376
HST F814W,F814W_076_7160576,150.27033016968358,2.446043235449479,0.21163392066955566,0.13987937569618225,53.185699462890625,076,True,False,True,False,True,True,True,True,True,False,False,False,False,0.762908935546875
HST F814W,F814W_041_2597174,150.21623178974772,1.8944379506513787,-1.0730291604995728,0.141497403383255,53.13107681274414,041,True,False,True,False,True,True,True,True,True,False,False,False,False,0.43890076875686646
HST F814W,F814W_090_8647297,149.9581120869387,2.51813675017089,0.30036288499832153,0.14597579836845398,52.970703125,090,True,False,True,False,True,True,True,True,True,False,False,False,False,0.7237729430198669
HST F814W,F814W_090_8714855,150.01550267849467,2.6214207738742,-0.9954371452331543,0.1459549069404602,52.96311950683594,090,True,False,True,False,True,True,True,True,True,False,False,False,False,0.48785337805747986
HST F814W,F814W_078_7388880,149.91762365488796,2.3437491230122305,-1.063481092453003,0.14856229722499847,52.83979797363281,078,True,False,True,False,True,True,True,True,True,False,False,False,False,0.41413214802742004
HST F814W,F814W_041_2515195,150.20286825613968,1.7939814326884538,-0.6279294490814209,0.14069116115570068,52.82834243774414,041,True,False,True,False,True,True,True,True,True,False,False,False,False,0.5780600309371948
HST F814W,F814W_064_5491487,150.3869857739321,2.2334834254420093,-1.1299787759780884,0.14290787279605865,52.357994079589844,064,True,False,True,False,True,True,True,True,True,False,False,False,False,0.44773557782173157
HST F814W,F814W_066_5783388,149.99169365551398,2.13529207153665,-1.0832451581954956,0.159117192029953,52.2276496887207,066,True,False,True,False,True,True,True,True,True,False,False,False,False,0.49622470140457153
HST F814W,F814W_067_6245525,149.81677550780714,2.2787136492382944,-1.0486254692077637,0.1458606719970703,52.21623611450195,067,True,False,True,False,True,True,True,True,True,False,False,False,False,0.41989362239837646
HST F814W,F814W_040_2398583,150.22686473609926,1.8246656624929039,-0.8580577373504639,0.13420310616493225,51.84439468383789,040,True,False,True,False,True,True,True,True,True,False,False,False,False,0.422305703163147
HST F814W,F814W_041_2623768,150.12112862022732,1.935129061296506,-1.1656172275543213,0.1372016817331314,51.518070220947266,041,True,False,True,False,True,True,True,True,True,False,False,False,False,0.42452457547187805
HST F814W,F814W_089_8474776,150.08709888169938,2.53173187357883,-0.8356369137763977,0.14947111904621124,51.32407760620117,089,True,False,True,False,True,True,True,True,True,False,False,False,False,0.4751085340976715
HST F814W,F814W_066_6012335,149.91312526278418,2.258219305862665,0.23228248953819275,0.1561659276485443,51.25894546508789,066,True,False,True,False,True,True,True,True,True,False,False,False,False,0.8421615362167358
HST F814W,F814W_088_8240339,150.36553235650237,2.4847688875638236,-1.2158925533294678,0.14325058460235596,51.072792053222656,088,True,False,True,False,True,True,True,True,True,False,False,False,False,0.4503432810306549
HST F814W,F814W_041_2611421,150.1019854432337,1.916076901993996,-0.7789554595947266,0.13597549498081207,51.057647705078125,041,True,False,True,False,True,True,True,True,True,False,False,False,False,0.5104566812515259
HST F814W,F814W_076_7096735,150.25484665138364,2.3462167401346754,-0.9685324430465698,0.13419896364212036,51.02585983276367,076,True,False,True,False,True,True,True,True,True,False,False,False,False,0.44786539673805237
HST F814W,F814W_089_8606706,150.09972820588555,2.6102237912408777,-0.8028411865234375,0.1480693519115448,50.842750549316406,089,True,False,True,False,True,True,True,True,True,False,False,False,False,0.5098615288734436
HST F814W,F814W_075_7026413,150.40863973972986,2.3953672616738246,-1.185457468032837,0.13620315492153168,50.67426681518555,075,True,False,True,False,True,True,True,True,True,False,False,False,False,0.5491770505905151
HST F814W,F814W_087_8142753,150.4341867575487,2.4928567928752767,-0.5920087099075317,0.1346174031496048,50.44548034667969,087,True,False,True,False,True,True,True,True,True,False,False,False,False,0.5186085104942322
HST F814W,F814W_055_4460453,149.8332946343694,2.0289980962652088,-1.1735985279083252,0.13750416040420532,50.090614318847656,055,True,False,True,False,True,True,True,True,True,False,False,False,False,0.4030679166316986
HST F814W,F814W_063_5328336,150.43487273215254,2.22395693682196,-0.8910590410232544,0.13400250673294067,50.08810806274414,063,True,False,True,False,True,True,True,True,True,False,False,False,False,0.4092922508716583
HST F814W,F814W_066_5929992,149.90974545940176,2.207982360162075,-0.8327529430389404,0.15193261206150055,49.86942672729492,066,True,False,True,False,True,True,True,True,True,False,False,False,False,0.5011356472969055
HST F814W,F814W_066_5943719,149.9942342882988,2.219538203448098,-1.1197458505630493,0.15182390809059143,49.83374786376953,066,True,False,True,False,True,True,True,True,True,False,False,False,False,0.47159063816070557
HST F814W,F814W_077_7226780,150.2212328702329,2.3830702765986334,-0.8158988952636719,0.1320400834083557,49.72950744628906,077,True,False,True,False,True,True,True,True,True,False,False,False,False,0.5336194634437561
HST F814W,F814W_066_5980072,149.94201276818637,2.2386929001196774,-0.9391312599182129,0.1504126340150833,49.37051773071289,066,True,False,True,False,True,True,True,True,True,False,False,False,False,0.4077862799167633
HST F814W,F814W_052_4078204,150.23156549761035,2.1189454852414022,-0.9082102179527283,0.13429902493953705,49.34602737426758,052,True,False,True,False,True,True,True,True,True,False,False,False,False,0.4276271462440491
HST F814W,F814W_078_7301896,150.04486270668139,2.295040519909954,-1.0018647909164429,0.1380719393491745,49.108646392822266,078,True,False,True,False,True,True,True,True,True,False,False,False,False,0.4275059700012207
HST F814W,F814W_078_7428795,149.89807292485293,2.386098204513652,-0.7734237909317017,0.13805165886878967,49.10143280029297,078,True,False,True,False,True,True,True,True,True,False,False,False,False,0.5089669227600098
HST F814W,F814W_075_6994894,150.39709116671986,2.3349050080451286,-0.8816360831260681,0.13141876459121704,48.89423751831055,075,True,False,True,False,True,True,True,True,True,False,False,False,False,0.4407477378845215
HST F814W,F814W_089_8478740,150.1544601493624,2.5416821524847437,-1.2143102884292603,0.14209352433681488,48.79082489013672,089,True,False,True,False,True,True,True,True,True,False,False,False,False,0.43227407336235046
HST F814W,F814W_090_8635819,149.89586884023254,2.4973688686860487,-0.9373056888580322,0.13430017232894897,48.73392868041992,090,True,False,True,False,True,True,True,True,True,False,False,False,False,0.43644681572914124
HST F814W,F814W_089_8473811,150.08510299056928,2.5277930415554306,-1.049394130706787,0.14187872409820557,48.71706771850586,089,True,False,True,False,True,True,True,True,True,False,False,False,False,0.40642979741096497
HST F814W,F814W_077_7251062,150.1025258719951,2.4207249435132034,-1.1111681461334229,0.12919382750988007,48.65753936767578,077,True,False,True,False,True,True,True,True,True,False,False,False,False,0.5482778549194336
HST F814W,F814W_090_8689430,150.04012789683657,2.5844865967295356,-0.8418071866035461,0.13397878408432007,48.617305755615234,090,True,False,True,False,True,True,True,True,True,False,False,False,False,0.4627760648727417
HST F814W,F814W_052_3882016,150.38835358981498,2.0085546133424956,-0.9661137461662292,0.1322459727525711,48.59166717529297,052,True,False,True,False,True,True,True,True,True,False,False,False,False,0.4645475149154663
HST F814W,F814W_055_4466956,149.8061663589993,2.044920628002605,-0.9397869110107422,0.13253436982631683,48.28019714355469,055,True,False,True,False,True,True,True,True,True,False,False,False,False,0.4067760109901428
HST F814W,F814W_077_7274749,150.20886081565874,2.453989322767327,-1.1529110670089722,0.12810343503952026,48.24686813354492,077,True,False,True,False,True,True,True,True,True,False,False,False,False,0.5065703988075256
HST F814W,F814W_029_1195533,150.18099993833252,1.7761768694954714,0.1756991744041443,0.1731344759464264,48.20090866088867,029,True,False,True,False,True,True,True,True,True,False,False,False,False,0.8186329007148743
HST F814W,F814W_042_2802507,149.92903086436914,1.8819734463120934,-0.1782636195421219,0.13922934234142303,47.98589324951172,042,True,False,True,False,True,True,True,True,True,False,False,False,False,0.5129533410072327
HST F814W,F814W_063_5297279,150.4695333256168,2.173094997474143,-0.9948703050613403,0.12837709486484528,47.98541259765625,063,True,False,True,False,True,True,True,True,True,False,False,False,False,0.46842506527900696
HST F814W,F814W_063_5345160,150.4207307450584,2.2547117725985073,-1.1155861616134644,0.12812860310077667,47.89252853393555,063,True,False,True,False,True,True,True,True,True,False,False,False,False,0.531391441822052
HST F814W,F814W_052_4004106,150.358280940228,2.064523627576068,-0.928533673286438,0.13028956949710846,47.87281799316406,052,True,False,True,False,True,True,True,True,True,False,False,False,False,0.5196065306663513
HST F814W,F814W_052_3872337,150.3610773136513,1.9880345986817463,-1.193697214126587,0.12932178378105164,47.51721954345703,052,True,False,True,False,True,True,True,True,True,False,False,False,False,0.46271324157714844
HST F814W,F814W_090_8699115,149.9986528273483,2.5979270950181474,-0.9991247057914734,0.13030433654785156,47.2839469909668,090,True,False,True,False,True,True,True,True,True,False,False,False,False,0.40043655037879944
HST F814W,F814W_040_2410270,150.3277750560102,1.8427160652954375,-0.7794928550720215,0.12207861989736557,47.16054916381836,040,True,False,True,False,True,True,True,True,True,False,False,False,False,0.4572991132736206
HST F814W,F814W_079_7509519,149.8803374560589,2.381870001066714,-0.7188354730606079,0.12938031554222107,47.10293960571289,079,True,False,True,False,True,True,True,True,True,False,False,False,False,0.48648884892463684
HST F814W,F814W_088_8289902,150.30726780042107,2.553450299632218,-0.6938981413841248,0.13210485875606537,47.09903335571289,088,True,False,True,False,True,True,True,True,True,False,False,False,False,0.4561888575553894
HST F814W,F814W_067_6086897,149.7463262373075,2.166982112338647,-0.7884360551834106,0.13106508553028107,46.91960906982422,067,True,False,True,False,True,True,True,True,True,False,False,False,False,0.4877910614013672
HST F814W,F814W_051_3684212,150.41116029304777,2.0149223581543123,0.18065758049488068,0.13063988089561462,46.6910514831543,051,True,False,True,False,True,True,True,True,True,False,False,False,False,0.6335885524749756
HST F814W,F814W_064_5588007,150.30296303294205,2.274369511774939,-1.1145685911178589,0.12740477919578552,46.678035736083984,064,True,False,True,False,True,True,True,True,True,False,False,False,False,0.4769541621208191
HST F814W,F814W_075_7047017,150.4162962600635,2.429996496659237,-1.1724358797073364,0.12530380487442017,46.61917495727539,075,True,False,True,False,True,True,True,True,True,False,False,False,False,0.5281023383140564
HST F814W,F814W_056_4708501,149.72410298725762,2.0504636943883283,-0.950063943862915,0.13444462418556213,46.49567413330078,056,True,False,True,False,True,True,True,True,True,False,False,False,False,0.42573830485343933
HST F814W,F814W_089_8471784,150.09627268981941,2.520081475498888,-0.9023070335388184,0.13510283827781677,46.39042282104492,089,True,False,True,False,True,True,True,True,True,False,False,False,False,0.4675084948539734
HST F814W,F814W_041_2604547,150.08274690586035,1.9068260006181204,-0.47525840997695923,0.12309381365776062,46.22068786621094,041,True,False,True,False,True,True,True,True,True,False,False,False,False,0.48037976026535034
HST F814W,F814W_040_2390195,150.30036737521814,1.8097864634855447,-0.4216521978378296,0.11960010230541229,46.203067779541016,040,True,False,True,False,True,True,True,True,True,False,False,False,False,0.5447649359703064
HST F814W,F814W_064_5378285,150.35209091292924,2.1449738294087646,-0.933837354183197,0.12592357397079468,46.13535690307617,064,True,False,True,False,True,True,True,True,True,False,False,False,False,0.4271429181098938
HST F814W,F814W_043_2938523,149.8919461351526,1.9329449038264799,-0.25729408860206604,0.12234886735677719,45.89707946777344,043,True,False,True,False,True,True,True,True,True,False,False,False,False,0.507235586643219
HST F814W,F814W_054_4428424,150.02534955580896,2.122750114145499,0.19516600668430328,0.12235677242279053,45.70438766479492,054,True,False,True,False,True,True,True,True,True,False,False,False,False,0.535922646522522
HST F814W,F814W_066_5961873,149.92036129801838,2.228931693104863,-1.1599773168563843,0.1388796865940094,45.58501434326172,066,True,False,True,False,True,True,True,True,True,False,False,False,False,0.41621482372283936
HST F814W,F814W_044_3157129,149.70163024973363,1.948739812504508,-0.862368643283844,0.1311849057674408,45.569820404052734,044,True,False,True,False,True,True,True,True,True,False,False,False,False,0.545437753200531
HST F814W,F814W_052_3872296,150.36108365821937,1.987968671114287,-1.156584620475769,0.12367668747901917,45.44301986694336,052,True,False,True,False,True,True,True,True,True,False,False,False,False,0.5352270007133484
HST F814W,F814W_054_4408269,150.0052261380161,2.0868801971233517,-0.7836527228355408,0.1210954338312149,45.23323440551758,054,True,False,True,False,True,True,True,True,True,False,False,False,False,0.4039682149887085
HST F814W,F814W_066_5992369,150.03095875038844,2.2465056290670433,-1.0337440967559814,0.13778653740882874,45.2262077331543,066,True,False,True,False,True,True,True,True,True,False,False,False,False,0.46089956164360046
HST F814W,F814W_063_5300075,150.40984656242497,2.17836316871586,0.4623644948005676,0.1206563264131546,45.09950637817383,063,True,False,True,False,True,True,True,True,True,False,False,False,False,0.823919951915741
HST F814W,F814W_053_4275709,150.2215008281356,2.0696137202905205,-0.7376288175582886,0.1299891471862793,45.06260299682617,053,True,False,True,False,True,True,True,True,True,False,False,False,False,0.5273724794387817
HST F814W,F814W_065_5764172,150.20507881693632,2.2714785553567007,-1.0569486618041992,0.16416777670383453,44.69277572631836,065,True,False,True,False,True,True,True,True,True,False,False,False,False,0.43105146288871765
HST F814W,F814W_077_7218658,150.11844216669002,2.3661067135696663,0.3807365596294403,0.11841380596160889,44.59751892089844,077,True,False,True,False,True,True,True,True,True,False,False,False,False,0.6370198726654053
HST F814W,F814W_052_3963780,150.28410898628803,2.052856491706319,-1.0028119087219238,0.12137200683355331,44.5962028503418,052,True,False,True,False,True,True,True,True,True,False,False,False,False,0.42271649837493896
HST F814W,F814W_090_8682999,149.98646927066542,2.5748474995301565,-1.080965518951416,0.12198648601770401,44.265625,090,True,False,True,False,True,True,True,True,True,False,False,False,False,0.5260631442070007
HST F814W,F814W_075_7060894,150.53517475475016,2.4559805944738393,-0.7452479600906372,0.11874203383922577,44.17787170410156,075,True,False,True,False,True,True,True,True,True,False,False,False,False,0.5044108629226685
HST F814W,F814W_065_5739788,150.20672873577263,2.2527283359655206,0.18549278378486633,0.1621270775794983,44.1372184753418,065,True,False,True,False,True,True,True,True,True,False,False,False,False,0.7405394911766052
HST F814W,F814W_052_4008873,150.36673158553378,2.0659105561091873,-0.2219773232936859,0.11996639519929886,44.07973098754883,052,True,False,True,False,True,True,True,True,True,False,False,False,False,0.4492831230163574
HST F814W,F814W_043_2941480,149.73836720188487,1.9384247606406853,-0.9793905019760132,0.11730611324310303,44.005374908447266,043,True,False,True,False,True,True,True,True,True,False,False,False,False,0.4182160496711731
HST F814W,F814W_028_1023747,150.29937874887534,1.7883063813149034,-0.8525487184524536,0.12712180614471436,43.94090270996094,028,True,False,True,False,True,True,True,True,True,False,False,False,False,0.5276245474815369
HST F814W,F814W_043_2919353,149.8738217411773,1.900198838282424,-0.9727689027786255,0.11599650979042053,43.514102935791016,043,True,False,True,False,True,True,True,True,True,False,False,False,False,0.4436820447444916
HST F814W,F814W_088_8251266,150.3117615825555,2.511171466118463,-0.7665109634399414,0.12203999608755112,43.5106315612793,088,True,False,True,False,True,True,True,True,True,False,False,False,False,0.4212735593318939
HST F814W,F814W_052_4055278,150.24652631156414,2.079050628882236,-0.8922080993652344,0.11833008378744125,43.47849655151367,052,True,False,True,False,True,True,True,True,True,False,False,False,False,0.4381091594696045
HST F814W,F814W_041_2572969,150.21840825241065,1.8575381607810784,-0.04524778574705124,0.11557657271623611,43.39802551269531,041,True,False,True,False,True,True,True,True,True,False,False,False,False,0.4181425869464874
HST F814W,F814W_075_7047791,150.4155480063104,2.4310520347196163,-1.0910029411315918,0.11621886491775513,43.23912811279297,075,True,False,True,False,True,True,True,True,True,False,False,False,False,0.4981217086315155
HST F814W,F814W_054_4340944,149.95997306925756,1.993676468398959,-0.5648834705352783,0.11571916937828064,43.22501754760742,054,True,False,True,False,True,True,True,True,True,False,False,False,False,0.4237380027770996
HST F814W,F814W_079_7555778,149.8613127226802,2.439602781440135,0.12230370193719864,0.11833326518535614,43.08108901977539,079,True,False,True,False,True,True,True,True,True,False,False,False,False,0.6810894012451172
HST F814W,F814W_102_10329048,149.98346325069141,2.6339338217787294,-0.8851414322853088,0.12246478348970413,43.04976272583008,102,True,False,True,False,True,True,True,True,True,False,False,False,False,0.5168418288230896
HST F814W,F814W_077_7260930,150.21684428976462,2.4380938321851695,-0.8386467695236206,0.11420369148254395,43.01188659667969,077,True,False,True,False,True,True,True,True,True,False,False,False,False,0.46894943714141846
HST F814W,F814W_077_7197242,150.0840216339328,2.3360983247721423,-0.8923659324645996,0.11417256295681,43.00016403198242,077,True,False,True,False,True,True,True,True,True,False,False,False,False,0.41856318712234497
HST F814W,F814W_066_5912027,150.00321758537578,2.195264681915084,-1.0490013360977173,0.13062039017677307,42.8740348815918,066,True,False,True,False,True,True,True,True,True,False,False,False,False,0.5004077553749084
HST F814W,F814W_079_7511309,149.82167031579493,2.3860459270107075,-0.9965322017669678,0.11766694486141205,42.838504791259766,079,True,False,True,False,True,True,True,True,True,False,False,False,False,0.517242968082428
HST F814W,F814W_088_8242421,150.37982477444982,2.4899843545944536,-1.0290536880493164,0.1200566440820694,42.80351257324219,088,True,False,True,False,True,True,True,True,True,False,False,False,False,0.7568735480308533
HST F814W,F814W_063_5301728,150.4767763050423,2.180700403717994,-0.7926883697509766,0.11372017860412598,42.50687789916992,063,True,False,True,False,True,True,True,True,True,False,False,False,False,0.442487895488739
HST F814W,F814W_041_2585185,150.184234811031,1.8752370461947017,-0.747209906578064,0.11301282048225403,42.435359954833984,041,True,False,True,False,True,True,True,True,True,False,False,False,False,0.4131518006324768
HST F814W,F814W_041_2555892,150.0723815659359,1.8275509498162572,-0.6519043445587158,0.11301062256097794,42.434532165527344,041,True,False,True,False,True,True,True,True,True,False,False,False,False,0.41853100061416626
HST F814W,F814W_044_3157245,149.71561111647424,1.949052538772864,-0.36168450117111206,0.12212937325239182,42.424190521240234,044,True,False,True,False,True,True,True,True,True,False,False,False,False,0.5495933294296265
HST F814W,F814W_075_7056738,150.40196308401622,2.448575446937505,-1.0465716123580933,0.11391587555408478,42.38230514526367,075,True,False,True,False,True,True,True,True,True,False,False,False,False,0.5150353312492371
HST F814W,F814W_075_7017456,150.4248045051816,2.378786289433268,-1.0522139072418213,0.11356481909751892,42.25169372558594,075,True,False,True,False,True,True,True,True,True,False,False,False,False,0.5400983691215515
HST F814W,F814W_075_7056813,150.40211330280155,2.4486884973810077,-1.0488412380218506,0.1133304238319397,42.164485931396484,075,True,False,True,False,True,True,True,True,True,False,False,False,False,0.5067958831787109
HST F814W,F814W_052_4068324,150.33528157508226,2.09971836919058,-0.6309995651245117,0.11445071548223495,42.05308532714844,052,True,False,True,False,True,True,True,True,True,False,False,False,False,0.5304674506187439
HST F814W,F814W_064_5378314,150.35205378866738,2.1450401491937146,-0.8305125832557678,0.11449892073869705,41.94963836669922,064,True,False,True,False,True,True,True,True,True,False,False,False,False,0.4270719587802887
HST F814W,F814W_052_3872161,150.36075789233868,1.9876942871520065,-1.0595951080322266,0.11404391378164291,41.90361022949219,052,True,False,True,False,True,True,True,True,True,False,False,False,False,0.4777372479438782
HST F814W,F814W_042_2717359,150.03015926383046,1.8374732917638132,-0.808792769908905,0.1209074854850769,41.671199798583984,042,True,False,True,False,True,True,True,True,True,False,False,False,False,0.4165975749492645
HST F814W,F814W_043_2938796,149.75310635292882,1.9334401695441543,-0.4862326979637146,0.11050780117511749,41.45510482788086,043,True,False,True,False,True,True,True,True,True,False,False,False,False,0.45320335030555725
HST F814W,F814W_054_4418249,149.98978879515946,2.105450676890961,-0.4239925742149353,0.11076496541500092,41.37445831298828,054,True,False,True,False,True,True,True,True,True,False,False,False,False,0.43653661012649536
HST F814W,F814W_075_7035441,150.5449894805084,2.4086824301199994,-0.7603064775466919,0.11117173731327057,41.361351013183594,075,True,False,True,False,True,True,True,True,True,False,False,False,False,0.42022615671157837
HST F814W,F814W_063_5338948,150.44479102343334,2.2426418952511944,-0.6565456390380859,0.11047935485839844,41.295509338378906,063,True,False,True,False,True,True,True,True,True,False,False,False,False,0.6047530174255371
HST F814W,F814W_063_5330614,150.43028328776603,2.2283519034407973,-0.7205660343170166,0.10946840047836304,40.91762924194336,063,True,False,True,False,True,True,True,True,True,False,False,False,False,0.4641276001930237
HST F814W,F814W_052_4057199,150.31220402133894,2.0799198042760323,-0.9356570243835449,0.11123482137918472,40.871456146240234,052,True,False,True,False,True,True,True,True,True,False,False,False,False,0.5791651010513306
HST F814W,F814W_055_4448950,149.81133758859815,1.9970854861207568,-0.36229151487350464,0.1115846037864685,40.64852523803711,055,True,False,True,False,True,True,True,True,True,False,False,False,False,0.6000569462776184
HST F814W,F814W_056_4736186,149.70649815264233,2.08244053698303,-0.6706774234771729,0.11668016761541367,40.35210037231445,056,True,False,True,False,True,True,True,True,True,False,False,False,False,0.4990399479866028
HST F814W,F814W_064_5457496,150.3146250370339,2.222546661813329,-0.5061157941818237,0.11006395518779755,40.32477569580078,064,True,False,True,False,True,True,True,True,True,False,False,False,False,0.4920918047428131
HST F814W,F814W_040_2392429,150.22722096359195,1.8139534838163007,-0.9474161863327026,0.10404833406209946,40.19521713256836,040,True,False,True,False,True,True,True,True,True,False,False,False,False,0.5761270523071289
HST F814W,F814W_075_7054738,150.40137950065747,2.4448405947790897,-0.9700326919555664,0.10752911120653152,40.0061149597168,075,True,False,True,False,True,True,True,True,True,False,False,False,False,0.6422567963600159
HST F814W,F814W_078_7455045,150.038432371184,2.437119745294259,-0.8308086395263672,0.11242173612117767,39.98552703857422,078,True,False,True,False,True,True,True,True,True,False,False,False,False,0.6209828853607178
HST F814W,F814W_067_6121468,149.83333785024087,2.230160942391731,-0.6544914841651917,0.11165063083171844,39.969486236572266,067,True,False,True,False,True,True,True,True,True,False,False,False,False,0.47865933179855347
HST F814W,F814W_079_7468725,149.853611827174,2.294555255968694,-0.626558780670166,0.10957120358943939,39.89112091064453,079,True,False,True,False,True,True,True,True,True,False,False,False,False,0.4211437702178955
HST F814W,F814W_076_7147278,150.23303702178842,2.4260360921818647,-0.8116480112075806,0.10414385795593262,39.59814453125,076,True,False,True,False,True,True,True,True,True,False,False,False,False,0.4376610815525055
HST F814W,F814W_067_6155532,149.80734017418237,2.2433769908415004,0.27629154920578003,0.11057008802890778,39.582664489746094,067,True,False,True,False,True,True,True,True,True,False,False,False,False,0.7395386695861816
HST F814W,F814W_043_2916010,149.87697732574188,1.8924913927405405,-0.48983004689216614,0.10529386252164841,39.49918746948242,043,True,False,True,False,True,True,True,True,True,False,False,False,False,0.4049631357192993
HST F814W,F814W_078_7439986,149.93518993833322,2.4041652014360206,-0.758994460105896,0.11103902012109756,39.49373245239258,078,True,False,True,False,True,True,True,True,True,False,False,False,False,0.4150039553642273
HST F814W,F814W_079_7511275,149.84266572880233,2.385984301033394,-0.6864047646522522,0.10843165218830109,39.47624969482422,079,True,False,True,False,True,True,True,True,True,False,False,False,False,0.4543880522251129
HST F814W,F814W_079_7511330,149.82164852966307,2.386080679014811,-0.9729672074317932,0.10835236310958862,39.447383880615234,079,True,False,True,False,True,True,True,True,True,False,False,False,False,0.4049031138420105
HST F814W,F814W_066_5892142,149.95652272770658,2.186529759121007,-0.6491861343383789,0.12009948492050171,39.420719146728516,066,True,False,True,False,True,True,True,True,True,False,False,False,False,0.45225992798805237
HST F814W,F814W_054_4317141,149.97834783564633,1.9640871999439136,-0.788462221622467,0.10545020550489426,39.38921356201172,054,True,False,True,False,True,True,True,True,True,False,False,False,False,0.4249740540981293
HST F814W,F814W_065_5636243,150.09284240196664,2.1662417726608196,-0.910991907119751,0.14468221366405487,39.388057708740234,065,True,False,True,False,True,True,True,True,True,False,False,False,False,0.42742013931274414
HST F814W,F814W_053_4269732,150.09211726838132,2.050255640927142,-0.7901012897491455,0.11361019313335419,39.38460159301758,053,True,False,True,False,True,True,True,True,True,False,False,False,False,0.4865972101688385
HST F814W,F814W_054_4430919,149.94135681942535,2.127128385025823,-0.8748602867126465,0.10531594604253769,39.33906555175781,054,True,False,True,False,True,True,True,True,True,False,False,False,False,0.4603746235370636
HST F814W,F814W_041_2573697,150.16581725024338,1.8585872964352759,-0.7824914455413818,0.104684017598629,39.30796432495117,041,True,False,True,False,True,True,True,True,True,False,False,False,False,0.43226173520088196
HST F814W,F814W_077_7201883,150.0999913659349,2.3430343140331447,-0.81489497423172,0.10379864275455475,39.09309387207031,077,True,False,True,False,True,True,True,True,True,False,False,False,False,0.40068140625953674
HST F814W,F814W_087_8128365,150.43593927424638,2.4645546850283506,-0.653165340423584,0.10409285128116608,39.0069465637207,087,True,False,True,False,True,True,True,True,True,False,False,False,False,0.4107176959514618
HST F814W,F814W_090_8683133,149.98632726233674,2.5750181235233884,-0.9575729966163635,0.10723686218261719,38.91337966918945,090,True,False,True,False,True,True,True,True,True,False,False,False,False,0.5839530825614929
HST F814W,F814W_075_6980131,150.46031037611277,2.296587750167244,-0.902729332447052,0.10446461290121078,38.865970611572266,075,True,False,True,False,True,True,True,True,True,False,False,False,False,0.41940101981163025
HST F814W,F814W_041_2535265,150.22502868900014,1.8050360949389268,-0.8961783647537231,0.10333488136529922,38.80137252807617,041,True,False,True,False,True,True,True,True,True,False,False,False,False,0.6922600269317627
HST F814W,F814W_067_6104123,149.85394450554625,2.206514786798012,-0.8666050434112549,0.10822830349206924,38.74433517456055,067,True,False,True,False,True,True,True,True,True,False,False,False,False,0.44276735186576843
HST F814W,F814W_041_2555038,150.17300335773737,1.8262226190674493,-0.7402529716491699,0.10317976772785187,38.74312973022461,041,True,False,True,False,True,True,True,True,True,False,False,False,False,0.4154866337776184
HST F814W,F814W_067_6075615,149.8360163395076,2.1413500904967435,-0.7315889000892639,0.10816147923469543,38.72041320800781,067,True,False,True,False,True,True,True,True,True,False,False,False,False,0.45746979117393494
HST F814W,F814W_041_2570081,150.15973797959126,1.8528168668835368,-0.4900929033756256,0.1028691828250885,38.62650680541992,041,True,False,True,False,True,True,True,True,True,False,False,False,False,0.4052239656448364
HST F814W,F814W_089_8476280,150.21742293146622,2.5369630821584583,-0.7924901843070984,0.11246325820684433,38.616641998291016,089,True,False,True,False,True,True,True,True,True,False,False,False,False,0.4532047212123871
HST F814W,F814W_090_8685870,149.99464052633445,2.5788504749768384,-0.7753469944000244,0.10636401921510696,38.596649169921875,090,True,False,True,False,True,True,True,True,True,False,False,False,False,0.47521117329597473
HST F814W,F814W_077_7177439,150.20379575847312,2.2965534973947626,-0.47989872097969055,0.10227770358324051,38.52027130126953,077,True,False,True,False,True,True,True,True,True,False,False,False,False,0.4257298409938812
HST F814W,F814W_067_6205028,149.8728116264095,2.261395556914423,-0.9543646574020386,0.10745622962713242,38.46794128417969,067,True,False,True,False,True,True,True,True,True,False,False,False,False,0.595438539981842
HST F814W,F814W_075_7046974,150.41636606772244,2.4299380193688354,-0.9493815302848816,0.10331454873085022,38.438087463378906,075,True,False,True,False,True,True,True,True,True,False,False,False,False,0.4956866502761841
HST F814W,F814W_102_10332827,150.01240555552036,2.642120141835495,-0.8972353339195251,0.10929132252931595,38.41892623901367,102,True,False,True,False,True,True,True,True,True,False,False,False,False,0.40999144315719604
HST F814W,F814W_075_7052752,150.51949815675982,2.441200324908495,-0.8758226037025452,0.1030883938074112,38.353946685791016,075,True,False,True,False,True,True,True,True,True,False,False,False,False,0.5788124799728394
HST F814W,F814W_067_6092953,149.7560289290728,2.181920307695926,-0.6370037794113159,0.10679583996534348,38.23153305053711,067,True,False,True,False,True,True,True,True,True,False,False,False,False,0.45769003033638
HST F814W,F814W_075_7022836,150.48080470258606,2.3895416753559626,-0.8363543748855591,0.10253676027059555,38.148712158203125,075,True,False,True,False,True,True,True,True,True,False,False,False,False,0.41056716442108154
HST F814W,F814W_043_2934245,149.7916003514649,1.9255288903282164,-0.43215614557266235,0.10166335105895996,38.137264251708984,043,True,False,True,False,True,True,True,True,True,False,False,False,False,0.4961937367916107
HST F814W,F814W_075_7061267,150.39663251299854,2.4566930649813816,-0.5960409641265869,0.10239232331514359,38.094974517822266,075,True,False,True,False,True,True,True,True,True,False,False,False,False,0.49760469794273376
HST F814W,F814W_076_7103325,150.3525560446228,2.358812132749192,-0.7543908357620239,0.0998784676194191,37.97633361816406,076,True,False,True,False,True,True,True,True,True,False,False,False,False,0.4409645199775696
HST F814W,F814W_054_4413681,149.94225383309558,2.097471176197185,-0.48876380920410156,0.10142384469509125,37.885231018066406,054,True,False,True,False,True,True,True,True,True,False,False,False,False,0.566506028175354
HST F814W,F814W_041_2553619,150.18700909563967,1.8238908635309325,-0.45160892605781555,0.10063718259334564,37.78841018676758,041,True,False,True,False,True,True,True,True,True,False,False,False,False,0.4249466061592102
HST F814W,F814W_066_5832504,150.00215944914245,2.160953267854759,-0.8413997292518616,0.11505633592605591,37.765384674072266,066,True,False,True,False,True,True,True,True,True,False,False,False,False,0.6051618456840515
HST F814W,F814W_063_5327677,150.40416338984753,2.2225839021084575,-0.45298007130622864,0.10092490166425705,37.72419738769531,063,True,False,True,False,True,True,True,True,True,False,False,False,False,0.4544955790042877
HST F814W,F814W_028_0945408,150.31835760209947,1.7542043674213288,-0.8789043426513672,0.10880155116319656,37.60832595825195,028,True,False,True,False,True,True,True,True,True,False,False,False,False,0.4117185175418854
HST F814W,F814W_065_5672358,150.10181650799942,2.2010131632570857,-0.9627442359924316,0.1380951702594757,37.594810485839844,065,True,False,True,False,True,True,True,True,True,False,False,False,False,0.49227502942085266
HST F814W,F814W_077_7197893,150.09218029041497,2.3373136629351685,-0.7752377390861511,0.09980606287717819,37.58938980102539,077,True,False,True,False,True,True,True,True,True,False,False,False,False,0.4534301161766052
HST F814W,F814W_041_2594612,150.22151967509873,1.8899055019958135,-0.5067172646522522,0.09998220950365067,37.54247283935547,041,True,False,True,False,True,True,True,True,True,False,False,False,False,0.44819360971450806
HST F814W,F814W_079_7506370,149.87936272984902,2.374729533893301,-0.8424071073532104,0.10306347161531448,37.521881103515625,079,True,False,True,False,True,True,True,True,True,False,False,False,False,0.40993019938468933
HST F814W,F814W_102_10346254,149.95454264316888,2.6693374931311498,-0.6326698064804077,0.10636039078235626,37.38862228393555,102,True,False,True,False,True,True,True,True,True,False,False,False,False,0.5074430704116821
HST F814W,F814W_089_8583692,150.07927652284587,2.5971424948491553,-0.7916854619979858,0.10867371410131454,37.31542205810547,089,True,False,True,False,True,True,True,True,True,False,False,False,False,0.48246192932128906
HST F814W,F814W_091_8754681,149.88287036642163,2.5197803373108227,-0.6003592014312744,0.10449899733066559,37.268341064453125,091,True,False,True,False,True,True,True,True,True,False,False,False,False,0.46001091599464417
HST F814W,F814W_089_8472463,150.1180959982146,2.5228048788385897,-0.7775082588195801,0.10800624638795853,37.08623504638672,089,True,False,True,False,True,True,True,True,True,False,False,False,False,0.4261811077594757
HST F814W,F814W_054_4395136,149.98425976906987,2.0646763108352566,-0.6342756152153015,0.0992119312286377,37.05900955200195,054,True,False,True,False,True,True,True,True,True,False,False,False,False,0.4014635384082794
HST F814W,F814W_102_10353374,149.93460661726567,2.685209036188974,-0.6353552341461182,0.10468462109565735,36.79954147338867,102,True,False,True,False,True,True,True,True,True,False,False,False,False,0.4867899417877197
HST F814W,F814W_089_8563340,150.18169432488344,2.58788294149081,-0.7819673418998718,0.1069728285074234,36.731388092041016,089,True,False,True,False,True,True,True,True,True,False,False,False,False,0.4666435420513153
HST F814W,F814W_067_6102007,149.7944027283145,2.2007401764727064,-0.6307072639465332,0.1025763526558876,36.72100830078125,067,True,False,True,False,True,True,True,True,True,False,False,False,False,0.4060792624950409
HST F814W,F814W_079_7525735,149.84219001660495,2.4012181940543424,-0.6104620695114136,0.10078142583370209,36.691062927246094,079,True,False,True,False,True,True,True,True,True,False,False,False,False,0.4244508147239685
HST F814W,F814W_041_2555465,150.07730220918893,1.8268480457866665,-0.7797024250030518,0.09767503291368484,36.6761474609375,041,True,False,True,False,True,True,True,True,True,False,False,False,False,0.41433659195899963
HST F814W,F814W_067_6235135,149.86979879139713,2.2724426857716375,-0.6396455764770508,0.10222697257995605,36.5959358215332,067,True,False,True,False,True,True,True,True,True,False,False,False,False,0.5269355773925781
HST F814W,F814W_076_7131658,150.34909993412788,2.405114573031278,-0.861177384853363,0.09618640691041946,36.57251739501953,076,True,False,True,False,True,True,True,True,True,False,False,False,False,0.4442811608314514
HST F814W,F814W_076_7136712,150.2836700914757,2.4133921552076587,-0.572633683681488,0.09589293599128723,36.460933685302734,076,True,False,True,False,True,True,True,True,True,False,False,False,False,0.4447627365589142
HST F814W,F814W_040_2434719,150.31345992346365,1.8803692068444053,-0.6617802977561951,0.0936812162399292,36.19026565551758,040,True,False,True,False,True,True,True,True,True,False,False,False,False,0.43770313262939453
HST F814W,F814W_076_7065794,150.2985190089012,2.293920037711437,-0.5967329144477844,0.09511546045541763,36.16531753540039,076,True,False,True,False,True,True,True,True,True,False,False,False,False,0.5311083197593689
HST F814W,F814W_055_4563622,149.87095573653795,2.1081621525646286,-0.8228150010108948,0.09895629435777664,36.0482292175293,055,True,False,True,False,True,True,True,True,True,False,False,False,False,0.43438759446144104
HST F814W,F814W_088_8243769,150.29335180630827,2.493617518659269,-0.5719813108444214,0.10103613138198853,36.02217483520508,088,True,False,True,False,True,True,True,True,True,False,False,False,False,0.4232152998447418
HST F814W,F814W_052_3872319,150.36118039939754,1.98800339312799,-0.8419156670570374,0.09802316874265671,36.01704406738281,052,True,False,True,False,True,True,True,True,True,False,False,False,False,0.49998265504837036
HST F814W,F814W_063_5294077,150.39388763577526,2.166266395871261,-0.7393718361854553,0.09633787721395493,36.009639739990234,063,True,False,True,False,True,True,True,True,True,False,False,False,False,0.425462543964386
HST F814W,F814W_067_6141733,149.88889350206347,2.2380286786318524,0.05234094336628914,0.10050652176141739,35.980037689208984,067,True,False,True,False,True,True,True,True,True,False,False,False,False,0.5390125513076782
HST F814W,F814W_041_2549560,150.0707074749559,1.8180125291085782,-0.6049860119819641,0.09579961001873016,35.97194290161133,041,True,False,True,False,True,True,True,True,True,False,False,False,False,0.43222475051879883
HST F814W,F814W_088_8241240,150.2999063044001,2.486907466957132,-0.8936866521835327,0.10066264867782593,35.889015197753906,088,True,False,True,False,True,True,True,True,True,False,False,False,False,0.6042969226837158
HST F814W,F814W_063_5336216,150.43327958669022,2.237888589156876,-0.6473222970962524,0.0960150733590126,35.888980865478516,063,True,False,True,False,True,True,True,True,True,False,False,False,False,0.511469304561615
HST F814W,F814W_052_3889073,150.29289091409663,2.023158000837073,-0.775885820388794,0.09763927757740021,35.87599182128906,052,True,False,True,False,True,True,True,True,True,False,False,False,False,0.4329385757446289
HST F814W,F814W_063_5329935,150.41836512287128,2.2269423357963842,-0.5762273073196411,0.09572292864322662,35.779781341552734,063,True,False,True,False,True,True,True,True,True,False,False,False,False,0.4245997667312622
HST F814W,F814W_063_5331259,150.48735851040553,2.2297372669109854,-0.5240026712417603,0.09568019211292267,35.7638053894043,063,True,False,True,False,True,True,True,True,True,False,False,False,False,0.41478314995765686
HST F814W,F814W_055_4437974,149.88857495359142,1.9712461786429665,-0.7541322112083435,0.0981360375881195,35.74942398071289,055,True,False,True,False,True,True,True,True,True,False,False,False,False,0.4527449905872345
HST F814W,F814W_075_7027256,150.48250725579913,2.396352840379444,-0.5100488662719727,0.09594622999429703,35.696712493896484,075,True,False,True,False,True,True,True,True,True,False,False,False,False,0.4884752333164215
HST F814W,F814W_075_7047742,150.41516036626916,2.4309701079220325,-0.84266197681427,0.09589970856904984,35.679405212402344,075,True,False,True,False,True,True,True,True,True,False,False,False,False,0.6185957193374634
HST F814W,F814W_055_4563815,149.870960518016,2.108215993827552,-0.8516133427619934,0.09753508865833282,35.5305061340332,055,True,False,True,False,True,True,True,True,True,False,False,False,False,0.4904331564903259
HST F814W,F814W_075_7060856,150.5351586106376,2.4559054728097256,-0.6083380579948425,0.09518128633499146,35.41211700439453,075,True,False,True,False,True,True,True,True,True,False,False,False,False,0.4911886751651764
HST F814W,F814W_079_7467486,149.8837804752018,2.292176171221884,-0.5189732313156128,0.09720464795827866,35.38888168334961,079,True,False,True,False,True,True,True,True,True,False,False,False,False,0.43094927072525024
HST F814W,F814W_040_2479891,150.25655697621715,1.9319078286603275,-0.5039314031600952,0.09145986288785934,35.33212661743164,040,True,False,True,False,True,True,True,True,True,False,False,False,False,0.42589154839515686
HST F814W,F814W_067_6071452,149.8814285248521,2.135995839277435,-0.20572826266288757,0.09850728511810303,35.26433563232422,067,True,False,True,False,True,True,True,True,True,False,False,False,False,0.4176861643791199
HST F814W,F814W_040_2398711,150.3188189531646,1.8248695146957303,-0.6512249112129211,0.09120291471481323,35.23286437988281,040,True,False,True,False,True,True,True,True,True,False,False,False,False,0.5067882537841797
HST F814W,F814W_088_8239178,150.3836576863181,2.482637498058088,-0.5801469087600708,0.09874869138002396,35.20663833618164,088,True,False,True,False,True,True,True,True,True,False,False,False,False,0.4185308814048767
HST F814W,F814W_088_8257596,150.2751888860977,2.527507061700942,-0.13044661283493042,0.09870743006467819,35.19192886352539,088,True,False,True,False,True,True,True,True,True,False,False,False,False,0.4402272701263428
HST F814W,F814W_052_3912273,150.31150819183907,2.0367904874665954,-0.8253536224365234,0.09555274248123169,35.10932540893555,052,True,False,True,False,True,True,True,True,True,False,False,False,False,0.4746338427066803
HST F814W,F814W_088_8243411,150.27350489590904,2.4924916992031405,-0.6422353386878967,0.09847241640090942,35.10813903808594,088,True,False,True,False,True,True,True,True,True,False,False,False,False,0.477649450302124
HST F814W,F814W_063_5327654,150.46814488865655,2.2225135602100954,0.03392734006047249,0.09376747906208038,35.04886245727539,063,True,False,True,False,True,True,True,True,True,False,False,False,False,0.5517152547836304
HST F814W,F814W_075_7001623,150.51518342187023,2.347482431709651,-0.43127310276031494,0.09414558857679367,35.02678680419922,075,True,False,True,False,True,True,True,True,True,False,False,False,False,0.41209176182746887
HST F814W,F814W_055_4597391,149.87694789917384,2.1178767623536583,-0.3646925091743469,0.09612870961427689,35.018184661865234,055,True,False,True,False,True,True,True,True,True,False,False,False,False,0.4287430942058563
HST F814W,F814W_076_7118131,150.26792625432282,2.3823157409237683,-0.609332799911499,0.0920189619064331,34.98794937133789,076,True,False,True,False,True,True,True,True,True,False,False,False,False,0.46320584416389465
HST F814W,F814W_076_7109454,150.28064399598426,2.368953502334719,-0.6907391548156738,0.0918860137462616,34.937400817871094,076,True,False,True,False,True,True,True,True,True,False,False,False,False,0.4743233025074005
HST F814W,F814W_041_2547972,150.17602914351957,1.8156604615153475,-0.3874013125896454,0.09288603812456131,34.87792205810547,041,True,False,True,False,True,True,True,True,True,False,False,False,False,0.6078627109527588
HST F814W,F814W_078_7335225,150.01190356092658,2.318371440220511,-0.6526999473571777,0.09776324033737183,34.77187728881836,078,True,False,True,False,True,True,True,True,True,False,False,False,False,0.4778199791908264
HST F814W,F814W_040_2411211,150.33515701717178,1.8442870499714226,-0.45801249146461487,0.08992138504981995,34.73779296875,040,True,False,True,False,True,True,True,True,True,False,False,False,False,0.4354965090751648
HST F814W,F814W_102_10342030,149.92727106942343,2.6602281437059854,-0.5118178725242615,0.09859094023704529,34.65744400024414,102,True,False,True,False,True,True,True,True,True,False,False,False,False,0.4730723202228546
HST F814W,F814W_054_4425406,149.95138177164523,2.1175466521546276,-0.830248236656189,0.0925830751657486,34.58290481567383,054,True,False,True,False,True,True,True,True,True,False,False,False,False,0.49276214838027954
HST F814W,F814W_087_8140562,150.47548479606616,2.4882693766847446,-0.5106334686279297,0.0922790989279747,34.579952239990234,087,True,False,True,False,True,True,True,True,True,False,False,False,False,0.41300442814826965
HST F814W,F814W_075_7045180,150.407238712516,2.4259470935596226,-0.7784333825111389,0.0927681177854538,34.51429748535156,075,True,False,True,False,True,True,True,True,True,False,False,False,False,0.4450669288635254
HST F814W,F814W_042_2750922,149.96514294141426,1.855059552689277,-0.3921222984790802,0.10013995319604874,34.51359558105469,042,True,False,True,False,True,True,True,True,True,False,False,False,False,0.46398839354515076
HST F814W,F814W_064_5372461,150.2578324239566,2.1301455226019157,-0.5208309888839722,0.09403333067893982,34.451541900634766,064,True,False,True,False,True,True,True,True,True,False,False,False,False,0.4349895119667053
HST F814W,F814W_076_7086087,150.23391431770284,2.327208274821013,-0.09910396486520767,0.09056068956851959,34.43347930908203,076,True,False,True,False,True,True,True,True,True,False,False,False,False,0.6352208256721497
HST F814W,F814W_075_7005970,150.42344747837117,2.355409711412154,-0.6265294551849365,0.09251862019300461,34.42147445678711,075,True,False,True,False,True,True,True,True,True,False,False,False,False,0.4438462257385254
HST F814W,F814W_041_2549372,150.07687024241602,1.8176947888961905,0.0917307659983635,0.0916571095585823,34.41646957397461,041,True,False,True,False,True,True,True,True,True,False,False,False,False,0.5952090620994568
HST F814W,F814W_075_7035511,150.5338737079355,2.4088179274089527,0.018224716186523438,0.0925009697675705,34.4149055480957,075,True,False,True,False,True,True,True,True,True,False,False,False,False,0.46331676840782166
HST F814W,F814W_079_7538729,149.8831930028821,2.4172145269026064,-0.5091834664344788,0.09446835517883301,34.39269256591797,079,True,False,True,False,True,True,True,True,True,False,False,False,False,0.41978731751441956
HST F814W,F814W_067_6076445,149.8685286913872,2.1429180651230517,-0.37272000312805176,0.09601173549890518,34.3709602355957,067,True,False,True,False,True,True,True,True,True,False,False,False,False,0.40627521276474
HST F814W,F814W_040_2380493,150.29878085063137,1.7911936707425875,-0.3399294316768646,0.08895362913608551,34.36393737792969,040,True,False,True,False,True,True,True,True,True,False,False,False,False,0.4043582081794739
HST F814W,F814W_087_8125678,150.40704902640869,2.4598339754705387,-0.543444037437439,0.09164207428693771,34.34123992919922,087,True,False,True,False,True,True,True,True,True,False,False,False,False,0.40156084299087524
HST F814W,F814W_091_8728704,149.85002369247863,2.4732682786858833,-0.5998233556747437,0.09598170965909958,34.230751037597656,091,True,False,True,False,True,True,True,True,True,False,False,False,False,0.5063042640686035
HST F814W,F814W_076_7117664,150.26544042816988,2.3814242187807375,-0.48954513669013977,0.089645616710186,34.08554458618164,076,True,False,True,False,True,True,True,True,True,False,False,False,False,0.5443630814552307
HST F814W,F814W_077_7263097,150.14439105373444,2.4428195515479794,-0.6291580200195312,0.09050025045871735,34.0845947265625,077,True,False,True,False,True,True,True,True,True,False,False,False,False,0.41258856654167175
HST F814W,F814W_088_8237405,150.37060509548394,2.4786456909345995,-0.8122683763504028,0.09546484053134918,34.03585433959961,088,True,False,True,False,True,True,True,True,True,False,False,False,False,0.4665265381336212
HST F814W,F814W_053_4283092,150.17110648226543,2.09095905729697,-0.7980322241783142,0.09791174530982971,33.942508697509766,053,True,False,True,False,True,True,True,True,True,False,False,False,False,0.5000961422920227
HST F814W,F814W_056_4639661,149.68715489260669,1.9632071513764524,-0.6170780658721924,0.09810324013233185,33.927547454833984,056,True,False,True,False,True,True,True,True,True,False,False,False,False,0.46427106857299805
HST F814W,F814W_042_2815884,150.01415483493798,1.9136669262930672,-0.648720383644104,0.09809624403715134,33.80922317504883,042,True,False,True,False,True,True,True,True,True,False,False,False,False,0.43278029561042786
HST F814W,F814W_078_7426609,149.97660618248656,2.3823867626347743,-0.6847102642059326,0.0949203372001648,33.7607307434082,078,True,False,True,False,True,True,True,True,True,False,False,False,False,0.46347126364707947
HST F814W,F814W_088_8233330,150.3150541085352,2.468700293539475,-0.5590788125991821,0.09427490830421448,33.611610412597656,088,True,False,True,False,True,True,True,True,True,False,False,False,False,0.4593515992164612
HST F814W,F814W_053_4276997,150.22500982809697,2.0729349289206285,-0.5784245133399963,0.09671705961227417,33.52835464477539,053,True,False,True,False,True,True,True,True,True,False,False,False,False,0.43879416584968567
HST F814W,F814W_065_5629070,150.09111592306323,2.159595854432892,-0.5335931777954102,0.12273268401622772,33.41255187988281,065,True,False,True,False,True,True,True,True,True,False,False,False,False,0.4984552562236786
HST F814W,F814W_055_4589023,149.8016072469373,2.1155791847011955,-0.7572497129440308,0.09165134280920029,33.387149810791016,055,True,False,True,False,True,True,True,True,True,False,False,False,False,0.45225095748901367
HST F814W,F814W_088_8254359,150.30380179144265,2.5192591031042455,-0.43721532821655273,0.09286265075206757,33.10810089111328,088,True,False,True,False,True,True,True,True,True,False,False,False,False,0.5241479277610779
HST F814W,F814W_066_5929981,149.942875949829,2.207976995359237,-0.5734142065048218,0.10071614384651184,33.058448791503906,066,True,False,True,False,True,True,True,True,True,False,False,False,False,0.4520014822483063
HST F814W,F814W_063_5291671,150.44135360813078,2.161217654535868,-0.685786247253418,0.08844082802534103,33.05784225463867,063,True,False,True,False,True,True,True,True,True,False,False,False,False,0.5994226336479187
HST F814W,F814W_075_7047153,150.4164441793093,2.4301831770487268,-0.7721478343009949,0.08850512653589249,32.92825698852539,075,True,False,True,False,True,True,True,True,True,False,False,False,False,0.40972620248794556
HST F814W,F814W_090_8715672,149.92746165703986,2.6231264049503014,-0.6680678725242615,0.09066906571388245,32.901371002197266,090,True,False,True,False,True,True,True,True,True,False,False,False,False,0.6247138977050781
HST F814W,F814W_089_8493183,150.07468554426342,2.556827891431404,-0.685231626033783,0.09562741219997406,32.83570098876953,089,True,False,True,False,True,True,True,True,True,False,False,False,False,0.507307767868042
HST F814W,F814W_063_5345131,150.42063425775982,2.2546511572629986,-0.7033950686454773,0.08742683380842209,32.67882537841797,063,True,False,True,False,True,True,True,True,True,False,False,False,False,0.6231537461280823
HST F814W,F814W_067_6193144,149.87148915233962,2.2573216050203238,-0.6401268243789673,0.09105993062257767,32.5982780456543,067,True,False,True,False,True,True,True,True,True,False,False,False,False,0.5070958137512207
HST F814W,F814W_087_8126689,150.52109328492816,2.4614876787733797,-0.5531913638114929,0.08698602020740509,32.596466064453125,087,True,False,True,False,True,True,True,True,True,False,False,False,False,0.4355265498161316
HST F814W,F814W_041_2541967,150.20221343025622,1.8086772139732992,-0.5666818618774414,0.0867488831281662,32.57347106933594,041,True,False,True,False,True,True,True,True,True,False,False,False,False,0.48720458149909973
HST F814W,F814W_077_7211310,150.12260732641485,2.355705512983867,-0.2939841151237488,0.08637214452028275,32.529850006103516,077,True,False,True,False,True,True,True,True,True,False,False,False,False,0.5058302879333496
HST F814W,F814W_088_8234178,150.24251223293808,2.471120578104793,-0.7450645565986633,0.09105739742517471,32.4644775390625,088,True,False,True,False,True,True,True,True,True,False,False,False,False,0.40582746267318726
HST F814W,F814W_088_8242452,150.37969827964787,2.490046303877716,-0.7659998536109924,0.09094487875699997,32.42436218261719,088,True,False,True,False,True,True,True,True,True,False,False,False,False,0.6644196510314941
HST F814W,F814W_053_4273738,150.1462345009373,2.0641488871544293,-0.6397936344146729,0.09346764534711838,32.40189743041992,053,True,False,True,False,True,True,True,True,True,False,False,False,False,0.4053797125816345
HST F814W,F814W_055_4587268,149.81560390937778,2.11509329376376,-0.6125645041465759,0.08890219777822495,32.38568115234375,055,True,False,True,False,True,True,True,True,True,False,False,False,False,0.4178209900856018
HST F814W,F814W_051_3709906,150.42448860878284,2.065536285035123,-0.8106034398078918,0.09061116725206375,32.38467788696289,051,True,False,True,False,True,True,True,True,True,False,False,False,False,0.4295632243156433
HST F814W,F814W_043_2944981,149.73129564705084,1.9435639138537717,-0.27286919951438904,0.08632446080446243,32.383140563964844,043,True,False,True,False,True,True,True,True,True,False,False,False,False,0.4514356851577759
HST F814W,F814W_040_2383079,150.32945850179536,1.7954233782098714,-0.32131457328796387,0.08380316942930222,32.37424850463867,040,True,False,True,False,True,True,True,True,True,False,False,False,False,0.44588109850883484
HST F814W,F814W_090_8713570,150.0130885474913,2.618941157019121,-0.7060377597808838,0.0891302078962326,32.342960357666016,090,True,False,True,False,True,True,True,True,True,False,False,False,False,0.5801303386688232
HST F814W,F814W_056_4647097,149.67482179031862,1.982000245718126,-0.6439682841300964,0.09347423166036606,32.3266716003418,056,True,False,True,False,True,True,True,True,True,False,False,False,False,0.4617127478122711
HST F814W,F814W_079_7526467,149.89486744118608,2.4021575788310447,-0.6468994617462158,0.08872459083795547,32.30158233642578,079,True,False,True,False,True,True,True,True,True,False,False,False,False,0.44262292981147766
HST F814W,F814W_044_3157319,149.71835769946725,1.9492701885177428,-0.2889466881752014,0.09294658154249191,32.28693771362305,044,True,False,True,False,True,True,True,True,True,False,False,False,False,0.4049915373325348
HST F814W,F814W_088_8240309,150.3655925835534,2.4847310112926575,-0.7371014952659607,0.0904310792684555,32.241180419921875,088,True,False,True,False,True,True,True,True,True,False,False,False,False,0.4985247254371643
HST F814W,F814W_052_3894289,150.28628167363797,2.0305471589101542,-0.3598889410495758,0.08759435266256332,32.185142517089844,052,True,False,True,False,True,True,True,True,True,False,False,False,False,0.4318721294403076
HST F814W,F814W_041_2600161,150.10556166091106,1.899838966857231,-0.3835664689540863,0.08547785133123398,32.09621047973633,041,True,False,True,False,True,True,True,True,True,False,False,False,False,0.4597993493080139
HST F814W,F814W_063_5328829,150.4185845895,2.22479117373319,-0.35172465443611145,0.08585118502378464,32.08987045288086,063,True,False,True,False,True,True,True,True,True,False,False,False,False,0.4325099587440491
HST F814W,F814W_077_7189216,150.08519923492025,2.3197917796922467,0.7319421768188477,0.08511731028556824,32.0572509765625,077,True,False,True,False,True,True,True,True,True,False,False,False,False,0.723022997379303
HST F814W,F814W_066_6033371,149.9194621127961,2.275284864376823,-0.5697177648544312,0.09760226309299469,32.03636932373047,066,True,False,True,False,True,True,True,True,True,False,False,False,False,0.4479304552078247
HST F814W,F814W_067_6212784,149.87890218155968,2.264072466365394,-0.48349860310554504,0.0893239751458168,31.976829528808594,067,True,False,True,False,True,True,True,True,True,False,False,False,False,0.4183266758918762
HST F814W,F814W_076_7149123,150.29442347754048,2.428466537536624,0.5675722360610962,0.0839681625366211,31.92683219909668,076,True,False,True,False,True,True,True,True,True,False,False,False,False,0.7794246673583984
HST F814W,F814W_064_5395488,150.3614521838623,2.1816381242179,-0.6220225691795349,0.08712773025035858,31.92149543762207,064,True,False,True,False,True,True,True,True,True,False,False,False,False,0.4199766218662262
HST F814W,F814W_076_7125904,150.22928005849545,2.395157849312376,-0.6674321889877319,0.08386542648077011,31.88776969909668,076,True,False,True,False,True,True,True,True,True,False,False,False,False,0.552253246307373
HST F814W,F814W_077_7247927,150.1270683761527,2.41508722669166,-0.2585790157318115,0.08466231822967529,31.885889053344727,077,True,False,True,False,True,True,True,True,True,False,False,False,False,0.44455626606941223
HST F814W,F814W_054_4353523,149.97745828956744,2.0046354710138385,-0.6428075432777405,0.0853295624256134,31.87347412109375,054,True,False,True,False,True,True,True,True,True,False,False,False,False,0.7061460018157959
HST F814W,F814W_052_3872428,150.36099799831038,1.988200935550779,-0.7592166066169739,0.08669796586036682,31.85578155517578,052,True,False,True,False,True,True,True,True,True,False,False,False,False,0.40976300835609436
HST F814W,F814W_067_6175043,149.88631616841116,2.250877620728087,-0.5163960456848145,0.08877873420715332,31.781641006469727,067,True,False,True,False,True,True,True,True,True,False,False,False,False,0.4657312333583832
HST F814W,F814W_054_4369234,149.90061936502102,2.0257939941006606,0.8814382553100586,0.08503027260303497,31.76167869567871,054,True,False,True,False,True,True,True,True,True,False,False,False,False,0.6802533864974976
HST F814W,F814W_052_3872395,150.361147547495,1.9881266902497594,-0.6839061379432678,0.0859765037894249,31.59069061279297,052,True,False,True,False,True,True,True,True,True,False,False,False,False,0.7721035480499268
HST F814W,F814W_087_8128152,150.51486568466325,2.464127059658682,0.5039831399917603,0.08427872508764267,31.581954956054688,087,True,False,True,False,True,True,True,True,True,False,False,False,False,0.6416078805923462
HST F814W,F814W_075_7050703,150.51381851979332,2.43666414766414,-0.05553571879863739,0.08475311845541,31.532325744628906,075,True,False,True,False,True,True,True,True,True,False,False,False,False,0.4080130457878113
HST F814W,F814W_089_8470106,150.08778686184465,2.514749197458967,-0.42711693048477173,0.09181448072195053,31.52644920349121,089,True,False,True,False,True,True,True,True,True,False,False,False,False,0.5300606489181519
HST F814W,F814W_088_8316187,150.24499433177832,2.567886835468045,-0.5982632040977478,0.08835097402334213,31.49956512451172,088,True,False,True,False,True,True,True,True,True,False,False,False,False,0.45256319642066956
HST F814W,F814W_089_8473720,150.08483944716255,2.5274997586586725,-0.49947065114974976,0.09165564924478531,31.47191047668457,089,True,False,True,False,True,True,True,True,True,False,False,False,False,0.4703095853328705
HST F814W,F814W_064_5595517,150.38868970752105,2.2864814183327353,-0.34837955236434937,0.08588840812444687,31.467437744140625,064,True,False,True,False,True,True,True,True,True,False,False,False,False,0.4222758412361145
HST F814W,F814W_040_2423950,150.3114772885058,1.867077224103403,-0.4275386929512024,0.08127862215042114,31.398983001708984,040,True,False,True,False,True,True,True,True,True,False,False,False,False,0.5661616921424866
HST F814W,F814W_041_2528654,150.18258941553887,1.801137116500853,-0.6928339600563049,0.08359576761722565,31.389503479003906,041,True,False,True,False,True,True,True,True,True,False,False,False,False,0.40422508120536804
HST F814W,F814W_052_3884589,150.27239311215922,2.0151286111597413,0.9419950246810913,0.08542853593826294,31.38934898376465,052,True,False,True,False,True,True,True,True,True,False,False,False,False,0.799940288066864
HST F814W,F814W_053_4271645,150.21454608202959,2.057421725098681,-0.6219667792320251,0.09038788825273514,31.334257125854492,053,True,False,True,False,True,True,True,True,True,False,False,False,False,0.4940111041069031
HST F814W,F814W_075_7057753,150.45241630561685,2.450444375121319,-0.6843823194503784,0.08405762165784836,31.2735652923584,075,True,False,True,False,True,True,True,True,True,False,False,False,False,0.5629798769950867
HST F814W,F814W_088_8241979,150.31070017809654,2.4887769270832867,-0.4033382534980774,0.08770060539245605,31.267690658569336,088,True,False,True,False,True,True,True,True,True,False,False,False,False,0.5101456642150879
HST F814W,F814W_077_7261624,150.09867255727733,2.439510395768982,-0.15186500549316406,0.08291860669851303,31.229164123535156,077,True,False,True,False,True,True,True,True,True,False,False,False,False,0.47507062554359436
HST F814W,F814W_089_8476952,150.18431161149877,2.5384125793760135,-0.48988428711891174,0.09093909710645676,31.225866317749023,089,True,False,True,False,True,True,True,True,True,False,False,False,False,0.43837615847587585
HST F814W,F814W_063_5298824,150.42270701492905,2.1762143249116543,-0.7092442512512207,0.08335327357053757,31.156190872192383,063,True,False,True,False,True,True,True,True,True,False,False,False,False,0.42329588532447815
HST F814W,F814W_090_8687530,150.02501142662769,2.5815332136955536,-0.5460952520370483,0.08585071563720703,31.152921676635742,090,True,False,True,False,True,True,True,True,True,False,False,False,False,0.5623244643211365
HST F814W,F814W_064_5573228,150.3829213401207,2.2565545579663224,-0.6463897824287415,0.08500561118125916,31.14400291442871,064,True,False,True,False,True,True,True,True,True,False,False,False,False,0.6487920880317688
HST F814W,F814W_066_5943799,149.99419994948704,2.21957867089613,-0.5612512826919556,0.09479347616434097,31.114429473876953,066,True,False,True,False,True,True,True,True,True,False,False,False,False,0.5618060231208801
HST F814W,F814W_076_7091385,150.36613200693907,2.3361910649052873,-0.434592068195343,0.08180933445692062,31.10599136352539,076,True,False,True,False,True,True,True,True,True,False,False,False,False,0.5454953908920288
HST F814W,F814W_075_7056680,150.4022004482695,2.448477140999902,-0.5772618055343628,0.08356214314699173,31.089223861694336,075,True,False,True,False,True,True,True,True,True,False,False,False,False,0.6244410872459412
HST F814W,F814W_078_7400825,150.01144595309873,2.3489486695003317,0.23066964745521545,0.08731236308813095,31.054767608642578,078,True,False,True,False,True,True,True,True,True,False,False,False,False,0.40953338146209717
HST F814W,F814W_066_5922102,150.0243612623522,2.2010526378264004,-0.4386380910873413,0.094540536403656,31.031404495239258,066,True,False,True,False,True,True,True,True,True,False,False,False,False,0.4536619186401367
HST F814W,F814W_040_2489534,150.37178132631357,1.945762207489284,-0.527631402015686,0.08027496933937073,31.011259078979492,040,True,False,True,False,True,True,True,True,True,False,False,False,False,0.4300982356071472
HST F814W,F814W_052_3885538,150.28582444463956,2.0173133583704415,-0.6807107925415039,0.08427900075912476,30.966970443725586,052,True,False,True,False,True,True,True,True,True,False,False,False,False,0.456360787153244
HST F814W,F814W_054_4392780,149.9424873066105,2.0610614938836718,-0.30659058690071106,0.08276519179344177,30.91559600830078,054,True,False,True,False,True,True,True,True,True,False,False,False,False,0.4202369749546051
HST F814W,F814W_078_7337819,150.0566538088658,2.3196183275998488,0.9063950777053833,0.08682995289564133,30.88318634033203,078,True,False,True,False,True,True,True,True,True,False,False,False,False,0.7017369270324707
HST F814W,F814W_090_8613882,150.00167272963378,2.460992696408797,-0.5180911421775818,0.08507350087165833,30.870891571044922,090,True,False,True,False,True,True,True,True,True,False,False,False,False,0.4606451988220215
HST F814W,F814W_042_2811435,150.03275459386947,1.900917858346014,-0.14658305048942566,0.08917608112096786,30.7348575592041,042,True,False,True,False,True,True,True,True,True,False,False,False,False,0.5780808925628662
HST F814W,F814W_064_5482943,150.30808646702516,2.2308760076903487,-0.4734146296977997,0.08388522267341614,30.7335205078125,064,True,False,True,False,True,True,True,True,True,False,False,False,False,0.46074214577674866
HST F814W,F814W_056_4646841,149.66950860500165,1.9812814227005653,-0.6609073877334595,0.08884195238351822,30.724668502807617,056,True,False,True,False,True,True,True,True,True,False,False,False,False,0.44738611578941345
HST F814W,F814W_063_5338174,150.4027686543709,2.241212759407637,-0.2049172818660736,0.0820995643734932,30.687572479248047,063,True,False,True,False,True,True,True,True,True,False,False,False,False,0.4576498568058014
HST F814W,F814W_088_8240355,150.36547516747612,2.4847932932591483,-0.7468101382255554,0.0860263928771019,30.670787811279297,088,True,False,True,False,True,True,True,True,True,False,False,False,False,0.43714210391044617
HST F814W,F814W_075_7027320,150.5064337403922,2.396436686194067,-0.5609821677207947,0.08242902904748917,30.66765022277832,075,True,False,True,False,True,True,True,True,True,False,False,False,False,0.4826449453830719
HST F814W,F814W_075_7054514,150.40164120350363,2.4444942444822355,-0.6840909123420715,0.08233147114515305,30.6313533782959,075,True,False,True,False,True,True,True,True,True,False,False,False,False,0.43964773416519165
HST F814W,F814W_051_3710326,150.42531700122223,2.065691736436007,-0.6892677545547485,0.08569246530532837,30.62672233581543,051,True,False,True,False,True,True,True,True,True,False,False,False,False,0.6149767637252808
HST F814W,F814W_054_4353735,149.97759140087717,2.0048192686483213,-0.5729334354400635,0.08198439329862595,30.62394142150879,054,True,False,True,False,True,True,True,True,True,False,False,False,False,0.7617551684379578
HST F814W,F814W_075_6989146,150.5129196589165,2.32227287445929,-0.45220282673835754,0.08220763504505157,30.58527946472168,075,True,False,True,False,True,True,True,True,True,False,False,False,False,0.5293317437171936
HST F814W,F814W_088_8244547,150.29672540485694,2.495816923305625,-0.002729864791035652,0.08561507612466812,30.524141311645508,088,True,False,True,False,True,True,True,True,True,False,False,False,False,0.5228247046470642
HST F814W,F814W_063_5313260,150.43888264591698,2.1995107033853536,-0.4868467152118683,0.08152658492326736,30.47340202331543,063,True,False,True,False,True,True,True,True,True,False,False,False,False,0.5541598200798035
HST F814W,F814W_064_5528864,150.31498558244672,2.2443655662923705,-0.45929545164108276,0.08314502984285355,30.462331771850586,064,True,False,True,False,True,True,True,True,True,False,False,False,False,0.7043955326080322
HST F814W,F814W_041_2523663,150.20911161806694,1.7981399328466605,-0.4207344651222229,0.08109176903963089,30.44927406311035,041,True,False,True,False,True,True,True,True,True,False,False,False,False,0.4743790030479431
HST F814W,F814W_075_7047150,150.4148735489691,2.430171789995483,-0.6569692492485046,0.08184094727039337,30.448854446411133,075,True,False,True,False,True,True,True,True,True,False,False,False,False,0.6072143316268921
HST F814W,F814W_088_8232848,150.38156967973416,2.467152973591628,-0.2952151298522949,0.08538635820150375,30.442596435546875,088,True,False,True,False,True,True,True,True,True,False,False,False,False,0.4546526372432709
HST F814W,F814W_065_5643958,150.09472832737237,2.1741196336190787,-0.4900420308113098,0.11178158968687057,30.431243896484375,065,True,False,True,False,True,True,True,True,True,False,False,False,False,0.4025295674800873
HST F814W,F814W_077_7231448,150.09097900656974,2.3916422039371406,-0.6024916172027588,0.08074388653039932,30.410112380981445,077,True,False,True,False,True,True,True,True,True,False,False,False,False,0.6571170091629028
HST F814W,F814W_076_7131019,150.36363538371822,2.40414705880079,-0.476202130317688,0.07996022701263428,30.402912139892578,076,True,False,True,False,True,True,True,True,True,False,False,False,False,0.47960028052330017
HST F814W,F814W_054_4423456,149.9438671568514,2.1146813851189554,-0.31416359543800354,0.08138098567724228,30.398548126220703,054,True,False,True,False,True,True,True,True,True,False,False,False,False,0.4807395339012146
HST F814W,F814W_040_2413619,150.31885054286084,1.8481221410378748,-0.5704346299171448,0.07860240340232849,30.36512565612793,040,True,False,True,False,True,True,True,True,True,False,False,False,False,0.6051368117332458
HST F814W,F814W_089_8454495,150.15845053821664,2.496588102611694,-0.5956987142562866,0.0881812572479248,30.27890396118164,089,True,False,True,False,True,True,True,True,True,False,False,False,False,0.518988311290741
HST F814W,F814W_065_5750223,150.17750707911398,2.2611993560288237,-0.8568668961524963,0.11113052070140839,30.253997802734375,065,True,False,True,False,True,True,True,True,True,False,False,False,False,0.40557292103767395
HST F814W,F814W_063_5345220,150.41327348919833,2.2548030070404663,-0.2985096275806427,0.08090492337942123,30.24103355407715,063,True,False,True,False,True,True,True,True,True,False,False,False,False,0.41067972779273987
HST F814W,F814W_066_6003506,149.92847441469692,2.2530518451130934,-0.13993659615516663,0.09210315346717834,30.231372833251953,066,True,False,True,False,True,True,True,True,True,False,False,False,False,0.4472123682498932
HST F814W,F814W_075_6996983,150.48363032501072,2.338725703138846,-0.3284493088722229,0.08114517480134964,30.189992904663086,075,True,False,True,False,True,True,True,True,True,False,False,False,False,0.4172743558883667
HST F814W,F814W_055_4463137,149.7717051303853,2.0357922118217213,-0.14502374827861786,0.08252593129873276,30.06290626525879,055,True,False,True,False,True,True,True,True,True,False,False,False,False,0.525359570980072
HST F814W,F814W_076_7084524,150.22932490494662,2.3248900758925175,-0.4420946538448334,0.0790606141090393,30.06085777282715,076,True,False,True,False,True,True,True,True,True,False,False,False,False,0.402046263217926
