found_in,star_id,ra,dec,mag,peak,snr,tile,missing_jwst,missing_hst,in_jwst_fp,in_hst_fp,missing_euclid,in_euclid_fp,in_jwst_pix,in_hst_pix,real_orphan
HST F814W,F814W_063_5366262,150.4310104033926,2.291048297754397,-7.226059436798096,44.92292785644531,16791.509765625,063,True,False,True,False,True,True,True,False,True
HST F814W,F814W_075_7032419,150.5591645071142,2.40434591856486,-7.252046585083008,44.91206741333008,16709.49609375,075,True,False,True,False,True,True,True,False,True
HST F814W,F814W_075_6986614,150.56284638803126,2.3163184304267355,-7.547784328460693,43.99312210083008,16367.603515625,075,True,False,True,False,True,True,True,False,True
HST F814W,F814W_052_4067347,150.32475299003445,2.0980936510608292,-6.459903240203857,43.997840881347656,16166.302734375,052,True,False,True,False,True,True,True,False,True
HST F814W,F814W_091_8752145,149.8633091145872,2.516402062280845,-6.875770568847656,44.225189208984375,15772.3955078125,091,True,False,True,False,True,True,True,False,True
HST F814W,F814W_063_5353535,150.53422104602598,2.272095902947577,-6.944831848144531,41.068721771240234,15350.8662109375,063,True,False,True,False,True,True,True,False,True
HST F814W,F814W_040_2415730,150.37777417172464,1.8513499602291177,-6.584524154663086,39.43265151977539,15233.3427734375,040,True,False,True,False,True,True,True,False,True
HST F814W,F814W_075_6986592,150.56286782091354,2.316292252705544,-7.368773460388184,40.64193344116211,15120.796875,075,True,False,True,False,True,True,True,False,True
HST F814W,F814W_051_3807696,150.48916587362166,2.099033166826606,-7.473435878753662,41.94072723388672,14989.73046875,051,True,False,True,False,True,True,True,False,True
HST F814W,F814W_040_2419386,150.39399286309893,1.8581660962578728,-6.924812316894531,38.644630432128906,14928.9208984375,040,True,False,True,False,True,True,True,False,True
HST F814W,F814W_074_6867643,150.55961602439865,2.404282819158194,-7.078423976898193,45.14099884033203,14283.6904296875,074,True,False,True,False,True,True,True,False,True
HST F814W,F814W_028_0930536,150.3391571343402,1.7495502373986942,-6.92703914642334,40.64580154418945,14049.62109375,028,True,False,True,False,True,True,True,False,True
HST F814W,F814W_074_6867803,150.55930060562233,2.4043624020856997,-7.013040542602539,44.36183166503906,14037.1435546875,074,True,False,True,False,True,True,True,False,True
HST F814W,F814W_051_3807839,150.4889821923006,2.0990786033437594,-7.375995635986328,39.100303649902344,13974.5556640625,051,True,False,True,False,True,True,True,False,True
HST F814W,F814W_063_5347347,150.52584014109624,2.259316448607444,-6.734292030334473,36.516700744628906,13649.3896484375,063,True,False,True,False,True,True,True,False,True
HST F814W,F814W_102_10358144,149.92946136175578,2.694297326267268,-7.28358268737793,38.76897048950195,13628.3662109375,102,True,False,True,False,True,True,True,False,True
HST F814W,F814W_043_2942108,149.76643693391952,1.9389768926111206,-6.615814208984375,36.32625961303711,13627.173828125,043,True,False,True,False,True,True,True,False,True
HST F814W,F814W_074_6894868,150.5891100387257,2.4191235085436658,-7.421459674835205,42.85415267944336,13560.0771484375,074,True,False,True,False,True,True,True,False,True
HST F814W,F814W_051_3806874,150.48902208234026,2.0988054234034865,-7.197929382324219,37.930233001708984,13556.369140625,051,True,False,True,False,True,True,True,False,True
HST F814W,F814W_028_1019947,150.3367856816659,1.7778453219645867,-6.706284523010254,39.078792572021484,13507.96875,028,True,False,True,False,True,True,True,False,True
HST F814W,F814W_074_6894693,150.58914836352548,2.4190595334630456,-7.313036918640137,42.51800537109375,13453.712890625,074,True,False,True,False,True,True,True,False,True
HST F814W,F814W_063_5289446,150.50523718014526,2.156121612405932,-6.859929084777832,34.856468200683594,13028.8193359375,063,True,False,True,False,True,True,True,False,True
HST F814W,F814W_075_6987976,150.55700906770085,2.319648366084017,-7.162844657897949,34.49040222167969,12832.125,075,True,False,True,False,True,True,True,False,True
HST F814W,F814W_102_10358207,149.92917736054736,2.694372227956769,-6.270862579345703,36.488224029541016,12826.62109375,102,True,False,True,False,True,True,True,False,True
HST F814W,F814W_074_6857442,150.579848629408,2.397181447348699,-7.12203311920166,39.98318099975586,12651.6337890625,074,True,False,True,False,True,True,True,False,True
HST F814W,F814W_051_3807004,150.48894327198082,2.098833289794273,-7.079806804656982,33.63005447387695,12019.4736328125,051,True,False,True,False,True,True,True,False,True
HST F814W,F814W_074_6901780,150.59659163817196,2.4229835256287404,-6.867149353027344,37.80947494506836,11963.8212890625,074,True,False,True,False,True,True,True,False,True
HST F814W,F814W_028_0898784,150.34889491147894,1.7390466528681796,-6.4119672775268555,32.38338851928711,11193.63671875,028,True,False,True,False,True,True,True,False,True
HST F814W,F814W_074_6850564,150.56703899954476,2.393921957026021,-6.500057220458984,35.35915756225586,11188.482421875,074,True,False,True,False,True,True,True,False,True
HST F814W,F814W_044_3152317,149.72521711355785,1.9370829042023752,-6.5958571434021,31.9036865234375,11082.4130859375,044,True,False,True,False,True,True,True,False,True
HST F814W,F814W_051_3807990,150.48899253713392,2.099123424010623,-7.120264053344727,30.940587997436523,11058.2509765625,051,True,False,True,False,True,True,True,False,True
HST F814W,F814W_102_10358148,149.92964947540506,2.69430031706397,-6.6328229904174805,31.022476196289062,10905.2587890625,102,True,False,True,False,True,True,True,False,True
HST F814W,F814W_074_6901755,150.59644548552944,2.422969035453034,-6.598660469055176,34.127994537353516,10798.9130859375,074,True,False,True,False,True,True,True,False,True
HST F814W,F814W_051_3700981,150.4011546423576,2.0560085583969747,-6.463849067687988,30.000335693359375,10722.2021484375,051,True,False,True,False,True,True,True,False,True
HST F814W,F814W_091_8752113,149.86360317808231,2.5163695196004885,-6.598608016967773,29.516796112060547,10526.8193359375,091,True,False,True,False,True,True,True,False,True
HST F814W,F814W_063_5323535,150.51764522105555,2.2140058573219297,-6.641990661621094,28.021514892578125,10474.017578125,063,True,False,True,False,True,True,True,False,True
HST F814W,F814W_028_0930613,150.3391294590353,1.7495604206380815,-6.884716987609863,30.27366065979004,10464.388671875,028,True,False,True,False,True,True,True,False,True
HST F814W,F814W_040_2406433,150.37859374059997,1.8369786195865565,-6.067066669464111,26.498308181762695,10236.638671875,040,True,False,True,False,True,True,True,False,True
HST F814W,F814W_028_1001391,150.34394927989146,1.7705747807272354,-6.933865070343018,29.45284652709961,10180.666015625,028,True,False,True,False,True,True,True,False,True
HST F814W,F814W_028_0859401,150.34688150302887,1.7257115149502418,-6.773761749267578,29.424436569213867,10170.845703125,028,True,False,True,False,True,True,True,False,True
HST F814W,F814W_051_3807811,150.4892052161853,2.099078175891492,-7.0858073234558105,28.389686584472656,10146.5517578125,051,True,False,True,False,True,True,True,False,True
HST F814W,F814W_043_2931471,149.77241296377983,1.9213740495177931,-6.145504951477051,27.00769805908203,10131.474609375,043,True,False,True,False,True,True,True,False,True
HST F814W,F814W_075_6987980,150.55713196850255,2.31965454508693,-6.407468795776367,26.397716522216797,9821.248046875,075,True,False,True,False,True,True,True,False,True
HST F814W,F814W_065_5610910,150.1377837910954,2.140159421434962,-6.770761489868164,35.992252349853516,9798.4736328125,065,True,False,True,False,True,True,True,False,True
HST F814W,F814W_042_2759734,150.03621528540663,1.8598510896759708,-6.306451797485352,28.21238899230957,9723.5009765625,042,True,False,True,False,True,True,True,False,True
HST F814W,F814W_063_5320654,150.4679602835724,2.2096677204974036,-6.297204971313477,26.01309585571289,9723.30078125,063,True,False,True,False,True,True,True,False,True
HST F814W,F814W_077_7257322,150.073017105094,2.4317244342281468,-6.470931053161621,25.751054763793945,9698.4736328125,077,True,False,True,False,True,True,True,False,True
HST F814W,F814W_055_4434032,149.7534853215758,1.960959808592597,-6.5155720710754395,26.35379981994629,9600.27734375,055,True,False,True,False,True,True,True,False,True
HST F814W,F814W_076_7166274,150.2277270318369,2.4565097719831557,-6.076878547668457,25.190736770629883,9578.1591796875,076,True,False,True,False,True,True,True,False,True
HST F814W,F814W_028_1001540,150.3438207659578,1.7706042867809233,-6.499673843383789,27.569766998291016,9529.7607421875,028,True,False,True,False,True,True,True,False,True
HST F814W,F814W_091_8752092,149.86367654295188,2.516348200824536,-6.321572780609131,26.30631446838379,9381.8388671875,091,True,False,True,False,True,True,True,False,True
HST F814W,F814W_063_5320189,150.4718853847575,2.2091943516351313,-5.922858715057373,25.0064640045166,9347.037109375,063,True,False,True,False,True,True,True,False,True
HST F814W,F814W_042_2702747,150.0519783518604,1.8196723233243572,-6.176825523376465,27.114429473876953,9345.0859375,042,True,False,True,False,True,True,True,False,True
HST F814W,F814W_102_10358193,149.9292677336206,2.69435299692507,-6.185809135437012,26.247068405151367,9226.5712890625,102,True,False,True,False,True,True,True,False,True
HST F814W,F814W_028_1001449,150.34400638129074,1.7705789726689642,-6.619447708129883,26.499048233032227,9159.6572265625,028,True,False,True,False,True,True,True,False,True
HST F814W,F814W_075_6986656,150.56238380584082,2.316409441961748,-6.417284965515137,24.60917854309082,9155.82421875,075,True,False,True,False,True,True,True,False,True
HST F814W,F814W_075_6987986,150.5569145238024,2.3196657288879274,-6.67605447769165,24.475936889648438,9106.2509765625,075,True,False,True,False,True,True,True,False,True
HST F814W,F814W_063_5320750,150.46749982021393,2.209744129955747,-6.245691776275635,23.995174407958984,8969.0322265625,063,True,False,True,False,True,True,True,False,True
HST F814W,F814W_043_2953292,149.75348654381665,1.960956183759591,-6.398189544677734,23.511552810668945,8819.9560546875,043,True,False,True,False,True,True,True,False,True
HST F814W,F814W_042_2734877,150.00980726571464,1.84617357527337,-6.233260631561279,25.57600975036621,8814.86328125,042,True,False,True,False,True,True,True,False,True
HST F814W,F814W_052_4067369,150.3244296780473,2.0981209236079255,-5.6750030517578125,22.79668426513672,8376.27734375,052,True,False,True,False,True,True,True,False,True
HST F814W,F814W_051_3700974,150.40124162497654,2.0560018047362005,-6.337468147277832,22.809947967529297,8152.337890625,051,True,False,True,False,True,True,True,False,True
HST F814W,F814W_042_2706254,150.02586123980234,1.8277794740171622,-5.40505838394165,23.46442985534668,8087.10009765625,042,True,False,True,False,True,True,True,False,True
HST F814W,F814W_079_7481972,149.88110530009635,2.324307301792246,-6.022567272186279,22.141691207885742,8061.03125,079,True,False,True,False,True,True,True,False,True
HST F814W,F814W_079_7481967,149.88130148758214,2.324293304651092,-6.086428642272949,22.081533432006836,8039.1298828125,079,True,False,True,False,True,True,True,False,True
HST F814W,F814W_102_10358143,149.9295709491195,2.6943070102446125,-6.528670787811279,22.423303604125977,7882.412109375,102,True,False,True,False,True,True,True,False,True
HST F814W,F814W_063_5313451,150.46616729632737,2.199684043937273,-6.165738105773926,20.984922409057617,7843.84619140625,063,True,False,True,False,True,True,True,False,True
HST F814W,F814W_075_6986670,150.56244110250347,2.3164159260012442,-6.404572010040283,20.701248168945312,7701.8818359375,075,True,False,True,False,True,True,True,False,True
HST F814W,F814W_051_3702816,150.39987526661454,2.05948302990734,-6.1403889656066895,21.23799705505371,7590.51806640625,051,True,False,True,False,True,True,True,False,True
HST F814W,F814W_040_2383029,150.35611012076137,1.7953419330413452,-5.836363792419434,19.614238739013672,7577.23388671875,040,True,False,True,False,True,True,True,False,True
HST F814W,F814W_089_8390380,150.11743551843102,2.4642200322619847,-6.118289947509766,22.05264663696289,7572.24365234375,089,True,False,True,False,True,True,True,False,True
HST F814W,F814W_075_6986662,150.5623448196997,2.3164144975843737,-6.311305046081543,20.106128692626953,7480.4677734375,075,True,False,True,False,True,True,True,False,True
HST F814W,F814W_051_3701239,150.39805942659584,2.0564495042211703,-5.909820556640625,20.632925033569336,7374.263671875,051,True,False,True,False,True,True,True,False,True
HST F814W,F814W_088_8247756,150.27499314874566,2.503528962421239,-6.3045268058776855,20.604293823242188,7346.00048828125,088,True,False,True,False,True,True,True,False,True
HST F814W,F814W_065_5610884,150.13798222812187,2.1401321176565933,-6.3317341804504395,26.948070526123047,7336.30029296875,065,True,False,True,False,True,True,True,False,True
HST F814W,F814W_053_4280708,150.1388370487523,2.0846840461436416,-6.090746879577637,21.13288116455078,7326.01611328125,053,True,False,True,False,True,True,True,False,True
HST F814W,F814W_042_2731109,150.02179396072418,1.8446536954272494,-6.174784183502197,21.197622299194336,7305.8369140625,042,True,False,True,False,True,True,True,False,True
HST F814W,F814W_074_6929970,150.5831243937006,2.437505002306515,-5.995257377624512,22.969945907592773,7268.23974609375,074,True,False,True,False,True,True,True,False,True
HST F814W,F814W_052_4038158,150.36385021591312,2.0741761455393526,-5.982041835784912,19.482023239135742,7158.35791015625,052,True,False,True,False,True,True,True,False,True
HST F814W,F814W_075_6986680,150.56231384256526,2.3164411869089507,-6.128340721130371,18.75933074951172,6979.39306640625,075,True,False,True,False,True,True,True,False,True
HST F814W,F814W_074_6871469,150.58547071297255,2.4065168113105484,-5.842000961303711,21.84435272216797,6912.0751953125,074,True,False,True,False,True,True,True,False,True
HST F814W,F814W_052_4038191,150.36393384827522,2.0741750826789707,-6.0068135261535645,18.687721252441406,6866.50439453125,052,True,False,True,False,True,True,True,False,True
HST F814W,F814W_051_3807756,150.48871795094263,2.0990586634610344,-6.558528423309326,19.100675582885742,6826.6337890625,051,True,False,True,False,True,True,True,False,True
HST F814W,F814W_043_2937371,149.75072903799685,1.9306883602738134,-5.877609729766846,17.76608657836914,6664.642578125,043,True,False,True,False,True,True,True,False,True
HST F814W,F814W_075_6986632,150.56263286989207,2.3163690940176855,-6.369024276733398,17.858980178833008,6644.41845703125,075,True,False,True,False,True,True,True,False,True
HST F814W,F814W_053_4280813,150.13751275655716,2.084862587515011,-6.259828090667725,19.13455581665039,6633.26806640625,053,True,False,True,False,True,True,True,False,True
HST F814W,F814W_075_6978212,150.5588117870546,2.2933689746475427,-5.571203708648682,17.508380889892578,6513.97802734375,075,True,False,True,False,True,True,True,False,True
HST F814W,F814W_074_6706263,150.56324118293406,2.3162960046406162,-6.517872333526611,20.25273323059082,6408.44873046875,074,True,False,True,False,True,True,True,False,True
HST F814W,F814W_102_10358192,149.92956251297906,2.694341877601385,-6.247386455535889,18.070068359375,6352.12939453125,102,True,False,True,False,True,True,True,False,True
HST F814W,F814W_040_2415722,150.37790070176,1.851338723854034,-5.7695417404174805,16.289398193359375,6292.80517578125,040,True,False,True,False,True,True,True,False,True
HST F814W,F814W_102_10358218,149.9293011809605,2.694374964824071,-5.766952037811279,17.404876708984375,6118.2958984375,102,True,False,True,False,True,True,True,False,True
HST F814W,F814W_079_7481922,149.88167562972563,2.324234271287707,-5.622847080230713,16.284400939941406,5928.59228515625,079,True,False,True,False,True,True,True,False,True
HST F814W,F814W_067_6095053,149.84943304860607,2.1859125164551516,-5.745471000671387,16.150089263916016,5781.5234375,067,True,False,True,False,True,True,True,False,True
HST F814W,F814W_054_4346499,149.9291374792086,1.999038179963628,-5.620492935180664,15.447933197021484,5770.3251953125,054,True,False,True,False,True,True,True,False,True
HST F814W,F814W_074_6894808,150.5893415363193,2.4191032710639586,-6.318287372589111,18.13353729248047,5737.88427734375,074,True,False,True,False,True,True,True,False,True
HST F814W,F814W_075_6989128,150.5430055829606,2.322225826690557,-5.631800174713135,15.37751293182373,5721.1904296875,075,True,False,True,False,True,True,True,False,True
HST F814W,F814W_074_6814169,150.57993434814261,2.375411556897753,-5.576080799102783,17.91506576538086,5668.7548828125,074,True,False,True,False,True,True,True,False,True
HST F814W,F814W_042_2759283,150.03750021514634,1.8596438308208352,-6.246146202087402,16.230302810668945,5593.83203125,042,True,False,True,False,True,True,True,False,True
HST F814W,F814W_063_5336427,150.51580083629233,2.238261897142606,-5.4635725021362305,14.722830772399902,5503.1708984375,063,True,False,True,False,True,True,True,False,True
HST F814W,F814W_077_7256949,150.0758051805107,2.431374965894791,-5.147018909454346,14.360595703125,5408.5498046875,077,True,False,True,False,True,True,True,False,True
HST F814W,F814W_088_8248221,150.27016129533334,2.504149333982044,-6.426487922668457,15.108985900878906,5386.77099609375,088,True,False,True,False,True,True,True,False,True
HST F814W,F814W_028_0859273,150.3469604143759,1.7256704034092643,-6.007266521453857,15.513972282409668,5362.55712890625,028,True,False,True,False,True,True,True,False,True
HST F814W,F814W_102_10358225,149.92934338874053,2.6943745969734003,-5.876498699188232,15.043635368347168,5288.25439453125,102,True,False,True,False,True,True,True,False,True
HST F814W,F814W_078_7435378,150.0426306941872,2.3968617032272466,-6.38880729675293,14.750561714172363,5246.396484375,078,True,False,True,False,True,True,True,False,True
HST F814W,F814W_028_0853208,150.34300174357415,1.7179673359616825,-5.588284015655518,15.126230239868164,5228.5302734375,028,True,False,True,False,True,True,True,False,True
HST F814W,F814W_075_6986591,150.5630517247107,2.3162801367143064,-6.1224470138549805,13.66340446472168,5083.4580078125,075,True,False,True,False,True,True,True,False,True
HST F814W,F814W_040_2404888,150.3894498528185,1.8346763694415502,-5.360422134399414,12.3837890625,4784.01806640625,040,True,False,True,False,True,True,True,False,True
HST F814W,F814W_054_4346062,149.9317751790699,1.998727001011396,-5.634503364562988,11.929682731628418,4456.1396484375,054,True,False,True,False,True,True,True,False,True
HST F814W,F814W_063_5363842,150.44648302882703,2.2890954265230303,-4.511514663696289,11.897744178771973,4447.1962890625,063,True,False,True,False,True,True,True,False,True
HST F814W,F814W_051_3810076,150.48288878823143,2.099762496777819,-5.715507507324219,12.360541343688965,4417.69140625,051,True,False,True,False,True,True,True,False,True
HST F814W,F814W_051_3809695,150.48376145288006,2.0996497947679464,-5.511227130889893,12.248461723327637,4377.6337890625,051,True,False,True,False,True,True,True,False,True
HST F814W,F814W_074_6894809,150.5888684310195,2.419109986488769,-5.075608253479004,13.643404006958008,4317.09912109375,074,True,False,True,False,True,True,True,False,True
HST F814W,F814W_051_3809944,150.48317136975953,2.099722018097456,-5.569687843322754,12.044198036193848,4304.62939453125,051,True,False,True,False,True,True,True,False,True
HST F814W,F814W_042_2735054,150.00931602932692,1.8462487340273794,-5.78334379196167,12.425050735473633,4282.33837890625,042,True,False,True,False,True,True,True,False,True
HST F814W,F814W_063_5320127,150.47189006119442,2.2091341059093215,-5.360441207885742,11.434175491333008,4273.92138671875,063,True,False,True,False,True,True,True,False,True
HST F814W,F814W_088_8247830,150.27405764366014,2.50363490675083,-5.869553565979004,11.970184326171875,4267.70166015625,088,True,False,True,False,True,True,True,False,True
HST F814W,F814W_088_8247941,150.27268532570835,2.5037836705339966,-5.803764343261719,11.909990310668945,4246.24072265625,088,True,False,True,False,True,True,True,False,True
HST F814W,F814W_078_7457750,149.9981247936096,2.441792261011631,-5.6252665519714355,11.912433624267578,4236.947265625,078,True,False,True,False,True,True,True,False,True
HST F814W,F814W_088_8247358,150.27885168482382,2.5029837568301865,-4.824551582336426,11.755558967590332,4191.181640625,088,True,False,True,False,True,True,True,False,True
HST F814W,F814W_051_3809908,150.4832334430517,2.099714370260765,-5.513634204864502,11.56374454498291,4132.9140625,051,True,False,True,False,True,True,True,False,True
HST F814W,F814W_051_3810028,150.48298743037822,2.0997466862787864,-5.566251754760742,11.556046485900879,4130.16259765625,051,True,False,True,False,True,True,True,False,True
HST F814W,F814W_051_3809748,150.4836037485245,2.0996654564199946,-5.247135639190674,11.337639808654785,4052.103515625,051,True,False,True,False,True,True,True,False,True
HST F814W,F814W_055_4431815,149.7904022203774,1.9583333131323777,-5.602064609527588,10.93807601928711,3984.570068359375,055,True,False,True,False,True,True,True,False,True
HST F814W,F814W_089_8390509,150.11714319393766,2.464267762991149,-5.674429416656494,11.481301307678223,3942.34814453125,089,True,False,True,False,True,True,True,False,True
HST F814W,F814W_066_5825959,149.91277701662548,2.1583583257997803,-5.009718418121338,11.99769115447998,3938.048583984375,066,True,False,True,False,True,True,True,False,True
HST F814W,F814W_042_2732613,150.0204195048098,1.8452682864534478,-5.681976795196533,11.340531349182129,3908.554931640625,042,True,False,True,False,True,True,True,False,True
HST F814W,F814W_040_2477819,150.2419760156178,1.9298329292786256,-5.581586837768555,9.608088493347168,3711.728759765625,040,True,False,True,False,True,True,True,False,True
HST F814W,F814W_051_3806731,150.48893137939112,2.098753623337557,-5.838623046875,10.316864967346191,3687.27587890625,051,True,False,True,False,True,True,True,False,True
HST F814W,F814W_089_8485486,150.21739669216674,2.549402049335206,-5.235958576202393,10.672194480895996,3664.524169921875,089,True,False,True,False,True,True,True,False,True
HST F814W,F814W_051_3811044,150.48063450066257,2.100044429441448,-5.491461277008057,10.229164123535156,3655.93115234375,051,True,False,True,False,True,True,True,False,True
HST F814W,F814W_052_3877394,150.27616982173683,1.9982710834162611,-5.120187759399414,9.923409461975098,3646.197998046875,052,True,False,True,False,True,True,True,False,True
HST F814W,F814W_051_3810424,150.48206345684667,2.0998648522166405,-5.5392165184021,10.004215240478516,3575.533935546875,051,True,False,True,False,True,True,True,False,True
HST F814W,F814W_040_2478701,150.2365543679318,1.9305653991931349,-5.429588317871094,9.253802299499512,3574.863525390625,040,True,False,True,False,True,True,True,False,True
HST F814W,F814W_075_7005176,150.55011206437374,2.3537770173464008,-5.2936882972717285,9.544556617736816,3551.044189453125,075,True,False,True,False,True,True,True,False,True
HST F814W,F814W_051_3811099,150.48047898003696,2.1000664377912437,-5.278140068054199,9.873287200927734,3528.73974609375,051,True,False,True,False,True,True,True,False,True
HST F814W,F814W_039_2369031,150.4029381518323,1.9318435277346049,-5.15833854675293,9.408443450927734,3332.150146484375,039,True,False,True,False,True,True,True,False,True
HST F814W,F814W_053_4280727,150.13836542502625,2.0847403758143908,-5.410467147827148,9.5391263961792,3306.875,053,True,False,True,False,True,True,True,False,True
HST F814W,F814W_043_2942070,149.7666400517047,1.938941747132141,-4.681508541107178,8.413209915161133,3156.071533203125,043,True,False,True,False,True,True,True,False,True
HST F814W,F814W_054_4357576,149.89201220706406,2.0083165866448107,-4.985359191894531,8.36567497253418,3124.8623046875,054,True,False,True,False,True,True,True,False,True
HST F814W,F814W_075_6986676,150.55457035859132,2.3164366952031883,-5.0487823486328125,8.335064888000488,3101.0537109375,075,True,False,True,False,True,True,True,False,True
HST F814W,F814W_042_2730953,150.02210026380786,1.8446087753088887,-5.503507137298584,8.7903413772583,3029.622802734375,042,True,False,True,False,True,True,True,False,True
HST F814W,F814W_063_5369251,150.5559148884644,2.2935752061382995,-4.864354133605957,7.978219985961914,2982.1376953125,063,True,False,True,False,True,True,True,False,True
HST F814W,F814W_054_4346063,149.9317227972272,1.9987185642891172,-5.422523021697998,7.924602508544922,2960.106689453125,054,True,False,True,False,True,True,True,False,True
HST F814W,F814W_043_2928518,149.85679846003896,1.9172596715159698,-5.0191650390625,7.843818664550781,2942.47412109375,043,True,False,True,False,True,True,True,False,True
HST F814W,F814W_042_2730984,150.0219678199208,1.8446255767052508,-5.438604831695557,8.393043518066406,2892.692626953125,042,True,False,True,False,True,True,True,False,True
HST F814W,F814W_075_6995454,150.55013157728138,2.33589761459426,-4.86121129989624,7.757816314697266,2886.288818359375,075,True,False,True,False,True,True,True,False,True
HST F814W,F814W_063_5333214,150.53791497624422,2.23269331693521,-4.887158393859863,7.687355995178223,2873.417236328125,063,True,False,True,False,True,True,True,False,True
HST F814W,F814W_043_2941714,149.82103569867138,1.9386560327664037,-4.500840187072754,7.592030048370361,2848.019775390625,043,True,False,True,False,True,True,True,False,True
HST F814W,F814W_063_5359468,150.52741763492702,2.28253675855818,-4.7450103759765625,7.450466156005859,2784.871337890625,063,True,False,True,False,True,True,True,False,True
HST F814W,F814W_042_2731083,150.0215717348161,1.8446628710750224,-5.098672866821289,8.022940635681152,2765.13525390625,042,True,False,True,False,True,True,True,False,True
HST F814W,F814W_091_8752237,149.86275186774625,2.5165018606992255,-5.108478546142578,7.621781349182129,2718.218994140625,091,True,False,True,False,True,True,True,False,True
HST F814W,F814W_063_5305934,150.51441104408306,2.1878452744667776,-4.724264621734619,7.209820747375488,2694.921630859375,063,True,False,True,False,True,True,True,False,True
HST F814W,F814W_042_2730936,150.02213661855512,1.8446016852309732,-5.248613357543945,7.363885879516602,2537.98974609375,042,True,False,True,False,True,True,True,False,True
HST F814W,F814W_040_2387915,150.35037543867324,1.804807189909056,-4.529060363769531,6.558978080749512,2533.818115234375,040,True,False,True,False,True,True,True,False,True
HST F814W,F814W_044_3153342,149.7182786457188,1.9400687854751533,-4.816450595855713,7.282773971557617,2529.823974609375,044,True,False,True,False,True,True,True,False,True
HST F814W,F814W_075_6988057,150.55698570563828,2.3197605379331225,-5.285879135131836,6.7942047119140625,2527.778076171875,075,True,False,True,False,True,True,True,False,True
HST F814W,F814W_052_4067367,150.32466462710985,2.0980984153761892,-5.089725971221924,6.730275630950928,2472.93212890625,052,True,False,True,False,True,True,True,False,True
HST F814W,F814W_028_0910586,150.33171483101404,1.7429461570413003,-4.7184224128723145,7.087661266326904,2449.919921875,028,True,False,True,False,True,True,True,False,True
HST F814W,F814W_102_10358247,149.928998643463,2.6944062879915394,-5.083235740661621,6.856297969818115,2410.178466796875,102,True,False,True,False,True,True,True,False,True
HST F814W,F814W_042_2730859,150.02241811615485,1.8445676031549094,-5.100357532501221,6.936739444732666,2390.772216796875,042,True,False,True,False,True,True,True,False,True
HST F814W,F814W_074_6771225,150.56454800687305,2.3519245779009426,-4.865752220153809,7.48079776763916,2367.10302734375,074,True,False,True,False,True,True,True,False,True
HST F814W,F814W_066_5798897,149.9919860989786,2.1495783752362043,-4.855360507965088,7.104966640472412,2332.090576171875,066,True,False,True,False,True,True,True,False,True
HST F814W,F814W_067_6095026,149.84977362871393,2.185869816119072,-4.69188117980957,6.487174034118652,2322.324462890625,067,True,False,True,False,True,True,True,False,True
HST F814W,F814W_089_8391879,150.11270162390892,2.4648851158446834,-4.192730903625488,6.761070728302002,2321.556884765625,089,True,False,True,False,True,True,True,False,True
HST F814W,F814W_041_2515142,150.1112542879303,1.7939550750697812,-4.451776027679443,6.097348690032959,2289.5029296875,041,True,False,True,False,True,True,True,False,True
HST F814W,F814W_075_6988046,150.5570150443233,2.3197682149074974,-5.247025966644287,6.043087005615234,2248.325439453125,075,True,False,True,False,True,True,True,False,True
HST F814W,F814W_066_5799958,149.98886212675163,2.1500163224704036,-4.93408727645874,6.7910075187683105,2229.03857421875,066,True,False,True,False,True,True,True,False,True
HST F814W,F814W_074_6946263,150.60527107911093,2.4456837883484406,-4.546398639678955,6.934175968170166,2194.138916015625,074,True,False,True,False,True,True,True,False,True
HST F814W,F814W_091_8752270,149.86317419719254,2.516545292116507,-5.160910606384277,6.125073432922363,2184.435546875,091,True,False,True,False,True,True,True,False,True
HST F814W,F814W_074_6920020,150.5944078342747,2.432515123604548,-5.286154747009277,6.901808261871338,2183.89697265625,074,True,False,True,False,True,True,True,False,True
HST F814W,F814W_066_5825810,149.91311966030105,2.1583149189083732,-4.771562576293945,6.574937343597412,2158.116943359375,066,True,False,True,False,True,True,True,False,True
HST F814W,F814W_042_2730860,150.0223758677455,1.8445558378891167,-4.906639575958252,6.249051570892334,2153.758056640625,042,True,False,True,False,True,True,True,False,True
HST F814W,F814W_043_2928506,149.85691258089307,1.9172465951765425,-4.9152069091796875,5.730373859405518,2149.6513671875,043,True,False,True,False,True,True,True,False,True
HST F814W,F814W_089_8391753,150.11322472619273,2.4648074541193234,-4.964189529418945,6.215845108032227,2134.34228515625,089,True,False,True,False,True,True,True,False,True
HST F814W,F814W_075_6986696,150.5629487065028,2.3164686758493223,-5.1071600914001465,5.594778060913086,2081.532470703125,075,True,False,True,False,True,True,True,False,True
HST F814W,F814W_028_0953827,150.33353025774628,1.7567364899716074,-4.428786277770996,5.796910762786865,2003.75927734375,028,True,False,True,False,True,True,True,False,True
HST F814W,F814W_074_6901938,150.59653977750676,2.4230483600804025,-5.218797206878662,6.2809367179870605,1987.4383544921875,074,True,False,True,False,True,True,True,False,True
HST F814W,F814W_063_5281630,150.49827372888598,2.1403240073210203,-4.439417839050293,5.305262565612793,1983.0267333984375,063,True,False,True,False,True,True,True,False,True
HST F814W,F814W_042_2730289,150.02453789360746,1.8443017575150906,-4.877591609954834,5.7536187171936035,1983.00537109375,042,True,False,True,False,True,True,True,False,True
HST F814W,F814W_052_4066990,150.32823451416604,2.0976544512739492,-4.048281669616699,5.387272357940674,1979.467041015625,052,True,False,True,False,True,True,True,False,True
HST F814W,F814W_040_2477207,150.24566677182642,1.929291146223623,-4.182353496551514,5.044809818267822,1948.875244140625,040,True,False,True,False,True,True,True,False,True
HST F814W,F814W_074_6752778,150.56488086035353,2.3410774404572825,-4.559098720550537,6.062281131744385,1918.2506103515625,074,True,False,True,False,True,True,True,False,True
HST F814W,F814W_041_2549100,150.06063710500968,1.8173188252587007,-4.420011043548584,5.080025672912598,1907.5067138671875,041,True,False,True,False,True,True,True,False,True
HST F814W,F814W_051_3808200,150.48887674337948,2.0991947389070833,-5.22377872467041,5.260202884674072,1880.0108642578125,051,True,False,True,False,True,True,True,False,True
HST F814W,F814W_075_6987942,150.5569415032958,2.319597912731068,-5.129178047180176,4.98331356048584,1854.0374755859375,075,True,False,True,False,True,True,True,False,True
HST F814W,F814W_066_5825809,149.91317148727245,2.158311202705915,-4.722233295440674,5.6042938232421875,1839.51904296875,066,True,False,True,False,True,True,True,False,True
HST F814W,F814W_042_2730551,150.0235024161062,1.8444143376879654,-4.748043060302734,5.219576835632324,1798.9459228515625,042,True,False,True,False,True,True,True,False,True
HST F814W,F814W_074_6881471,150.59406269784745,2.4118189904426233,-4.544544696807861,5.680990695953369,1797.6011962890625,074,True,False,True,False,True,True,True,False,True
HST F814W,F814W_077_7282312,150.2278380679646,2.4565186004312043,-4.858719825744629,4.640713691711426,1747.8056640625,077,True,False,True,False,True,True,True,False,True
HST F814W,F814W_067_6095021,149.84983792914215,2.18586260103509,-3.5049147605895996,4.8227620124816895,1726.486572265625,067,True,False,True,False,True,True,True,False,True
HST F814W,F814W_091_8752062,149.86316955309792,2.516312016061365,-5.055196285247803,4.800477504730225,1712.0340576171875,091,True,False,True,False,True,True,True,False,True
HST F814W,F814W_074_6901927,150.59657304417175,2.4230349619284777,-5.0154008865356445,5.363144397735596,1697.0269775390625,074,True,False,True,False,True,True,True,False,True
HST F814W,F814W_042_2730254,150.02463857195136,1.8442728982968675,-4.590685844421387,4.8435959815979,1669.36279296875,042,True,False,True,False,True,True,True,False,True
HST F814W,F814W_055_4454534,149.87613019861797,2.010353076965446,-3.845684051513672,4.533501148223877,1651.483642578125,055,True,False,True,False,True,True,True,False,True
HST F814W,F814W_079_7481936,149.8813282958926,2.324258017005773,-4.729274272918701,4.50721549987793,1640.9227294921875,079,True,False,True,False,True,True,True,False,True
HST F814W,F814W_063_5286405,150.4991140970726,2.1494597214243467,-4.6666460037231445,4.386577129364014,1639.6361083984375,063,True,False,True,False,True,True,True,False,True
HST F814W,F814W_055_4454134,149.88043902181394,2.0097934168673652,-4.517292499542236,4.47670841217041,1630.794921875,055,True,False,True,False,True,True,True,False,True
HST F814W,F814W_051_3808038,150.48928739681733,2.099144023850619,-5.056906223297119,4.545932769775391,1624.728759765625,051,True,False,True,False,True,True,True,False,True
HST F814W,F814W_042_2730723,150.02284190983303,1.8445116503162533,-4.7436933517456055,4.708621978759766,1622.843505859375,042,True,False,True,False,True,True,True,False,True
HST F814W,F814W_063_5340193,150.5261993844134,2.2449442570978806,-4.0432515144348145,4.174066543579102,1560.2027587890625,063,True,False,True,False,True,True,True,False,True
HST F814W,F814W_042_2706321,150.02474195690368,1.827881984462702,-4.432089805603027,4.457284927368164,1536.21923828125,042,True,False,True,False,True,True,True,False,True
HST F814W,F814W_079_7524723,149.85415604864704,2.400196310190476,-3.789769172668457,4.205560207366943,1531.100341796875,079,True,False,True,False,True,True,True,False,True
HST F814W,F814W_051_3727446,150.4747521089054,2.071909114924225,-3.9988019466400146,4.234267234802246,1513.3387451171875,051,True,False,True,False,True,True,True,False,True
HST F814W,F814W_063_5287427,150.49932246362079,2.151542879180085,-4.024435997009277,4.042142868041992,1510.8917236328125,063,True,False,True,False,True,True,True,False,True
HST F814W,F814W_079_7524724,149.85412813522754,2.4002002110078204,-3.5043585300445557,4.035417079925537,1469.1571044921875,079,True,False,True,False,True,True,True,False,True
HST F814W,F814W_042_2706399,150.02428945251165,1.827983429893084,-3.9093146324157715,4.216911315917969,1453.3736572265625,042,True,False,True,False,True,True,True,False,True
HST F814W,F814W_075_6986577,150.56295009727125,2.3162206675813977,-4.830532073974609,3.8539113998413086,1433.844482421875,075,True,False,True,False,True,True,True,False,True
HST F814W,F814W_055_4454423,149.8771193892508,2.010189170935678,-3.2847986221313477,3.9166393280029297,1426.7705078125,055,True,False,True,False,True,True,True,False,True
HST F814W,F814W_055_4452748,149.89538492446323,2.0077943055992624,-3.347266674041748,3.896120309829712,1419.295654296875,055,True,False,True,False,True,True,True,False,True
HST F814W,F814W_051_3807160,150.488776632611,2.098872228244261,-4.855370044708252,3.954458475112915,1413.334228515625,051,True,False,True,False,True,True,True,False,True
HST F814W,F814W_028_1001903,150.3439284754043,1.770689603367571,-4.746094703674316,4.064352989196777,1404.883544921875,028,True,False,True,False,True,True,True,False,True
HST F814W,F814W_042_2705637,150.03313942058148,1.826375073319978,-4.071829795837402,4.071171283721924,1403.143798828125,042,True,False,True,False,True,True,True,False,True
HST F814W,F814W_051_3815030,150.48481308022457,2.1013212363187184,-4.159857749938965,3.9121625423431396,1398.2176513671875,051,True,False,True,False,True,True,True,False,True
HST F814W,F814W_063_5366987,150.42905228344378,2.291671648121972,-4.889039516448975,3.705746650695801,1385.1519775390625,063,True,False,True,False,True,True,True,False,True
HST F814W,F814W_063_5364464,150.54725895557252,2.2896538352201024,-4.015022277832031,3.704041004180908,1384.514404296875,063,True,False,True,False,True,True,True,False,True
HST F814W,F814W_051_3806506,150.48911531410948,2.098679606739765,-4.8841071128845215,3.854207992553711,1377.5045166015625,051,True,False,True,False,True,True,True,False,True
HST F814W,F814W_028_0900242,150.34186304306306,1.7395099882601637,-3.996570110321045,3.9492616653442383,1365.1011962890625,028,True,False,True,False,True,True,True,False,True
HST F814W,F814W_074_6838703,150.58496097065694,2.3879562109567822,-4.320401668548584,4.29640531539917,1359.4852294921875,074,True,False,True,False,True,True,True,False,True
HST F814W,F814W_063_5294159,150.50840821283887,2.1664577784601886,-3.9956557750701904,3.6153457164764404,1351.3614501953125,063,True,False,True,False,True,True,True,False,True
HST F814W,F814W_028_0903388,150.2630557757975,1.740569426421828,-4.084229469299316,3.8881022930145264,1343.9608154296875,028,True,False,True,False,True,True,True,False,True
HST F814W,F814W_066_5825811,149.9129569305257,2.158333211669909,-4.596094131469727,3.9293770790100098,1289.754638671875,066,True,False,True,False,True,True,True,False,True
HST F814W,F814W_055_4454426,149.87707739158583,2.010195044392143,-3.3686330318450928,3.4018707275390625,1239.248291015625,055,True,False,True,False,True,True,True,False,True
HST F814W,F814W_074_6785106,150.58007728876342,2.3595130094784964,-4.010763168334961,3.9158637523651123,1239.0728759765625,074,True,False,True,False,True,True,True,False,True
HST F814W,F814W_051_3808227,150.48920214286042,2.099194954382887,-4.721505165100098,3.4279327392578125,1225.152587890625,051,True,False,True,False,True,True,True,False,True
HST F814W,F814W_040_2381603,150.35076134605495,1.792855438694087,-3.960205078125,3.1667330265045166,1223.3499755859375,040,True,False,True,False,True,True,True,False,True
HST F814W,F814W_028_1001872,150.3439599330725,1.770681201610389,-4.598745822906494,3.48744535446167,1205.4698486328125,028,True,False,True,False,True,True,True,False,True
HST F814W,F814W_063_5283019,150.50354780773927,2.1427597423273483,-3.7064788341522217,3.0518267154693604,1140.7265625,063,True,False,True,False,True,True,True,False,True
HST F814W,F814W_042_2713180,150.00743491972617,1.8352671894554942,-3.830735206604004,3.299071788787842,1137.0369873046875,042,True,False,True,False,True,True,True,False,True
HST F814W,F814W_074_6901612,150.59646249594238,2.4229066546240685,-4.638735771179199,3.577115774154663,1131.8848876953125,074,True,False,True,False,True,True,True,False,True
HST F814W,F814W_102_10358135,149.92934395267193,2.69429521697693,-4.568293571472168,3.2002811431884766,1124.9874267578125,102,True,False,True,False,True,True,True,False,True
HST F814W,F814W_063_5317780,150.5099957955044,2.2058981039124004,-3.67626690864563,2.956892728805542,1105.24169921875,063,True,False,True,False,True,True,True,False,True
HST F814W,F814W_040_2385318,150.37901274491162,1.7996441827791823,-4.1352338790893555,2.8566784858703613,1103.5718994140625,040,True,False,True,False,True,True,True,False,True
HST F814W,F814W_088_8247373,150.27903762779172,2.5030117032907477,-2.704525947570801,3.061619520187378,1091.552001953125,088,True,False,True,False,True,True,True,False,True
HST F814W,F814W_075_7032254,150.56095267845845,2.404174992161407,-3.4184088706970215,2.8859705924987793,1073.722900390625,075,True,False,True,False,True,True,True,False,True
HST F814W,F814W_054_4351063,150.0434882213121,2.0028280600347954,-4.452386379241943,2.828446865081787,1056.5205078125,054,True,False,True,False,True,True,True,False,True
HST F814W,F814W_075_6995627,150.5540505906137,2.3362186266956835,-3.712533950805664,2.804628849029541,1043.459716796875,075,True,False,True,False,True,True,True,False,True
HST F814W,F814W_102_10358101,149.92956957068805,2.694255166822706,-4.366171836853027,2.851900577545166,1002.52197265625,102,True,False,True,False,True,True,True,False,True
HST F814W,F814W_074_6777476,150.56757710041538,2.3554121542737914,-3.8845529556274414,3.1121790409088135,984.7677612304688,074,True,False,True,False,True,True,True,False,True
HST F814W,F814W_063_5293759,150.5067350521812,2.165536413753433,-4.169851303100586,2.6161108016967773,977.862548828125,063,True,False,True,False,True,True,True,False,True
HST F814W,F814W_075_6986558,150.56280473279827,2.316176452158023,-4.315560340881348,2.5420539379119873,945.7689819335938,075,True,False,True,False,True,True,True,False,True
HST F814W,F814W_051_3808060,150.48876887449862,2.099142161688248,-4.4891791343688965,2.63661789894104,942.33447265625,051,True,False,True,False,True,True,True,False,True
HST F814W,F814W_040_2415776,150.37783375767364,1.8514144015017049,-4.1801605224609375,2.4021124839782715,927.9671020507812,040,True,False,True,False,True,True,True,False,True
HST F814W,F814W_075_6986739,150.5616416608277,2.3165481815180784,-3.4001951217651367,2.477346420288086,921.6946411132812,075,True,False,True,False,True,True,True,False,True
HST F814W,F814W_075_6986581,150.56272821981477,2.3162558497276446,-4.327944755554199,2.449774742126465,911.4365844726562,075,True,False,True,False,True,True,True,False,True
HST F814W,F814W_043_2936225,149.77155199511694,1.9286076512567425,-3.6577508449554443,2.352926015853882,882.6598510742188,043,True,False,True,False,True,True,True,False,True
HST F814W,F814W_051_3808454,150.48918990596528,2.0992689789360868,-4.373780250549316,2.465942144393921,881.33447265625,051,True,False,True,False,True,True,True,False,True
HST F814W,F814W_075_6986737,150.56287190211663,2.316540938753861,-4.269008159637451,2.3527421951293945,875.335693359375,075,True,False,True,False,True,True,True,False,True
HST F814W,F814W_074_6941077,150.61044958646428,2.4429287583205506,-4.345527172088623,2.7371184825897217,866.0896606445312,074,True,False,True,False,True,True,True,False,True
HST F814W,F814W_028_0939471,150.34884974012206,1.7523144854116741,-3.606218099594116,2.4801766872406006,857.2974853515625,028,True,False,True,False,True,True,True,False,True
HST F814W,F814W_043_2920327,149.81985311348228,1.9023447327722292,-4.170080184936523,2.251595973968506,844.6476440429688,043,True,False,True,False,True,True,True,False,True
HST F814W,F814W_063_5274050,150.4925837249168,2.1281160970805124,-3.9124629497528076,2.2450435161590576,839.1632690429688,063,True,False,True,False,True,True,True,False,True
HST F814W,F814W_076_7159018,150.37285278805524,2.4433418420528312,-3.9691081047058105,2.2065742015838623,838.9956665039062,076,True,False,True,False,True,True,True,False,True
HST F814W,F814W_028_0859507,150.34687361092682,1.7257699261269661,-4.049658298492432,2.406855344772339,831.9532470703125,028,True,False,True,False,True,True,True,False,True
HST F814W,F814W_051_3808260,150.48881137890436,2.0991964308554625,-4.312304973602295,2.2416276931762695,801.1638793945312,051,True,False,True,False,True,True,True,False,True
HST F814W,F814W_040_2415654,150.3777950752184,1.8512516097868406,-4.10488224029541,2.055107831954956,793.9147338867188,040,True,False,True,False,True,True,True,False,True
HST F814W,F814W_074_6894649,150.58901765010935,2.4190349382136604,-4.306860446929932,2.498079538345337,790.4520263671875,074,True,False,True,False,True,True,True,False,True
HST F814W,F814W_074_6902045,150.59656765896557,2.4231058994101926,-4.167095184326172,2.4705617427825928,781.7447509765625,074,True,False,True,False,True,True,True,False,True
HST F814W,F814W_074_6834493,150.57713356973483,2.385795567688141,-3.6330790519714355,2.4093141555786133,762.3645629882812,074,True,False,True,False,True,True,True,False,True
HST F814W,F814W_063_5335017,150.53607760685875,2.235716302408751,-3.7858119010925293,2.0135674476623535,752.6409912109375,063,True,False,True,False,True,True,True,False,True
HST F814W,F814W_042_2706413,150.02429319249075,1.8280037864540748,-3.324132204055786,2.182840585708618,752.3238525390625,042,True,False,True,False,True,True,True,False,True
HST F814W,F814W_074_6737640,150.5691317022974,2.333015113540721,-3.74468994140625,2.320626974105835,734.3018188476562,074,True,False,True,False,True,True,True,False,True
HST F814W,F814W_091_8752366,149.8632227622458,2.5166352230515505,-4.070013999938965,2.0332467555999756,725.1336059570312,091,True,False,True,False,True,True,True,False,True
HST F814W,F814W_028_0887244,150.3226772921934,1.7351804384979967,-3.332505702972412,2.0859010219573975,721.01220703125,028,True,False,True,False,True,True,True,False,True
HST F814W,F814W_063_5350227,150.54067518346045,2.2662312856526636,-3.3479466438293457,1.9252809286117554,719.6408081054688,063,True,False,True,False,True,True,True,False,True
HST F814W,F814W_028_1024137,150.3764525174673,1.7901429977554306,-3.9807891845703125,2.0752060413360596,717.3153686523438,028,True,False,True,False,True,True,True,False,True
HST F814W,F814W_075_6987935,150.55709122312268,2.3196012921505984,-3.923117160797119,1.9209802150726318,714.6990356445312,075,True,False,True,False,True,True,True,False,True
HST F814W,F814W_028_1024108,150.37636627941328,1.7900612604685568,-3.9988174438476562,2.05196213722229,709.2808837890625,028,True,False,True,False,True,True,True,False,True
HST F814W,F814W_063_5304696,150.50625222225588,2.1856800660253337,-3.6983561515808105,1.8938716650009155,707.9005126953125,063,True,False,True,False,True,True,True,False,True
HST F814W,F814W_063_5303109,150.5047115771768,2.1830087001946583,-3.835780143737793,1.89371657371521,707.842529296875,063,True,False,True,False,True,True,True,False,True
HST F814W,F814W_040_2392468,150.22705541204834,1.8140280326408516,-3.8051726818084717,1.8277308940887451,706.0760498046875,040,True,False,True,False,True,True,True,False,True
HST F814W,F814W_042_2706250,150.0250058939298,1.8277690226892163,-4.1645379066467285,2.048309087753296,705.9570922851562,042,True,False,True,False,True,True,True,False,True
HST F814W,F814W_028_1024136,150.3764880538174,1.7901326255189656,-3.946437358856201,2.036494255065918,703.9342651367188,028,True,False,True,False,True,True,True,False,True
HST F814W,F814W_063_5346587,150.53157415321647,2.2575686708714295,-3.3218259811401367,1.8277626037597656,683.18994140625,063,True,False,True,False,True,True,True,False,True
HST F814W,F814W_051_3846543,150.486940668073,2.1112940329179923,-3.260434150695801,1.9076300859451294,681.792236328125,051,True,False,True,False,True,True,True,False,True
HST F814W,F814W_051_3808311,150.48874651714365,2.09922208043362,-4.112377166748047,1.882274866104126,672.7301635742188,051,True,False,True,False,True,True,True,False,True
HST F814W,F814W_028_1022677,150.36293872599666,1.7847208965024663,-3.306889772415161,1.9446078538894653,672.1728515625,028,True,False,True,False,True,True,True,False,True
HST F814W,F814W_075_6986741,150.56299590142024,2.31655733184975,-3.98462176322937,1.8051977157592773,671.6222534179688,075,True,False,True,False,True,True,True,False,True
HST F814W,F814W_074_6805909,150.58584778999912,2.3710356765717915,-3.8845345973968506,2.10463547706604,665.9569091796875,074,True,False,True,False,True,True,True,False,True
HST F814W,F814W_028_0860819,150.29892508292832,1.7263876418804078,-3.26686954498291,1.9002134799957275,656.8275146484375,028,True,False,True,False,True,True,True,False,True
HST F814W,F814W_040_2380983,150.28652654686337,1.7919880356484355,-3.00358510017395,1.6988953351974487,656.3052368164062,040,True,False,True,False,True,True,True,False,True
HST F814W,F814W_040_2406058,150.38835643341088,1.8363902570658341,-3.157336473464966,1.6889456510543823,652.4615478515625,040,True,False,True,False,True,True,True,False,True
HST F814W,F814W_074_6867449,150.56115892240499,2.404145295794742,-2.299037218093872,2.0170063972473145,638.22900390625,074,True,False,True,False,True,True,True,False,True
HST F814W,F814W_063_5352662,150.52996892483566,2.270452981105952,-3.3285255432128906,1.6859955787658691,630.1995849609375,063,True,False,True,False,True,True,True,False,True
HST F814W,F814W_074_6766562,150.57020421703507,2.348313490181355,-3.654963970184326,1.9508568048477173,617.2976684570312,074,True,False,True,False,True,True,True,False,True
HST F814W,F814W_042_2706241,150.02516230960393,1.82776422533829,-3.9785850048065186,1.785621166229248,615.4207763671875,042,True,False,True,False,True,True,True,False,True
HST F814W,F814W_091_8752105,149.86286541598557,2.5163779944771143,-3.9273672103881836,1.72494637966156,615.181884765625,091,True,False,True,False,True,True,True,False,True
HST F814W,F814W_028_0859200,150.34682447704483,1.7256309779232548,-3.873051166534424,1.7615538835525513,608.8984375,028,True,False,True,False,True,True,True,False,True
HST F814W,F814W_041_2512372,150.11480199910653,1.7932060582740883,-3.0585944652557373,1.617720603942871,607.4404296875,041,True,False,True,False,True,True,True,False,True
HST F814W,F814W_029_1209133,150.14805145714305,1.7842268368661027,-3.969250202178955,2.17276930809021,604.90234375,029,True,False,True,False,True,True,True,False,True
HST F814W,F814W_075_6988078,150.5570543446787,2.3198027291011685,-3.7232913970947266,1.6252191066741943,604.661376953125,075,True,False,True,False,True,True,True,False,True
HST F814W,F814W_066_5824187,149.91636940007393,2.157842069467026,-3.56231427192688,1.8246266841888428,598.9042358398438,066,True,False,True,False,True,True,True,False,True
HST F814W,F814W_028_0986467,150.24253511979117,1.7663920251771172,-3.3629722595214844,1.7286008596420288,597.5078735351562,028,True,False,True,False,True,True,True,False,True
HST F814W,F814W_063_5337227,150.53550086590627,2.2396035197394806,-3.488126277923584,1.593304991722107,595.5532836914062,063,True,False,True,False,True,True,True,False,True
HST F814W,F814W_091_8752271,149.8628907467312,2.5165457335495143,-3.788003444671631,1.6506072282791138,588.6697387695312,091,True,False,True,False,True,True,True,False,True
HST F814W,F814W_028_0975495,150.2520193333128,1.7631710290058702,-3.6634504795074463,1.6971454620361328,586.635009765625,028,True,False,True,False,True,True,True,False,True
HST F814W,F814W_075_6986602,150.56263746145862,2.3163046192827266,-3.8296918869018555,1.5716009140014648,584.7127685546875,075,True,False,True,False,True,True,True,False,True
HST F814W,F814W_063_5341760,150.53179853697998,2.2480014179385797,-3.456834554672241,1.5484548807144165,578.7889404296875,063,True,False,True,False,True,True,True,False,True
HST F814W,F814W_051_3808228,150.4886470820219,2.0991920104188924,-3.952083110809326,1.602344274520874,572.6822509765625,051,True,False,True,False,True,True,True,False,True
HST F814W,F814W_091_8752327,149.86294803299833,2.5166036240140017,-3.8077173233032227,1.558380365371704,555.778076171875,091,True,False,True,False,True,True,True,False,True
HST F814W,F814W_063_5272422,150.49058212351733,2.1253629686186746,-2.996879816055298,1.4826374053955078,554.1873779296875,063,True,False,True,False,True,True,True,False,True
HST F814W,F814W_075_6987926,150.5569134277968,2.3195809969856196,-3.7111239433288574,1.4797435998916626,550.537353515625,075,True,False,True,False,True,True,True,False,True
HST F814W,F814W_063_5314685,150.4860263649157,2.201103743212086,-3.424696922302246,1.468126893043518,548.7636108398438,063,True,False,True,False,True,True,True,False,True
HST F814W,F814W_075_6982036,150.55485744587864,2.3010313549133836,-2.987114906311035,1.4730429649353027,548.0443725585938,075,True,False,True,False,True,True,True,False,True
HST F814W,F814W_074_6962114,150.57722824358743,2.4541803737579206,-3.2371532917022705,1.730587363243103,547.5991821289062,074,True,False,True,False,True,True,True,False,True
HST F814W,F814W_041_2571067,150.0769719400615,1.8545321896628377,-3.0942225456237793,1.4247075319290161,534.9656372070312,041,True,False,True,False,True,True,True,False,True
HST F814W,F814W_043_2926660,149.79356725106973,1.9146337266325586,-3.4950618743896484,1.3986937999725342,524.6959838867188,043,True,False,True,False,True,True,True,False,True
HST F814W,F814W_052_3911905,150.3114032649337,2.0366987045728875,-3.4212136268615723,1.426009178161621,523.9642333984375,052,True,False,True,False,True,True,True,False,True
HST F814W,F814W_028_0962368,150.33434815341877,1.7593119708322227,-2.9826183319091797,1.5072232484817505,520.986572265625,028,True,False,True,False,True,True,True,False,True
HST F814W,F814W_051_3788857,150.48288658216265,2.0931745842709577,-2.9291419982910156,1.4429203271865845,515.7036743164062,051,True,False,True,False,True,True,True,False,True
HST F814W,F814W_076_7093665,150.30092486083112,2.340391317540332,-3.2686994075775146,1.349293828010559,513.0358276367188,076,True,False,True,False,True,True,True,False,True
HST F814W,F814W_042_2729977,150.02915757154037,1.8441476459675106,-2.06900691986084,1.4859563112258911,512.1401977539062,042,True,False,True,False,True,True,True,False,True
HST F814W,F814W_051_3714159,150.47560206763453,2.0671108406139025,-3.2027854919433594,1.4269068241119385,509.98040771484375,051,True,False,True,False,True,True,True,False,True
HST F814W,F814W_039_2377065,150.39664413523025,1.9537309305882797,-3.397420644760132,1.4349972009658813,508.22711181640625,039,True,False,True,False,True,True,True,False,True
HST F814W,F814W_079_7482276,149.79686643947915,2.3247107409211862,-2.849717617034912,1.3893823623657227,505.8265075683594,079,True,False,True,False,True,True,True,False,True
HST F814W,F814W_088_8231012,150.318503004844,2.4618463343819412,-3.4899446964263916,1.3990068435668945,498.78460693359375,088,True,False,True,False,True,True,True,False,True
HST F814W,F814W_028_0853973,150.3453498486931,1.7195191554296245,-3.4050889015197754,1.4264497756958008,493.06640625,028,True,False,True,False,True,True,True,False,True
HST F814W,F814W_063_5290054,150.5038121845252,2.1575607051069032,-2.8679208755493164,1.3186627626419067,492.8961486816406,063,True,False,True,False,True,True,True,False,True
HST F814W,F814W_074_6841974,150.5864920843202,2.3895948413184653,-3.1110992431640625,1.5551183223724365,492.07659912109375,074,True,False,True,False,True,True,True,False,True
HST F814W,F814W_040_2383988,150.35572582405626,1.797106304013883,-2.835205078125,1.2610529661178589,487.16107177734375,040,True,False,True,False,True,True,True,False,True
HST F814W,F814W_053_4270432,150.12266677386117,2.052931443878516,-3.4556751251220703,1.3846814632415771,480.0196838378906,053,True,False,True,False,True,True,True,False,True
HST F814W,F814W_075_6988058,150.5568860984394,2.3197739595736553,-3.575758457183838,1.2899121046066284,479.91070556640625,075,True,False,True,False,True,True,True,False,True
HST F814W,F814W_051_3694426,150.46543148600566,2.0377287998785842,-2.8016088008880615,1.3278865814208984,474.5903015136719,051,True,False,True,False,True,True,True,False,True
HST F814W,F814W_051_3806899,150.48858204066994,2.0987919379373996,-3.6561167240142822,1.2913519144058228,461.53271484375,051,True,False,True,False,True,True,True,False,True
HST F814W,F814W_028_0947862,150.3460680413387,1.7549386870057697,-2.968738079071045,1.3290709257125854,459.40643310546875,028,True,False,True,False,True,True,True,False,True
HST F814W,F814W_075_7004403,150.55531485930575,2.352314616679502,-3.265080451965332,1.215659737586975,452.28515625,075,True,False,True,False,True,True,True,False,True
HST F814W,F814W_041_2564912,150.08908477695638,1.8440394752678206,-2.7568888664245605,1.1953167915344238,448.83135986328125,041,True,False,True,False,True,True,True,False,True
HST F814W,F814W_063_5350845,150.54266598456226,2.2672754305463076,-2.663527488708496,1.1905889511108398,445.02410888671875,063,True,False,True,False,True,True,True,False,True
HST F814W,F814W_029_1175445,150.2056611010001,1.7631399603915447,-3.081325054168701,1.585074782371521,441.28729248046875,029,True,False,True,False,True,True,True,False,True
HST F814W,F814W_028_1001168,150.3440408709963,1.770512761759336,-3.4235658645629883,1.275591492652893,440.9207458496094,028,True,False,True,False,True,True,True,False,True
HST F814W,F814W_074_6895028,150.58924969880712,2.419211468362397,-3.764739990234375,1.3762164115905762,435.4677429199219,074,True,False,True,False,True,True,True,False,True
HST F814W,F814W_075_6986697,150.56266571665668,2.31646335941725,-3.4902234077453613,1.1691731214523315,434.9898681640625,075,True,False,True,False,True,True,True,False,True
HST F814W,F814W_055_4555330,149.7356731590158,2.105502887838109,-3.298586368560791,1.1873314380645752,432.5262756347656,055,True,False,True,False,True,True,True,False,True
HST F814W,F814W_074_6902024,150.59650357272287,2.4230935854775812,-3.5574121475219727,1.3658006191253662,432.17193603515625,074,True,False,True,False,True,True,True,False,True
HST F814W,F814W_052_4064160,150.27296184904858,2.0922535952522234,-3.2115488052368164,1.175452709197998,431.90130615234375,052,True,False,True,False,True,True,True,False,True
HST F814W,F814W_075_6981558,150.54447803916267,2.300201695158507,-2.6886138916015625,1.1530547142028809,428.9930114746094,075,True,False,True,False,True,True,True,False,True
HST F814W,F814W_041_2558931,150.18234225920557,1.8327942364769685,-2.7498176097869873,1.1378039121627808,427.2357482910156,041,True,False,True,False,True,True,True,False,True
HST F814W,F814W_042_2755339,149.9974164191167,1.8576103372017876,-3.179755449295044,1.2178525924682617,419.7372741699219,042,True,False,True,False,True,True,True,False,True
HST F814W,F814W_040_2401372,150.36596382347147,1.8292875395650585,-2.9704225063323975,1.085325837135315,419.2754211425781,040,True,False,True,False,True,True,True,False,True
HST F814W,F814W_042_2725655,150.0223440576798,1.8417630534852194,-3.357231855392456,1.1999541521072388,413.5685119628906,042,True,False,True,False,True,True,True,False,True
HST F814W,F814W_063_5350328,150.5375121243476,2.2664020598258814,-2.7290055751800537,1.096602201461792,409.8932800292969,063,True,False,True,False,True,True,True,False,True
HST F814W,F814W_064_5552573,150.37223223327314,2.2504026359496785,-2.170659065246582,1.11763334274292,409.473876953125,064,True,False,True,False,True,True,True,False,True
HST F814W,F814W_040_2390500,150.36277427908908,1.8103439137225634,-3.0930495262145996,1.0522313117980957,406.4905700683594,040,True,False,True,False,True,True,True,False,True
HST F814W,F814W_054_4391738,150.02083255137802,2.059509806463963,-3.281707525253296,1.08706796169281,406.0566101074219,054,True,False,True,False,True,True,True,False,True
HST F814W,F814W_051_3699973,150.46770899828545,2.053839985250196,-3.2409677505493164,1.1316089630126953,404.4401550292969,051,True,False,True,False,True,True,True,False,True
HST F814W,F814W_063_5354098,150.53614441852423,2.2732378265413593,-2.774838924407959,1.0807026624679565,403.9502868652344,063,True,False,True,False,True,True,True,False,True
HST F814W,F814W_040_2384576,150.35315059282686,1.7982036938511516,-2.6612071990966797,1.03916335105896,401.4422302246094,040,True,False,True,False,True,True,True,False,True
HST F814W,F814W_079_7569120,149.88127979292145,2.459074177075728,-3.1131675243377686,1.0980379581451416,399.75799560546875,079,True,False,True,False,True,True,True,False,True
HST F814W,F814W_075_7032293,150.55923471464064,2.4042374612899224,-3.530616283416748,1.070688009262085,398.3485412597656,075,True,False,True,False,True,True,True,False,True
HST F814W,F814W_040_2415813,150.37785755214287,1.8514702587768896,-3.2392401695251465,1.0284614562988281,397.3079528808594,040,True,False,True,False,True,True,True,False,True
HST F814W,F814W_102_10358038,149.9293927353368,2.694160575319576,-3.399874687194824,1.1270837783813477,396.2011413574219,102,True,False,True,False,True,True,True,False,True
HST F814W,F814W_041_2543868,150.1026859266352,1.8098145349020316,-3.000490427017212,1.0473846197128296,393.2840576171875,041,True,False,True,False,True,True,True,False,True
HST F814W,F814W_074_6902005,150.5966175072205,2.423089517019583,-3.377737045288086,1.223468542098999,387.1346740722656,074,True,False,True,False,True,True,True,False,True
HST F814W,F814W_028_1023758,150.36926174567017,1.7883450412289128,-2.752869129180908,1.1179016828536987,386.4137268066406,028,True,False,True,False,True,True,True,False,True
HST F814W,F814W_051_3667879,150.39640459824886,1.9714088424087657,-3.0654098987579346,1.0779547691345215,385.26397705078125,051,True,False,True,False,True,True,True,False,True
HST F814W,F814W_041_2547161,150.12266177717692,1.8143459293819173,-2.4827332496643066,1.0201301574707031,383.0502624511719,041,True,False,True,False,True,True,True,False,True
HST F814W,F814W_028_0892393,150.32013511355962,1.7369081852082673,-2.6425461769104004,1.1068962812423706,382.6095886230469,028,True,False,True,False,True,True,True,False,True
HST F814W,F814W_051_3806843,150.48864817064992,2.0987905062298746,-3.498910903930664,1.0702803134918213,382.5211181640625,051,True,False,True,False,True,True,True,False,True
HST F814W,F814W_042_2706261,150.02524527089577,1.8277856600849456,-3.538783073425293,1.0952386856079102,377.4779357910156,042,True,False,True,False,True,True,True,False,True
HST F814W,F814W_042_2706251,150.0249387868849,1.827784208230013,-3.4779980182647705,1.0930763483047485,376.7326965332031,042,True,False,True,False,True,True,True,False,True
HST F814W,F814W_042_2741138,149.96696989644292,1.8491891243525935,-3.0000152587890625,1.0854324102401733,374.0981750488281,042,True,False,True,False,True,True,True,False,True
HST F814W,F814W_051_3700296,150.46748230417458,2.054586256360088,-3.1196846961975098,1.041398525238037,372.19866943359375,051,True,False,True,False,True,True,True,False,True
HST F814W,F814W_063_5333654,150.52872295235335,2.233288109542661,-3.0579028129577637,0.9933170080184937,371.2868347167969,063,True,False,True,False,True,True,True,False,True
HST F814W,F814W_075_6995938,150.550393101323,2.3368359295410306,-2.993255853652954,0.9951460957527161,370.2432556152344,075,True,False,True,False,True,True,True,False,True
HST F814W,F814W_041_2554348,150.16517982227435,1.8250665754230648,-2.485201597213745,0.9836714863777161,369.3603210449219,041,True,False,True,False,True,True,True,False,True
HST F814W,F814W_088_8255833,150.26587264313684,2.523030904138718,-3.0051283836364746,1.027355670928955,366.28070068359375,088,True,False,True,False,True,True,True,False,True
HST F814W,F814W_042_2706210,150.02500482270446,1.8277116317532742,-3.4253766536712646,1.0610471963882446,365.6937255859375,042,True,False,True,False,True,True,True,False,True
HST F814W,F814W_075_6988950,150.55102622374568,2.321836956449512,-2.6634409427642822,0.9801024198532104,364.6462707519531,075,True,False,True,False,True,True,True,False,True
HST F814W,F814W_076_7109105,150.2790214518719,2.3684080624360813,-2.9861021041870117,0.9579327702522278,364.23040771484375,076,True,False,True,False,True,True,True,False,True
HST F814W,F814W_075_6989219,150.53739738263778,2.3224240518256427,-2.5446035861968994,0.9759183526039124,363.089599609375,075,True,False,True,False,True,True,True,False,True
HST F814W,F814W_074_6819086,150.58204576582594,2.3779214103332773,-2.7324798107147217,1.1408876180648804,361.00408935546875,074,True,False,True,False,True,True,True,False,True
HST F814W,F814W_043_2934037,149.7654970645577,1.9251880188601729,-2.539067029953003,0.9578284621238708,359.31292724609375,043,True,False,True,False,True,True,True,False,True
HST F814W,F814W_055_4556133,149.7374149322874,2.10575008299108,-2.9461770057678223,0.9852200150489807,358.9002380371094,055,True,False,True,False,True,True,True,False,True
HST F814W,F814W_039_2373583,150.41970497711304,1.9447201482648555,-3.410343885421753,1.0125995874404907,358.6282653808594,039,True,False,True,False,True,True,True,False,True
HST F814W,F814W_042_2802015,149.99780039266807,1.8816900673779957,-2.4795517921447754,1.036384105682373,357.1935119628906,042,True,False,True,False,True,True,True,False,True
HST F814W,F814W_029_1184247,150.18000304167884,1.7688699932823486,-3.547818183898926,1.2807420492172241,356.5605773925781,029,True,False,True,False,True,True,True,False,True
HST F814W,F814W_051_3735067,150.47954844959858,2.0746119434772314,-2.7663421630859375,0.994584321975708,355.4671630859375,051,True,False,True,False,True,True,True,False,True
HST F814W,F814W_102_10358091,149.92931291324265,2.6942361837085427,-3.3177480697631836,1.0076327323913574,354.2107849121094,102,True,False,True,False,True,True,True,False,True
HST F814W,F814W_063_5350907,150.5314440091802,2.2673796130441897,-2.436307430267334,0.9411903619766235,351.8027038574219,063,True,False,True,False,True,True,True,False,True
HST F814W,F814W_054_4330432,149.9605676962208,1.9828764452513394,-2.993095874786377,0.9414973258972168,351.6810607910156,054,True,False,True,False,True,True,True,False,True
HST F814W,F814W_040_2415680,150.37771224475148,1.8512842742418527,-3.0731945037841797,0.8989437222480774,347.2735900878906,040,True,False,True,False,True,True,True,False,True
HST F814W,F814W_074_6933603,150.59169136431922,2.439415257027405,-3.17672061920166,1.085404634475708,343.4479675292969,074,True,False,True,False,True,True,True,False,True
HST F814W,F814W_041_2621847,150.09238320144655,1.9320548781337157,-2.883871078491211,0.9088886976242065,341.280029296875,041,True,False,True,False,True,True,True,False,True
HST F814W,F814W_028_0860188,150.3231910866418,1.726085408708286,-2.559351921081543,0.9747139811515808,336.9194641113281,028,True,False,True,False,True,True,True,False,True
HST F814W,F814W_102_10358037,149.92952913296878,2.6941726883444006,-3.300820827484131,0.9556202292442322,335.9269714355469,102,True,False,True,False,True,True,True,False,True
HST F814W,F814W_051_3806100,150.488686523166,2.098555818562992,-3.325958013534546,0.9397342801094055,335.8636169433594,051,True,False,True,False,True,True,True,False,True
HST F814W,F814W_040_2393998,150.3821453223149,1.8167474702121382,-2.5228404998779297,0.8541548252105713,329.9710693359375,040,True,False,True,False,True,True,True,False,True
HST F814W,F814W_041_2508436,150.12354812985905,1.7923373038196877,-2.3252007961273193,0.8743430376052856,328.30841064453125,041,True,False,True,False,True,True,True,False,True
HST F814W,F814W_075_6995057,150.56283720234435,2.3351784714604285,-2.375242233276367,0.878466010093689,326.83251953125,075,True,False,True,False,True,True,True,False,True
HST F814W,F814W_075_6982396,150.49022257473507,2.301906746503975,-2.850360870361328,0.8767191767692566,326.1826171875,075,True,False,True,False,True,True,True,False,True
HST F814W,F814W_041_2524982,150.18443560999975,1.7989329852891374,-2.675366163253784,0.8599278330802917,322.8956298828125,041,True,False,True,False,True,True,True,False,True
HST F814W,F814W_028_0859619,150.34690126725306,1.7258246711706444,-3.0303547382354736,0.9313541054725647,321.93170166015625,028,True,False,True,False,True,True,True,False,True
HST F814W,F814W_075_6986727,150.56310690220266,2.316529260343844,-3.2471137046813965,0.8638443946838379,321.392578125,075,True,False,True,False,True,True,True,False,True
HST F814W,F814W_078_7457653,149.9985100138888,2.4416884231419207,-1.9950225353240967,0.8964471817016602,318.84326171875,078,True,False,True,False,True,True,True,False,True
HST F814W,F814W_075_6988029,150.55710892764637,2.319725436087949,-3.16182804107666,0.8557626008987427,318.3857421875,075,True,False,True,False,True,True,True,False,True
HST F814W,F814W_074_6884924,150.56697125260283,2.413694452533173,-2.639519691467285,0.9985768795013428,315.97357177734375,074,True,False,True,False,True,True,True,False,True
HST F814W,F814W_074_6922907,150.59257707394679,2.433904078391953,-2.6446099281311035,0.9912323355674744,313.64959716796875,074,True,False,True,False,True,True,True,False,True
HST F814W,F814W_075_6987909,150.55710587072136,2.3195350443101312,-3.128481149673462,0.8417653441429138,313.1780700683594,075,True,False,True,False,True,True,True,False,True
HST F814W,F814W_043_2937065,149.7444574429862,1.9300532396603807,-2.823591709136963,0.831574022769928,311.95074462890625,043,True,False,True,False,True,True,True,False,True
HST F814W,F814W_051_3805700,150.48886079820176,2.098441473244928,-3.2846357822418213,0.8714925646781921,311.47381591796875,051,True,False,True,False,True,True,True,False,True
HST F814W,F814W_055_4454519,149.87596293579952,2.010344475070791,-1.8746228218078613,0.8540038466453552,311.1002502441406,055,True,False,True,False,True,True,True,False,True
HST F814W,F814W_039_2266188,150.401833734809,1.864892921167694,-3.046909809112549,0.8705989718437195,308.33648681640625,039,True,False,True,False,True,True,True,False,True
HST F814W,F814W_028_0930250,150.33913181779093,1.7494635521072435,-3.1167192459106445,0.8910195231437683,307.9896545410156,028,True,False,True,False,True,True,True,False,True
HST F814W,F814W_066_6019174,150.04057701500452,2.262135533509536,-2.9818716049194336,0.9359918236732483,307.2242126464844,066,True,False,True,False,True,True,True,False,True
HST F814W,F814W_090_8646946,150.00343328051267,2.517395793811504,-2.384965181350708,0.8414711356163025,305.3472900390625,090,True,False,True,False,True,True,True,False,True
HST F814W,F814W_075_6982241,150.5588320398184,2.301479671675357,-2.9033708572387695,0.8123095631599426,302.2190856933594,075,True,False,True,False,True,True,True,False,True
HST F814W,F814W_028_1002029,150.34400316644567,1.7707192635180524,-3.0671186447143555,0.8713081479072571,301.1762390136719,028,True,False,True,False,True,True,True,False,True
HST F814W,F814W_028_0858968,150.3168182359432,1.725518766777787,-2.3759822845458984,0.8593639731407166,297.047607421875,028,True,False,True,False,True,True,True,False,True
HST F814W,F814W_039_2265679,150.4019467732797,1.864782149568412,-3.050828218460083,0.8311843276023865,294.3771667480469,039,True,False,True,False,True,True,True,False,True
HST F814W,F814W_102_10358029,149.92962776563658,2.6941621004395113,-3.170192003250122,0.8200087547302246,288.2557678222656,102,True,False,True,False,True,True,True,False,True
HST F814W,F814W_055_4431659,149.79201302088475,1.9580825133879893,-1.2128452062606812,0.7856301069259644,286.1927490234375,055,True,False,True,False,True,True,True,False,True
HST F814W,F814W_051_3773401,150.4809192196191,2.0880314563002305,-2.3970727920532227,0.799552857875824,285.76239013671875,051,True,False,True,False,True,True,True,False,True
HST F814W,F814W_063_5279467,150.49751056990894,2.136478025027414,-2.8800809383392334,0.7572365403175354,283.0435485839844,063,True,False,True,False,True,True,True,False,True
HST F814W,F814W_040_2415646,150.37793933398208,1.8512499406538863,-2.8825759887695312,0.7308422327041626,282.33380126953125,040,True,False,True,False,True,True,True,False,True
HST F814W,F814W_051_3682363,150.45569797689845,2.0108555351851503,-2.7462711334228516,0.787688136100769,281.5218811035156,051,True,False,True,False,True,True,True,False,True
HST F814W,F814W_075_6987896,150.55704509071754,2.3195165376401854,-3.0370097160339355,0.7564863562583923,281.4501037597656,075,True,False,True,False,True,True,True,False,True
HST F814W,F814W_028_1001904,150.34383286101726,1.7706894848960764,-3.0479910373687744,0.8130539655685425,281.04010009765625,028,True,False,True,False,True,True,True,False,True
HST F814W,F814W_028_1001104,150.34384908278727,1.7705009696433274,-3.055891752243042,0.812001645565033,280.6763610839844,028,True,False,True,False,True,True,True,False,True
HST F814W,F814W_063_5363693,150.53042351250176,2.2889034254678604,-2.318585157394409,0.746870756149292,279.1689758300781,063,True,False,True,False,True,True,True,False,True
HST F814W,F814W_063_5315434,150.5129940570115,2.202128852193214,-2.1864845752716064,0.7466598153114319,279.0901184082031,063,True,False,True,False,True,True,True,False,True
HST F814W,F814W_042_2810428,149.9208248800818,1.8981402212862233,-2.4494469165802,0.8037644624710083,277.02032470703125,042,True,False,True,False,True,True,True,False,True
HST F814W,F814W_063_5323558,150.51771705055071,2.2140285993829143,-2.8361611366271973,0.7390280365943909,276.23748779296875,063,True,False,True,False,True,True,True,False,True
HST F814W,F814W_090_8704770,149.91421019396995,2.6056278320925483,-2.878934144973755,0.7510764598846436,272.5455017089844,090,True,False,True,False,True,True,True,False,True
HST F814W,F814W_028_0859216,150.34675441376524,1.7256358851177591,-2.9189629554748535,0.78706955909729,272.058349609375,028,True,False,True,False,True,True,True,False,True
HST F814W,F814W_090_8637306,149.9029827019219,2.499799873923012,-2.802468776702881,0.748872697353363,271.7458190917969,090,True,False,True,False,True,True,True,False,True
HST F814W,F814W_074_6941125,150.61038190930495,2.442945904630176,-3.212628126144409,0.8574591279029846,271.320556640625,074,True,False,True,False,True,True,True,False,True
HST F814W,F814W_028_0930808,150.33915839983626,1.749628625343203,-2.9423251152038574,0.7846260070800781,271.2137145996094,028,True,False,True,False,True,True,True,False,True
HST F814W,F814W_063_5318758,150.52595227478935,2.2075389662666303,-2.323969841003418,0.7237371802330017,270.5220031738281,063,True,False,True,False,True,True,True,False,True
HST F814W,F814W_051_3692377,150.46201246424133,2.032150298508418,-2.5909759998321533,0.7438762784004211,265.8634033203125,051,True,False,True,False,True,True,True,False,True
HST F814W,F814W_079_7479852,149.7903926544484,2.3192367300053895,-2.7290914058685303,0.7275017499923706,264.85845947265625,079,True,False,True,False,True,True,True,False,True
HST F814W,F814W_040_2402067,150.37532050251704,1.8303238474777614,-2.134840726852417,0.6792055368423462,262.3858947753906,040,True,False,True,False,True,True,True,False,True
HST F814W,F814W_074_6920570,150.5725737285271,2.4327783084530816,-2.2962217330932617,0.8252009749412537,261.1133117675781,074,True,False,True,False,True,True,True,False,True
HST F814W,F814W_063_5326459,150.52033444746434,2.2195577156777304,-2.6349716186523438,0.6925941705703735,258.8811950683594,063,True,False,True,False,True,True,True,False,True
HST F814W,F814W_074_6930781,150.59674676622618,2.437932291333565,-2.5235846042633057,0.8153273463249207,257.9890441894531,074,True,False,True,False,True,True,True,False,True
HST F814W,F814W_074_6894409,150.58907141582853,2.418915280120714,-3.1171064376831055,0.8065630197525024,255.21580505371094,074,True,False,True,False,True,True,True,False,True
HST F814W,F814W_063_5323545,150.51757158920992,2.214018865192502,-2.796893358230591,0.6809744238853455,254.5379180908203,063,True,False,True,False,True,True,True,False,True
HST F814W,F814W_042_2729167,150.02903137340272,1.8437349040306683,-2.0718953609466553,0.7360216379165649,253.67250061035156,042,True,False,True,False,True,True,True,False,True
HST F814W,F814W_028_0930840,150.33912932262388,1.7496282463338484,-2.9312214851379395,0.7208181023597717,249.15786743164062,028,True,False,True,False,True,True,True,False,True
HST F814W,F814W_077_7206457,150.07700635106227,2.349160041893324,-2.7636144161224365,0.6558513641357422,247.00958251953125,077,True,False,True,False,True,True,True,False,True
HST F814W,F814W_067_6219681,149.7855268588573,2.266499034736465,-2.7122089862823486,0.6897571086883545,246.92413330078125,067,True,False,True,False,True,True,True,False,True
HST F814W,F814W_063_5346453,150.53018485911497,2.257320603203359,-2.665489912033081,0.6589327454566956,246.299072265625,063,True,False,True,False,True,True,True,False,True
HST F814W,F814W_090_8635535,149.98820401304513,2.4969964022587265,-2.5392630100250244,0.6777580976486206,245.9402313232422,090,True,False,True,False,True,True,True,False,True
HST F814W,F814W_077_7238937,150.199000419326,2.4022253864525704,-2.511350154876709,0.6408324241638184,241.3530731201172,077,True,False,True,False,True,True,True,False,True
HST F814W,F814W_028_0930276,150.33908576948474,1.749488645341191,-2.875917434692383,0.6982079148292542,241.34243774414062,028,True,False,True,False,True,True,True,False,True
HST F814W,F814W_051_3805880,150.48861372328324,2.098489252205879,-3.0074028968811035,0.6710034608840942,239.81846618652344,051,True,False,True,False,True,True,True,False,True
HST F814W,F814W_075_6987927,150.55683802524737,2.3195723252509874,-2.916598320007324,0.640627920627594,238.34506225585938,075,True,False,True,False,True,True,True,False,True
HST F814W,F814W_075_7032241,150.5593837958438,2.404185877079501,-2.9436709880828857,0.6380695700645447,237.3932342529297,075,True,False,True,False,True,True,True,False,True
HST F814W,F814W_040_2411293,150.39003769497842,1.844398568149002,-1.9609047174453735,0.613982617855072,237.18942260742188,040,True,False,True,False,True,True,True,False,True
HST F814W,F814W_042_2706448,150.02494926516377,1.8280570646767333,-2.9444148540496826,0.6862606406211853,236.52220153808594,042,True,False,True,False,True,True,True,False,True
HST F814W,F814W_028_1020939,150.34906002882764,1.7797471480657623,-2.2071728706359863,0.6734546422958374,232.78622436523438,028,True,False,True,False,True,True,True,False,True
HST F814W,F814W_075_6984894,150.53789355010116,2.3104701192545027,-2.2282049655914307,0.6079051494598389,226.17059326171875,075,True,False,True,False,True,True,True,False,True
HST F814W,F814W_089_8428890,150.0939730392242,2.4843364150638343,-2.5185933113098145,0.6547765135765076,224.83139038085938,089,True,False,True,False,True,True,True,False,True
HST F814W,F814W_040_2393787,150.38539250635156,1.816332930286049,-2.3203399181365967,0.5796785354614258,223.93731689453125,040,True,False,True,False,True,True,True,False,True
HST F814W,F814W_041_2548332,150.13225400888174,1.8161957864010023,-2.6782009601593018,0.5949908494949341,223.41403198242188,041,True,False,True,False,True,True,True,False,True
HST F814W,F814W_074_6706566,150.56315560053378,2.3164472776125664,-2.9359281063079834,0.7043562531471252,222.87513732910156,074,True,False,True,False,True,True,True,False,True
HST F814W,F814W_074_6959220,150.5901602598767,2.4521201275985467,-2.5165724754333496,0.6984794735908508,221.01559448242188,074,True,False,True,False,True,True,True,False,True
HST F814W,F814W_074_6878358,150.59021931464173,2.4100705133317897,-2.1639773845672607,0.6964029669761658,220.35853576660156,074,True,False,True,False,True,True,True,False,True
HST F814W,F814W_063_5308736,150.51687067272547,2.192755600748142,-1.9135653972625732,0.5882295370101929,219.8712921142578,063,True,False,True,False,True,True,True,False,True
HST F814W,F814W_074_6894533,150.58899101154026,2.418966200811431,-3.019667625427246,0.6909398436546326,218.62986755371094,074,True,False,True,False,True,True,True,False,True
HST F814W,F814W_040_2412923,150.39503660205793,1.8470173022841743,-1.8739746809005737,0.565077006816864,218.2965545654297,040,True,False,True,False,True,True,True,False,True
HST F814W,F814W_063_5353587,150.5342562794387,2.272177563648491,-2.7406957149505615,0.5729587078094482,214.1632843017578,063,True,False,True,False,True,True,True,False,True
HST F814W,F814W_074_6894587,150.58894780794134,2.4190040558048578,-3.0323550701141357,0.6741071343421936,213.30360412597656,074,True,False,True,False,True,True,True,False,True
HST F814W,F814W_064_5587968,150.35121031349718,2.27429046955648,-2.4703075885772705,0.5720741152763367,209.59414672851562,064,True,False,True,False,True,True,True,False,True
HST F814W,F814W_041_2566520,150.12499800506745,1.846963056339471,-1.9186017513275146,0.5577109456062317,209.41574096679688,041,True,False,True,False,True,True,True,False,True
HST F814W,F814W_028_0882085,150.33092738391016,1.7334885319980675,-2.073350191116333,0.6054754853248596,209.28855895996094,028,True,False,True,False,True,True,True,False,True
HST F814W,F814W_089_8609520,150.09722295393226,2.6164821060604426,-2.539492130279541,0.6055512428283691,207.92884826660156,089,True,False,True,False,True,True,True,False,True
HST F814W,F814W_054_4423376,150.00380928058382,2.114556674038107,-2.4920754432678223,0.5559054613113403,207.64947509765625,054,True,False,True,False,True,True,True,False,True
HST F814W,F814W_039_2367642,150.40718610691596,1.9283808516619998,-2.6432981491088867,0.5862496495246887,207.62965393066406,039,True,False,True,False,True,True,True,False,True
HST F814W,F814W_051_3816716,150.4836465709386,2.101870293440439,-2.5034570693969727,0.5790041089057922,206.93765258789062,051,True,False,True,False,True,True,True,False,True
HST F814W,F814W_051_3695386,150.46426875370804,2.0401345377741356,-2.3007564544677734,0.5784837007522583,206.7516632080078,051,True,False,True,False,True,True,True,False,True
HST F814W,F814W_074_6901972,150.59669954442674,2.4230768990802627,-2.8434624671936035,0.653188943862915,206.68458557128906,074,True,False,True,False,True,True,True,False,True
HST F814W,F814W_043_2945318,149.7884988840253,1.9444482095375593,-2.3716368675231934,0.5508326292037964,206.6354217529297,043,True,False,True,False,True,True,True,False,True
HST F814W,F814W_042_2729168,150.02900871761014,1.843743687562051,-2.109041452407837,0.5962126851081848,205.48684692382812,042,True,False,True,False,True,True,True,False,True
HST F814W,F814W_077_7212252,150.09629610306095,2.3568219970200994,-2.5116097927093506,0.5391973853111267,203.07484436035156,077,True,False,True,False,True,True,True,False,True
HST F814W,F814W_075_7031966,150.56224005606342,2.403891577130123,-1.4275580644607544,0.5453673601150513,202.90345764160156,075,True,False,True,False,True,True,True,False,True
HST F814W,F814W_078_7463562,149.91587005039736,2.4533723432962,-2.4062671661376953,0.56669682264328,201.5595245361328,078,True,False,True,False,True,True,True,False,True
HST F814W,F814W_063_5347391,150.52588177076066,2.259382849510616,-2.51397967338562,0.5387015342712402,201.3584747314453,063,True,False,True,False,True,True,True,False,True
HST F814W,F814W_028_0896050,150.34084979029365,1.738126868191352,-1.9919432401657104,0.5805556178092957,200.6747589111328,028,True,False,True,False,True,True,True,False,True
HST F814W,F814W_063_5335355,150.51855781751163,2.236269934420843,-2.4640684127807617,0.5346912741661072,199.8594970703125,063,True,False,True,False,True,True,True,False,True
HST F814W,F814W_029_1209558,150.1924937266495,1.7845618120187987,-2.6129708290100098,0.7171809673309326,199.66429138183594,029,True,False,True,False,True,True,True,False,True
HST F814W,F814W_101_10071845,150.07593465581238,2.638272822290831,-2.388833999633789,0.615300178527832,199.4537353515625,101,True,False,True,False,True,True,True,False,True
HST F814W,F814W_064_5448705,150.2870858652837,2.2196898988881646,-2.4666025638580322,0.5441752672195435,199.3726806640625,064,True,False,True,False,True,True,True,False,True
HST F814W,F814W_029_1184271,150.18004677867145,1.7688700406073126,-3.061962366104126,0.7134240865707397,198.61837768554688,029,True,False,True,False,True,True,True,False,True
HST F814W,F814W_091_8751922,149.8632938372736,2.5161516502407477,-2.7753095626831055,0.5556449890136719,198.16427612304688,091,True,False,True,False,True,True,True,False,True
HST F814W,F814W_063_5297669,150.50692632086069,2.17389434673983,-2.287480354309082,0.5282502770423889,197.4519500732422,063,True,False,True,False,True,True,True,False,True
HST F814W,F814W_063_5353561,150.5341429933595,2.2721369399707845,-2.477046012878418,0.5275640487670898,197.19544982910156,063,True,False,True,False,True,True,True,False,True
HST F814W,F814W_075_6998396,150.5621021633639,2.341407875022132,-2.487424850463867,0.5264281630516052,195.85714721679688,075,True,False,True,False,True,True,True,False,True
HST F814W,F814W_040_2397368,150.37615314432108,1.822722351935304,-2.365757465362549,0.5046481490135193,194.9521026611328,040,True,False,True,False,True,True,True,False,True
HST F814W,F814W_040_2470285,150.36165204899459,1.9185674556834942,-2.311279058456421,0.5042470693588257,194.7971649169922,040,True,False,True,False,True,True,True,False,True
HST F814W,F814W_074_6822124,150.58189949748677,2.379557758759746,-2.510579824447632,0.6154621243476868,194.74691772460938,074,True,False,True,False,True,True,True,False,True
HST F814W,F814W_078_7306376,149.99210481686993,2.3035330674084444,-2.4158549308776855,0.5467921495437622,194.4799346923828,078,True,False,True,False,True,True,True,False,True
HST F814W,F814W_074_6902728,150.59127689437986,2.4234693574813533,-2.587559223175049,0.613734245300293,194.20018005371094,074,True,False,True,False,True,True,True,False,True
HST F814W,F814W_063_5289792,150.5065295023599,2.15682170486344,-1.8174099922180176,0.5155388712882996,192.70062255859375,063,True,False,True,False,True,True,True,False,True
HST F814W,F814W_028_1024082,150.37656219295914,1.7899783764862949,-2.602916717529297,0.5568850040435791,192.49278259277344,028,True,False,True,False,True,True,True,False,True
HST F814W,F814W_051_3809555,150.48902156265936,2.0995931322562575,-2.7634356021881104,0.5384049415588379,192.42739868164062,051,True,False,True,False,True,True,True,False,True
HST F814W,F814W_066_5958797,149.93640665454052,2.2273025132265873,-2.4294800758361816,0.5850897431373596,192.0462646484375,066,True,False,True,False,True,True,True,False,True
HST F814W,F814W_028_0867773,150.35294902163014,1.7288442939947424,-2.4701602458953857,0.5508849620819092,190.41880798339844,028,True,False,True,False,True,True,True,False,True
HST F814W,F814W_077_7191896,150.0775101431546,2.3265792586111673,-2.3193893432617188,0.5051169991493225,190.23934936523438,077,True,False,True,False,True,True,True,False,True
HST F814W,F814W_074_6840032,150.58360181900701,2.3885921351130506,-2.0511255264282227,0.6006213426589966,190.05093383789062,074,True,False,True,False,True,True,True,False,True
HST F814W,F814W_063_5279291,150.49410297778525,2.136190492546685,-2.300367832183838,0.5072076916694641,189.5865478515625,063,True,False,True,False,True,True,True,False,True
HST F814W,F814W_089_8492082,150.11726995505512,2.5559826994204786,-2.5030670166015625,0.5505428314208984,189.04055786132812,089,True,False,True,False,True,True,True,False,True
HST F814W,F814W_043_2918345,149.83133347423535,1.897842971755846,-1.7579573392868042,0.5029335021972656,188.66688537597656,043,True,False,True,False,True,True,True,False,True
HST F814W,F814W_075_6998973,150.553952139761,2.342697617816729,-1.9710301160812378,0.5040221214294434,187.52099609375,075,True,False,True,False,True,True,True,False,True
HST F814W,F814W_063_5285290,150.4993630421391,2.1473431818088016,-2.203995704650879,0.5008652806282043,187.21585083007812,063,True,False,True,False,True,True,True,False,True
HST F814W,F814W_041_2546279,150.172621371121,1.8130200429724534,-2.306572198867798,0.498287558555603,187.10276794433594,041,True,False,True,False,True,True,True,False,True
HST F814W,F814W_043_2915810,149.8549447363025,1.8920173108171587,-2.25907039642334,0.4985487759113312,187.0220184326172,043,True,False,True,False,True,True,True,False,True
HST F814W,F814W_039_2350053,150.40859378068978,1.889892577264685,-2.331226110458374,0.5279931426048279,186.99717712402344,039,True,False,True,False,True,True,True,False,True
HST F814W,F814W_042_2708086,150.0107720040442,1.8309109887724782,-2.392502784729004,0.5397334694862366,186.02108764648438,042,True,False,True,False,True,True,True,False,True
HST F814W,F814W_063_5340053,150.53922156129144,2.2446791098674663,-2.4149885177612305,0.4967886209487915,185.6920623779297,063,True,False,True,False,True,True,True,False,True
HST F814W,F814W_041_2563819,150.17201885707442,1.8420903872026388,-2.242384433746338,0.49445366859436035,185.66317749023438,041,True,False,True,False,True,True,True,False,True
HST F814W,F814W_063_5305895,150.50601532410022,2.1877763354031923,-1.7725270986557007,0.49570804834365845,185.2881622314453,063,True,False,True,False,True,True,True,False,True
HST F814W,F814W_063_5327981,150.53276322082294,2.2231600844465835,-1.8585536479949951,0.49079209566116333,183.45065307617188,063,True,False,True,False,True,True,True,False,True
HST F814W,F814W_075_7015509,150.55175491473867,2.3761323227991897,-2.156039237976074,0.4925200939178467,183.24168395996094,075,True,False,True,False,True,True,True,False,True
HST F814W,F814W_063_5315805,150.52530766854585,2.2026717624974226,-2.3939177989959717,0.4898208677768707,183.08761596679688,063,True,False,True,False,True,True,True,False,True
HST F814W,F814W_074_6833304,150.58202491405,2.3851622118585354,-2.5936532020568848,0.5761570334434509,182.30984497070312,074,True,False,True,False,True,True,True,False,True
HST F814W,F814W_052_3864542,150.28399410450916,1.9675759038882334,-2.2430944442749023,0.4958319365978241,182.18551635742188,052,True,False,True,False,True,True,True,False,True
HST F814W,F814W_079_7481348,149.8311147533545,2.3231931258464367,-2.4745516777038574,0.49970224499702454,181.92446899414062,079,True,False,True,False,True,True,True,False,True
HST F814W,F814W_074_6895210,150.5890986612239,2.419305144321751,-2.8141708374023438,0.5720012187957764,180.99484252929688,074,True,False,True,False,True,True,True,False,True
HST F814W,F814W_063_5331126,150.52717738185436,2.2294390243219313,-1.757303237915039,0.4802110195159912,179.49560546875,063,True,False,True,False,True,True,True,False,True
HST F814W,F814W_074_6905450,150.57861214457853,2.4249373928310636,-2.538020610809326,0.5663555860519409,179.20843505859375,074,True,False,True,False,True,True,True,False,True
HST F814W,F814W_028_0911969,150.25288220963301,1.7434118777388454,-1.785730004310608,0.5182942748069763,179.1535186767578,028,True,False,True,False,True,True,True,False,True
HST F814W,F814W_074_6903319,150.57457310483807,2.423811774930136,-2.7653441429138184,0.5660011172294617,179.0962677001953,074,True,False,True,False,True,True,True,False,True
HST F814W,F814W_074_6938365,150.58756515336736,2.441573643557461,-1.9326486587524414,0.5623007416725159,177.92538452148438,074,True,False,True,False,True,True,True,False,True
HST F814W,F814W_074_6758200,150.56903934049737,2.3436680621981503,-2.3214266300201416,0.5622742772102356,177.91700744628906,074,True,False,True,False,True,True,True,False,True
HST F814W,F814W_074_6840525,150.56681055825578,2.3888485710641674,-1.9468698501586914,0.5603302121162415,177.30186462402344,074,True,False,True,False,True,True,True,False,True
HST F814W,F814W_040_2382326,150.33855855054387,1.7940943822995297,-2.247833728790283,0.45820480585098267,177.01043701171875,040,True,False,True,False,True,True,True,False,True
HST F814W,F814W_074_6857633,150.57983311573722,2.397265595993856,-2.567188262939453,0.5590741038322449,176.90440368652344,074,True,False,True,False,True,True,True,False,True
HST F814W,F814W_063_5314185,150.5201423490601,2.200481573613434,-2.365652322769165,0.47245752811431885,176.5974578857422,063,True,False,True,False,True,True,True,False,True
HST F814W,F814W_063_5353527,150.53412771842687,2.272090184629189,-2.511449098587036,0.4719913899898529,176.42323303222656,063,True,False,True,False,True,True,True,False,True
HST F814W,F814W_074_6775511,150.5813496021379,2.354400266817402,-2.1846604347229004,0.5574625730514526,176.39447021484375,074,True,False,True,False,True,True,True,False,True
HST F814W,F814W_063_5300593,150.51433811093273,2.1789560638780126,-1.6797977685928345,0.47075361013412476,175.9605712890625,063,True,False,True,False,True,True,True,False,True
HST F814W,F814W_028_1022405,150.36930613627294,1.7835730339188969,-1.8967955112457275,0.5082743167877197,175.6900177001953,028,True,False,True,False,True,True,True,False,True
HST F814W,F814W_074_6833287,150.5820616744612,2.3851498790038095,-2.593334913253784,0.5520367622375488,174.6776123046875,074,True,False,True,False,True,True,True,False,True
HST F814W,F814W_040_2397327,150.37608512451212,1.8226686577657485,-2.300682306289673,0.4515393078327179,174.4354705810547,040,True,False,True,False,True,True,True,False,True
HST F814W,F814W_064_5533030,150.37124331443567,2.245505066150502,-1.6296896934509277,0.47413963079452515,173.7133026123047,064,True,False,True,False,True,True,True,False,True
HST F814W,F814W_074_6903356,150.57476781779334,2.423828456371942,-2.5485358238220215,0.548260509967804,173.48272705078125,074,True,False,True,False,True,True,True,False,True
HST F814W,F814W_074_6905336,150.57854236085822,2.4248857345289947,-2.4373488426208496,0.5478443503379822,173.35104370117188,074,True,False,True,False,True,True,True,False,True
HST F814W,F814W_028_0965749,150.3633602017233,1.760279278998894,-2.22379469871521,0.5004017949104309,172.96881103515625,028,True,False,True,False,True,True,True,False,True
HST F814W,F814W_063_5291490,150.4962056704188,2.1608865172602694,-2.167247772216797,0.4603590965270996,172.07525634765625,063,True,False,True,False,True,True,True,False,True
HST F814W,F814W_074_6894318,150.5892032169874,2.4188770850627197,-2.7502336502075195,0.5429302453994751,171.7960968017578,074,True,False,True,False,True,True,True,False,True
HST F814W,F814W_064_5402218,150.34486607606155,2.1985800048581376,-1.8537843227386475,0.4683302342891693,171.5848846435547,064,True,False,True,False,True,True,True,False,True
HST F814W,F814W_063_5329958,150.53148386427762,2.2269827555742805,-2.185049295425415,0.454751193523407,169.97911071777344,063,True,False,True,False,True,True,True,False,True
HST F814W,F814W_040_2397301,150.37606312969558,1.8226233183272607,-2.385809898376465,0.4397386610507965,169.87672424316406,040,True,False,True,False,True,True,True,False,True
HST F814W,F814W_029_1210711,150.13922279866233,1.7855234162484424,-2.4758636951446533,0.6039044260978699,168.1279296875,029,True,False,True,False,True,True,True,False,True
HST F814W,F814W_075_7055637,150.49174195240184,2.4463211049240368,-2.0705957412719727,0.4515100121498108,167.98391723632812,075,True,False,True,False,True,True,True,False,True
HST F814W,F814W_040_2415618,150.37790565308663,1.8512169149680913,-2.3328001499176025,0.43382105231285095,167.59068298339844,040,True,False,True,False,True,True,True,False,True
HST F814W,F814W_074_6857462,150.579937715899,2.397185298890055,-2.55715274810791,0.5222183465957642,165.2423553466797,074,True,False,True,False,True,True,True,False,True
HST F814W,F814W_063_5359428,150.53878549586224,2.2824678283610935,-1.7631075382232666,0.4408658444881439,164.78897094726562,063,True,False,True,False,True,True,True,False,True
HST F814W,F814W_065_5696448,150.18043268901093,2.21890443096605,-2.5348093509674072,0.6031607985496521,164.2035369873047,065,True,False,True,False,True,True,True,False,True
HST F814W,F814W_028_1022522,150.3497087483909,1.7840738657497932,-2.424168586730957,0.4722767770290375,163.2471160888672,028,True,False,True,False,True,True,True,False,True
HST F814W,F814W_074_6833191,150.5819574279307,2.385107484431762,-2.4843802452087402,0.5154992938041687,163.1162872314453,074,True,False,True,False,True,True,True,False,True
HST F814W,F814W_029_1168750,150.20763102295507,1.7584308309686432,-2.6114940643310547,0.5848034620285034,162.81019592285156,029,True,False,True,False,True,True,True,False,True
HST F814W,F814W_074_6905434,150.57864600706844,2.4249268511847486,-2.392120361328125,0.513119637966156,162.36331176757812,074,True,False,True,False,True,True,True,False,True
HST F814W,F814W_074_6905239,150.57854651750336,2.4248423513937323,-2.4372761249542236,0.5130757689476013,162.34942626953125,074,True,False,True,False,True,True,True,False,True
HST F814W,F814W_065_5777610,150.12016937500306,2.2850140112925637,-2.2816648483276367,0.5962104201316833,162.31138610839844,065,True,False,True,False,True,True,True,False,True
HST F814W,F814W_074_6820039,150.57921741756925,2.37843077007573,-2.0761239528656006,0.5122191309928894,162.078369140625,074,True,False,True,False,True,True,True,False,True
HST F814W,F814W_067_6116223,149.88147088401706,2.227778901718991,-2.0464043617248535,0.45144468545913696,161.6113739013672,067,True,False,True,False,True,True,True,False,True
HST F814W,F814W_074_6704493,150.56495587721523,2.315287763166557,-1.9356296062469482,0.5082926750183105,160.8359375,074,True,False,True,False,True,True,True,False,True
HST F814W,F814W_078_7445694,149.993025811704,2.4182402092426067,-2.1192171573638916,0.4505223333835602,160.23924255371094,078,True,False,True,False,True,True,True,False,True
HST F814W,F814W_044_3154403,149.7043379883539,1.9427431591399884,-1.7705414295196533,0.4612138569355011,160.2122802734375,044,True,False,True,False,True,True,True,False,True
HST F814W,F814W_074_6708282,150.56863013088932,2.3173935583173884,-1.7859647274017334,0.5051739811897278,159.84912109375,074,True,False,True,False,True,True,True,False,True
HST F814W,F814W_043_2920350,149.8198968833038,1.9023984571831314,-2.3852014541625977,0.42391037940979004,159.022705078125,043,True,False,True,False,True,True,True,False,True
HST F814W,F814W_055_4431943,149.82627074857658,1.958528050563388,-2.283094882965088,0.4354800879955292,158.63858032226562,055,True,False,True,False,True,True,True,False,True
HST F814W,F814W_042_2819689,149.96436386528026,1.9276935032190043,-2.209953784942627,0.45996853709220886,158.52981567382812,042,True,False,True,False,True,True,True,False,True
HST F814W,F814W_063_5364185,150.5525679747247,2.2893891699412356,-2.2171268463134766,0.42267897725105286,157.99099731445312,063,True,False,True,False,True,True,True,False,True
HST F814W,F814W_028_0859585,150.34694917638336,1.7258089439187423,-2.2917087078094482,0.45678725838661194,157.89300537109375,028,True,False,True,False,True,True,True,False,True
HST F814W,F814W_063_5362492,150.54218871474257,2.2873439594175182,-1.509077548980713,0.41996827721595764,156.977783203125,063,True,False,True,False,True,True,True,False,True
HST F814W,F814W_074_6857348,150.57992948208496,2.3971602214076606,-2.5411174297332764,0.49580785632133484,156.8854522705078,074,True,False,True,False,True,True,True,False,True
HST F814W,F814W_074_6758813,150.56537814159603,2.343965900053644,-1.9564852714538574,0.49400514364242554,156.31503295898438,074,True,False,True,False,True,True,True,False,True
HST F814W,F814W_040_2400232,150.37717980495714,1.827135663987915,-1.7032139301300049,0.40323811769485474,155.77609252929688,040,True,False,True,False,True,True,True,False,True
HST F814W,F814W_042_2706441,150.02565675008617,1.8280483687955893,-2.446730613708496,0.4518035352230072,155.71571350097656,042,True,False,True,False,True,True,True,False,True
HST F814W,F814W_029_1184320,150.17996146033525,1.768921033438336,-2.816873550415039,0.5587160587310791,155.54742431640625,029,True,False,True,False,True,True,True,False,True
HST F814W,F814W_063_5309930,150.52093383760658,2.1945772502322547,-1.6221116781234741,0.41159915924072266,153.8495330810547,063,True,False,True,False,True,True,True,False,True
HST F814W,F814W_051_3709522,150.47208347619716,2.06536543511555,-1.5862561464309692,0.43026915192604065,153.7793731689453,051,True,False,True,False,True,True,True,False,True
HST F814W,F814W_051_3808332,150.48835136695345,2.099235422783347,-2.4930074214935303,0.42948007583618164,153.4973602294922,051,True,False,True,False,True,True,True,False,True
HST F814W,F814W_079_7481645,149.79016324239183,2.3238164228729006,-2.120004653930664,0.4213692247867584,153.40609741210938,079,True,False,True,False,True,True,True,False,True
HST F814W,F814W_063_5305387,150.50489972563113,2.1868661880472473,-1.6197395324707031,0.4092654883861542,152.97723388671875,063,True,False,True,False,True,True,True,False,True
HST F814W,F814W_040_2415751,150.37795624293312,1.8513784476580002,-2.306365728378296,0.3958376348018646,152.9171905517578,040,True,False,True,False,True,True,True,False,True
HST F814W,F814W_051_3703042,150.39710695542482,2.0598450771213144,-0.9799171090126038,0.42593109607696533,152.22894287109375,051,True,False,True,False,True,True,True,False,True
HST F814W,F814W_052_3898409,150.2553328948413,2.0323294548846773,-2.06259822845459,0.414059579372406,152.1395721435547,052,True,False,True,False,True,True,True,False,True
HST F814W,F814W_044_3160630,149.67669223761462,1.9563101955317594,-2.4694695472717285,0.4373442530632019,151.92066955566406,044,True,False,True,False,True,True,True,False,True
HST F814W,F814W_074_6914771,150.57962400627667,2.4298443301031205,-1.6863832473754883,0.4788370132446289,151.51547241210938,074,True,False,True,False,True,True,True,False,True
HST F814W,F814W_051_3704898,150.47145343279792,2.062574841383021,-1.6022346019744873,0.4202832281589508,150.2103729248047,051,True,False,True,False,True,True,True,False,True
HST F814W,F814W_090_8656585,149.91362488829327,2.5345144537967705,-2.050119400024414,0.4124140739440918,149.6540069580078,090,True,False,True,False,True,True,True,False,True
HST F814W,F814W_043_2918002,149.83910725685297,1.8970432324872224,-1.5738965272903442,0.3988294303417206,149.61402893066406,043,True,False,True,False,True,True,True,False,True
HST F814W,F814W_075_7045650,150.42966953423633,2.4272195508026737,-2.0369646549224854,0.399126797914505,148.49478149414062,075,True,False,True,False,True,True,True,False,True
HST F814W,F814W_044_3155393,149.71047335614375,1.944825538248797,-1.6613091230392456,0.42654773592948914,148.17027282714844,044,True,False,True,False,True,True,True,False,True
HST F814W,F814W_065_5659375,150.11885169615445,2.1899575640299993,-2.5192432403564453,0.543751060962677,148.02993774414062,065,True,False,True,False,True,True,True,False,True
HST F814W,F814W_028_1024146,150.37641905451238,1.7901844712931183,-2.3612942695617676,0.42768651247024536,147.83404541015625,028,True,False,True,False,True,True,True,False,True
HST F814W,F814W_042_2735962,150.0065384370058,1.846595275341327,-1.2371195554733276,0.4262199401855469,146.8982391357422,042,True,False,True,False,True,True,True,False,True
HST F814W,F814W_042_2706394,150.02561170109428,1.8279726292692902,-2.380411386489868,0.4243102967739105,146.2400665283203,042,True,False,True,False,True,True,True,False,True
HST F814W,F814W_051_3857496,150.49361064281345,2.1205601777667495,-1.5223758220672607,0.40850552916526794,146.00099182128906,051,True,False,True,False,True,True,True,False,True
HST F814W,F814W_074_6849635,150.58329909007927,2.3934880991932217,-2.2277212142944336,0.4611259996891022,145.91128540039062,074,True,False,True,False,True,True,True,False,True
HST F814W,F814W_090_8647122,150.0220935900998,2.517785925099673,-2.1391992568969727,0.40026792883872986,145.24649047851562,090,True,False,True,False,True,True,True,False,True
HST F814W,F814W_042_2706472,150.02528496981355,1.828074121986512,-2.454995632171631,0.4196489453315735,144.63351440429688,042,True,False,True,False,True,True,True,False,True
HST F814W,F814W_051_3809825,150.48902903059852,2.099661032475743,-2.452280044555664,0.4024662375450134,143.842529296875,051,True,False,True,False,True,True,True,False,True
HST F814W,F814W_028_0859097,150.3468010357508,1.7255885442485412,-2.3032376766204834,0.413933664560318,143.0802459716797,028,True,False,True,False,True,True,True,False,True
HST F814W,F814W_063_5360983,150.53367319296612,2.285102365861183,-1.395292043685913,0.38087788224220276,142.3663787841797,063,True,False,True,False,True,True,True,False,True
HST F814W,F814W_054_4430943,149.94141288820745,2.127194015959055,-2.096724271774292,0.38079991936683655,142.24163818359375,054,True,False,True,False,True,True,True,False,True
HST F814W,F814W_077_7298606,150.09082993003707,2.4614987332889764,-2.0770139694213867,0.37664926052093506,141.8552703857422,077,True,False,True,False,True,True,True,False,True
HST F814W,F814W_076_7082519,150.31896395465154,2.322282417431332,-2.1587376594543457,0.37025538086891174,140.780517578125,076,True,False,True,False,True,True,True,False,True
HST F814W,F814W_074_6866586,150.56546132011297,2.4035155144845533,-1.659313440322876,0.4448598325252533,140.7642822265625,074,True,False,True,False,True,True,True,False,True
HST F814W,F814W_066_6005869,149.91286246071203,2.254427857864689,-2.3147618770599365,0.4281339645385742,140.52806091308594,066,True,False,True,False,True,True,True,False,True
HST F814W,F814W_051_3856446,150.48687132994968,2.117753372410791,-1.5839552879333496,0.3927389681339264,140.36598205566406,051,True,False,True,False,True,True,True,False,True
HST F814W,F814W_042_2817096,150.02844526158657,1.9175731657902844,-2.1650168895721436,0.4029555022716522,138.88006591796875,042,True,False,True,False,True,True,True,False,True
HST F814W,F814W_028_1000841,150.34386066452228,1.7704234341511205,-2.2696943283081055,0.40060722827911377,138.4738311767578,028,True,False,True,False,True,True,True,False,True
HST F814W,F814W_074_6903777,150.57472932376328,2.424033643644405,-2.332221269607544,0.43714696168899536,138.32374572753906,074,True,False,True,False,True,True,True,False,True
HST F814W,F814W_075_6989809,150.5545801805138,2.323985462448382,-1.9583065509796143,0.3703806400299072,137.7998046875,075,True,False,True,False,True,True,True,False,True
HST F814W,F814W_028_0911153,150.34388756371948,1.7431328884645985,-1.4868803024291992,0.3984919786453247,137.74267578125,028,True,False,True,False,True,True,True,False,True
HST F814W,F814W_042_2706222,150.02289854378094,1.8277182655618482,-2.1211578845977783,0.39719706773757935,136.89540100097656,042,True,False,True,False,True,True,True,False,True
HST F814W,F814W_075_6987916,150.55718131691918,2.3195553550275196,-2.279975175857544,0.3651527464389801,135.85476684570312,075,True,False,True,False,True,True,True,False,True
HST F814W,F814W_089_8470485,150.18368667444568,2.516091648348475,-2.0246975421905518,0.3929803967475891,134.9381561279297,089,True,False,True,False,True,True,True,False,True
HST F814W,F814W_077_7270653,150.14123933599396,2.4522329634024347,-1.7627226114273071,0.3559528887271881,134.06051635742188,077,True,False,True,False,True,True,True,False,True
HST F814W,F814W_090_8634700,149.9853154602605,2.495875423185038,-1.8954871892929077,0.3660423755645752,132.82696533203125,090,True,False,True,False,True,True,True,False,True
HST F814W,F814W_075_7005345,150.54610768404257,2.354109632381335,-1.9588321447372437,0.3566691279411316,132.6984405517578,075,True,False,True,False,True,True,True,False,True
HST F814W,F814W_028_1023736,150.22885505607923,1.7882785287813345,-2.0330450534820557,0.38338184356689453,132.5196990966797,028,True,False,True,False,True,True,True,False,True
HST F814W,F814W_074_6920330,150.59450016098563,2.432661453896844,-2.5072028636932373,0.4175848960876465,132.1338348388672,074,True,False,True,False,True,True,True,False,True
HST F814W,F814W_065_5664608,150.14878409761792,2.194356135726162,-2.07000994682312,0.4842222332954407,131.8238983154297,065,True,False,True,False,True,True,True,False,True
HST F814W,F814W_044_3160605,149.67665156621084,1.9562861300404482,-2.1944098472595215,0.37858036160469055,131.5078125,044,True,False,True,False,True,True,True,False,True
HST F814W,F814W_042_2706461,150.025825486455,1.8280800206138248,-2.2221240997314453,0.3812794089317322,131.40931701660156,042,True,False,True,False,True,True,True,False,True
HST F814W,F814W_028_0968996,150.34126730990576,1.761234686744498,-1.5564388036727905,0.3800375759601593,131.3637237548828,028,True,False,True,False,True,True,True,False,True
HST F814W,F814W_028_1001105,150.3437811961354,1.7704851586728327,-2.352839946746826,0.3796166777610779,131.21824645996094,028,True,False,True,False,True,True,True,False,True
HST F814W,F814W_028_1004398,150.36777009580464,1.7713399975601536,-1.44901442527771,0.3779864013195038,130.65472412109375,028,True,False,True,False,True,True,True,False,True
HST F814W,F814W_028_0923279,150.33732381947013,1.7471835458916944,-1.8488640785217285,0.37516218423843384,129.67849731445312,028,True,False,True,False,True,True,True,False,True
HST F814W,F814W_040_2412881,150.36477472864928,1.8469595911586265,-1.9836735725402832,0.3356787860393524,129.67706298828125,040,True,False,True,False,True,True,True,False,True
HST F814W,F814W_065_5635290,150.16964830303993,2.16546345417876,-2.220848560333252,0.4756888449192047,129.5007781982422,065,True,False,True,False,True,True,True,False,True
HST F814W,F814W_044_3154903,149.70092408544946,1.9437836492685516,-1.940845251083374,0.37261712551116943,129.4363555908203,044,True,False,True,False,True,True,True,False,True
HST F814W,F814W_028_0975923,150.35893974956596,1.763291153981383,-1.339202880859375,0.3737759590148926,129.1993408203125,028,True,False,True,False,True,True,True,False,True
HST F814W,F814W_043_2922400,149.8024479503826,1.9067291039489764,-1.9267098903656006,0.34167975187301636,128.17529296875,043,True,False,True,False,True,True,True,False,True
HST F814W,F814W_040_2467366,150.28966039656996,1.913743675411587,-1.9041393995285034,0.3313165307044983,127.99185943603516,040,True,False,True,False,True,True,True,False,True
HST F814W,F814W_051_3790427,150.48071489772502,2.0936798305347355,-1.9992433786392212,0.3579597473144531,127.935791015625,051,True,False,True,False,True,True,True,False,True
HST F814W,F814W_063_5336902,150.52484993753714,2.2390229208311374,-2.0104775428771973,0.34140896797180176,127.61349487304688,063,True,False,True,False,True,True,True,False,True
HST F814W,F814W_041_2568292,150.13579938143644,1.8501045508882359,-1.9846774339675903,0.3390270471572876,127.30178833007812,041,True,False,True,False,True,True,True,False,True
HST F814W,F814W_074_6857240,150.57979102076442,2.3970960864985953,-2.4140470027923584,0.40128079056739807,126.9748306274414,074,True,False,True,False,True,True,True,False,True
HST F814W,F814W_029_1170084,150.21204512997195,1.7594048425972317,-1.9038301706314087,0.45518383383750916,126.72388458251953,029,True,False,True,False,True,True,True,False,True
HST F814W,F814W_042_2744679,149.95925295380687,1.8513340897016812,-2.146899700164795,0.36744019389152527,126.63958740234375,042,True,False,True,False,True,True,True,False,True
HST F814W,F814W_044_3160720,149.676639936656,1.9564187704165792,-2.0647969245910645,0.3644644618034363,126.60435485839844,044,True,False,True,False,True,True,True,False,True
HST F814W,F814W_074_6869586,150.59894614983904,2.4054576336876705,-2.179673671722412,0.3999217748641968,126.5447998046875,074,True,False,True,False,True,True,True,False,True
HST F814W,F814W_075_7032015,150.5621207374915,2.4039312709212255,-1.2444186210632324,0.3393319249153137,126.24815368652344,075,True,False,True,False,True,True,True,False,True
HST F814W,F814W_063_5346092,150.53587056825717,2.256532018354066,-2.1734893321990967,0.33757007122039795,126.17857360839844,063,True,False,True,False,True,True,True,False,True
HST F814W,F814W_074_6876899,150.58250605481626,2.4093174615022925,-1.7574739456176758,0.3979674279689789,125.92639923095703,074,True,False,True,False,True,True,True,False,True
HST F814W,F814W_063_5364151,150.4442025740598,2.2893833786783695,-0.5731027722358704,0.3368370831012726,125.90459442138672,063,True,False,True,False,True,True,True,False,True
HST F814W,F814W_028_1002295,150.3439320641473,1.770785267348951,-2.2347774505615234,0.36172783374786377,125.03478240966797,028,True,False,True,False,True,True,True,False,True
HST F814W,F814W_075_6985780,150.56220243986067,2.313602335832811,-1.6483142375946045,0.33549901843070984,124.8221206665039,075,True,False,True,False,True,True,True,False,True
HST F814W,F814W_054_4335198,150.04419349115392,1.9876745862526237,-1.9687364101409912,0.33385521173477173,124.7061996459961,054,True,False,True,False,True,True,True,False,True
HST F814W,F814W_063_5340644,150.4854290848682,2.245814722611178,-1.7368271350860596,0.33303382992744446,124.48300170898438,063,True,False,True,False,True,True,True,False,True
HST F814W,F814W_055_4444825,149.84301289231175,1.987427534355135,-1.8598964214324951,0.33880215883255005,123.42032623291016,055,True,False,True,False,True,True,True,False,True
HST F814W,F814W_067_6064075,149.81105028452188,2.1313378944156507,-1.832374930381775,0.34390342235565186,123.11298370361328,067,True,False,True,False,True,True,True,False,True
HST F814W,F814W_063_5327104,150.5136630866878,2.2212434812176296,-1.90129816532135,0.3293101191520691,123.09113311767578,063,True,False,True,False,True,True,True,False,True
HST F814W,F814W_040_2385892,150.3752799528233,1.800757748464823,-1.5103352069854736,0.3168569505214691,122.40593719482422,040,True,False,True,False,True,True,True,False,True
HST F814W,F814W_028_0959392,150.3416671858198,1.7584195195834331,-1.431673288345337,0.3533845543861389,122.15084838867188,028,True,False,True,False,True,True,True,False,True
HST F814W,F814W_028_0907455,150.25330736647044,1.7419099616437939,-1.9832669496536255,0.3527424931526184,121.92891693115234,028,True,False,True,False,True,True,True,False,True
HST F814W,F814W_077_7212036,150.19412504847685,2.3565067364143335,-1.7369816303253174,0.3235182762145996,121.8448486328125,077,True,False,True,False,True,True,True,False,True
HST F814W,F814W_041_2548380,150.06616515026994,1.8162631552969903,-1.2815918922424316,0.3235310912132263,121.48319244384766,041,True,False,True,False,True,True,True,False,True
HST F814W,F814W_075_6987147,150.5469561484675,2.3175709605266808,-2.019050121307373,0.3258756995201111,121.24177551269531,075,True,False,True,False,True,True,True,False,True
HST F814W,F814W_075_6988083,150.5567767551384,2.319802146105519,-2.0867531299591064,0.32554763555526733,121.11972045898438,075,True,False,True,False,True,True,True,False,True
HST F814W,F814W_063_5340606,150.52977965943674,2.2457393309100326,-1.9208576679229736,0.32374271750450134,121.01012420654297,063,True,False,True,False,True,True,True,False,True
HST F814W,F814W_063_5286457,150.49901334765735,2.149541133116593,-2.2388031482696533,0.32367876172065735,120.98621368408203,063,True,False,True,False,True,True,True,False,True
HST F814W,F814W_074_6875930,150.58077314532102,2.4088183278745885,-1.3932642936706543,0.3821401298046112,120.91826629638672,074,True,False,True,False,True,True,True,False,True
HST F814W,F814W_074_6945322,150.59730488925976,2.445188447502461,-2.3362531661987305,0.38124385476112366,120.63465881347656,074,True,False,True,False,True,True,True,False,True
HST F814W,F814W_091_8751921,149.8634080683395,2.51615569238242,-2.2543139457702637,0.33813831210136414,120.59306335449219,091,True,False,True,False,True,True,True,False,True
HST F814W,F814W_052_3875109,150.3693051883234,1.9935886546320882,-1.8096225261688232,0.3268338739871979,120.08988189697266,052,True,False,True,False,True,True,True,False,True
HST F814W,F814W_040_2397247,150.3761140796279,1.8225450599942303,-2.0662388801574707,0.3108295500278473,120.07747650146484,040,True,False,True,False,True,True,True,False,True
HST F814W,F814W_066_6022003,149.99098864533886,2.2636418780893854,-2.0641026496887207,0.3658078908920288,120.0705337524414,066,True,False,True,False,True,True,True,False,True
HST F814W,F814W_078_7300946,150.0325662047728,2.293590641946273,-1.9924871921539307,0.33701249957084656,119.86669921875,078,True,False,True,False,True,True,True,False,True
HST F814W,F814W_042_2744626,149.9594188028023,1.8513016309344545,-2.051095724105835,0.3473544418811798,119.71695709228516,042,True,False,True,False,True,True,True,False,True
HST F814W,F814W_063_5348022,150.53079098280193,2.2607946446918334,-1.7229233980178833,0.3199777603149414,119.60283660888672,063,True,False,True,False,True,True,True,False,True
HST F814W,F814W_044_3160646,149.67653455614138,1.9563356413118944,-2.038801431655884,0.3436606526374817,119.37771606445312,044,True,False,True,False,True,True,True,False,True
HST F814W,F814W_054_4368232,149.90352909614836,2.0237988260273885,-1.9191116094589233,0.31952518224716187,119.35345458984375,054,True,False,True,False,True,True,True,False,True
HST F814W,F814W_042_2744550,149.95935163527065,1.8512593985367525,-2.0948450565338135,0.3462510406970978,119.33666229248047,042,True,False,True,False,True,True,True,False,True
HST F814W,F814W_075_7009595,150.5583942931787,2.362626112240617,-1.7814202308654785,0.3204680383205414,119.2298583984375,075,True,False,True,False,True,True,True,False,True
HST F814W,F814W_039_2266536,150.40225598060405,1.8649890151653807,-2.1285674571990967,0.3358999788761139,118.96432495117188,039,True,False,True,False,True,True,True,False,True
HST F814W,F814W_063_5291277,150.50862279312696,2.1604855102208926,-2.0327157974243164,0.317307710647583,118.60481262207031,063,True,False,True,False,True,True,True,False,True
HST F814W,F814W_043_2920190,149.81990461303582,1.9021386139082304,-2.0198915004730225,0.31594517827033997,118.52141571044922,043,True,False,True,False,True,True,True,False,True
HST F814W,F814W_044_3160684,149.6765330967563,1.9563835878637976,-1.9752440452575684,0.34060138463974,118.31501770019531,044,True,False,True,False,True,True,True,False,True
HST F814W,F814W_074_6869510,150.59883973504682,2.405413964066226,-2.1439828872680664,0.3726070821285248,117.90177917480469,074,True,False,True,False,True,True,True,False,True
HST F814W,F814W_079_7545239,149.89033915568066,2.4249579497093183,-1.7986361980438232,0.32311031222343445,117.63339233398438,079,True,False,True,False,True,True,True,False,True
HST F814W,F814W_042_2744772,149.95927823213518,1.8513603115665758,-2.1229746341705322,0.3406426012516022,117.40369415283203,042,True,False,True,False,True,True,True,False,True
HST F814W,F814W_090_8712107,150.04459197386524,2.616344794240298,-1.8883476257324219,0.3229045569896698,117.17340087890625,090,True,False,True,False,True,True,True,False,True
HST F814W,F814W_063_5289408,150.5052394762221,2.1560265660511777,-2.0104737281799316,0.3132772743701935,117.09829711914062,063,True,False,True,False,True,True,True,False,True
HST F814W,F814W_043_2936022,149.7472004025652,1.9282937728329061,-1.1700595617294312,0.3110687732696533,116.6921157836914,043,True,False,True,False,True,True,True,False,True
HST F814W,F814W_063_5365289,150.43775132371402,2.2902805734803615,-1.0245940685272217,0.31148087978363037,116.42683410644531,063,True,False,True,False,True,True,True,False,True
HST F814W,F814W_102_10349520,149.91583057405813,2.677451355616504,-1.966347575187683,0.3308842182159424,116.3149642944336,102,True,False,True,False,True,True,True,False,True
HST F814W,F814W_063_5326082,150.52131779208585,2.2186508697786156,-1.7565721273422241,0.31009817123413086,115.90999603271484,063,True,False,True,False,True,True,True,False,True
HST F814W,F814W_039_2265850,150.4020656198189,1.864813704336117,-2.06564998626709,0.3271118700504303,115.85187530517578,039,True,False,True,False,True,True,True,False,True
HST F814W,F814W_063_5294187,150.51004982114026,2.1665239287512548,-1.6549460887908936,0.3080601692199707,115.14822387695312,063,True,False,True,False,True,True,True,False,True
HST F814W,F814W_063_5305595,150.50764102088573,2.1872108990624666,-1.8376052379608154,0.3077268600463867,115.02363586425781,063,True,False,True,False,True,True,True,False,True
HST F814W,F814W_074_6849158,150.58451235724309,2.393253370322053,-2.0753796100616455,0.3635076582431793,115.02250671386719,074,True,False,True,False,True,True,True,False,True
HST F814W,F814W_041_2551339,150.1210101192053,1.8205313605004303,-2.0098116397857666,0.3054429292678833,114.69123840332031,041,True,False,True,False,True,True,True,False,True
HST F814W,F814W_063_5307948,150.51059751165,2.191443619528621,-1.2756671905517578,0.30658236145973206,114.59584045410156,063,True,False,True,False,True,True,True,False,True
HST F814W,F814W_063_5316850,150.51424630477626,2.20440028209005,-1.6318036317825317,0.3050650656223297,114.02870178222656,063,True,False,True,False,True,True,True,False,True
HST F814W,F814W_075_6983362,150.55650172151806,2.30506903515823,-1.3133341073989868,0.30609312653541565,113.88168334960938,075,True,False,True,False,True,True,True,False,True
HST F814W,F814W_029_1193083,150.16894702756903,1.7745906375386464,-1.7964327335357666,0.4085842967033386,113.75050354003906,029,True,False,True,False,True,True,True,False,True
HST F814W,F814W_042_2706146,150.02500438343108,1.8275722660854345,-2.2436532974243164,0.32821008563041687,113.11878967285156,042,True,False,True,False,True,True,True,False,True
HST F814W,F814W_063_5286451,150.49897992706008,2.149524707129405,-2.151244878768921,0.30172786116600037,112.78130340576172,063,True,False,True,False,True,True,True,False,True
HST F814W,F814W_053_4283099,150.17114829615036,2.090999672530743,-1.8880481719970703,0.3242080509662628,112.39137268066406,053,True,False,True,False,True,True,True,False,True
HST F814W,F814W_055_4456019,149.80082442576077,2.0146244728333094,-1.955189824104309,0.3081032633781433,112.23719787597656,055,True,False,True,False,True,True,True,False,True
HST F814W,F814W_055_4620645,149.80821046486074,2.1238856127902097,-1.807751178741455,0.3065856695175171,111.68436431884766,055,True,False,True,False,True,True,True,False,True
HST F814W,F814W_029_1193538,150.16930540250567,1.77487695573606,-1.6833518743515015,0.4002842903137207,111.43976593017578,029,True,False,True,False,True,True,True,False,True
HST F814W,F814W_042_2744701,149.95941923785153,1.8513455541385366,-2.0065765380859375,0.32242584228515625,111.12522888183594,042,True,False,True,False,True,True,True,False,True
HST F814W,F814W_078_7459685,149.96175934686386,2.4450288224002357,-1.7195758819580078,0.3116929233074188,110.86117553710938,078,True,False,True,False,True,True,True,False,True
HST F814W,F814W_074_6869421,150.59884357470423,2.405374657960902,-2.076963424682617,0.350101500749588,110.78047943115234,074,True,False,True,False,True,True,True,False,True
HST F814W,F814W_053_4280882,150.09058051834776,2.084995323574824,-1.7240633964538574,0.3184620141983032,110.39942169189453,053,True,False,True,False,True,True,True,False,True
HST F814W,F814W_028_0859060,150.34694784509895,1.7255708927336424,-2.0688858032226562,0.3192739188671112,110.36016845703125,028,True,False,True,False,True,True,True,False,True
HST F814W,F814W_089_8593255,150.15173785807755,2.601285325376617,-1.2388637065887451,0.32079771161079407,110.15269470214844,089,True,False,True,False,True,True,True,False,True
HST F814W,F814W_039_2241283,150.39409177249996,1.8581717852015576,-1.940362572669983,0.3101172149181366,109.83294677734375,039,True,False,True,False,True,True,True,False,True
HST F814W,F814W_041_2546357,150.07219694114738,1.8131472422114736,-1.9849519729614258,0.2921452820301056,109.69808197021484,041,True,False,True,False,True,True,True,False,True
HST F814W,F814W_075_6986754,150.56262895287435,2.3165671841489783,-2.0773446559906006,0.2948382794857025,109.69432830810547,075,True,False,True,False,True,True,True,False,True
HST F814W,F814W_063_5289493,150.50526789928898,2.1561924891217914,-1.9727590084075928,0.29330363869667053,109.63245391845703,063,True,False,True,False,True,True,True,False,True
HST F814W,F814W_074_6868577,150.58079166703902,2.4048480440387983,-1.9820476770401,0.3457465171813965,109.40245819091797,074,True,False,True,False,True,True,True,False,True
HST F814W,F814W_043_2917357,149.84514006235548,1.8956895292658311,-1.9479217529296875,0.291404128074646,109.31526184082031,043,True,False,True,False,True,True,True,False,True
HST F814W,F814W_040_2479682,150.2331757911873,1.9315762382404278,-1.871321201324463,0.2827514111995697,109.23052978515625,040,True,False,True,False,True,True,True,False,True
HST F814W,F814W_063_5336907,150.52481180162928,2.239028823220964,-1.888966679573059,0.29165804386138916,109.0173568725586,063,True,False,True,False,True,True,True,False,True
HST F814W,F814W_063_5346119,150.53580887418147,2.25658271017853,-2.0124449729919434,0.29108572006225586,108.80342864990234,063,True,False,True,False,True,True,True,False,True
HST F814W,F814W_044_3160723,149.6766007135402,1.9564395924872668,-2.0441744327545166,0.3120206594467163,108.38690185546875,044,True,False,True,False,True,True,True,False,True
HST F814W,F814W_041_2623987,150.12950755470186,1.9355252485841645,-1.6226797103881836,0.28852999210357666,108.340576171875,041,True,False,True,False,True,True,True,False,True
HST F814W,F814W_087_8126276,150.41180989780014,2.4608226732786918,-1.9093416929244995,0.28857582807540894,108.13866424560547,087,True,False,True,False,True,True,True,False,True
HST F814W,F814W_063_5311799,150.5238300194283,2.197709523667284,-1.8805248737335205,0.28886890411376953,107.97481536865234,063,True,False,True,False,True,True,True,False,True
HST F814W,F814W_042_2783105,149.98581281905481,1.871977382460881,-1.6127865314483643,0.3118840754032135,107.4919662475586,042,True,False,True,False,True,True,True,False,True
HST F814W,F814W_028_0871120,150.33187995437868,1.7299029965113888,-1.7339779138565063,0.30850014090538025,106.6361083984375,028,True,False,True,False,True,True,True,False,True
HST F814W,F814W_055_4465097,149.82201300826245,2.04048503758711,-1.7551934719085693,0.292343407869339,106.49613189697266,055,True,False,True,False,True,True,True,False,True
HST F814W,F814W_102_10338740,149.97986043829223,2.653857951011234,-0.8140509128570557,0.30227237939834595,106.25711059570312,102,True,False,True,False,True,True,True,False,True
HST F814W,F814W_040_2467302,150.2898037688952,1.913684035423759,-1.9173966646194458,0.27473893761634827,106.13520812988281,040,True,False,True,False,True,True,True,False,True
HST F814W,F814W_063_5289469,150.5051596767583,2.1561586287863608,-1.7799912691116333,0.28251346945762634,105.59925079345703,063,True,False,True,False,True,True,True,False,True
HST F814W,F814W_040_2419361,150.39406222376599,1.8581238958002992,-1.8240022659301758,0.273050457239151,105.48292541503906,040,True,False,True,False,True,True,True,False,True
HST F814W,F814W_079_7481297,149.8454837027068,2.3230459197000544,-1.9251598119735718,0.28878453373908997,105.13655853271484,079,True,False,True,False,True,True,True,False,True
HST F814W,F814W_040_2415796,150.37798909300207,1.8514442640579913,-1.8670488595962524,0.2712651491165161,104.7932357788086,040,True,False,True,False,True,True,True,False,True
HST F814W,F814W_040_2383512,150.33730468045442,1.796142634548634,-1.5061068534851074,0.27063608169555664,104.55021667480469,040,True,False,True,False,True,True,True,False,True
HST F814W,F814W_028_1021644,150.3338619815245,1.7811167894356261,-1.2619140148162842,0.30222487449645996,104.46700286865234,028,True,False,True,False,True,True,True,False,True
HST F814W,F814W_063_5293724,150.50666768057232,2.1654556712708577,-1.8833751678466797,0.27854621410369873,104.1163558959961,063,True,False,True,False,True,True,True,False,True
HST F814W,F814W_042_2706592,150.0251210719831,1.8282063385360523,-2.087653398513794,0.3015252351760864,103.9217529296875,042,True,False,True,False,True,True,True,False,True
HST F814W,F814W_090_8655525,149.89689890517323,2.5327953391064733,-1.5375208854675293,0.2847437858581543,103.32588195800781,090,True,False,True,False,True,True,True,False,True
HST F814W,F814W_075_6985701,150.54264072056546,2.3133181266074025,-1.6684175729751587,0.27740752696990967,103.20923614501953,075,True,False,True,False,True,True,True,False,True
HST F814W,F814W_076_7082554,150.31894037276024,2.3223180303695163,-1.8083734512329102,0.2707788348197937,102.95700073242188,076,True,False,True,False,True,True,True,False,True
HST F814W,F814W_028_0980010,150.34449180035168,1.7644837211449436,-1.5310992002487183,0.29785606265068054,102.95687866210938,028,True,False,True,False,True,True,True,False,True
HST F814W,F814W_028_0959916,150.35188157222186,1.758573270094122,-1.2675542831420898,0.2967400848865509,102.57112884521484,028,True,False,True,False,True,True,True,False,True
HST F814W,F814W_042_2710047,150.04134381759758,1.833151303207949,-1.6733455657958984,0.29722753167152405,102.44053649902344,042,True,False,True,False,True,True,True,False,True
HST F814W,F814W_051_3718116,150.4548052041936,2.0685381024343523,-1.6693451404571533,0.28654274344444275,102.41116333007812,051,True,False,True,False,True,True,True,False,True
HST F814W,F814W_063_5345789,150.52625297539748,2.256007126509628,-1.8605643510818481,0.2738337516784668,102.35490417480469,063,True,False,True,False,True,True,True,False,True
HST F814W,F814W_075_6981225,150.54522706652276,2.299418909056735,-1.6116340160369873,0.2748761475086212,102.2674331665039,075,True,False,True,False,True,True,True,False,True
HST F814W,F814W_075_6981337,150.55250252162858,2.2996651031319004,-1.813797950744629,0.27380818128585815,101.87010192871094,075,True,False,True,False,True,True,True,False,True
HST F814W,F814W_078_7395100,149.91020347732083,2.3465104147846656,-1.8198816776275635,0.28640052676200867,101.86531829833984,078,True,False,True,False,True,True,True,False,True
HST F814W,F814W_051_3809136,150.4856135396822,2.0994649068204603,-1.6810203790664673,0.28380918502807617,101.4341812133789,051,True,False,True,False,True,True,True,False,True
HST F814W,F814W_074_6705867,150.563163379027,2.3160967969058204,-2.201889753341675,0.32019928097724915,101.3187026977539,074,True,False,True,False,True,True,True,False,True
HST F814W,F814W_063_5337657,150.51694183231913,2.240306628171462,-1.6382025480270386,0.27060943841934204,101.14970397949219,063,True,False,True,False,True,True,True,False,True
HST F814W,F814W_091_8752049,149.86272355208044,2.5162837649911363,-2.003161668777466,0.2827487587928772,100.83902740478516,091,True,False,True,False,True,True,True,False,True
HST F814W,F814W_063_5336875,150.52474049853038,2.2389847768196742,-1.6821999549865723,0.26926389336586,100.64676666259766,063,True,False,True,False,True,True,True,False,True
HST F814W,F814W_075_7012362,150.55557239123095,2.3691364943797577,-1.361285924911499,0.26943260431289673,100.24217224121094,075,True,False,True,False,True,True,True,False,True
HST F814W,F814W_063_5322035,150.50942628573455,2.211386341343647,-1.3327462673187256,0.2677225172519684,100.07061767578125,063,True,False,True,False,True,True,True,False,True
HST F814W,F814W_041_2616554,150.1029374494031,1.923726692516196,-1.6656030416488647,0.2654991149902344,99.69267272949219,041,True,False,True,False,True,True,True,False,True
HST F814W,F814W_039_2373528,150.41980421124381,1.9446133469666838,-1.840524435043335,0.28146132826805115,99.68401336669922,039,True,False,True,False,True,True,True,False,True
HST F814W,F814W_039_2374360,150.3948241080652,1.9467419963784707,-1.8959777355194092,0.2811529338359833,99.57479095458984,039,True,False,True,False,True,True,True,False,True
HST F814W,F814W_088_8255009,150.3538570097767,2.521164688958629,-1.8056427240371704,0.2791464030742645,99.52340698242188,088,True,False,True,False,True,True,True,False,True
HST F814W,F814W_055_4434015,149.75533556953377,1.9609472489673474,-2.001300096511841,0.27234646677970886,99.21156311035156,055,True,False,True,False,True,True,True,False,True
HST F814W,F814W_041_2503919,150.15977051115814,1.7914748034751953,-1.8520981073379517,0.2641306519508362,99.17882537841797,041,True,False,True,False,True,True,True,False,True
HST F814W,F814W_075_7031548,150.55853667957533,2.403442164260782,-2.025665283203125,0.2662449777126312,99.05621337890625,075,True,False,True,False,True,True,True,False,True
HST F814W,F814W_074_6940759,150.6104073125397,2.4427732159835367,-2.194456100463867,0.31234604120254517,98.83374786376953,074,True,False,True,False,True,True,True,False,True
HST F814W,F814W_063_5321303,150.46998216593494,2.2102362487434797,-1.9841620922088623,0.26421719789505005,98.76038360595703,063,True,False,True,False,True,True,True,False,True
HST F814W,F814W_053_4280659,150.13569969999614,2.084607484973083,-2.051245927810669,0.28482145071029663,98.73744201660156,053,True,False,True,False,True,True,True,False,True
HST F814W,F814W_040_2382567,150.37316053074096,1.7944903109009485,-1.5640264749526978,0.2555462718009949,98.72083282470703,040,True,False,True,False,True,True,True,False,True
HST F814W,F814W_043_2920346,149.81973733730035,1.9023983646874623,-1.9766618013381958,0.2628028690814972,98.58599090576172,043,True,False,True,False,True,True,True,False,True
HST F814W,F814W_028_1001106,150.34374043137544,1.7704850171950341,-2.0182695388793945,0.28511282801628113,98.55205535888672,028,True,False,True,False,True,True,True,False,True
HST F814W,F814W_067_6136730,149.8170718032595,2.2360324514111345,-1.2258275747299194,0.27518877387046814,98.51403045654297,067,True,False,True,False,True,True,True,False,True
HST F814W,F814W_064_5478330,150.2990315719768,2.2293980243632388,-1.9647762775421143,0.2688615918159485,98.50439453125,064,True,False,True,False,True,True,True,False,True
HST F814W,F814W_052_4061436,150.34247510750174,2.085464106777784,-1.4436906576156616,0.26803654432296753,98.4857406616211,052,True,False,True,False,True,True,True,False,True
HST F814W,F814W_079_7467162,149.78014640199544,2.2915298709262655,-1.7912448644638062,0.27025943994522095,98.39220428466797,079,True,False,True,False,True,True,True,False,True
HST F814W,F814W_075_7017417,150.42473621876988,2.3787041533386972,-1.9450091123580933,0.2644507586956024,98.38867950439453,075,True,False,True,False,True,True,True,False,True
HST F814W,F814W_075_6980010,150.55661576570853,2.29628888628456,-1.0940990447998047,0.26356789469718933,98.06021118164062,075,True,False,True,False,True,True,True,False,True
HST F814W,F814W_074_6706494,150.56325763337912,2.316402101356125,-2.1462292671203613,0.309842050075531,98.04142761230469,074,True,False,True,False,True,True,True,False,True
HST F814W,F814W_053_4288364,150.06797401810817,2.110272588539923,-1.9005768299102783,0.2820844352245331,97.78861236572266,053,True,False,True,False,True,True,True,False,True
HST F814W,F814W_078_7439534,149.92170764192284,2.4031396450037863,-1.5460851192474365,0.27485114336013794,97.75749969482422,078,True,False,True,False,True,True,True,False,True
HST F814W,F814W_078_7303443,149.9022985112886,2.299876089879185,-1.5467100143432617,0.27416419982910156,97.51317596435547,078,True,False,True,False,True,True,True,False,True
HST F814W,F814W_075_6981342,150.56123295089947,2.299678751257269,-1.4990092515945435,0.26199012994766235,97.47320556640625,075,True,False,True,False,True,True,True,False,True
HST F814W,F814W_054_4401442,149.97667513717386,2.0747099799241844,-1.0787712335586548,0.26021406054496765,97.19874572753906,054,True,False,True,False,True,True,True,False,True
HST F814W,F814W_055_4482233,149.73562855993487,2.078296430848095,-1.9440019130706787,0.2667582035064697,97.17584228515625,055,True,False,True,False,True,True,True,False,True
HST F814W,F814W_040_2386716,150.35195201432015,1.8023801788127438,-1.7488882541656494,0.2515256702899933,97.16761779785156,040,True,False,True,False,True,True,True,False,True
HST F814W,F814W_063_5286349,150.4989967699182,2.1493593238376865,-1.9848144054412842,0.25943025946617126,96.97109985351562,063,True,False,True,False,True,True,True,False,True
HST F814W,F814W_054_4321769,149.96793468514176,1.9722813131179455,-1.7059550285339355,0.2591562271118164,96.80360412597656,054,True,False,True,False,True,True,True,False,True
HST F814W,F814W_063_5321246,150.47052192424118,2.2101911504052665,-1.9382259845733643,0.2587657868862152,96.72273254394531,063,True,False,True,False,True,True,True,False,True
HST F814W,F814W_039_2368626,150.40285978783848,1.9308164281040734,-1.9321444034576416,0.2725164294242859,96.51602935791016,039,True,False,True,False,True,True,True,False,True
HST F814W,F814W_028_1022187,150.3183057506254,1.7827062894135883,-1.1598621606826782,0.27822345495224,96.1706771850586,028,True,False,True,False,True,True,True,False,True
HST F814W,F814W_039_2373600,150.4197373863192,1.9447321863052813,-1.891453504562378,0.27152201533317566,96.1638412475586,039,True,False,True,False,True,True,True,False,True
HST F814W,F814W_039_2240986,150.39403466601507,1.8580911217406293,-1.8429534435272217,0.2713283598423004,96.09526062011719,039,True,False,True,False,True,True,True,False,True
HST F814W,F814W_063_5319712,150.47087355215206,2.208737375358531,-1.883628487586975,0.25619807839393616,95.7629623413086,063,True,False,True,False,True,True,True,False,True
HST F814W,F814W_028_0904836,150.30651196610216,1.7410617202180103,-1.245884895324707,0.2767837643623352,95.67303466796875,028,True,False,True,False,True,True,True,False,True
HST F814W,F814W_040_2380688,150.3350500344166,1.7914927399821894,-1.3107428550720215,0.24758782982826233,95.64637756347656,040,True,False,True,False,True,True,True,False,True
HST F814W,F814W_042_2736133,150.0158601649231,1.8466715108185598,-2.0153841972351074,0.2774300277233124,95.61725616455078,042,True,False,True,False,True,True,True,False,True
HST F814W,F814W_089_8392829,150.11561955119652,2.4653465990883623,-2.0252363681793213,0.27749961614608765,95.2853775024414,089,True,False,True,False,True,True,True,False,True
HST F814W,F814W_091_8752604,149.86323852273256,2.516894366907668,-1.947381615638733,0.26531168818473816,94.62030029296875,091,True,False,True,False,True,True,True,False,True
HST F814W,F814W_043_2920310,149.81967062524774,1.902332454209544,-1.8437533378601074,0.2520850896835327,94.56539916992188,043,True,False,True,False,True,True,True,False,True
HST F814W,F814W_028_0930389,150.3390059853343,1.7495017886559683,-1.7906373739242554,0.27350953221321106,94.541259765625,028,True,False,True,False,True,True,True,False,True
HST F814W,F814W_075_6995500,150.5559270923959,2.3359668540174336,-1.1486421823501587,0.2539730966091156,94.49047088623047,075,True,False,True,False,True,True,True,False,True
HST F814W,F814W_066_6038526,149.98196750262466,2.2842796682828665,-1.7106856107711792,0.28774726390838623,94.44839477539062,066,True,False,True,False,True,True,True,False,True
HST F814W,F814W_075_7016969,150.50808739267066,2.377895901159153,-1.9652011394500732,0.25383543968200684,94.43925476074219,075,True,False,True,False,True,True,True,False,True
HST F814W,F814W_077_7257901,150.07195933622194,2.432470530108531,-1.8921105861663818,0.2502175569534302,94.23802185058594,077,True,False,True,False,True,True,True,False,True
HST F814W,F814W_063_5366351,150.43156265313576,2.291099721807977,-1.9106428623199463,0.25180402398109436,94.12052917480469,063,True,False,True,False,True,True,True,False,True
HST F814W,F814W_028_1002370,150.34405027810746,1.7708030251353701,-1.9092040061950684,0.27225160598754883,94.1064453125,028,True,False,True,False,True,True,True,False,True
HST F814W,F814W_042_2735938,150.01588433489042,1.84660755802422,-2.0445027351379395,0.27296343445777893,94.07782745361328,042,True,False,True,False,True,True,True,False,True
HST F814W,F814W_041_2610685,150.07496139865555,1.9151680141989178,-1.8218756914138794,0.24995891749858856,93.85746002197266,041,True,False,True,False,True,True,True,False,True
HST F814W,F814W_028_1019982,150.3367110568496,1.7778800780633983,-1.5880999565124512,0.27135372161865234,93.79608154296875,028,True,False,True,False,True,True,True,False,True
HST F814W,F814W_054_4406312,149.97069743127255,2.0831589280443623,-1.9204356670379639,0.25064679980278015,93.62504577636719,054,True,False,True,False,True,True,True,False,True
HST F814W,F814W_067_6079330,149.87218418520533,2.1487637243688154,-1.7873847484588623,0.2614319920539856,93.58927917480469,067,True,False,True,False,True,True,True,False,True
HST F814W,F814W_041_2567940,150.1314868892856,1.8494682074096194,-1.6999691724777222,0.24864783883094788,93.36515808105469,041,True,False,True,False,True,True,True,False,True
HST F814W,F814W_054_4406334,149.97072856015419,2.083190457374781,-1.8620978593826294,0.24943578243255615,93.17269134521484,054,True,False,True,False,True,True,True,False,True
HST F814W,F814W_089_8488778,150.12349078697818,2.5526345081287976,-1.7582231760025024,0.27116134762763977,93.10899353027344,089,True,False,True,False,True,True,True,False,True
HST F814W,F814W_051_3806010,150.48832099652083,2.098531231571882,-1.8918818235397339,0.2603144347667694,93.03709411621094,051,True,False,True,False,True,True,True,False,True
HST F814W,F814W_029_1195753,150.16307805641875,1.776324390228937,-1.3422942161560059,0.33355075120925903,92.86104583740234,029,True,False,True,False,True,True,True,False,True
HST F814W,F814W_042_2723928,150.0278474687844,1.8408268943359674,-2.0266685485839844,0.26848477125167847,92.53424072265625,042,True,False,True,False,True,True,True,False,True
HST F814W,F814W_063_5303754,150.51136513523787,2.184177538126724,-1.0201176404953003,0.24737943708896637,92.46668243408203,063,True,False,True,False,True,True,True,False,True
HST F814W,F814W_074_6906123,150.58270058463305,2.4253115355229777,-1.9052387475967407,0.2921364903450012,92.43896484375,074,True,False,True,False,True,True,True,False,True
HST F814W,F814W_028_1022595,150.30148745618672,1.7843167026041278,-1.6084420680999756,0.26742637157440186,92.43855285644531,028,True,False,True,False,True,True,True,False,True
HST F814W,F814W_074_6902006,150.59632949533386,2.423089488772118,-1.9615815877914429,0.2920851409435272,92.42271423339844,074,True,False,True,False,True,True,True,False,True
HST F814W,F814W_076_7144636,150.2675779530331,2.4225464376069343,-1.9099677801132202,0.24224653840065002,92.1082992553711,076,True,False,True,False,True,True,True,False,True
HST F814W,F814W_053_4280772,150.13562437596903,2.0847889629970138,-1.9980913400650024,0.2655620574951172,92.06089782714844,053,True,False,True,False,True,True,True,False,True
HST F814W,F814W_064_5371887,150.39226902939865,2.1283958779606684,-1.6434918642044067,0.25125011801719666,92.0519790649414,064,True,False,True,False,True,True,True,False,True
HST F814W,F814W_090_8656509,149.99346838342154,2.5344143144022104,-1.6244258880615234,0.2531120181083679,91.84756469726562,090,True,False,True,False,True,True,True,False,True
HST F814W,F814W_065_5610391,150.13574799978355,2.1397064370169545,-2.2725515365600586,0.3371371328830719,91.78168487548828,065,True,False,True,False,True,True,True,False,True
HST F814W,F814W_074_6922373,150.57450075755762,2.4336495867996777,-1.2198314666748047,0.28981468081474304,91.70428466796875,074,True,False,True,False,True,True,True,False,True
HST F814W,F814W_041_2561433,150.1604064915422,1.8377716752286253,-1.8977688550949097,0.243366539478302,91.382080078125,041,True,False,True,False,True,True,True,False,True
HST F814W,F814W_077_7257265,150.07239340586898,2.431672998936861,-1.8784724473953247,0.24202844500541687,91.15380096435547,077,True,False,True,False,True,True,True,False,True
HST F814W,F814W_063_5336829,150.52473681673374,2.238937309993829,-1.6150619983673096,0.24377679824829102,91.12007141113281,063,True,False,True,False,True,True,True,False,True
HST F814W,F814W_063_5336846,150.52491601781736,2.2389533729819036,-1.7008893489837646,0.2435441017150879,91.03309631347656,063,True,False,True,False,True,True,True,False,True
HST F814W,F814W_051_3855317,150.49301544472462,2.1155618244387426,-1.6147329807281494,0.25420308113098145,90.85287475585938,051,True,False,True,False,True,True,True,False,True
HST F814W,F814W_079_7513081,149.81404369274568,2.3889856736933117,-1.9195177555084229,0.24943922460079193,90.8122787475586,079,True,False,True,False,True,True,True,False,True
HST F814W,F814W_102_10354811,149.93991841272933,2.688277571061877,-1.4077110290527344,0.25821831822395325,90.77088928222656,102,True,False,True,False,True,True,True,False,True
HST F814W,F814W_063_5289497,150.5052353187067,2.1562126955275227,-1.7863136529922485,0.24259182810783386,90.6771469116211,063,True,False,True,False,True,True,True,False,True
HST F814W,F814W_075_6990330,150.55671780873328,2.3251648687232334,-1.0846532583236694,0.24364542961120605,90.6480712890625,075,True,False,True,False,True,True,True,False,True
HST F814W,F814W_074_6736647,150.56558228567002,2.332504142812732,-1.1151121854782104,0.2859407067298889,90.47846984863281,074,True,False,True,False,True,True,True,False,True
HST F814W,F814W_053_4182348,150.083192637269,1.997019645419628,-0.5935656428337097,0.26090362668037415,90.44598388671875,053,True,False,True,False,True,True,True,False,True
HST F814W,F814W_039_2371874,150.4135969133649,1.9402817195674198,-1.8552149534225464,0.2551843822002411,90.37760925292969,039,True,False,True,False,True,True,True,False,True
HST F814W,F814W_029_1184437,150.17997692826995,1.7689878747671117,-2.138474225997925,0.32398277521133423,90.19731140136719,029,True,False,True,False,True,True,True,False,True
HST F814W,F814W_028_1020017,150.3368180064808,1.777918458106942,-1.687699794769287,0.26073333621025085,90.12504577636719,028,True,False,True,False,True,True,True,False,True
HST F814W,F814W_079_7503535,149.82271230724234,2.3690538908814673,-1.875601053237915,0.24745476245880127,90.08979797363281,079,True,False,True,False,True,True,True,False,True
HST F814W,F814W_079_7513059,149.81404201237692,2.3889580047361045,-1.8579764366149902,0.2472161203622818,90.00292205810547,079,True,False,True,False,True,True,True,False,True
HST F814W,F814W_028_0869663,150.30232518068757,1.7294568705466444,-1.4553172588348389,0.2601757347583771,89.93230438232422,028,True,False,True,False,True,True,True,False,True
HST F814W,F814W_074_6955974,150.57286087128685,2.450244374834303,-1.6390882730484009,0.2841959297657013,89.92638397216797,074,True,False,True,False,True,True,True,False,True
HST F814W,F814W_052_3879158,150.31498446183733,2.001710843611672,-1.5433794260025024,0.24343913793563843,89.44781494140625,052,True,False,True,False,True,True,True,False,True
HST F814W,F814W_053_4272614,150.1737146539312,2.060634508522296,-1.8767926692962646,0.2579977214336395,89.43860626220703,053,True,False,True,False,True,True,True,False,True
HST F814W,F814W_074_6874418,150.5696633897931,2.408047538277372,-1.4744713306427002,0.2817245423793793,89.14437866210938,074,True,False,True,False,True,True,True,False,True
HST F814W,F814W_053_4261290,150.11794408144465,2.0235243867862884,-1.471271276473999,0.2570389211177826,89.1062240600586,053,True,False,True,False,True,True,True,False,True
HST F814W,F814W_040_2415742,150.37801922188902,1.8513608041202156,-1.7474483251571655,0.23041775822639465,89.01335906982422,040,True,False,True,False,True,True,True,False,True
HST F814W,F814W_043_2935291,149.74923379666765,1.9271329098673275,-1.6300861835479736,0.2372482568025589,88.99961853027344,043,True,False,True,False,True,True,True,False,True
HST F814W,F814W_028_0914330,150.25032945313535,1.7442028288078295,-1.6132842302322388,0.25747358798980713,88.99827575683594,028,True,False,True,False,True,True,True,False,True
HST F814W,F814W_055_4456010,149.80080045886237,2.0145989561579194,-1.8349275588989258,0.24413752555847168,88.93548583984375,055,True,False,True,False,True,True,True,False,True
HST F814W,F814W_041_2536025,150.20961523091734,1.8054491585237507,-1.0302873849868774,0.23684488236904144,88.9332504272461,041,True,False,True,False,True,True,True,False,True
HST F814W,F814W_043_2941974,149.8183520024419,1.9388647029360688,-1.812427043914795,0.23683813214302063,88.84576416015625,043,True,False,True,False,True,True,True,False,True
HST F814W,F814W_074_6705814,150.56315752097493,2.3160616253997954,-2.0522334575653076,0.2804442346096039,88.7392578125,074,True,False,True,False,True,True,True,False,True
HST F814W,F814W_090_8694592,150.04825652440934,2.5916714655976354,-1.399456262588501,0.2445286363363266,88.73287963867188,090,True,False,True,False,True,True,True,False,True
HST F814W,F814W_040_2415563,150.3777660099006,1.8511553499430362,-1.6643424034118652,0.22962529957294464,88.70722198486328,040,True,False,True,False,True,True,True,False,True
HST F814W,F814W_063_5354162,150.54517821070846,2.273384291458987,-1.426807165145874,0.2370534986257553,88.60700225830078,063,True,False,True,False,True,True,True,False,True
HST F814W,F814W_063_5306757,150.45268715480378,2.189306838021552,-1.5379559993743896,0.23704876005649567,88.60523223876953,063,True,False,True,False,True,True,True,False,True
HST F814W,F814W_055_4456070,149.75252235740098,2.0147387663058867,-1.8554307222366333,0.2428186982870102,88.4550552368164,055,True,False,True,False,True,True,True,False,True
HST F814W,F814W_076_7138985,150.3721628580582,2.4171248817989133,-0.6438502073287964,0.2325112521648407,88.40669250488281,076,True,False,True,False,True,True,True,False,True
HST F814W,F814W_066_5876608,149.91728654468918,2.180154683571779,-1.7550263404846191,0.2683284878730774,88.07449340820312,066,True,False,True,False,True,True,True,False,True
HST F814W,F814W_078_7435610,150.03930824298703,2.39709465572455,-1.937662959098816,0.2469966560602188,87.85037231445312,078,True,False,True,False,True,True,True,False,True
HST F814W,F814W_042_2714776,150.00578204032158,1.8361482152128312,-1.6012035608291626,0.2548167407512665,87.8235092163086,042,True,False,True,False,True,True,True,False,True
HST F814W,F814W_040_2401664,150.3684161365961,1.829698284112678,-0.9833447933197021,0.22727912664413452,87.80086517333984,040,True,False,True,False,True,True,True,False,True
HST F814W,F814W_040_2420155,150.32990488444085,1.859665838566083,-1.610112190246582,0.2271401733160019,87.74718475341797,040,True,False,True,False,True,True,True,False,True
HST F814W,F814W_051_3808333,150.48818746141646,2.0992329878350295,-1.8671963214874268,0.24540337920188904,87.70783996582031,051,True,False,True,False,True,True,True,False,True
HST F814W,F814W_074_6786718,150.57622298237476,2.360407171791758,-1.573228359222412,0.2766824960708618,87.5489501953125,074,True,False,True,False,True,True,True,False,True
HST F814W,F814W_063_5319711,150.4709050507405,2.2087311749363128,-1.771139144897461,0.23374836146831512,87.37159729003906,063,True,False,True,False,True,True,True,False,True
HST F814W,F814W_028_1024069,150.37657496042874,1.7899165132641741,-1.8202000856399536,0.25262099504470825,87.32093048095703,028,True,False,True,False,True,True,True,False,True
HST F814W,F814W_052_3887800,150.3578190769143,2.020228490298941,-1.8452860116958618,0.23744197189807892,87.24425506591797,052,True,False,True,False,True,True,True,False,True
HST F814W,F814W_076_7143733,150.2662624036367,2.4218531556132255,-1.8594108819961548,0.22928109765052795,87.17850494384766,076,True,False,True,False,True,True,True,False,True
HST F814W,F814W_063_5286353,150.49926460385444,2.149367537015114,-1.860613226890564,0.2330782562494278,87.1211166381836,063,True,False,True,False,True,True,True,False,True
HST F814W,F814W_054_4416404,150.0442600553829,2.1023576372906487,-1.7950563430786133,0.23317670822143555,87.09938049316406,054,True,False,True,False,True,True,True,False,True
HST F814W,F814W_075_6994628,150.55475028587392,2.334350374698151,-1.0018115043640137,0.23364654183387756,86.92799377441406,075,True,False,True,False,True,True,True,False,True
HST F814W,F814W_041_2546375,150.0721725310183,1.813170743136348,-1.7169699668884277,0.23127493262290955,86.84178161621094,041,True,False,True,False,True,True,True,False,True
HST F814W,F814W_063_5289440,150.50516326832548,2.1561130356849,-1.6890571117401123,0.23226362466812134,86.81661987304688,063,True,False,True,False,True,True,True,False,True
HST F814W,F814W_074_6919602,150.59434602429783,2.432313088731333,-2.0368411540985107,0.2743130922317505,86.7992172241211,074,True,False,True,False,True,True,True,False,True
HST F814W,F814W_089_8387472,150.21510934209473,2.462736802651618,-1.7117512226104736,0.2524023950099945,86.66770935058594,089,True,False,True,False,True,True,True,False,True
HST F814W,F814W_063_5305982,150.4946935886407,2.1879466948443795,-1.6795557737350464,0.23174546658992767,86.62294006347656,063,True,False,True,False,True,True,True,False,True
HST F814W,F814W_029_1184088,150.18005454537635,1.7687645613849958,-2.175194501876831,0.3109736740589142,86.57555389404297,029,True,False,True,False,True,True,True,False,True
HST F814W,F814W_040_2395730,150.3790431730404,1.8199456456850565,-0.9489744901657104,0.2238788902759552,86.48731231689453,040,True,False,True,False,True,True,True,False,True
HST F814W,F814W_078_7434449,150.0407523497475,2.396023175643707,-1.9218263626098633,0.24288524687290192,86.38805389404297,078,True,False,True,False,True,True,True,False,True
HST F814W,F814W_075_7016481,150.50716758600217,2.3772182540775924,-1.8441963195800781,0.23207445442676544,86.34310150146484,075,True,False,True,False,True,True,True,False,True
HST F814W,F814W_078_7301999,150.050962328138,2.295296412965749,-1.4281775951385498,0.24273614585399628,86.33502197265625,078,True,False,True,False,True,True,True,False,True
HST F814W,F814W_043_2953025,149.75398099758763,1.9606928241018153,-1.845090389251709,0.22984983026981354,86.2242202758789,043,True,False,True,False,True,True,True,False,True
HST F814W,F814W_078_7436772,150.0409999307952,2.3982569989526468,-1.8555974960327148,0.24214930832386017,86.12629699707031,078,True,False,True,False,True,True,True,False,True
HST F814W,F814W_066_5823886,149.9140764559347,2.1577659269255083,-1.9612925052642822,0.26226896047592163,86.08555603027344,066,True,False,True,False,True,True,True,False,True
HST F814W,F814W_075_7009626,150.5584066180461,2.3626975330414015,-1.503492832183838,0.2312760055065155,86.04603576660156,075,True,False,True,False,True,True,True,False,True
HST F814W,F814W_043_2941903,149.8182986960148,1.938815378854571,-1.8248234987258911,0.22935396432876587,86.0382080078125,043,True,False,True,False,True,True,True,False,True
HST F814W,F814W_078_7435323,150.03930167983842,2.3968235568948737,-1.8783047199249268,0.24177436530590057,85.9929428100586,078,True,False,True,False,True,True,True,False,True
HST F814W,F814W_074_6933832,150.58216581606112,2.4395317620907306,-1.6781412363052368,0.27169954776763916,85.97222900390625,074,True,False,True,False,True,True,True,False,True
HST F814W,F814W_052_4067089,150.32677752982144,2.0977705319654825,-1.8835781812667847,0.2338695228099823,85.9316177368164,052,True,False,True,False,True,True,True,False,True
HST F814W,F814W_074_6796759,150.57263686791762,2.365950091502362,-1.6174112558364868,0.271362841129303,85.86568450927734,074,True,False,True,False,True,True,True,False,True
HST F814W,F814W_074_6867569,150.58714458583987,2.404227645226451,-1.0922564268112183,0.2710561156272888,85.76863098144531,074,True,False,True,False,True,True,True,False,True
HST F814W,F814W_090_8689601,150.02891246092645,2.5847130215501064,-1.8653297424316406,0.23629608750343323,85.74551391601562,090,True,False,True,False,True,True,True,False,True
HST F814W,F814W_075_6987533,150.55764497829747,2.3186961862187045,-0.8206773996353149,0.23009593784809113,85.60699462890625,075,True,False,True,False,True,True,True,False,True
HST F814W,F814W_078_7389237,149.95711919424662,2.3439316965839248,-1.436802864074707,0.24041809141635895,85.51055145263672,078,True,False,True,False,True,True,True,False,True
HST F814W,F814W_041_2559644,150.10328005545202,1.8341694002604867,-1.3783605098724365,0.22772076725959778,85.5072250366211,041,True,False,True,False,True,True,True,False,True
HST F814W,F814W_043_2935845,149.74160460575092,1.9279971703998438,-1.2915056943893433,0.2278783917427063,85.48467254638672,043,True,False,True,False,True,True,True,False,True
HST F814W,F814W_052_3887772,150.35771614272065,2.02017923486226,-1.7579615116119385,0.232627272605896,85.47516632080078,052,True,False,True,False,True,True,True,False,True
HST F814W,F814W_040_2419114,150.35683292589377,1.8577307130168514,-1.5356444120407104,0.2212056964635849,85.45462036132812,040,True,False,True,False,True,True,True,False,True
HST F814W,F814W_090_8618972,149.95785480680516,2.470619643931935,-1.5433177947998047,0.235168918967247,85.33649444580078,090,True,False,True,False,True,True,True,False,True
HST F814W,F814W_042_2775641,149.93955106725306,1.8681460938597723,-1.0703072547912598,0.24748052656650543,85.29505157470703,042,True,False,True,False,True,True,True,False,True
HST F814W,F814W_040_2399580,150.35292880040845,1.8261897024209088,-1.6634373664855957,0.2204948216676712,85.18000030517578,040,True,False,True,False,True,True,True,False,True
HST F814W,F814W_078_7435611,150.03927958351568,2.397074374423218,-1.8587886095046997,0.23901605606079102,85.01187896728516,078,True,False,True,False,True,True,True,False,True
HST F814W,F814W_028_0930249,150.3392351129323,1.7494677224979585,-1.6442482471466064,0.2456008791923523,84.89436340332031,028,True,False,True,False,True,True,True,False,True
HST F814W,F814W_077_7226425,150.12480055011255,2.3822937393050085,-1.5225356817245483,0.22534462809562683,84.87026977539062,077,True,False,True,False,True,True,True,False,True
HST F814W,F814W_051_3664093,150.4215988473052,1.9624417682705448,-1.4994467496871948,0.23736482858657837,84.8348388671875,051,True,False,True,False,True,True,True,False,True
HST F814W,F814W_074_6705763,150.56313115966114,2.3160389334725218,-1.9931693077087402,0.26803910732269287,84.81398010253906,074,True,False,True,False,True,True,True,False,True
HST F814W,F814W_074_6941352,150.6103072848522,2.443037316986367,-2.027663469314575,0.26789918541908264,84.76969909667969,074,True,False,True,False,True,True,True,False,True
HST F814W,F814W_051_3700947,150.40081225190843,2.055964805104171,-1.8527023792266846,0.23703226447105408,84.71598052978516,051,True,False,True,False,True,True,True,False,True
HST F814W,F814W_040_2480124,150.28284268493678,1.93225943617775,-0.8457658290863037,0.2190525084733963,84.62281799316406,040,True,False,True,False,True,True,True,False,True
HST F814W,F814W_041_2550022,150.13878228168159,1.818561097464555,-1.706845760345459,0.22504572570323944,84.50276947021484,041,True,False,True,False,True,True,True,False,True
HST F814W,F814W_040_2399493,150.35310037858451,1.8260681121950102,-1.7625415325164795,0.2187286913394928,84.49771881103516,040,True,False,True,False,True,True,True,False,True
HST F814W,F814W_074_6903650,150.57479193294557,2.4239563637445696,-1.86343252658844,0.26702016592025757,84.49156188964844,074,True,False,True,False,True,True,True,False,True
HST F814W,F814W_075_7016671,150.50716946888636,2.377503449294343,-1.8373054265975952,0.22692981362342834,84.42903900146484,075,True,False,True,False,True,True,True,False,True
HST F814W,F814W_075_7017348,150.4246655593808,2.3785688289454567,-1.8021368980407715,0.22685810923576355,84.4023666381836,075,True,False,True,False,True,True,True,False,True
HST F814W,F814W_078_7436870,150.04046077779887,2.398353191942772,-1.8434261083602905,0.23715895414352417,84.35135650634766,078,True,False,True,False,True,True,True,False,True
HST F814W,F814W_051_3805106,150.4884408021316,2.098285994211516,-1.8679553270339966,0.2359127402305603,84.31585693359375,051,True,False,True,False,True,True,True,False,True
HST F814W,F814W_063_5277922,150.48992208773677,2.1339445246182156,-0.8949369788169861,0.225233793258667,84.18898010253906,063,True,False,True,False,True,True,True,False,True
HST F814W,F814W_074_6903828,150.5747831511234,2.4240564108296043,-1.8168545961380005,0.26599836349487305,84.1682357788086,074,True,False,True,False,True,True,True,False,True
HST F814W,F814W_040_2414034,150.39231189632125,1.848764902091757,-1.48276948928833,0.217789426445961,84.13487243652344,040,True,False,True,False,True,True,True,False,True
HST F814W,F814W_063_5298130,150.45516746431295,2.174743279465842,-1.407247543334961,0.22393593192100525,83.703857421875,063,True,False,True,False,True,True,True,False,True
HST F814W,F814W_041_2549994,150.20957707489896,1.8185446541250105,-1.5416926145553589,0.22245202958583832,83.52885437011719,041,True,False,True,False,True,True,True,False,True
HST F814W,F814W_053_4280826,150.13558532990913,2.084905816824634,-1.8546886444091797,0.24057461321353912,83.39863586425781,053,True,False,True,False,True,True,True,False,True
HST F814W,F814W_042_2758914,150.03790537737876,1.859436027659011,-1.8917893171310425,0.24093930423259735,83.04059600830078,042,True,False,True,False,True,True,True,False,True
HST F814W,F814W_076_7157292,150.28108147778616,2.440540860775982,-1.4283037185668945,0.2180326133966446,82.90155029296875,076,True,False,True,False,True,True,True,False,True
HST F814W,F814W_091_8751793,149.86288755028178,2.5159787675301186,-1.7700989246368408,0.23240447044372559,82.88433074951172,091,True,False,True,False,True,True,True,False,True
HST F814W,F814W_065_5644297,150.18919899184314,2.174462590197539,-1.666723370552063,0.30433401465415955,82.85140991210938,065,True,False,True,False,True,True,True,False,True
HST F814W,F814W_052_3909285,150.36838707217365,2.0359253341621404,-1.5008504390716553,0.22541218996047974,82.82410430908203,052,True,False,True,False,True,True,True,False,True
HST F814W,F814W_091_8752002,149.8625876759363,2.5162450560746987,-1.7801965475082397,0.23201356828212738,82.74491882324219,091,True,False,True,False,True,True,True,False,True
HST F814W,F814W_042_2705114,150.02768418652164,1.8251048777493044,-1.361755132675171,0.24002397060394287,82.72512817382812,042,True,False,True,False,True,True,True,False,True
HST F814W,F814W_039_2368947,150.40281716231004,1.9317046206349993,-1.8346564769744873,0.23336781561374664,82.65092468261719,039,True,False,True,False,True,True,True,False,True
HST F814W,F814W_076_7144579,150.26731335171908,2.422496557519977,-1.798630952835083,0.2173272669315338,82.63335418701172,076,True,False,True,False,True,True,True,False,True
HST F814W,F814W_088_8255016,150.35389560596298,2.5211781823648844,-1.512952446937561,0.23146215081214905,82.52265167236328,088,True,False,True,False,True,True,True,False,True
HST F814W,F814W_044_3152314,149.7251442798207,1.9370747660215168,-1.616931438446045,0.23737120628356934,82.45585632324219,044,True,False,True,False,True,True,True,False,True
HST F814W,F814W_089_8470818,150.18697675810782,2.517282587336325,-1.7255353927612305,0.2401159107685089,82.44889068603516,089,True,False,True,False,True,True,True,False,True
HST F814W,F814W_063_5309938,150.5007778049318,2.194611011136405,-1.7146673202514648,0.2202434241771698,82.32365417480469,063,True,False,True,False,True,True,True,False,True
HST F814W,F814W_076_7106704,150.31071903410194,2.364676180154414,-1.1886317729949951,0.2159036546945572,82.0920639038086,076,True,False,True,False,True,True,True,False,True
HST F814W,F814W_063_5363063,150.54008183656512,2.2881774678942897,-1.0667929649353027,0.21954335272312164,82.06198120117188,063,True,False,True,False,True,True,True,False,True
HST F814W,F814W_040_2395713,150.35135192317927,1.8199299518985803,-1.4707618951797485,0.2120361477136612,81.91230773925781,040,True,False,True,False,True,True,True,False,True
HST F814W,F814W_043_2953230,149.75537991425296,1.9608748737867072,-1.7448582649230957,0.2177141308784485,81.67172241210938,043,True,False,True,False,True,True,True,False,True
HST F814W,F814W_054_4418348,149.90287322049522,2.10566160122266,-1.3607419729232788,0.2185562700033188,81.63815307617188,054,True,False,True,False,True,True,True,False,True
HST F814W,F814W_074_6961204,150.58328011163886,2.45353915078869,-1.4821412563323975,0.25778821110725403,81.57035064697266,074,True,False,True,False,True,True,True,False,True
HST F814W,F814W_078_7428322,149.9879013960728,2.3853402153235472,-1.3545677661895752,0.22913587093353271,81.49774932861328,078,True,False,True,False,True,True,True,False,True
HST F814W,F814W_028_0962006,150.36118742698045,1.7591944834058244,-1.3784784078598022,0.23546671867370605,81.39138793945312,028,True,False,True,False,True,True,True,False,True
HST F814W,F814W_076_7144252,150.26835080013566,2.422223285906267,-1.7822027206420898,0.21401257812976837,81.3730239868164,076,True,False,True,False,True,True,True,False,True
HST F814W,F814W_076_7091040,150.33613728200092,2.3355796163616724,-1.3761208057403564,0.21371962130069733,81.26163482666016,076,True,False,True,False,True,True,True,False,True
HST F814W,F814W_040_2415624,150.37768965752093,1.8512178704159912,-1.657480001449585,0.20983846485614777,81.06331634521484,040,True,False,True,False,True,True,True,False,True
HST F814W,F814W_064_5572374,150.3724953729733,2.2561052216867634,0.2560674250125885,0.2212100625038147,81.04602813720703,064,True,False,True,False,True,True,True,False,True
HST F814W,F814W_042_2735377,150.01609378958082,1.8463655466031714,-1.8624563217163086,0.23510465025901794,81.0296630859375,042,True,False,True,False,True,True,True,False,True
HST F814W,F814W_053_4149176,150.1748421149183,1.9873746075187484,-1.8334827423095703,0.2335817664861679,80.9744644165039,053,True,False,True,False,True,True,True,False,True
HST F814W,F814W_088_8338886,150.23584330265507,2.5790968919207633,-1.4167355298995972,0.22664883732795715,80.80657196044922,088,True,False,True,False,True,True,True,False,True
HST F814W,F814W_064_5595125,150.37821187372845,2.285914997293507,-1.3680260181427002,0.22007684409618378,80.63084411621094,064,True,False,True,False,True,True,True,False,True
HST F814W,F814W_063_5306756,150.49560026814814,2.1892884858626385,-1.4631364345550537,0.21541428565979004,80.51859283447266,063,True,False,True,False,True,True,True,False,True
HST F814W,F814W_089_8503031,150.15271300855912,2.561916294247957,-0.30587542057037354,0.23422983288764954,80.42778015136719,089,True,False,True,False,True,True,True,False,True
HST F814W,F814W_076_7144688,150.26709452384065,2.422582997904869,-1.7342290878295898,0.21107620000839233,80.25653839111328,076,True,False,True,False,True,True,True,False,True
HST F814W,F814W_063_5321297,150.47071012625796,2.2102234372947405,-1.707160472869873,0.21469368040561676,80.2492446899414,063,True,False,True,False,True,True,True,False,True
HST F814W,F814W_040_2419085,150.356828392037,1.8576879421088461,-1.4486628770828247,0.20734822750091553,80.10130310058594,040,True,False,True,False,True,True,True,False,True
HST F814W,F814W_042_2757564,150.03915646961752,1.8588409059259379,-1.846766471862793,0.23215317726135254,80.0124282836914,042,True,False,True,False,True,True,True,False,True
HST F814W,F814W_075_7017003,150.5075977577443,2.3779231874078253,-1.771349310874939,0.21486176550388336,79.93913269042969,075,True,False,True,False,True,True,True,False,True
HST F814W,F814W_042_2827332,150.02940825948528,1.9500659423334987,-1.090582251548767,0.23180530965328217,79.89253234863281,042,True,False,True,False,True,True,True,False,True
HST F814W,F814W_087_8139582,150.41907988581818,2.4865580815764927,-1.7659276723861694,0.21316811442375183,79.88096618652344,087,True,False,True,False,True,True,True,False,True
HST F814W,F814W_063_5319719,150.47100182546748,2.208741389302196,-1.739530086517334,0.21370422840118408,79.87940216064453,063,True,False,True,False,True,True,True,False,True
HST F814W,F814W_040_2470764,150.3772937115355,1.9193644482446057,-1.232772946357727,0.20673881471157074,79.86587524414062,040,True,False,True,False,True,True,True,False,True
HST F814W,F814W_040_2399355,150.35299173146052,1.8258735808254134,-1.6722427606582642,0.2067214846611023,79.85918426513672,040,True,False,True,False,True,True,True,False,True
HST F814W,F814W_040_2393898,150.36604768602146,1.8165355067768145,-1.2692606449127197,0.2066778540611267,79.84233093261719,040,True,False,True,False,True,True,True,False,True
HST F814W,F814W_075_7032025,150.55945872690756,2.4039333244409957,-1.7350099086761475,0.21457451581954956,79.83226776123047,075,True,False,True,False,True,True,True,False,True
HST F814W,F814W_051_3782817,150.48428053619,2.0912974318166127,-1.5699750185012817,0.22334913909435272,79.82559204101562,051,True,False,True,False,True,True,True,False,True
HST F814W,F814W_063_5312016,150.52184555107326,2.197998231460154,-1.400040626525879,0.21355018019676208,79.82182312011719,063,True,False,True,False,True,True,True,False,True
HST F814W,F814W_040_2440753,150.30788997539074,1.887387532718484,-1.1969696283340454,0.206315279006958,79.70226287841797,040,True,False,True,False,True,True,True,False,True
HST F814W,F814W_055_4433976,149.75537940926938,1.9608755145230945,-1.7455837726593018,0.21862775087356567,79.64266967773438,055,True,False,True,False,True,True,True,False,True
HST F814W,F814W_040_2402059,150.3685208346945,1.8303126175751994,-1.1795824766159058,0.20587512850761414,79.5322265625,040,True,False,True,False,True,True,True,False,True
HST F814W,F814W_052_3888394,150.34492586645482,2.021104784742862,-1.4520912170410156,0.21623225510120392,79.45108032226562,052,True,False,True,False,True,True,True,False,True
HST F814W,F814W_043_2952944,149.7553279502662,1.9606026234287397,-1.7506600618362427,0.21162965893745422,79.38923645019531,043,True,False,True,False,True,True,True,False,True
HST F814W,F814W_043_2929898,149.85842963369538,1.918933208012819,-1.457869529724121,0.21153053641319275,79.35205078125,043,True,False,True,False,True,True,True,False,True
HST F814W,F814W_078_7435440,150.0392809990174,2.3969111115933663,-1.816044569015503,0.2225569486618042,79.15779876708984,078,True,False,True,False,True,True,True,False,True
HST F814W,F814W_063_5346073,150.53584823215954,2.256505121237363,-1.7414700984954834,0.2109580934047699,78.85293579101562,063,True,False,True,False,True,True,True,False,True
HST F814W,F814W_076_7142777,150.26627550653058,2.421178605942809,-1.7160648107528687,0.20719006657600403,78.77893829345703,076,True,False,True,False,True,True,True,False,True
HST F814W,F814W_063_5319663,150.47071860803675,2.2086649201735105,-1.6671600341796875,0.21068991720676422,78.75270080566406,063,True,False,True,False,True,True,True,False,True
HST F814W,F814W_028_1024150,150.37657206729315,1.7902033286407113,-1.6900492906570435,0.2277531772851944,78.72512817382812,028,True,False,True,False,True,True,True,False,True
HST F814W,F814W_078_7435541,150.039302445034,2.3970291614359187,-1.804037094116211,0.22115367650985718,78.65869140625,078,True,False,True,False,True,True,True,False,True
HST F814W,F814W_051_3701096,150.40089377351867,2.056186897430812,-1.7637994289398193,0.219626784324646,78.4952163696289,051,True,False,True,False,True,True,True,False,True
HST F814W,F814W_043_2935532,149.7444799550432,1.9274785359163822,-1.6141576766967773,0.20907746255397797,78.43182373046875,043,True,False,True,False,True,True,True,False,True
HST F814W,F814W_075_6986481,150.56259182467446,2.3160190924946424,-1.740639328956604,0.210585817694664,78.34827423095703,075,True,False,True,False,True,True,True,False,True
HST F814W,F814W_028_1019943,150.3367088842835,1.7778333852519856,-1.537928819656372,0.2263173907995224,78.22883605957031,028,True,False,True,False,True,True,True,False,True
HST F814W,F814W_091_8752611,149.8630952453003,2.5169091009110893,-1.714311122894287,0.21873252093791962,78.00839233398438,091,True,False,True,False,True,True,True,False,True
HST F814W,F814W_063_5286482,150.4992729366754,2.1495660817695366,-1.7402793169021606,0.20841048657894135,77.90068054199219,063,True,False,True,False,True,True,True,False,True
HST F814W,F814W_091_8752519,149.86276316861378,2.5167958655728087,-1.7391562461853027,0.21813465654850006,77.795166015625,091,True,False,True,False,True,True,True,False,True
HST F814W,F814W_066_5824640,149.91510419468602,2.1579714490541266,-1.8945918083190918,0.23673661053180695,77.70497131347656,066,True,False,True,False,True,True,True,False,True
HST F814W,F814W_065_5610321,150.13579765918587,2.13964230784618,-2.0951075553894043,0.2853781580924988,77.69090270996094,065,True,False,True,False,True,True,True,False,True
HST F814W,F814W_042_2828465,149.9167572565096,1.953272576417939,-1.7745064496994019,0.2254139631986618,77.68973541259766,042,True,False,True,False,True,True,True,False,True
HST F814W,F814W_051_3731576,150.43708169976782,2.0733883592343227,-0.84261155128479,0.2173672914505005,77.68766784667969,051,True,False,True,False,True,True,True,False,True
HST F814W,F814W_075_7020726,150.55693650730828,2.3850091248495477,-0.8804433941841125,0.20867076516151428,77.63578033447266,075,True,False,True,False,True,True,True,False,True
HST F814W,F814W_040_2412951,150.37157719504657,1.847050261703268,-1.4325720071792603,0.20085637271404266,77.59341430664062,040,True,False,True,False,True,True,True,False,True
HST F814W,F814W_054_4345528,149.93051501671067,1.9983430971516465,-1.6960296630859375,0.2075488418340683,77.52650451660156,054,True,False,True,False,True,True,True,False,True
HST F814W,F814W_074_6713339,150.56907815104427,2.320268911710421,-1.7733186483383179,0.24463298916816711,77.40772247314453,074,True,False,True,False,True,True,True,False,True
HST F814W,F814W_075_6980211,150.54169402514168,2.2967855143992706,-1.2252469062805176,0.2080506980419159,77.40508270263672,075,True,False,True,False,True,True,True,False,True
HST F814W,F814W_063_5346038,150.53600458386958,2.256458471034348,-1.708559513092041,0.2070586234331131,77.39537811279297,063,True,False,True,False,True,True,True,False,True
HST F814W,F814W_052_3880155,150.3463144498062,2.0039513567585243,-1.2917929887771606,0.2104870080947876,77.34008026123047,052,True,False,True,False,True,True,True,False,True
HST F814W,F814W_077_7192684,150.07282354323152,2.328359532728831,-0.9152558445930481,0.2053486704826355,77.33930206298828,077,True,False,True,False,True,True,True,False,True
HST F814W,F814W_079_7503179,149.82385367588475,2.36856523466316,-1.7370400428771973,0.21239052712917328,77.32411193847656,079,True,False,True,False,True,True,True,False,True
HST F814W,F814W_074_6792686,150.58563153355,2.363721717203721,-1.5916085243225098,0.2436041682958603,77.0821762084961,074,True,False,True,False,True,True,True,False,True
HST F814W,F814W_091_8752290,149.8634884398855,2.5165578280680645,-1.7652034759521484,0.21608345210552216,77.06362915039062,091,True,False,True,False,True,True,True,False,True
HST F814W,F814W_029_1189529,150.1763940636466,1.7723991766884974,-1.720729947090149,0.2762630581855774,76.91206359863281,029,True,False,True,False,True,True,True,False,True
HST F814W,F814W_040_2391904,150.35828818837058,1.8130531308528697,-1.614487648010254,0.1989617645740509,76.86150360107422,040,True,False,True,False,True,True,True,False,True
HST F814W,F814W_079_7503120,149.8238170105865,2.3685120705296185,-1.7348523139953613,0.21085847914218903,76.76634979248047,079,True,False,True,False,True,True,True,False,True
HST F814W,F814W_043_2953115,149.7538803245475,1.9607619403556091,-1.712817907333374,0.20448027551174164,76.70726776123047,043,True,False,True,False,True,True,True,False,True
HST F814W,F814W_063_5321386,150.46981949375854,2.2103377015151757,-1.681018352508545,0.20513038337230682,76.67462921142578,063,True,False,True,False,True,True,True,False,True
HST F814W,F814W_065_5611231,150.13670721511545,2.1404709042316714,-2.0622506141662598,0.28110840916633606,76.52851104736328,065,True,False,True,False,True,True,True,False,True
HST F814W,F814W_063_5299581,150.48567175930083,2.177680531039151,-1.443404197692871,0.20409807562828064,76.28876495361328,063,True,False,True,False,True,True,True,False,True
HST F814W,F814W_089_8390994,150.11620955231564,2.4645212297549244,-1.7736499309539795,0.22212441265583038,76.27112579345703,089,True,False,True,False,True,True,True,False,True
HST F814W,F814W_063_5309897,150.50080512585203,2.1945441680598616,-1.5765235424041748,0.20389343798160553,76.2122802734375,063,True,False,True,False,True,True,True,False,True
HST F814W,F814W_043_2941582,149.82210794542206,1.9385269268068583,-1.023788332939148,0.20285961031913757,76.09930419921875,043,True,False,True,False,True,True,True,False,True
HST F814W,F814W_075_7017007,150.50857372664424,2.377937216933075,-1.7121951580047607,0.20446047186851501,76.06934356689453,075,True,False,True,False,True,True,True,False,True
HST F814W,F814W_075_7031839,150.55933406676058,2.4037906788301804,-1.7272148132324219,0.2044602632522583,76.06926727294922,075,True,False,True,False,True,True,True,False,True
HST F814W,F814W_075_6981346,150.41248546171917,2.299712185051801,-1.3462125062942505,0.20418724417686462,75.96768951416016,075,True,False,True,False,True,True,True,False,True
HST F814W,F814W_075_7017111,150.5081269317121,2.3780701517974303,-1.7110264301300049,0.20399069786071777,75.89456176757812,075,True,False,True,False,True,True,True,False,True
HST F814W,F814W_028_1020485,150.33548226723784,1.778693341322054,-1.5126080513000488,0.21899884939193726,75.69910430908203,028,True,False,True,False,True,True,True,False,True
HST F814W,F814W_064_5395991,150.33809138522835,2.182947374709355,-1.444063425064087,0.20620740950107574,75.5494155883789,064,True,False,True,False,True,True,True,False,True
HST F814W,F814W_078_7434300,150.04069816393496,2.39587577052697,-1.7180365324020386,0.21211034059524536,75.44220733642578,078,True,False,True,False,True,True,True,False,True
HST F814W,F814W_040_2399519,150.35317023698937,1.8261025454025215,-1.6470378637313843,0.1951429545879364,75.38624572753906,040,True,False,True,False,True,True,True,False,True
HST F814W,F814W_053_4159623,150.09246035376924,1.9904698822833162,-1.7645705938339233,0.21682602167129517,75.16584777832031,053,True,False,True,False,True,True,True,False,True
HST F814W,F814W_028_0851222,150.3471952943051,1.7140452069851873,-1.4855692386627197,0.21734519302845,75.12750244140625,028,True,False,True,False,True,True,True,False,True
HST F814W,F814W_055_4456016,149.75228125491083,2.014595662698897,-1.7416459321975708,0.20619463920593262,75.11347961425781,055,True,False,True,False,True,True,True,False,True
HST F814W,F814W_042_2792169,149.96436783104923,1.876795290856876,-1.5647413730621338,0.217893585562706,75.09780883789062,042,True,False,True,False,True,True,True,False,True
HST F814W,F814W_028_1019958,150.33686286477328,1.7778504882140522,-1.4340851306915283,0.21715065836906433,75.06026458740234,028,True,False,True,False,True,True,True,False,True
HST F814W,F814W_078_7436807,150.04100834483663,2.3982941164545055,-1.7301928997039795,0.21093468368053436,75.02405548095703,078,True,False,True,False,True,True,True,False,True
HST F814W,F814W_052_3868299,150.24277208437152,1.9787045863810397,-1.623161792755127,0.20406582951545715,74.98072814941406,052,True,False,True,False,True,True,True,False,True
HST F814W,F814W_063_5304582,150.50892470064605,2.1855262531683533,-1.5691958665847778,0.20022128522396088,74.83968353271484,063,True,False,True,False,True,True,True,False,True
HST F814W,F814W_074_6903738,150.57481845601623,2.424021805794513,-1.7355340719223022,0.23615677654743195,74.72564697265625,074,True,False,True,False,True,True,True,False,True
HST F814W,F814W_040_2419067,150.35697083758447,1.8576693770101118,-1.4385261535644531,0.19288085401058197,74.51236724853516,040,True,False,True,False,True,True,True,False,True
HST F814W,F814W_051_3848593,150.48307644943068,2.1119543408224297,-0.28673821687698364,0.20834875106811523,74.46441650390625,051,True,False,True,False,True,True,True,False,True
HST F814W,F814W_088_8236039,150.27978487396146,2.47516177830247,-1.6765862703323364,0.20875832438468933,74.42811584472656,088,True,False,True,False,True,True,True,False,True
HST F814W,F814W_028_1020463,150.33541253129948,1.7786445082069295,-1.4010214805603027,0.21522773802280426,74.39558410644531,028,True,False,True,False,True,True,True,False,True
HST F814W,F814W_051_3722471,150.4704514778677,2.070099171254858,-1.6371212005615234,0.2076805830001831,74.2256088256836,051,True,False,True,False,True,True,True,False,True
HST F814W,F814W_076_7166826,150.22663610135103,2.457149610776793,-1.5877360105514526,0.19515836238861084,74.20417785644531,076,True,False,True,False,True,True,True,False,True
HST F814W,F814W_042_2706423,150.02553423966984,1.8280183305557762,-1.7332255840301514,0.21527571976184845,74.19554901123047,042,True,False,True,False,True,True,True,False,True
HST F814W,F814W_089_8470845,150.18688877884017,2.5173442682245275,-1.7298542261123657,0.2160465270280838,74.18415832519531,089,True,False,True,False,True,True,True,False,True
HST F814W,F814W_042_2805626,149.9298190375597,1.8856180203740445,-0.02069256827235222,0.215230792760849,74.18006896972656,042,True,False,True,False,True,True,True,False,True
HST F814W,F814W_043_2915861,149.85492228790997,1.8921358411686453,-1.1805976629257202,0.1974903792142868,74.08512878417969,043,True,False,True,False,True,True,True,False,True
HST F814W,F814W_063_5323594,150.51777518762384,2.2140709572921637,-1.486643671989441,0.19765277206897736,73.87960815429688,063,True,False,True,False,True,True,True,False,True
HST F814W,F814W_063_5330674,150.5362304836478,2.2284437264222383,-1.1278796195983887,0.19752904772758484,73.83336639404297,063,True,False,True,False,True,True,True,False,True
HST F814W,F814W_042_2706446,150.02590706601566,1.8280623049532585,-1.6536723375320435,0.21403805911540985,73.76898956298828,042,True,False,True,False,True,True,True,False,True
HST F814W,F814W_075_7016489,150.50893913572736,2.3772451275126287,-1.6835402250289917,0.1981946974992752,73.73816680908203,075,True,False,True,False,True,True,True,False,True
HST F814W,F814W_041_2533628,150.0951820988178,1.8040725243203293,-0.7144576907157898,0.19616340100765228,73.65769958496094,041,True,False,True,False,True,True,True,False,True
HST F814W,F814W_077_7256825,150.07197158966852,2.43127696305998,-1.6394330263137817,0.19544818997383118,73.61054229736328,077,True,False,True,False,True,True,True,False,True
HST F814W,F814W_053_4280724,150.135575588053,2.084723290042218,-1.7588138580322266,0.21212157607078552,73.53498840332031,053,True,False,True,False,True,True,True,False,True
HST F814W,F814W_052_3877234,150.27677763796927,1.9980509920295213,-1.6689127683639526,0.19997482001781464,73.47754669189453,052,True,False,True,False,True,True,True,False,True
HST F814W,F814W_063_5310021,150.50068773907864,2.1947477255217613,-1.6428722143173218,0.19638390839099884,73.40532684326172,063,True,False,True,False,True,True,True,False,True
HST F814W,F814W_067_6161880,149.83078456827104,2.245910044056702,-1.4610040187835693,0.20490993559360504,73.35511016845703,067,True,False,True,False,True,True,True,False,True
HST F814W,F814W_077_7215569,150.14616124133698,2.361438814353457,-1.6048645973205566,0.19470028579235077,73.32886505126953,077,True,False,True,False,True,True,True,False,True
HST F814W,F814W_042_2812640,150.05929198808514,1.9044310233342596,-1.351973533630371,0.21269141137599945,73.30486297607422,042,True,False,True,False,True,True,True,False,True
HST F814W,F814W_079_7488391,149.81993829002377,2.339412361594574,-1.62359619140625,0.20129354298114777,73.2840805053711,079,True,False,True,False,True,True,True,False,True
HST F814W,F814W_063_5283445,150.50267263749504,2.143649960676118,-1.0986840724945068,0.19582562148571014,73.19664764404297,063,True,False,True,False,True,True,True,False,True
HST F814W,F814W_054_4348730,149.98627593013788,2.000815359802401,-0.9219253659248352,0.19591686129570007,73.18156433105469,054,True,False,True,False,True,True,True,False,True
HST F814W,F814W_040_2479143,150.2399751039968,1.9309632237001788,-1.5945348739624023,0.18935923278331757,73.15192413330078,040,True,False,True,False,True,True,True,False,True
HST F814W,F814W_051_3796529,150.45414370687837,2.0956401291680864,-1.1933832168579102,0.20440465211868286,73.05477905273438,051,True,False,True,False,True,True,True,False,True
HST F814W,F814W_089_8417427,150.07860623851732,2.4786629839034933,-1.5415149927139282,0.21269705891609192,73.03404235839844,089,True,False,True,False,True,True,True,False,True
HST F814W,F814W_041_2505064,150.16007512628607,1.7916940448316483,-1.5821014642715454,0.19430668652057648,72.96051788330078,041,True,False,True,False,True,True,True,False,True
HST F814W,F814W_051_3804629,150.4887596629625,2.098157601213641,-1.7246061563491821,0.20392316579818726,72.88269805908203,051,True,False,True,False,True,True,True,False,True
HST F814W,F814W_040_2419148,150.3569017072155,1.8577663954238073,-1.5089023113250732,0.188645139336586,72.87606048583984,040,True,False,True,False,True,True,True,False,True
HST F814W,F814W_074_6869304,150.59895588251243,2.405306441237888,-1.6847248077392578,0.2302817553281784,72.86664581298828,074,True,False,True,False,True,True,True,False,True
HST F814W,F814W_063_5305965,150.4946416967568,2.187911275747749,-1.5457175970077515,0.19469855725765228,72.7753677368164,063,True,False,True,False,True,True,True,False,True
HST F814W,F814W_054_4405827,149.98229531037722,2.082518310312529,-1.5403188467025757,0.19458025693893433,72.68229675292969,054,True,False,True,False,True,True,True,False,True
HST F814W,F814W_075_6986472,150.56255766072752,2.315989319104574,-1.640834093093872,0.19524545967578888,72.64090728759766,075,True,False,True,False,True,True,True,False,True
HST F814W,F814W_055_4434009,149.75537955739765,1.9609363198276508,-1.6794592142105103,0.1993444710969925,72.61807250976562,055,True,False,True,False,True,True,True,False,True
HST F814W,F814W_040_2382969,150.31223196326775,1.7952461111332159,-1.093246579170227,0.18792133033275604,72.59644317626953,040,True,False,True,False,True,True,True,False,True
HST F814W,F814W_054_4346896,149.93040632513677,1.9993306161766426,-1.630119800567627,0.19426396489143372,72.56415557861328,054,True,False,True,False,True,True,True,False,True
HST F814W,F814W_087_8139073,150.41940476835558,2.48598071831493,-1.6394414901733398,0.1934943050146103,72.50855255126953,087,True,False,True,False,True,True,True,False,True
HST F814W,F814W_055_4562068,149.80274035344675,2.1076594508555697,0.03960384055972099,0.19889208674430847,72.45327758789062,055,True,False,True,False,True,True,True,False,True
HST F814W,F814W_063_5319602,150.47068952376463,2.208618435477508,-1.648175835609436,0.19382795691490173,72.449951171875,063,True,False,True,False,True,True,True,False,True
HST F814W,F814W_077_7215618,150.14616849077856,2.361462674683724,-1.6079225540161133,0.19230656325817108,72.42733001708984,077,True,False,True,False,True,True,True,False,True
HST F814W,F814W_051_3810049,150.48692263469212,2.0997453523421705,-1.3631678819656372,0.20244981348514557,72.35611724853516,051,True,False,True,False,True,True,True,False,True
HST F814W,F814W_074_6706447,150.5633018217392,2.316395837650056,-1.8342480659484863,0.22843079268932343,72.28096008300781,074,True,False,True,False,True,True,True,False,True
HST F814W,F814W_040_2390353,150.38253755670593,1.8101022602166545,-1.1865670680999756,0.1870284527540207,72.25151062011719,040,True,False,True,False,True,True,True,False,True
HST F814W,F814W_089_8510463,150.1304853206598,2.5652274554343473,-1.4051663875579834,0.21032115817070007,72.21823120117188,089,True,False,True,False,True,True,True,False,True
HST F814W,F814W_041_2506853,150.1599796082817,1.792021989658259,-1.5988743305206299,0.1922195851802826,72.17682647705078,041,True,False,True,False,True,True,True,False,True
HST F814W,F814W_043_2941914,149.81837728529112,1.9388201125643394,-1.6106865406036377,0.1918756365776062,71.97885131835938,043,True,False,True,False,True,True,True,False,True
HST F814W,F814W_074_6881747,150.5853689647714,2.4119856015199708,-1.3466359376907349,0.22746175527572632,71.97433471679688,074,True,False,True,False,True,True,True,False,True
HST F814W,F814W_041_2551364,150.12084768735744,1.8205545166315986,-1.3072080612182617,0.1916293501853943,71.9552001953125,041,True,False,True,False,True,True,True,False,True
HST F814W,F814W_063_5364974,150.439211501703,2.2900633713521206,-0.27100586891174316,0.19227908551692963,71.87100982666016,063,True,False,True,False,True,True,True,False,True
HST F814W,F814W_075_7052001,150.4317718038751,2.4397623916545528,-1.461527943611145,0.19302357733249664,71.81425476074219,075,True,False,True,False,True,True,True,False,True
HST F814W,F814W_044_3152333,149.72514893983606,1.9371218027638109,-1.4645451307296753,0.20638154447078705,71.69094848632812,044,True,False,True,False,True,True,True,False,True
HST F814W,F814W_063_5336989,150.5205700799449,2.239160886309685,-1.3079166412353516,0.19177810847759247,71.68375396728516,063,True,False,True,False,True,True,True,False,True
HST F814W,F814W_040_2382144,150.34597183549812,1.7938318428891271,-1.0376262664794922,0.18553347885608673,71.67398071289062,040,True,False,True,False,True,True,True,False,True
HST F814W,F814W_042_2769883,149.99123227642733,1.865103765721027,-1.50435209274292,0.20782138407230377,71.62638854980469,042,True,False,True,False,True,True,True,False,True
HST F814W,F814W_053_4146770,150.10824632048974,1.9867312397110621,-1.5082356929779053,0.2063714563846588,71.5416259765625,053,True,False,True,False,True,True,True,False,True
HST F814W,F814W_088_8235805,150.28007635560672,2.4747577656590107,-1.7113639116287231,0.20024558901786804,71.3930892944336,088,True,False,True,False,True,True,True,False,True
HST F814W,F814W_042_2759166,150.03957217216364,1.8595681272903053,-1.6931135654449463,0.20650583505630493,71.17298126220703,042,True,False,True,False,True,True,True,False,True
HST F814W,F814W_053_4274488,150.17105022369452,2.066230823689932,-1.2963087558746338,0.20489291846752167,71.02906799316406,053,True,False,True,False,True,True,True,False,True
HST F814W,F814W_078_7457664,149.99805408650428,2.4417115760618113,-1.47780179977417,0.19967761635780334,71.02020263671875,078,True,False,True,False,True,True,True,False,True
HST F814W,F814W_064_5516243,150.31670717714235,2.2407243484667374,-1.514168381690979,0.19374673068523407,70.98412322998047,064,True,False,True,False,True,True,True,False,True
HST F814W,F814W_052_3879381,150.28482578127162,2.002153967962295,-1.4514880180358887,0.19316649436950684,70.97593688964844,052,True,False,True,False,True,True,True,False,True
HST F814W,F814W_074_6852137,150.57399419469058,2.3946886901471633,-1.5166391134262085,0.22418507933616638,70.93751525878906,074,True,False,True,False,True,True,True,False,True
HST F814W,F814W_051_3700679,150.3998382976693,2.0555462197345356,-1.6154627799987793,0.19805902242660522,70.78683471679688,051,True,False,True,False,True,True,True,False,True
HST F814W,F814W_074_6905544,150.57863809393984,2.4249907912592077,-1.5023705959320068,0.22368298470973969,70.77864074707031,074,True,False,True,False,True,True,True,False,True
HST F814W,F814W_089_8592277,150.11506437179094,2.6008641619253274,-1.6871227025985718,0.20607207715511322,70.75921630859375,089,True,False,True,False,True,True,True,False,True
HST F814W,F814W_055_4482255,149.73561612606062,2.07832641566191,-1.6576451063156128,0.19411925971508026,70.71461486816406,055,True,False,True,False,True,True,True,False,True
HST F814W,F814W_063_5321346,150.46993000781654,2.2102820773341327,-1.6070462465286255,0.1891809105873108,70.71295928955078,063,True,False,True,False,True,True,True,False,True
HST F814W,F814W_043_2937966,149.74409564699388,1.9318353099757675,-0.6143800020217896,0.18807381391525269,70.55266571044922,043,True,False,True,False,True,True,True,False,True
HST F814W,F814W_028_0909200,150.32279728993996,1.742485371268269,-0.8266867399215698,0.2039797008037567,70.5075912475586,028,True,False,True,False,True,True,True,False,True
HST F814W,F814W_044_3152344,149.72524420699813,1.9371537731833706,-1.523431658744812,0.2025528848171234,70.3609848022461,044,True,False,True,False,True,True,True,False,True
HST F814W,F814W_063_5286383,150.49888111385877,2.1494241828310496,-1.592453122138977,0.1882304549217224,70.3576889038086,063,True,False,True,False,True,True,True,False,True
HST F814W,F814W_051_3809521,150.4885882119802,2.099569912399753,-1.6500698328018188,0.19684633612632751,70.3534164428711,051,True,False,True,False,True,True,True,False,True
HST F814W,F814W_040_2392446,150.227171071871,1.8139769863235555,-1.5803430080413818,0.18210838735103607,70.35082244873047,040,True,False,True,False,True,True,True,False,True
HST F814W,F814W_079_7502907,149.82225252487285,2.368207343790893,-1.6746060848236084,0.19322316348552704,70.34593200683594,079,True,False,True,False,True,True,True,False,True
HST F814W,F814W_075_7049271,150.5003533424441,2.43374885941259,-0.7217216491699219,0.18896716833114624,70.3050765991211,075,True,False,True,False,True,True,True,False,True
HST F814W,F814W_078_7436734,150.04109400028162,2.398221075215882,-1.6894211769104004,0.1974361091852188,70.22296142578125,078,True,False,True,False,True,True,True,False,True
HST F814W,F814W_041_2505925,150.16005077888315,1.7918538627870464,-1.593053936958313,0.1866024285554886,70.06763458251953,041,True,False,True,False,True,True,True,False,True
HST F814W,F814W_052_3887801,150.35779099563507,2.0202254102168555,-1.624563455581665,0.19065888226032257,70.05455780029297,052,True,False,True,False,True,True,True,False,True
HST F814W,F814W_077_7280418,150.1288299718241,2.4559811915139447,-1.212174415588379,0.1859351396560669,70.02769470214844,077,True,False,True,False,True,True,True,False,True
HST F814W,F814W_039_2265357,150.40180966203513,1.864696458036881,-1.551871418952942,0.19772468507289886,70.02734375,039,True,False,True,False,True,True,True,False,True
HST F814W,F814W_028_1001573,150.34417828635628,1.7706076769290027,-1.6968843936920166,0.20258837938308716,70.02666473388672,028,True,False,True,False,True,True,True,False,True
HST F814W,F814W_089_8474035,150.06327163488746,2.528666914620542,-0.8866415023803711,0.20381303131580353,69.98352813720703,089,True,False,True,False,True,True,True,False,True
HST F814W,F814W_067_6210884,149.8188976365931,2.263394591300827,-1.2403271198272705,0.1954270601272583,69.96036529541016,067,True,False,True,False,True,True,True,False,True
HST F814W,F814W_076_7139866,150.30466984199114,2.418429915083127,-1.3553048372268677,0.18399031460285187,69.95780181884766,076,True,False,True,False,True,True,True,False,True
HST F814W,F814W_074_6848164,150.58331474549075,2.3927653150866335,-1.4404613971710205,0.22076107561588287,69.85408020019531,074,True,False,True,False,True,True,True,False,True
HST F814W,F814W_028_1007872,150.29543094501443,1.7722897603098602,-0.8044082522392273,0.2020203322172165,69.83031463623047,028,True,False,True,False,True,True,True,False,True
HST F814W,F814W_054_4394668,150.00468841521567,2.0639797439419616,-1.0888092517852783,0.18671400845050812,69.74398803710938,054,True,False,True,False,True,True,True,False,True
HST F814W,F814W_051_3808401,150.4881615775639,2.0992456564385136,-1.6374825239181519,0.19483183324337006,69.63343048095703,051,True,False,True,False,True,True,True,False,True
HST F814W,F814W_063_5295040,150.50162961071433,2.1682645117044284,-0.7001959085464478,0.18626175820827484,69.621826171875,063,True,False,True,False,True,True,True,False,True
HST F814W,F814W_063_5316436,150.52096818614413,2.203723985769626,-0.6100439429283142,0.18597641587257385,69.51516723632812,063,True,False,True,False,True,True,True,False,True
HST F814W,F814W_087_8136509,150.51038319789177,2.4807402634885483,-1.1041828393936157,0.18544414639472961,69.49189758300781,087,True,False,True,False,True,True,True,False,True
HST F814W,F814W_055_4433926,149.75546291456538,1.9608210576185718,-1.602957010269165,0.19049425423145294,69.39408111572266,055,True,False,True,False,True,True,True,False,True
HST F814W,F814W_043_2953401,149.753938614864,1.961067833406635,-1.5922527313232422,0.18495160341262817,69.38142395019531,043,True,False,True,False,True,True,True,False,True
HST F814W,F814W_064_5583257,150.37426145723484,2.2669981304062032,-0.07206208258867264,0.18922589719295502,69.32779693603516,064,True,False,True,False,True,True,True,False,True
HST F814W,F814W_066_5961966,149.92033659949269,2.228974715274999,-1.5550397634506226,0.2112027406692505,69.32389068603516,066,True,False,True,False,True,True,True,False,True
HST F814W,F814W_063_5366277,150.43174543310494,2.2910518146302987,-1.548984169960022,0.1853892058134079,69.2956771850586,063,True,False,True,False,True,True,True,False,True
HST F814W,F814W_040_2464201,150.3313999171229,1.9104504615415103,-1.2449601888656616,0.1793142408132553,69.27140808105469,040,True,False,True,False,True,True,True,False,True
HST F814W,F814W_079_7482156,149.8808149867706,2.324605585331545,-1.5858532190322876,0.19017437100410461,69.23597717285156,079,True,False,True,False,True,True,True,False,True
HST F814W,F814W_039_2375727,150.4245970847117,1.9505904983976452,-0.9421216249465942,0.195214182138443,69.13821411132812,039,True,False,True,False,True,True,True,False,True
HST F814W,F814W_043_2936208,149.75135663559286,1.9285793728267198,-1.3197150230407715,0.18402691185474396,69.03453826904297,043,True,False,True,False,True,True,True,False,True
HST F814W,F814W_079_7503441,149.8236640464528,2.3689163182747874,-1.6167479753494263,0.18867148458957672,68.68882751464844,079,True,False,True,False,True,True,True,False,True
HST F814W,F814W_055_4476001,149.88837809921,2.0668706847046527,-1.2705343961715698,0.1885576844215393,68.68861389160156,055,True,False,True,False,True,True,True,False,True
HST F814W,F814W_075_7032595,150.5596376012013,2.4045193174127335,-1.6002449989318848,0.1845712959766388,68.66959381103516,075,True,False,True,False,True,True,True,False,True
HST F814W,F814W_064_5384313,150.33497193226154,2.1577447165881773,-1.2485737800598145,0.1873292475938797,68.6329116821289,064,True,False,True,False,True,True,True,False,True
HST F814W,F814W_076_7133438,150.23392602874972,2.4083380306004187,-0.3202899098396301,0.18044701218605042,68.61054229736328,076,True,False,True,False,True,True,True,False,True
HST F814W,F814W_065_5771028,150.18846037615313,2.2770584858659286,-1.868443489074707,0.2516401410102844,68.50611877441406,065,True,False,True,False,True,True,True,False,True
HST F814W,F814W_077_7180106,150.06470664314352,2.3007028428370075,-1.4927890300750732,0.18170958757400513,68.43624877929688,077,True,False,True,False,True,True,True,False,True
HST F814W,F814W_075_7026536,150.44005481162483,2.3955031820280857,-1.5807645320892334,0.18392892181873322,68.43059539794922,075,True,False,True,False,True,True,True,False,True
HST F814W,F814W_076_7075134,150.33564004578025,2.3110179647597104,-0.8236410617828369,0.17994922399520874,68.42127227783203,076,True,False,True,False,True,True,True,False,True
HST F814W,F814W_042_2818990,150.04652609507605,1.9252107403231735,-1.3854628801345825,0.19848217070102692,68.4075927734375,042,True,False,True,False,True,True,True,False,True
HST F814W,F814W_043_2915952,149.8531469138426,1.8923320495622962,-1.1823726892471313,0.1823180615901947,68.39349365234375,043,True,False,True,False,True,True,True,False,True
HST F814W,F814W_044_3152278,149.72521836073918,1.936991144250271,-1.476121187210083,0.19672194123268127,68.33547973632812,044,True,False,True,False,True,True,True,False,True
HST F814W,F814W_079_7540563,149.83015088518115,2.4191781242563426,-1.1794869899749756,0.18746112287044525,68.24817657470703,079,True,False,True,False,True,True,True,False,True
HST F814W,F814W_079_7503664,149.82354917031086,2.369220909834741,-1.5967233180999756,0.1874607503414154,68.24803924560547,079,True,False,True,False,True,True,True,False,True
HST F814W,F814W_052_4038863,150.36356777337343,2.074346467176082,-1.556320309638977,0.18570902943611145,68.23580932617188,052,True,False,True,False,True,True,True,False,True
HST F814W,F814W_076_7143702,150.26608091178198,2.421843638067566,-1.5295885801315308,0.17944686114788055,68.23026275634766,076,True,False,True,False,True,True,True,False,True
HST F814W,F814W_074_6903370,150.57483506045892,2.4238278314508035,-1.607078194618225,0.21558617055416107,68.21661376953125,074,True,False,True,False,True,True,True,False,True
HST F814W,F814W_063_5366136,150.43231656405544,2.2909244939066418,-1.5016649961471558,0.1824895292520523,68.21182250976562,063,True,False,True,False,True,True,True,False,True
HST F814W,F814W_090_8627475,150.04770243186078,2.4847724679640106,-1.2355701923370361,0.18795187771320343,68.20269775390625,090,True,False,True,False,True,True,True,False,True
HST F814W,F814W_077_7188996,150.1919385313653,2.319339355060331,-1.020216464996338,0.18106777966022491,68.19452667236328,077,True,False,True,False,True,True,True,False,True
HST F814W,F814W_077_7257614,150.07246205858863,2.43208175090234,-1.5824027061462402,0.18065005540847778,68.0372085571289,077,True,False,True,False,True,True,True,False,True
HST F814W,F814W_063_5309866,150.50085448550757,2.1944854001965983,-1.4496815204620361,0.18192452192306519,68.00062561035156,063,True,False,True,False,True,True,True,False,True
HST F814W,F814W_054_4406247,149.9706979763593,2.083080844369799,-1.5577353239059448,0.1819424033164978,67.96163177490234,054,True,False,True,False,True,True,True,False,True
HST F814W,F814W_074_6909976,150.599657021001,2.427350582348757,-1.433441400527954,0.21474257111549377,67.94967651367188,074,True,False,True,False,True,True,True,False,True
HST F814W,F814W_077_7257494,150.07246704802307,2.431928156607385,-1.5647730827331543,0.1803862750530243,67.93785858154297,077,True,False,True,False,True,True,True,False,True
HST F814W,F814W_063_5336797,150.52485869066723,2.238868934740927,-1.4136378765106201,0.18170255422592163,67.91766357421875,063,True,False,True,False,True,True,True,False,True
HST F814W,F814W_088_8249708,150.38908438449903,2.506102013452151,-0.8862959742546082,0.18963298201560974,67.6093978881836,088,True,False,True,False,True,True,True,False,True
HST F814W,F814W_028_1024085,150.37662470079638,1.7899816877284953,-1.5718815326690674,0.19480200111865997,67.3352279663086,028,True,False,True,False,True,True,True,False,True
HST F814W,F814W_090_8689636,150.0288791493781,2.5847491259954873,-1.4900336265563965,0.18543580174446106,67.28968048095703,090,True,False,True,False,True,True,True,False,True
HST F814W,F814W_039_2266762,150.40220575196508,1.865027856134649,-1.5807569026947021,0.18990273773670197,67.257080078125,039,True,False,True,False,True,True,True,False,True
HST F814W,F814W_040_2415731,150.3776047626366,1.8513526177070352,-1.4576112031936646,0.17407777905464172,67.24849700927734,040,True,False,True,False,True,True,True,False,True
HST F814W,F814W_042_2759660,150.03795432695907,1.8598038875094645,-1.6681268215179443,0.19493702054023743,67.18574523925781,042,True,False,True,False,True,True,True,False,True
HST F814W,F814W_078_7458050,149.99761153529715,2.4421239963616372,-1.5946881771087646,0.18886995315551758,67.17620086669922,078,True,False,True,False,True,True,True,False,True
HST F814W,F814W_054_4345853,149.92971976517322,1.9985853164052496,-1.548305869102478,0.179777592420578,67.15300750732422,054,True,False,True,False,True,True,True,False,True
HST F814W,F814W_051_3682189,150.43201153259648,2.010433935628653,-1.2711197137832642,0.18781496584415436,67.12557983398438,051,True,False,True,False,True,True,True,False,True
HST F814W,F814W_091_8751834,149.8628365986832,2.5160321165120765,-1.5833635330200195,0.18791569769382477,67.01792907714844,091,True,False,True,False,True,True,True,False,True
HST F814W,F814W_077_7235186,150.16642044616896,2.3975721914521637,-1.2305127382278442,0.17776912450790405,66.95217895507812,077,True,False,True,False,True,True,True,False,True
HST F814W,F814W_075_7016549,150.50887947579332,2.37731992226712,-1.5684651136398315,0.17952077090740204,66.7905502319336,075,True,False,True,False,True,True,True,False,True
HST F814W,F814W_051_3804898,150.48843922264632,2.098221868540042,-1.6162617206573486,0.18665969371795654,66.71268463134766,051,True,False,True,False,True,True,True,False,True
HST F814W,F814W_042_2759991,150.03798403365664,1.8599576674072333,-1.6033830642700195,0.19331616163253784,66.62711334228516,042,True,False,True,False,True,True,True,False,True
HST F814W,F814W_044_3151257,149.72509975632244,1.933941985816275,-1.5890384912490845,0.1917102336883545,66.59455871582031,044,True,False,True,False,True,True,True,False,True
HST F814W,F814W_091_8752138,149.86253793667885,2.5163780000644396,-1.5689043998718262,0.18656222522258759,66.53523254394531,091,True,False,True,False,True,True,True,False,True
HST F814W,F814W_063_5288546,150.4483867420955,2.1540271217327476,-1.0052896738052368,0.17789167165756226,66.49320983886719,063,True,False,True,False,True,True,True,False,True
HST F814W,F814W_054_4416207,150.04354194522588,2.102066410464895,-1.5178548097610474,0.17762421071529388,66.34864044189453,054,True,False,True,False,True,True,True,False,True
HST F814W,F814W_064_5478521,150.2988512946601,2.229468716893813,-1.5302307605743408,0.18108950555324554,66.3468246459961,064,True,False,True,False,True,True,True,False,True
HST F814W,F814W_074_6862354,150.59379273937796,2.40010688860004,-1.0426698923110962,0.20946244895458221,66.27892303466797,074,True,False,True,False,True,True,True,False,True
HST F814W,F814W_074_6850363,150.5670387012069,2.3938511105056897,-1.5376439094543457,0.20921190083026886,66.19964599609375,074,True,False,True,False,True,True,True,False,True
HST F814W,F814W_076_7156489,150.30444116774933,2.4395356422403545,-0.8044291734695435,0.17379263043403625,66.08038330078125,076,True,False,True,False,True,True,True,False,True
HST F814W,F814W_066_5927725,149.95092793208178,2.2057260008689097,-0.9026033282279968,0.20099735260009766,65.97413635253906,066,True,False,True,False,True,True,True,False,True
HST F814W,F814W_063_5293779,150.50666740786207,2.165580444605367,-1.5500259399414062,0.1764533370733261,65.95558166503906,063,True,False,True,False,True,True,True,False,True
HST F814W,F814W_065_5778746,150.14686356096234,2.2871485991450524,-1.3390045166015625,0.24226261675357819,65.95319366455078,065,True,False,True,False,True,True,True,False,True
HST F814W,F814W_063_5336811,150.52488516694035,2.2389012263417323,-1.4222025871276855,0.17638583481311798,65.93035125732422,063,True,False,True,False,True,True,True,False,True
HST F814W,F814W_067_6066612,149.8828448842274,2.1329561927189924,-1.3754241466522217,0.1839768886566162,65.8613510131836,067,True,False,True,False,True,True,True,False,True
HST F814W,F814W_041_2552097,150.06241745880774,1.8216097350872555,-1.509186029434204,0.1753876507282257,65.85658264160156,041,True,False,True,False,True,True,True,False,True
HST F814W,F814W_040_2397266,150.37603101166044,1.8225843073176609,-1.281348705291748,0.17044542729854584,65.84527587890625,040,True,False,True,False,True,True,True,False,True
HST F814W,F814W_040_2387260,150.345450307881,1.8034457549890797,-1.0605751276016235,0.1703309863805771,65.80106353759766,040,True,False,True,False,True,True,True,False,True
HST F814W,F814W_075_7017412,150.4247797115882,2.3787030775744626,-1.5346405506134033,0.17659693956375122,65.70274353027344,075,True,False,True,False,True,True,True,False,True
HST F814W,F814W_040_2479311,150.23943507334997,1.9311278909851406,-1.4650402069091797,0.17001505196094513,65.67901611328125,040,True,False,True,False,True,True,True,False,True
HST F814W,F814W_054_4335161,150.04421791110033,1.9876420621611026,-1.3705371618270874,0.17561571300029755,65.59840393066406,054,True,False,True,False,True,True,True,False,True
HST F814W,F814W_029_1214544,150.20971892689442,1.7893534376178304,-1.2477846145629883,0.23554019629955292,65.57475280761719,029,True,False,True,False,True,True,True,False,True
HST F814W,F814W_040_2381139,150.26792425243704,1.7922014919793652,-1.165900707244873,0.16960208117961884,65.51947784423828,040,True,False,True,False,True,True,True,False,True
HST F814W,F814W_078_7436981,150.0408055847438,2.3984594026637898,-1.5882242918014526,0.18414905667304993,65.4970932006836,078,True,False,True,False,True,True,True,False,True
HST F814W,F814W_077_7236883,150.1529706906172,2.3995837091415675,-1.4918941259384155,0.17381320893764496,65.4622802734375,077,True,False,True,False,True,True,True,False,True
HST F814W,F814W_042_2805439,149.95113995710875,1.885225321006366,-0.6591187715530396,0.1898989975452423,65.44937133789062,042,True,False,True,False,True,True,True,False,True
HST F814W,F814W_075_7027189,150.43935462904275,2.3962744359191768,-1.494049310684204,0.17588895559310913,65.43933868408203,075,True,False,True,False,True,True,True,False,True
HST F814W,F814W_044_3162254,149.6545590227979,1.959715606924413,-0.7760307788848877,0.1883048266172409,65.41162109375,044,True,False,True,False,True,True,True,False,True
HST F814W,F814W_077_7257554,150.07242692199156,2.4320080856195845,-1.5055896043777466,0.17350929975509644,65.34782409667969,077,True,False,True,False,True,True,True,False,True
HST F814W,F814W_078_7435562,150.03920644543715,2.397060543989267,-1.5721737146377563,0.18361905217170715,65.30858612060547,078,True,False,True,False,True,True,True,False,True
HST F814W,F814W_075_7004120,150.5574266703249,2.3517890276626905,-0.9239329099655151,0.17519497871398926,65.18114471435547,075,True,False,True,False,True,True,True,False,True
HST F814W,F814W_076_7142504,150.26630828664,2.420974732336475,-1.5300004482269287,0.1714123785495758,65.17534637451172,076,True,False,True,False,True,True,True,False,True
HST F814W,F814W_052_3915387,150.33278265477162,2.0377095443133206,0.05745690315961838,0.17710702121257782,65.07514190673828,052,True,False,True,False,True,True,True,False,True
HST F814W,F814W_063_5289600,150.4977592807163,2.1564093276222884,-1.2229788303375244,0.1739194542169571,65.00845336914062,063,True,False,True,False,True,True,True,False,True
HST F814W,F814W_090_8615815,150.06046236268094,2.4645797037603194,-1.4178849458694458,0.17904211580753326,64.9695816040039,090,True,False,True,False,True,True,True,False,True
HST F814W,F814W_074_6873589,150.60126048553664,2.4076108598966988,-1.4758414030075073,0.20529742538928986,64.96100616455078,074,True,False,True,False,True,True,True,False,True
HST F814W,F814W_054_4345554,149.93042185293598,1.998355802051399,-1.5513564348220825,0.17388756573200226,64.952880859375,054,True,False,True,False,True,True,True,False,True
HST F814W,F814W_051_3806072,150.48822760684413,2.098546634244159,-1.581813097000122,0.18163329362869263,64.9162368774414,051,True,False,True,False,True,True,True,False,True
HST F814W,F814W_053_4159817,150.09844178527152,1.9905356064355815,-1.3358628749847412,0.1871759295463562,64.88722229003906,053,True,False,True,False,True,True,True,False,True
HST F814W,F814W_087_8154040,150.4092363473637,2.5113127405192612,-1.0317872762680054,0.17309920489788055,64.86585235595703,087,True,False,True,False,True,True,True,False,True
HST F814W,F814W_074_6853843,150.57331175905813,2.3954785969599572,-1.2341784238815308,0.2049129158258438,64.83934020996094,074,True,False,True,False,True,True,True,False,True
HST F814W,F814W_074_6920096,150.59460937313244,2.432558311785349,-1.6347063779830933,0.2048727124929428,64.82662200927734,074,True,False,True,False,True,True,True,False,True
HST F814W,F814W_089_8541498,150.18871516412054,2.578625990040838,-1.4604272842407227,0.18857206404209137,64.75021362304688,089,True,False,True,False,True,True,True,False,True
HST F814W,F814W_089_8391322,150.1162310970712,2.4646703344634755,-1.5919411182403564,0.18842819333076477,64.70081329345703,089,True,False,True,False,True,True,True,False,True
HST F814W,F814W_039_2373509,150.41952868546474,1.944597479011364,-1.4073708057403564,0.18267501890659332,64.697265625,039,True,False,True,False,True,True,True,False,True
HST F814W,F814W_028_0858966,150.34681021995064,1.7255147939300224,-1.486204981803894,0.18702994287014008,64.64874267578125,028,True,False,True,False,True,True,True,False,True
HST F814W,F814W_063_5319765,150.47111246407718,2.2087992882430996,-1.4691120386123657,0.17279431223869324,64.58789825439453,063,True,False,True,False,True,True,True,False,True
HST F814W,F814W_077_7248518,150.15440918910573,2.416108279156463,-1.421636939048767,0.17143945395946503,64.56826782226562,077,True,False,True,False,True,True,True,False,True
HST F814W,F814W_040_2382140,150.33847777365702,1.7938267397294472,-1.0464353561401367,0.16711433231830597,64.55842590332031,040,True,False,True,False,True,True,True,False,True
HST F814W,F814W_051_3738296,150.47987748729437,2.0757263665540195,-1.0274336338043213,0.18059863150119781,64.54644775390625,051,True,False,True,False,True,True,True,False,True
HST F814W,F814W_075_6990123,150.55492359772217,2.3246659745949962,-0.7239339351654053,0.17334768176078796,64.49385833740234,075,True,False,True,False,True,True,True,False,True
HST F814W,F814W_075_7016909,150.5072698140816,2.3778119557346384,-1.4208762645721436,0.17334692180156708,64.49357604980469,075,True,False,True,False,True,True,True,False,True
HST F814W,F814W_075_6986443,150.5626674271943,2.315883166396479,-1.5052701234817505,0.17334003746509552,64.49101257324219,075,True,False,True,False,True,True,True,False,True
HST F814W,F814W_074_6850634,150.5669684603066,2.393952105863687,-1.332503318786621,0.20378170907497406,64.48139953613281,074,True,False,True,False,True,True,True,False,True
HST F814W,F814W_075_7047687,150.41574941125717,2.4308590108461936,-1.5006834268569946,0.17306064069271088,64.3870620727539,075,True,False,True,False,True,True,True,False,True
HST F814W,F814W_063_5328627,150.50300796235564,2.224457339575555,-1.3232603073120117,0.17212443053722382,64.3375015258789,063,True,False,True,False,True,True,True,False,True
HST F814W,F814W_063_5296273,150.48080623914046,2.1709570875819986,-1.1828193664550781,0.1720929741859436,64.32574462890625,063,True,False,True,False,True,True,True,False,True
HST F814W,F814W_102_10340614,150.01301019805135,2.657462899859374,-1.1872919797897339,0.18285658955574036,64.2791519165039,102,True,False,True,False,True,True,True,False,True
HST F814W,F814W_051_3856950,150.49463451384202,2.1191705080381733,-1.1367504596710205,0.17982131242752075,64.26863098144531,051,True,False,True,False,True,True,True,False,True
HST F814W,F814W_051_3703409,150.3991277073672,2.060459015565523,-1.405871033668518,0.1796756535768509,64.21656799316406,051,True,False,True,False,True,True,True,False,True
HST F814W,F814W_051_3810699,150.48941511261935,2.099920927646161,-1.5671484470367432,0.1796172559261322,64.1957015991211,051,True,False,True,False,True,True,True,False,True
HST F814W,F814W_102_10359083,149.92402412428405,2.6954474392865224,-1.2916460037231445,0.1823951154947281,64.11692810058594,102,True,False,True,False,True,True,True,False,True
HST F814W,F814W_076_7166228,150.2275579467779,2.4564700245481808,-1.4890460968017578,0.1685246229171753,64.07734680175781,076,True,False,True,False,True,True,True,False,True
HST F814W,F814W_063_5354945,150.5098432677809,2.274908790390114,-1.248177170753479,0.17138072848320007,64.05951690673828,063,True,False,True,False,True,True,True,False,True
HST F814W,F814W_051_3806101,150.48816798955477,2.098573438119423,-1.5557395219802856,0.1790182739496231,63.98162078857422,051,True,False,True,False,True,True,True,False,True
HST F814W,F814W_079_7506352,149.8793055025689,2.374701440282848,-1.3685407638549805,0.17560745775699615,63.93265914916992,079,True,False,True,False,True,True,True,False,True
HST F814W,F814W_054_4345477,149.9305318631534,1.99828646350724,-1.4938218593597412,0.1709674894809723,63.86213302612305,054,True,False,True,False,True,True,True,False,True
HST F814W,F814W_054_4406355,149.97095950263974,2.083215429661194,-1.4403098821640015,0.17088355123996735,63.830780029296875,054,True,False,True,False,True,True,True,False,True
HST F814W,F814W_042_2815925,149.98546308929014,1.9138004733014005,-1.321474313735962,0.18512925505638123,63.80546188354492,042,True,False,True,False,True,True,True,False,True
HST F814W,F814W_078_7348930,150.03358396576664,2.325329003606021,-1.0763095617294312,0.17936386168003082,63.79512405395508,078,True,False,True,False,True,True,True,False,True
HST F814W,F814W_051_3810603,150.48945804775929,2.099906562287842,-1.5225448608398438,0.17843179404735565,63.772010803222656,051,True,False,True,False,True,True,True,False,True
HST F814W,F814W_075_7055151,150.4019884884417,2.445385989191574,-1.5127944946289062,0.1713654100894928,63.75635528564453,075,True,False,True,False,True,True,True,False,True
HST F814W,F814W_067_6109100,149.86027640301944,2.220404323567987,-1.2894790172576904,0.1779412180185318,63.700660705566406,067,True,False,True,False,True,True,True,False,True
HST F814W,F814W_029_1189928,150.16994584910694,1.772628463118011,-1.135810375213623,0.2284168303012848,63.59159851074219,029,True,False,True,False,True,True,True,False,True
HST F814W,F814W_078_7435118,150.03929540334596,2.3966007728936956,-1.5698217153549194,0.17860977351665497,63.52691650390625,078,True,False,True,False,True,True,True,False,True
HST F814W,F814W_079_7467476,149.77544787810464,2.2921265032082534,-0.9274457693099976,0.17438814043998718,63.488746643066406,079,True,False,True,False,True,True,True,False,True
HST F814W,F814W_044_3151269,149.72507036724397,1.9339685240767062,-1.473733901977539,0.18276447057724,63.487060546875,044,True,False,True,False,True,True,True,False,True
HST F814W,F814W_067_6083377,149.7310715357665,2.1579953029347094,-0.22425779700279236,0.1773349940776825,63.483638763427734,067,True,False,True,False,True,True,True,False,True
HST F814W,F814W_075_7016695,150.50709470584408,2.3775362411687198,-1.4734294414520264,0.17031297087669373,63.36479568481445,075,True,False,True,False,True,True,True,False,True
HST F814W,F814W_074_6857310,150.57971100302106,2.397130788113802,-1.467860221862793,0.20022177696228027,63.35495376586914,074,True,False,True,False,True,True,True,False,True
HST F814W,F814W_040_2395830,150.35114607690744,1.8201049491366406,-1.2722922563552856,0.1639394611120224,63.331932067871094,040,True,False,True,False,True,True,True,False,True
HST F814W,F814W_054_4396884,150.05871334882724,2.067466969431625,-1.0471915006637573,0.16941039264202118,63.2805061340332,054,True,False,True,False,True,True,True,False,True
HST F814W,F814W_043_2942583,149.76453428821364,1.9394060551488048,-1.4535682201385498,0.1686459183692932,63.264625549316406,043,True,False,True,False,True,True,True,False,True
HST F814W,F814W_043_2928493,149.85666031282148,1.9172168053986332,-1.440700888633728,0.1685321182012558,63.2219352722168,043,True,False,True,False,True,True,True,False,True
HST F814W,F814W_077_7182785,150.20361888281286,2.3058221180167133,-1.0625554323196411,0.16767343878746033,63.14989471435547,077,True,False,True,False,True,True,True,False,True
HST F814W,F814W_063_5308737,150.51094879413043,2.192753078583519,-0.6995586156845093,0.16890409588813782,63.133792877197266,063,True,False,True,False,True,True,True,False,True
HST F814W,F814W_066_5936988,150.04091698409502,2.214847164728678,-0.27604180574417114,0.19227004051208496,63.10953903198242,066,True,False,True,False,True,True,True,False,True
HST F814W,F814W_063_5342871,150.54245486591205,2.2500561533699,-1.0441129207611084,0.1688278764486313,63.10530090332031,063,True,False,True,False,True,True,True,False,True
HST F814W,F814W_042_2757565,150.0382252914784,1.8588347698683736,-1.5053592920303345,0.1830962896347046,63.104793548583984,042,True,False,True,False,True,True,True,False,True
HST F814W,F814W_078_7436964,150.0406243631672,2.398446705652765,-1.5384172201156616,0.17738068103790283,63.089759826660156,078,True,False,True,False,True,True,True,False,True
HST F814W,F814W_043_2953592,149.7541886690257,1.96126379484872,-1.4739139080047607,0.16807663440704346,63.05106735229492,043,True,False,True,False,True,True,True,False,True
HST F814W,F814W_063_5286384,150.49886216733975,2.1494205418230994,-1.4908638000488281,0.1686541736125946,63.040374755859375,063,True,False,True,False,True,True,True,False,True
HST F814W,F814W_051_3676001,150.423986100798,1.9941120007421425,-1.132174015045166,0.17633329331874847,63.022003173828125,051,True,False,True,False,True,True,True,False,True
HST F814W,F814W_042_2741254,150.04840025409393,1.8492573827955439,-0.6092623472213745,0.18278342485427856,62.99696350097656,042,True,False,True,False,True,True,True,False,True
HST F814W,F814W_066_5924370,150.01162122826148,2.2028558158301985,-0.6143247485160828,0.191921204328537,62.99503707885742,066,True,False,True,False,True,True,True,False,True
HST F814W,F814W_040_2437208,150.2474286958278,1.8835508157505347,-1.1781255006790161,0.16301783919334412,62.97589874267578,040,True,False,True,False,True,True,True,False,True
HST F814W,F814W_063_5369876,150.55812523498918,2.294352951654069,-1.0655791759490967,0.16846494376659393,62.969642639160156,063,True,False,True,False,True,True,True,False,True
HST F814W,F814W_075_6981679,150.54731120270463,2.3004106878096207,-0.5803198218345642,0.16913476586341858,62.92644500732422,075,True,False,True,False,True,True,True,False,True
HST F814W,F814W_063_5365915,150.53144998484183,2.2907319504103176,-0.9072302579879761,0.16811522841453552,62.838924407958984,063,True,False,True,False,True,True,True,False,True
HST F814W,F814W_079_7503462,149.8236510735558,2.3689493226364116,-1.4993104934692383,0.1725393682718277,62.815673828125,079,True,False,True,False,True,True,True,False,True
HST F814W,F814W_078_7449743,150.05784122600454,2.427227843089704,-1.3935505151748657,0.1765429526567459,62.79180145263672,078,True,False,True,False,True,True,True,False,True
HST F814W,F814W_054_4345819,149.9296939958413,1.9985633696975345,-1.449328899383545,0.16792233288288116,62.724666595458984,054,True,False,True,False,True,True,True,False,True
HST F814W,F814W_028_0967844,150.3491261962069,1.7608999557122256,-1.313772201538086,0.18143534660339355,62.71491241455078,028,True,False,True,False,True,True,True,False,True
HST F814W,F814W_090_8667860,150.00864842888154,2.5496283538020266,-1.5095692873001099,0.1727362871170044,62.681365966796875,090,True,False,True,False,True,True,True,False,True
HST F814W,F814W_051_3682167,150.43200652349591,2.010389268172023,-1.2147413492202759,0.17535413801670074,62.67205047607422,051,True,False,True,False,True,True,True,False,True
HST F814W,F814W_063_5319638,150.47074243201192,2.2086452941055223,-1.4665231704711914,0.16759097576141357,62.642967224121094,063,True,False,True,False,True,True,True,False,True
HST F814W,F814W_075_6986538,150.56236662793077,2.3161291265736734,-1.494549036026001,0.16836756467819214,62.64100646972656,075,True,False,True,False,True,True,True,False,True
HST F814W,F814W_042_2756105,149.94615635509905,1.8580498025542715,-1.2238399982452393,0.18172970414161682,62.63379669189453,042,True,False,True,False,True,True,True,False,True
HST F814W,F814W_078_7415499,149.90196944634883,2.3579632177922765,-1.1418064832687378,0.1759810894727707,62.59196090698242,078,True,False,True,False,True,True,True,False,True
HST F814W,F814W_075_7025999,150.4385781532729,2.3949000305147,-1.4602363109588623,0.1682184487581253,62.58552932739258,075,True,False,True,False,True,True,True,False,True
HST F814W,F814W_040_2413993,150.39422933680808,1.8487035304178416,-1.036389708518982,0.1619836390018463,62.57637405395508,040,True,False,True,False,True,True,True,False,True
HST F814W,F814W_040_2399520,150.35289742024815,1.8261032933416321,-1.4598983526229858,0.16196931898593903,62.57084274291992,040,True,False,True,False,True,True,True,False,True
HST F814W,F814W_078_7436091,150.04178707723366,2.3976338972356284,-1.533717393875122,0.1758662462234497,62.55111312866211,078,True,False,True,False,True,True,True,False,True
HST F814W,F814W_074_6919551,150.5943959841378,2.4322879584059227,-1.6776578426361084,0.19734513759613037,62.44471740722656,074,True,False,True,False,True,True,True,False,True
HST F814W,F814W_077_7212858,150.1037177914439,2.3576765167279885,-1.3168866634368896,0.16562987864017487,62.38024139404297,077,True,False,True,False,True,True,True,False,True
HST F814W,F814W_075_7005157,150.5623816521879,2.3537294153048167,-0.703052282333374,0.16764718294143677,62.372989654541016,075,True,False,True,False,True,True,True,False,True
HST F814W,F814W_051_3701089,150.4009689653014,2.05618153745857,-1.4913707971572876,0.17449955642223358,62.36661911010742,051,True,False,True,False,True,True,True,False,True
HST F814W,F814W_028_1024164,150.37645184455195,1.7902526102257026,-1.4361966848373413,0.18034474551677704,62.33793640136719,028,True,False,True,False,True,True,True,False,True
HST F814W,F814W_065_5611622,150.13665953044057,2.1408238890557,-1.8247140645980835,0.22898206114768982,62.33771514892578,065,True,False,True,False,True,True,True,False,True
HST F814W,F814W_028_0980866,150.24375009858227,1.764741781340239,-1.0301718711853027,0.1802986115217209,62.32198715209961,028,True,False,True,False,True,True,True,False,True
HST F814W,F814W_028_0905073,150.31470775213842,1.7411401593728542,-1.2584246397018433,0.18025533854961395,62.307029724121094,028,True,False,True,False,True,True,True,False,True
HST F814W,F814W_042_2809804,149.97729459249794,1.8967015421173117,-0.9921846389770508,0.1806904524564743,62.27561569213867,042,True,False,True,False,True,True,True,False,True
HST F814W,F814W_051_3805938,150.488290243736,2.0985138402115835,-1.480159044265747,0.1742306798696518,62.27052307128906,051,True,False,True,False,True,True,True,False,True
HST F814W,F814W_078_7436695,150.03955659176137,2.3981814966512522,-1.5415654182434082,0.1750156581401825,62.24858093261719,078,True,False,True,False,True,True,True,False,True
HST F814W,F814W_064_5589323,150.28820331881036,2.276755898415825,-1.4845731258392334,0.16984690725803375,62.227806091308594,064,True,False,True,False,True,True,True,False,True
HST F814W,F814W_051_3705144,150.4627215183532,2.06282854842851,-0.9265919923782349,0.17388634383678436,62.14745330810547,051,True,False,True,False,True,True,True,False,True
HST F814W,F814W_075_7027085,150.43880708001325,2.3961422685968317,-1.4915896654129028,0.16701741516590118,62.13868713378906,075,True,False,True,False,True,True,True,False,True
HST F814W,F814W_074_6832999,150.58190275322144,2.385027037638611,-1.3955426216125488,0.19628222286701202,62.10838317871094,074,True,False,True,False,True,True,True,False,True
HST F814W,F814W_029_1186686,150.18897403511588,1.770510210919693,-1.599012017250061,0.22268635034561157,61.9962272644043,029,True,False,True,False,True,True,True,False,True
HST F814W,F814W_040_2464405,150.25324094246835,1.9106711176772868,-1.060320258140564,0.16046293079853058,61.98890686035156,040,True,False,True,False,True,True,True,False,True
HST F814W,F814W_054_4412070,149.90058437440638,2.0943968182042387,-1.0732840299606323,0.1658720076084137,61.958797454833984,054,True,False,True,False,True,True,True,False,True
HST F814W,F814W_052_4039282,150.36354025094633,2.0744662532993923,-1.424613118171692,0.16861985623836517,61.956668853759766,052,True,False,True,False,True,True,True,False,True
HST F814W,F814W_054_4391778,150.02090680058117,2.0595859089672865,-1.4803171157836914,0.16576355695724487,61.91828918457031,054,True,False,True,False,True,True,True,False,True
HST F814W,F814W_078_7457887,149.99770989532604,2.4419538586762983,-1.487202525138855,0.17407305538654327,61.91332244873047,078,True,False,True,False,True,True,True,False,True
HST F814W,F814W_028_1021201,150.35327570793592,1.7802826783943841,-0.7843059301376343,0.17886117100715637,61.82512283325195,028,True,False,True,False,True,True,True,False,True
HST F814W,F814W_075_7006658,150.54864450289693,2.3566632094457334,-1.114408016204834,0.1658579558134079,61.70730972290039,075,True,False,True,False,True,True,True,False,True
HST F814W,F814W_090_8636842,149.8933896049606,2.498986962157977,-1.1627999544143677,0.16997727751731873,61.68019485473633,090,True,False,True,False,True,True,True,False,True
HST F814W,F814W_064_5392131,150.30914615248253,2.1741422855048467,-1.424468755722046,0.168269544839859,61.649898529052734,064,True,False,True,False,True,True,True,False,True
HST F814W,F814W_040_2392412,150.22713550374135,1.8139180822022098,-1.4312028884887695,0.15955910086631775,61.63974380493164,040,True,False,True,False,True,True,True,False,True
HST F814W,F814W_090_8659898,150.02773260008996,2.539165945552833,-1.501240849494934,0.16985894739627838,61.63725662231445,090,True,False,True,False,True,True,True,False,True
HST F814W,F814W_042_2774464,149.97855805937058,1.8675451367855163,-1.1838313341140747,0.17879484593868256,61.62228775024414,042,True,False,True,False,True,True,True,False,True
HST F814W,F814W_074_6903662,150.57443646977424,2.423973605480536,-1.4929604530334473,0.1944759488105774,61.536834716796875,074,True,False,True,False,True,True,True,False,True
HST F814W,F814W_087_8153663,150.40805959879398,2.5107357205951226,-1.1231801509857178,0.16416415572166443,61.517601013183594,087,True,False,True,False,True,True,True,False,True
HST F814W,F814W_044_3156577,149.7020306124302,1.9473284844204772,-1.1737583875656128,0.17708544433116913,61.51433181762695,044,True,False,True,False,True,True,True,False,True
HST F814W,F814W_053_4149283,150.17486123970335,1.9874075572116288,-1.5254546403884888,0.1774144470691681,61.50326156616211,053,True,False,True,False,True,True,True,False,True
HST F814W,F814W_043_2919337,149.87382689877268,1.9001644489862397,-1.3804893493652344,0.16394834220409393,61.502410888671875,043,True,False,True,False,True,True,True,False,True
HST F814W,F814W_075_7024392,150.4735643606097,2.3924430636377725,-0.7294169664382935,0.16509747505187988,61.424373626708984,075,True,False,True,False,True,True,True,False,True
HST F814W,F814W_055_4434283,149.75418796871887,1.9612640454406909,-1.4763095378875732,0.16849127411842346,61.37873840332031,055,True,False,True,False,True,True,True,False,True
HST F814W,F814W_091_8805410,149.88888790857635,2.6008775688187638,0.267087459564209,0.1719818115234375,61.335296630859375,091,True,False,True,False,True,True,True,False,True
HST F814W,F814W_078_7436911,150.0407493154351,2.398398137324041,-1.525522232055664,0.17237362265586853,61.308876037597656,078,True,False,True,False,True,True,True,False,True
HST F814W,F814W_063_5345771,150.52601054074722,2.2559830010209936,-1.4416855573654175,0.1638377159833908,61.240055084228516,063,True,False,True,False,True,True,True,False,True
HST F814W,F814W_077_7212549,150.05889395146798,2.3572651564354357,-1.4227920770645142,0.16236954927444458,61.152320861816406,077,True,False,True,False,True,True,True,False,True
HST F814W,F814W_101_10070804,150.06927950095516,2.6343798269588925,-1.258415699005127,0.18861328065395355,61.14027786254883,101,True,False,True,False,True,True,True,False,True
HST F814W,F814W_063_5319575,150.47085704342953,2.2085948445868437,-1.3821203708648682,0.16345956921577454,61.09870910644531,063,True,False,True,False,True,True,True,False,True
HST F814W,F814W_067_6094184,149.79563799194148,2.184687862030209,-1.506111741065979,0.17066624760627747,61.0963134765625,067,True,False,True,False,True,True,True,False,True
HST F814W,F814W_074_6753264,150.5685326888036,2.341323045158343,-1.2957820892333984,0.19285990297794342,61.02547836303711,074,True,False,True,False,True,True,True,False,True
HST F814W,F814W_051_3696918,150.468414515262,2.0441087427427505,-0.6035090684890747,0.17071662843227386,61.014591217041016,051,True,False,True,False,True,True,True,False,True
HST F814W,F814W_078_7447025,149.94898057981126,2.421304940694796,-1.3327527046203613,0.17144657671451569,60.979148864746094,078,True,False,True,False,True,True,True,False,True
HST F814W,F814W_079_7482133,149.88082252497324,2.3245385728990517,-1.4700090885162354,0.16745144128799438,60.96333312988281,079,True,False,True,False,True,True,True,False,True
HST F814W,F814W_041_2561351,150.16036064035774,1.8376580375729297,-1.3841865062713623,0.16221879422664642,60.91178512573242,041,True,False,True,False,True,True,True,False,True
HST F814W,F814W_077_7178381,150.09317491223388,2.2980682764106874,-0.8967253565788269,0.1616806834936142,60.892879486083984,077,True,False,True,False,True,True,True,False,True
HST F814W,F814W_051_3791664,150.47470131474807,2.0940721894079615,-1.0326576232910156,0.1703004390001297,60.8658447265625,051,True,False,True,False,True,True,True,False,True
HST F814W,F814W_075_6986872,150.56306959282568,2.316831865843972,-1.4625897407531738,0.1635136753320694,60.835121154785156,075,True,False,True,False,True,True,True,False,True
HST F814W,F814W_102_10349544,149.91581010332052,2.677500754477806,-1.489625096321106,0.17301037907600403,60.817935943603516,102,True,False,True,False,True,True,True,False,True
HST F814W,F814W_063_5320057,150.47138547936999,2.209089191497959,-1.4168355464935303,0.1626441776752472,60.79393005371094,063,True,False,True,False,True,True,True,False,True
HST F814W,F814W_064_5382405,150.33679594133935,2.1540920639447276,-1.0320732593536377,0.16592203080654144,60.789825439453125,064,True,False,True,False,True,True,True,False,True
HST F814W,F814W_053_4287627,150.1776165602632,2.1066203703247717,-1.192023754119873,0.17519642412662506,60.734352111816406,053,True,False,True,False,True,True,True,False,True
HST F814W,F814W_087_8136536,150.51036007233844,2.480811964961713,-1.2430680990219116,0.1620377153158188,60.72075653076172,087,True,False,True,False,True,True,True,False,True
HST F814W,F814W_063_5327887,150.5060962370218,2.222982286539071,-0.5525511503219604,0.16244810819625854,60.72064208984375,063,True,False,True,False,True,True,True,False,True
HST F814W,F814W_074_6899500,150.59422096488356,2.421754337732226,-1.0483417510986328,0.19172605872154236,60.66670608520508,074,True,False,True,False,True,True,True,False,True
HST F814W,F814W_074_6868649,150.5595564235927,2.404891341271648,-1.64884352684021,0.1915929615497589,60.62458801269531,074,True,False,True,False,True,True,True,False,True
HST F814W,F814W_042_2757567,150.03810537169105,1.8588393867916517,-1.4982627630233765,0.17588599026203156,60.6197395324707,042,True,False,True,False,True,True,True,False,True
HST F814W,F814W_028_0978796,150.33448402497444,1.7641401842452982,-1.1628875732421875,0.17526473104953766,60.58197784423828,028,True,False,True,False,True,True,True,False,True
HST F814W,F814W_054_4351727,150.04221562294833,2.003328411670924,-1.4216889142990112,0.16165946424007416,60.38527297973633,054,True,False,True,False,True,True,True,False,True
HST F814W,F814W_063_5366261,150.431802855805,2.291039627737272,-1.2875237464904785,0.16136124730110168,60.314388275146484,063,True,False,True,False,True,True,True,False,True
HST F814W,F814W_075_7014204,150.50580096635792,2.373282479553791,-1.107476830482483,0.16200506687164307,60.27384567260742,075,True,False,True,False,True,True,True,False,True
HST F814W,F814W_054_4360467,149.96296085373137,2.0120580220897897,-0.9718053936958313,0.16120612621307373,60.21593475341797,054,True,False,True,False,True,True,True,False,True
HST F814W,F814W_040_2407881,150.29858247712974,1.838946577096928,0.27858439087867737,0.15577436983585358,60.17765426635742,040,True,False,True,False,True,True,True,False,True
HST F814W,F814W_043_2942556,149.7643131296476,1.9393613657964857,-1.4258489608764648,0.16035506129264832,60.15445327758789,043,True,False,True,False,True,True,True,False,True
HST F814W,F814W_077_7213389,150.1204551487948,2.3584403842301445,0.1950375884771347,0.1595551073551178,60.09233474731445,077,True,False,True,False,True,True,True,False,True
HST F814W,F814W_043_2953058,149.75382073334904,1.960716258607619,-1.4094489812850952,0.1601032316684723,60.05998229980469,043,True,False,True,False,True,True,True,False,True
HST F814W,F814W_075_6986483,150.56253167759286,2.3160077918113817,-1.4405500888824463,0.1613617092370987,60.03448486328125,075,True,False,True,False,True,True,True,False,True
HST F814W,F814W_063_5319673,150.47077115683436,2.2086870426482847,-1.4549732208251953,0.16046568751335144,59.97964096069336,063,True,False,True,False,True,True,True,False,True
HST F814W,F814W_052_3912155,150.31147234240913,2.0367616185113837,-1.4075003862380981,0.16321344673633575,59.97016906738281,052,True,False,True,False,True,True,True,False,True
HST F814W,F814W_074_6941524,150.61034639514364,2.4431332446188243,-1.620334506034851,0.18951532244682312,59.9671745300293,074,True,False,True,False,True,True,True,False,True
HST F814W,F814W_054_4351201,150.04061722850406,2.002915168514133,-1.4363552331924438,0.1602228581905365,59.84865188598633,054,True,False,True,False,True,True,True,False,True
HST F814W,F814W_051_3751207,150.45353808715507,2.080033657071051,-1.4174766540527344,0.16722309589385986,59.7659912109375,051,True,False,True,False,True,True,True,False,True
HST F814W,F814W_075_6986898,150.56284985338473,2.3168828386382554,-1.4073567390441895,0.16059032082557678,59.74748992919922,075,True,False,True,False,True,True,True,False,True
HST F814W,F814W_052_3862204,150.29319278710406,1.961899536333585,0.013419232331216335,0.16254152357578278,59.72328186035156,052,True,False,True,False,True,True,True,False,True
HST F814W,F814W_074_6706461,150.56342891932286,2.316395008240327,-1.6230459213256836,0.1887035071849823,59.710296630859375,074,True,False,True,False,True,True,True,False,True
HST F814W,F814W_055_4444605,149.87246004020497,1.9869302152974486,-1.122615933418274,0.1638975739479065,59.705322265625,055,True,False,True,False,True,True,True,False,True
HST F814W,F814W_055_4468327,149.77886963433693,2.0483346064962094,-1.3237684965133667,0.16381016373634338,59.67348098754883,055,True,False,True,False,True,True,True,False,True
HST F814W,F814W_051_3700949,150.3993584924552,2.0559684811467953,-1.4723533391952515,0.16693437099456787,59.66279983520508,051,True,False,True,False,True,True,True,False,True
HST F814W,F814W_043_2941577,149.78290222657688,1.9385143286879214,-1.282067894935608,0.15895189344882965,59.62807846069336,043,True,False,True,False,True,True,True,False,True
HST F814W,F814W_052_3887946,150.35792234107925,2.0203793510237666,-1.4258320331573486,0.16223637759685516,59.61116027832031,052,True,False,True,False,True,True,True,False,True
HST F814W,F814W_028_1024123,150.37621508932793,1.790106510214699,-1.3692933320999146,0.17227497696876526,59.54854202270508,028,True,False,True,False,True,True,True,False,True
HST F814W,F814W_088_8263203,150.26627470460397,2.537809602851548,-1.2771809101104736,0.16696502268314362,59.527645111083984,088,True,False,True,False,True,True,True,False,True
HST F814W,F814W_077_7257469,150.07251127763902,2.4319038583144814,-1.4185309410095215,0.1579650491476059,59.49348068237305,077,True,False,True,False,True,True,True,False,True
HST F814W,F814W_028_0930991,150.33920303445893,1.7496775668316218,-1.2488718032836914,0.1720760464668274,59.47977828979492,028,True,False,True,False,True,True,True,False,True
HST F814W,F814W_054_4336420,149.99959033476904,1.988990374506279,-1.3945255279541016,0.1592203825712204,59.47419357299805,054,True,False,True,False,True,True,True,False,True
HST F814W,F814W_076_7142270,150.26630528243464,2.4208263955227443,-1.3987551927566528,0.156355619430542,59.45038604736328,076,True,False,True,False,True,True,True,False,True
HST F814W,F814W_089_8468900,150.19579011235402,2.5102619193608917,-1.0454823970794678,0.17313110828399658,59.44823455810547,089,True,False,True,False,True,True,True,False,True
HST F814W,F814W_042_2706225,150.0254580164114,1.8277203050590227,-1.4505029916763306,0.1724594533443451,59.43877029418945,042,True,False,True,False,True,True,True,False,True
HST F814W,F814W_091_8752561,149.86285889934473,2.5168459838670567,-1.3708477020263672,0.1664915680885315,59.37726593017578,091,True,False,True,False,True,True,True,False,True
HST F814W,F814W_043_2942608,149.76442266229827,1.939419670745162,-1.4209153652191162,0.15828140079975128,59.37655258178711,043,True,False,True,False,True,True,True,False,True
HST F814W,F814W_079_7514628,149.81751274526346,2.3916802375701414,-1.0811842679977417,0.16296684741973877,59.33064651489258,079,True,False,True,False,True,True,True,False,True
HST F814W,F814W_040_2384770,150.35438988320678,1.798554809380162,-0.5321251153945923,0.1535646915435791,59.32402801513672,040,True,False,True,False,True,True,True,False,True
HST F814W,F814W_028_0859436,150.3384138494917,1.7257461048395262,-0.6762481927871704,0.17156614363193512,59.303524017333984,028,True,False,True,False,True,True,True,False,True
HST F814W,F814W_054_4406200,149.97072353620962,2.083018648302353,-1.3954323530197144,0.15868514776229858,59.27426528930664,054,True,False,True,False,True,True,True,False,True
HST F814W,F814W_042_2807958,149.93854669806595,1.891608032429084,-1.4982564449310303,0.1719132512807846,59.250518798828125,042,True,False,True,False,True,True,True,False,True
HST F814W,F814W_039_2373487,150.41950758274774,1.944529125749903,-1.30085289478302,0.16724759340286255,59.2333984375,039,True,False,True,False,True,True,True,False,True
HST F814W,F814W_075_6986516,150.56225474613257,2.316092366940674,-1.4141546487808228,0.15906786918640137,59.18106460571289,075,True,False,True,False,True,True,True,False,True
HST F814W,F814W_063_5312877,150.47057518498073,2.19912367338025,-0.5352530479431152,0.15797074139118195,59.04706954956055,063,True,False,True,False,True,True,True,False,True
HST F814W,F814W_041_2571355,150.16128007276257,1.8549650643012938,-1.1681429147720337,0.157164067029953,59.01377868652344,041,True,False,True,False,True,True,True,False,True
HST F814W,F814W_075_6986778,150.56247403962308,2.3166521441056664,-1.360474944114685,0.15826164186000824,58.881107330322266,075,True,False,True,False,True,True,True,False,True
HST F814W,F814W_078_7434257,150.04070714172707,2.3958380273521827,-1.4643763303756714,0.16547879576683044,58.856563568115234,078,True,False,True,False,True,True,True,False,True
HST F814W,F814W_075_7032605,150.55967207245075,2.4045253687998733,-1.4016995429992676,0.15812444686889648,58.8300666809082,075,True,False,True,False,True,True,True,False,True
HST F814W,F814W_054_4346069,149.929644932856,1.9987125598754552,-1.3726080656051636,0.15744942426681519,58.812679290771484,054,True,False,True,False,True,True,True,False,True
HST F814W,F814W_088_8240062,150.29801140021175,2.4841820000800885,-1.0201915502548218,0.16494885087013245,58.8088264465332,088,True,False,True,False,True,True,True,False,True
HST F814W,F814W_053_4280894,150.13544302529164,2.084998428846195,-1.517619013786316,0.16963078081607819,58.8049430847168,053,True,False,True,False,True,True,True,False,True
HST F814W,F814W_075_7017331,150.42466563312698,2.3785315983802318,-1.4054709672927856,0.15805096924304962,58.80272674560547,075,True,False,True,False,True,True,True,False,True
HST F814W,F814W_078_7461976,150.04331359064653,2.449862943254058,-1.1456488370895386,0.16515134274959564,58.74009704589844,078,True,False,True,False,True,True,True,False,True
HST F814W,F814W_051_3711915,150.4252397946103,2.0662700357159185,-1.475646734237671,0.16430790722370148,58.72409439086914,051,True,False,True,False,True,True,True,False,True
HST F814W,F814W_043_2941725,149.7645698022246,1.93865807792402,-1.401041030883789,0.15648512542247772,58.70271301269531,043,True,False,True,False,True,True,True,False,True
HST F814W,F814W_067_6093528,149.79491407915484,2.1835749646925984,-1.3046343326568604,0.16384769976139069,58.65536117553711,067,True,False,True,False,True,True,True,False,True
HST F814W,F814W_077_7236363,150.15451073074473,2.399080352919396,-1.3657296895980835,0.155671164393425,58.629547119140625,077,True,False,True,False,True,True,True,False,True
HST F814W,F814W_078_7421008,150.00338040021663,2.371499486817528,-0.8953341841697693,0.16482755541801453,58.624935150146484,078,True,False,True,False,True,True,True,False,True
HST F814W,F814W_088_8242473,150.37992025386148,2.490120434955642,-1.4792722463607788,0.1644236445426941,58.62157440185547,088,True,False,True,False,True,True,True,False,True
HST F814W,F814W_043_2934331,149.76434821694343,1.9256587504648912,-0.9341667890548706,0.15618617832660675,58.5905647277832,043,True,False,True,False,True,True,True,False,True
HST F814W,F814W_076_7097736,150.38747655310988,2.3481890129323855,-1.3710063695907593,0.15406350791454315,58.57886505126953,076,True,False,True,False,True,True,True,False,True
HST F814W,F814W_028_1022061,150.24411154993828,1.782182701048553,-0.9678499698638916,0.16945692896842957,58.57445526123047,028,True,False,True,False,True,True,True,False,True
HST F814W,F814W_075_7041104,150.53641594593665,2.418293153895382,-1.342774748802185,0.15742380917072296,58.569393157958984,075,True,False,True,False,True,True,True,False,True
HST F814W,F814W_051_3669245,150.4437107492955,1.9749457648918343,-1.1411978006362915,0.16385392844676971,58.56184387207031,051,True,False,True,False,True,True,True,False,True
HST F814W,F814W_042_2757703,150.03924317812346,1.858904860006294,-1.4787230491638184,0.1698097288608551,58.52553176879883,042,True,False,True,False,True,True,True,False,True
HST F814W,F814W_063_5284189,150.49919381993448,2.1451121643033857,-1.2130321264266968,0.15652631223201752,58.507164001464844,063,True,False,True,False,True,True,True,False,True
HST F814W,F814W_063_5351135,150.52804179280767,2.2677545317153256,-0.486712783575058,0.1564764380455017,58.488521575927734,063,True,False,True,False,True,True,True,False,True
HST F814W,F814W_053_4266212,150.14463589067782,2.038256926717102,-1.3491806983947754,0.1687023788690567,58.483097076416016,053,True,False,True,False,True,True,True,False,True
HST F814W,F814W_077_7264362,150.21188478774957,2.444816997788743,-1.1750589609146118,0.15515261888504028,58.43424987792969,077,True,False,True,False,True,True,True,False,True
HST F814W,F814W_066_5969338,150.0310171475788,2.2328280746847677,-1.0703059434890747,0.17799167335033417,58.42289352416992,066,True,False,True,False,True,True,True,False,True
HST F814W,F814W_053_4098713,150.150955319948,1.9707951028968567,-1.2070964574813843,0.16851069033145905,58.41664505004883,053,True,False,True,False,True,True,True,False,True
HST F814W,F814W_053_4278502,150.10025268805575,2.07819151874852,-1.1095809936523438,0.16832704842090607,58.35298538208008,053,True,False,True,False,True,True,True,False,True
HST F814W,F814W_076_7166328,150.22597932935332,2.4565909041804126,-1.3230986595153809,0.153403639793396,58.32796859741211,076,True,False,True,False,True,True,True,False,True
HST F814W,F814W_089_8485057,150.2164076491402,2.549014958777298,-1.425788402557373,0.16965386271476746,58.254249572753906,089,True,False,True,False,True,True,True,False,True
HST F814W,F814W_088_8248263,150.26665436258298,2.504193537763656,-1.4297734498977661,0.16332578659057617,58.23015594482422,088,True,False,True,False,True,True,True,False,True
HST F814W,F814W_063_5348378,150.51777069461832,2.2616801286657,-1.1611216068267822,0.15573035180568695,58.20964431762695,063,True,False,True,False,True,True,True,False,True
HST F814W,F814W_075_7016493,150.50707444121772,2.377237941222929,-1.4039266109466553,0.1561879813671112,58.10960388183594,075,True,False,True,False,True,True,True,False,True
HST F814W,F814W_079_7508187,149.88767270762875,2.3783514255144134,-0.9984205961227417,0.1595819741487503,58.098331451416016,079,True,False,True,False,True,True,True,False,True
HST F814W,F814W_043_2950649,149.78422239886876,1.9582148830218398,-1.3998322486877441,0.15480715036392212,58.073246002197266,043,True,False,True,False,True,True,True,False,True
HST F814W,F814W_074_6920306,150.59429048862432,2.4326533253834297,-1.5971887111663818,0.18352919816970825,58.073020935058594,074,True,False,True,False,True,True,True,False,True
HST F814W,F814W_052_3868508,150.24160516920446,1.9790136782364176,-1.334288239479065,0.15796542167663574,58.041866302490234,052,True,False,True,False,True,True,True,False,True
HST F814W,F814W_041_2506984,150.16005780269342,1.7920443658226637,-1.408674955368042,0.15450486540794373,58.0152702331543,041,True,False,True,False,True,True,True,False,True
HST F814W,F814W_075_7016659,150.50702194648576,2.377491780768463,-1.3492518663406372,0.1558147370815277,57.97073745727539,075,True,False,True,False,True,True,True,False,True
HST F814W,F814W_053_4269231,150.2083191104739,2.048476659731777,-1.1075193881988525,0.16721384227275848,57.96707534790039,053,True,False,True,False,True,True,True,False,True
HST F814W,F814W_052_3887817,150.35835222525728,2.0202304943358245,-1.4018933773040771,0.15764766931533813,57.925113677978516,052,True,False,True,False,True,True,True,False,True
HST F814W,F814W_063_5369814,150.50334726224688,2.2942735719277074,-1.3446156978607178,0.15482492744922638,57.871212005615234,063,True,False,True,False,True,True,True,False,True
HST F814W,F814W_043_2953103,149.7537945545328,1.9607539793903723,-1.3929896354675293,0.1541978269815445,57.844669342041016,043,True,False,True,False,True,True,True,False,True
HST F814W,F814W_043_2928254,149.85619415076832,1.9170211197708118,-1.363974690437317,0.15419025719165802,57.84183120727539,043,True,False,True,False,True,True,True,False,True
HST F814W,F814W_066_5820172,150.0492026536573,2.15676373115213,-1.5487852096557617,0.17598968744277954,57.76577377319336,066,True,False,True,False,True,True,True,False,True
HST F814W,F814W_064_5576208,150.30148642799062,2.259069663915544,-0.983360767364502,0.15747880935668945,57.696434020996094,064,True,False,True,False,True,True,True,False,True
HST F814W,F814W_088_8248101,150.27047741240534,2.504007272578883,-1.4308815002441406,0.1617766171693802,57.67783737182617,088,True,False,True,False,True,True,True,False,True
HST F814W,F814W_063_5309028,150.51925839975644,2.193145909624694,-0.8852238655090332,0.15410159528255463,57.6008415222168,063,True,False,True,False,True,True,True,False,True
HST F814W,F814W_053_4285492,150.2239565097091,2.100107751491038,-1.4528967142105103,0.16613762080669403,57.59398651123047,053,True,False,True,False,True,True,True,False,True
HST F814W,F814W_076_7098329,150.24016917278044,2.349556329515629,-0.9368804097175598,0.15118055045604706,57.48269271850586,076,True,False,True,False,True,True,True,False,True
HST F814W,F814W_088_8242430,150.30912908567274,2.49001272899241,-1.1308940649032593,0.16109110414981842,57.433433532714844,088,True,False,True,False,True,True,True,False,True
HST F814W,F814W_066_5819944,150.04921478710338,2.156713217023478,-1.506457805633545,0.1749138981103897,57.412662506103516,066,True,False,True,False,True,True,True,False,True
HST F814W,F814W_040_2388107,150.34271554491312,1.8051287617010214,-1.0013527870178223,0.1483709067106247,57.31760025024414,040,True,False,True,False,True,True,True,False,True
HST F814W,F814W_074_6941312,150.6102318975328,2.443038711777682,-1.5760778188705444,0.18107694387435913,57.29706954956055,074,True,False,True,False,True,True,True,False,True
HST F814W,F814W_087_8129814,150.49198169610256,2.4671784445989817,-0.947275698184967,0.1526901125907898,57.2179069519043,087,True,False,True,False,True,True,True,False,True
HST F814W,F814W_028_0982641,150.34388207849736,1.765259704971398,-0.551490843296051,0.1655234545469284,57.21480941772461,028,True,False,True,False,True,True,True,False,True
HST F814W,F814W_054_4406319,149.97084993880154,2.0831671777329883,-1.3930636644363403,0.1531333476305008,57.200477600097656,054,True,False,True,False,True,True,True,False,True
HST F814W,F814W_074_6904663,150.60205935364667,2.4245293025130845,-1.106041431427002,0.18075835704803467,57.19626235961914,074,True,False,True,False,True,True,True,False,True
HST F814W,F814W_065_5645385,150.08313316152493,2.1755374811627366,-1.3998032808303833,0.21007677912712097,57.19097137451172,065,True,False,True,False,True,True,True,False,True
HST F814W,F814W_063_5333036,150.53161860273087,2.232442826962301,-1.2666826248168945,0.15299047529697418,57.18552017211914,063,True,False,True,False,True,True,True,False,True
HST F814W,F814W_090_8709414,150.0325985423112,2.612475589405264,-1.4039437770843506,0.15740250051021576,57.11714553833008,090,True,False,True,False,True,True,True,False,True
HST F814W,F814W_074_6893951,150.58920706396026,2.4186801857097926,-1.5804792642593384,0.180495947599411,57.11322784423828,074,True,False,True,False,True,True,True,False,True
HST F814W,F814W_028_1002030,150.34373214910474,1.7707100688384796,-1.4052282571792603,0.16522085666656494,57.11021423339844,028,True,False,True,False,True,True,True,False,True
HST F814W,F814W_052_3887856,150.3576614920484,2.0202821951351138,-1.379915714263916,0.15537135303020477,57.08871841430664,052,True,False,True,False,True,True,True,False,True
HST F814W,F814W_075_7016978,150.50738330240648,2.377894293975537,-1.3937714099884033,0.15342488884925842,57.081600189208984,075,True,False,True,False,True,True,True,False,True
HST F814W,F814W_076_7166269,150.2260064793947,2.4564997581052332,-1.2777959108352661,0.15002311766147614,57.042606353759766,076,True,False,True,False,True,True,True,False,True
HST F814W,F814W_042_2795537,149.9624730203126,1.8784390774188664,-0.8563046455383301,0.1654486209154129,57.0224609375,042,True,False,True,False,True,True,True,False,True
HST F814W,F814W_063_5329463,150.5102911053948,2.2260055247734685,-0.6568967700004578,0.15248502790927887,56.9965934753418,063,True,False,True,False,True,True,True,False,True
HST F814W,F814W_074_6850579,150.56711534690595,2.3939221842269394,-1.2724756002426147,0.18006300926208496,56.97623825073242,074,True,False,True,False,True,True,True,False,True
HST F814W,F814W_102_10357929,149.92962045826638,2.6940307458197283,-1.4174408912658691,0.1618996560573578,56.912208557128906,102,True,False,True,False,True,True,True,False,True
HST F814W,F814W_075_6986502,150.562225673391,2.316063719018955,-1.3776042461395264,0.1526787281036377,56.80398941040039,075,True,False,True,False,True,True,True,False,True
HST F814W,F814W_063_5346688,150.53848673072136,2.2578394693960857,-1.2368117570877075,0.15196073055267334,56.80061721801758,063,True,False,True,False,True,True,True,False,True
HST F814W,F814W_064_5477749,150.29856765732802,2.229246837484055,-1.2938846349716187,0.15500624477863312,56.79054641723633,064,True,False,True,False,True,True,True,False,True
HST F814W,F814W_052_3955494,150.26459492172307,2.050267152546079,-1.1338849067687988,0.15446051955223083,56.75404739379883,052,True,False,True,False,True,True,True,False,True
HST F814W,F814W_051_3683114,150.45779059040214,2.0126857880919067,-0.5778502821922302,0.15878978371620178,56.75190353393555,051,True,False,True,False,True,True,True,False,True
HST F814W,F814W_088_8236012,150.27999312419138,2.4751184249642124,-1.4172043800354004,0.15917178988456726,56.749141693115234,088,True,False,True,False,True,True,True,False,True
HST F814W,F814W_089_8485832,150.2169610702154,2.549700550082276,-1.3794047832489014,0.16513100266456604,56.701229095458984,089,True,False,True,False,True,True,True,False,True
HST F814W,F814W_051_3701522,150.40007736905426,2.056872666239348,-1.4183595180511475,0.15862208604812622,56.69196701049805,051,True,False,True,False,True,True,True,False,True
HST F814W,F814W_088_8236036,150.2798181799933,2.4751548794502525,-1.3840876817703247,0.1589488834142685,56.66967010498047,088,True,False,True,False,True,True,True,False,True
HST F814W,F814W_051_3674637,150.4343453896482,1.9895968495309626,-1.3032084703445435,0.15846529603004456,56.635929107666016,051,True,False,True,False,True,True,True,False,True
HST F814W,F814W_052_3877846,150.27741951177936,1.9989264641641398,-1.3468387126922607,0.15405568480491638,56.60529708862305,052,True,False,True,False,True,True,True,False,True
HST F814W,F814W_042_2706187,150.02540068479544,1.8276525032049367,-1.4461562633514404,0.16416750848293304,56.5809211730957,042,True,False,True,False,True,True,True,False,True
HST F814W,F814W_076_7144916,150.26774335644896,2.422779032042525,-1.3059463500976562,0.1487545520067215,56.560264587402344,076,True,False,True,False,True,True,True,False,True
HST F814W,F814W_078_7336765,149.98638384517514,2.3190928853267314,-1.0427974462509155,0.15892274677753448,56.52474594116211,078,True,False,True,False,True,True,True,False,True
HST F814W,F814W_067_6108339,149.79233056938122,2.2182457468255525,-1.089885950088501,0.15783384442329407,56.502479553222656,067,True,False,True,False,True,True,True,False,True
HST F814W,F814W_056_4703303,149.68626487735938,2.0468080284756502,-1.4585912227630615,0.16313429176807404,56.41756820678711,056,True,False,True,False,True,True,True,False,True
HST F814W,F814W_075_7055217,150.40211513683596,2.445509623842684,-1.184074878692627,0.15162889659404755,56.41340255737305,075,True,False,True,False,True,True,True,False,True
HST F814W,F814W_074_6736125,150.5708736947896,2.3322288961005726,-1.271999478340149,0.17820784449577332,56.389217376708984,074,True,False,True,False,True,True,True,False,True
HST F814W,F814W_052_3877328,150.38147393266027,1.9981656703847344,-1.207726240158081,0.15345796942710876,56.385677337646484,052,True,False,True,False,True,True,True,False,True
HST F814W,F814W_028_0894130,150.32180327364705,1.737479423523983,-0.7703127861022949,0.16308897733688354,56.37331008911133,028,True,False,True,False,True,True,True,False,True
HST F814W,F814W_063_5330145,150.5122103506803,2.227403903469528,-0.9058150053024292,0.15076477825641632,56.35358810424805,063,True,False,True,False,True,True,True,False,True
HST F814W,F814W_055_4433921,149.75551388629185,1.9608196683999903,-1.3910369873046875,0.15459111332893372,56.31512451171875,055,True,False,True,False,True,True,True,False,True
HST F814W,F814W_074_6850531,150.5669661174576,2.3939074551973594,-1.2863614559173584,0.1778278350830078,56.26897430419922,074,True,False,True,False,True,True,True,False,True
HST F814W,F814W_040_2479312,150.23939325373217,1.931132141953721,-1.3146171569824219,0.14562244713306427,56.25583267211914,040,True,False,True,False,True,True,True,False,True
HST F814W,F814W_040_2415672,150.37759691251352,1.8512872126374218,-1.175337314605713,0.14561451971530914,56.25277328491211,040,True,False,True,False,True,True,True,False,True
HST F814W,F814W_051_3701516,150.40022969145102,2.0568655836409584,-1.4050452709197998,0.1573023498058319,56.22029113769531,051,True,False,True,False,True,True,True,False,True
HST F814W,F814W_064_5385949,150.24959334212048,2.1609925698265187,-1.2350428104400635,0.15325342118740082,56.148353576660156,064,True,False,True,False,True,True,True,False,True
HST F814W,F814W_055_4468255,149.77873648439316,2.048213609757121,-1.3754537105560303,0.15412428975105286,56.14506912231445,055,True,False,True,False,True,True,True,False,True
HST F814W,F814W_074_6905159,150.57849185417734,2.4248028943792677,-1.336654543876648,0.1773601621389389,56.12099075317383,074,True,False,True,False,True,True,True,False,True
HST F814W,F814W_065_5612578,150.13601724102588,2.141753064015936,-1.6592289209365845,0.20609797537326813,56.1077880859375,065,True,False,True,False,True,True,True,False,True
HST F814W,F814W_089_8470912,150.18722599279425,2.5175255309018603,-1.4273864030838013,0.16331875324249268,56.078956604003906,089,True,False,True,False,True,True,True,False,True
HST F814W,F814W_043_2941860,149.81838540856126,1.9387934873061017,-1.3501873016357422,0.14923706650733948,55.983726501464844,043,True,False,True,False,True,True,True,False,True
HST F814W,F814W_040_2383111,150.36309202990728,1.7954674767972632,-0.4161268174648285,0.14489011466503143,55.972923278808594,040,True,False,True,False,True,True,True,False,True
HST F814W,F814W_053_4281377,150.13663970670422,2.085705653757192,-1.3510383367538452,0.1613234430551529,55.92508316040039,053,True,False,True,False,True,True,True,False,True
HST F814W,F814W_055_4472597,149.85105624708441,2.0588684940481428,-0.8393417596817017,0.15340088307857513,55.88154220581055,055,True,False,True,False,True,True,True,False,True
HST F814W,F814W_077_7226577,150.17589937481128,2.382610379186914,0.04311211034655571,0.14836247265338898,55.876914978027344,077,True,False,True,False,True,True,True,False,True
HST F814W,F814W_051_3822736,150.46990988090263,2.103826510465069,-0.9419338703155518,0.15628308057785034,55.85599899291992,051,True,False,True,False,True,True,True,False,True
HST F814W,F814W_055_4433904,149.75379009906487,1.9607939651234836,-1.3143651485443115,0.15329937636852264,55.844566345214844,055,True,False,True,False,True,True,True,False,True
HST F814W,F814W_051_3786434,150.47365342228687,2.0924321096338816,-1.0082534551620483,0.15620966255664825,55.82976150512695,051,True,False,True,False,True,True,True,False,True
HST F814W,F814W_075_7026553,150.44008837054776,2.395513378906796,-1.3658274412155151,0.15004593133926392,55.824459075927734,075,True,False,True,False,True,True,True,False,True
HST F814W,F814W_091_8752589,149.86289758893258,2.5168696720641677,-1.3491588830947876,0.1564745008945465,55.8047981262207,091,True,False,True,False,True,True,True,False,True
HST F814W,F814W_056_4639341,149.66908267890443,1.9623091750238286,-0.07950033992528915,0.16132768988609314,55.792781829833984,056,True,False,True,False,True,True,True,False,True
HST F814W,F814W_064_5478080,150.29869378473856,2.2293111281827014,-1.3505363464355469,0.15212802588939667,55.73603439331055,064,True,False,True,False,True,True,True,False,True
HST F814W,F814W_028_0907280,150.25329842308832,1.7418659548294522,-1.2884248495101929,0.16110628843307495,55.68797302246094,028,True,False,True,False,True,True,True,False,True
HST F814W,F814W_043_2941702,149.7645241053233,1.9386336227965302,-1.2424333095550537,0.14843226969242096,55.681819915771484,043,True,False,True,False,True,True,True,False,True
HST F814W,F814W_051_3708139,150.3977091251621,2.0647985524694628,-1.2481427192687988,0.15570050477981567,55.64778518676758,051,True,False,True,False,True,True,True,False,True
HST F814W,F814W_074_6857219,150.5799427706751,2.397097093088883,-1.3602015972137451,0.17567941546440125,55.58916473388672,074,True,False,True,False,True,True,True,False,True
HST F814W,F814W_051_3806437,150.48813630288933,2.0986643451349667,-1.37618088722229,0.15546441078186035,55.56340408325195,051,True,False,True,False,True,True,True,False,True
HST F814W,F814W_078_7435292,150.03920717922003,2.396771005046567,-1.4278143644332886,0.15621858835220337,55.56294631958008,078,True,False,True,False,True,True,True,False,True
HST F814W,F814W_074_6847585,150.5873977650158,2.392464715509664,-1.2066266536712646,0.17546284198760986,55.520633697509766,074,True,False,True,False,True,True,True,False,True
HST F814W,F814W_079_7473262,149.80912288442227,2.3042025606777536,-0.9273683428764343,0.15242744982242584,55.493614196777344,079,True,False,True,False,True,True,True,False,True
HST F814W,F814W_091_8751899,149.8627257889299,2.5161110103037223,-1.4139705896377563,0.15550801157951355,55.46010971069336,091,True,False,True,False,True,True,True,False,True
HST F814W,F814W_089_8608250,150.1421296062068,2.613255999354318,-1.3541252613067627,0.16151298582553864,55.45890808105469,089,True,False,True,False,True,True,True,False,True
HST F814W,F814W_075_7054637,150.40166841287643,2.444688178109206,-1.358518123626709,0.14891718327999115,55.404510498046875,075,True,False,True,False,True,True,True,False,True
HST F814W,F814W_043_2916691,149.84472279561908,1.8940155966097953,-0.5358247756958008,0.14768756926059723,55.40245819091797,043,True,False,True,False,True,True,True,False,True
HST F814W,F814W_063_5337868,150.51873617712195,2.24068127406138,-0.38865959644317627,0.14819727838039398,55.393898010253906,063,True,False,True,False,True,True,True,False,True
HST F814W,F814W_051_3700649,150.40015764122765,2.055493738910389,-1.389136791229248,0.1549607813358307,55.38340759277344,051,True,False,True,False,True,True,True,False,True
HST F814W,F814W_040_2390880,150.36752565861454,1.8111376695734887,-0.8822673559188843,0.1433418095111847,55.374794006347656,040,True,False,True,False,True,True,True,False,True
HST F814W,F814W_052_4040654,150.36291112407136,2.074807533072703,-1.344252586364746,0.1506253331899643,55.34486770629883,052,True,False,True,False,True,True,True,False,True
HST F814W,F814W_042_2722232,149.9945816289563,1.8399840075522589,-1.091554880142212,0.1605406552553177,55.33091354370117,042,True,False,True,False,True,True,True,False,True
HST F814W,F814W_077_7243314,150.21888734687306,2.407647912723053,-1.3456337451934814,0.1468014419078827,55.28899383544922,077,True,False,True,False,True,True,True,False,True
HST F814W,F814W_076_7095028,150.2280411429853,2.34295139609625,-1.0378012657165527,0.14539512991905212,55.282928466796875,076,True,False,True,False,True,True,True,False,True
HST F814W,F814W_075_7017057,150.5083108471697,2.3779998789744154,-1.3538365364074707,0.14853248000144958,55.261383056640625,075,True,False,True,False,True,True,True,False,True
HST F814W,F814W_028_0920085,150.29624791481538,1.7461116640358172,-1.192443609237671,0.15959344804286957,55.16504669189453,028,True,False,True,False,True,True,True,False,True
HST F814W,F814W_041_2621694,150.1664644980035,1.9318156570641383,-0.9397815465927124,0.14687800407409668,55.15144729614258,041,True,False,True,False,True,True,True,False,True
HST F814W,F814W_090_8715849,149.96502860147777,2.6235116406763734,-1.1345683336257935,0.15195371210575104,55.13992691040039,090,True,False,True,False,True,True,True,False,True
HST F814W,F814W_090_8704850,149.91418880543003,2.605724209974351,-1.350932240486145,0.15195226669311523,55.139400482177734,090,True,False,True,False,True,True,True,False,True
HST F814W,F814W_028_0898760,150.34881782326747,1.7390361976302753,-1.109923005104065,0.15936683118343353,55.08671188354492,028,True,False,True,False,True,True,True,False,True
HST F814W,F814W_078_7436736,150.0395272307498,2.3982208825236055,-1.4090133905410767,0.15482015907764435,55.06555938720703,078,True,False,True,False,True,True,True,False,True
HST F814W,F814W_063_5367230,150.42734596567098,2.2918629176250014,-1.316576600074768,0.1473141312599182,55.06378936767578,063,True,False,True,False,True,True,True,False,True
HST F814W,F814W_075_6986534,150.56226999105385,2.3161032077249692,-1.3500910997390747,0.14794784784317017,55.04386901855469,075,True,False,True,False,True,True,True,False,True
HST F814W,F814W_063_5329541,150.51405483827102,2.2261298054459537,-0.9849213361740112,0.14716830849647522,55.00928497314453,063,True,False,True,False,True,True,True,False,True
HST F814W,F814W_079_7524370,149.85478670331347,2.399827607704155,-1.3862396478652954,0.15102067589759827,54.98145294189453,079,True,False,True,False,True,True,True,False,True
HST F814W,F814W_041_2501512,150.15976367663595,1.791073063342962,-1.2901833057403564,0.14630505442619324,54.936309814453125,041,True,False,True,False,True,True,True,False,True
HST F814W,F814W_077_7191098,150.09852921119466,2.324569311418776,-0.5060737133026123,0.14584676921367645,54.929439544677734,077,True,False,True,False,True,True,True,False,True
HST F814W,F814W_074_6847731,150.5874384966199,2.3925446540050554,-1.368470311164856,0.17353186011314392,54.90962600708008,074,True,False,True,False,True,True,True,False,True
HST F814W,F814W_051_3810762,150.48908421453348,2.0999458919771445,-1.364126205444336,0.1535705178976059,54.88652420043945,051,True,False,True,False,True,True,True,False,True
HST F814W,F814W_075_6987839,150.55716805904547,2.3194171822678613,-1.2802761793136597,0.14745654165744781,54.861080169677734,075,True,False,True,False,True,True,True,False,True
HST F814W,F814W_074_6794494,150.56618741549215,2.364712790410187,-0.6879869103431702,0.17330695688724518,54.838462829589844,074,True,False,True,False,True,True,True,False,True
HST F814W,F814W_053_4292849,150.16175940871437,2.119902110725311,-0.5418680310249329,0.15808197855949402,54.80138397216797,053,True,False,True,False,True,True,True,False,True
HST F814W,F814W_043_2953143,149.75552667418802,1.960801747324316,-1.3059700727462769,0.14596930146217346,54.75788116455078,043,True,False,True,False,True,True,True,False,True
HST F814W,F814W_066_5823592,149.91385052828974,2.157685481600334,-1.4443923234939575,0.1667317897081375,54.727020263671875,066,True,False,True,False,True,True,True,False,True
HST F814W,F814W_040_2401419,150.37675017826277,1.8293428569354298,-0.6570658087730408,0.14155037701129913,54.6827392578125,040,True,False,True,False,True,True,True,False,True
HST F814W,F814W_041_2560526,150.12231717613727,1.835985729106742,-1.0905896425247192,0.1454889178276062,54.629859924316406,041,True,False,True,False,True,True,True,False,True
HST F814W,F814W_028_0973623,150.2523527455176,1.7626106874848941,-0.9146054983139038,0.1579718142747879,54.60451126098633,028,True,False,True,False,True,True,True,False,True
HST F814W,F814W_065_5715572,150.2160852440685,2.233240250705056,-1.4041821956634521,0.2005404233932495,54.59480667114258,065,True,False,True,False,True,True,True,False,True
HST F814W,F814W_088_8247629,150.26744944732184,2.5033706329735756,-1.3941441774368286,0.15307915210723877,54.57695007324219,088,True,False,True,False,True,True,True,False,True
HST F814W,F814W_079_7503577,149.82279700651347,2.3691255136943474,-1.3594496250152588,0.14987029135227203,54.56263732910156,079,True,False,True,False,True,True,True,False,True
HST F814W,F814W_028_0907035,150.2803293717484,1.7417755143322948,-0.5858778357505798,0.1578494906425476,54.56222915649414,028,True,False,True,False,True,True,True,False,True
HST F814W,F814W_067_6095217,149.8490222750159,2.186149892039678,-1.336303472518921,0.15234504640102386,54.537559509277344,067,True,False,True,False,True,True,True,False,True
HST F814W,F814W_051_3711318,150.42523833110826,2.066045081205474,-1.3866961002349854,0.152545765042305,54.5202751159668,051,True,False,True,False,True,True,True,False,True
HST F814W,F814W_075_7043145,150.4242363852758,2.421811851138219,-1.3404247760772705,0.14630424976348877,54.432369232177734,075,True,False,True,False,True,True,True,False,True
HST F814W,F814W_029_1209146,150.14815808177377,1.7842395459389768,-1.6225814819335938,0.1952916830778122,54.3695068359375,029,True,False,True,False,True,True,True,False,True
HST F814W,F814W_063_5312891,150.47045270683773,2.1991372519586316,0.10284297168254852,0.14534172415733337,54.326534271240234,063,True,False,True,False,True,True,True,False,True
HST F814W,F814W_054_4336416,149.99953767203138,1.988976831365604,-1.3311880826950073,0.14543884992599487,54.326324462890625,054,True,False,True,False,True,True,True,False,True
HST F814W,F814W_051_3696742,150.4627081095182,2.0435628613220373,-1.1066005229949951,0.1519773006439209,54.31710433959961,051,True,False,True,False,True,True,True,False,True
HST F814W,F814W_041_2572462,150.08517911477685,1.8567780636101259,-1.317887783050537,0.14461424946784973,54.301429748535156,041,True,False,True,False,True,True,True,False,True
HST F814W,F814W_074_6859848,150.57297252719172,2.398422462361167,-1.4168130159378052,0.17137543857097626,54.2272834777832,074,True,False,True,False,True,True,True,False,True
HST F814W,F814W_078_7303296,150.05183310866784,2.2994008509227295,-1.147823452949524,0.15242347121238708,54.21311950683594,078,True,False,True,False,True,True,True,False,True
HST F814W,F814W_028_0870917,150.29937985242665,1.7298492424169631,-0.5223199129104614,0.1568026840686798,54.20038986206055,028,True,False,True,False,True,True,True,False,True
HST F814W,F814W_053_4243846,150.1472522931593,2.0137310828414265,-1.1601828336715698,0.15634727478027344,54.20002365112305,053,True,False,True,False,True,True,True,False,True
HST F814W,F814W_075_6982383,150.490177967125,2.301867733258016,-1.3336565494537354,0.14557678997516632,54.161720275878906,075,True,False,True,False,True,True,True,False,True
HST F814W,F814W_052_4037766,150.36348883764055,2.074077741453394,-1.1988921165466309,0.14738765358924866,54.155235290527344,052,True,False,True,False,True,True,True,False,True
HST F814W,F814W_040_2477169,150.23908023084218,1.9292519212327766,-1.2726085186004639,0.14011743664741516,54.12917709350586,040,True,False,True,False,True,True,True,False,True
HST F814W,F814W_079_7541628,149.89122790427305,2.420341454359648,-0.8244217038154602,0.14866548776626587,54.1240119934082,079,True,False,True,False,True,True,True,False,True
HST F814W,F814W_077_7257930,150.07096898149263,2.432525737194675,-1.3151378631591797,0.14355763792991638,54.067298889160156,077,True,False,True,False,True,True,True,False,True
HST F814W,F814W_074_6811046,150.58118780748137,2.3737801176261923,-0.6520074605941772,0.17068399488925934,54.00849151611328,074,True,False,True,False,True,True,True,False,True
HST F814W,F814W_040_2381167,150.3592010852719,1.7922440436382854,-1.2222874164581299,0.1397843360900879,54.00049591064453,040,True,False,True,False,True,True,True,False,True
HST F814W,F814W_043_2942790,149.7646790557719,1.9395544354437424,-1.3235106468200684,0.14388376474380493,53.975528717041016,043,True,False,True,False,True,True,True,False,True
HST F814W,F814W_077_7227923,150.20508520290701,2.3850856288970586,-0.6120730042457581,0.14327353239059448,53.960296630859375,077,True,False,True,False,True,True,True,False,True
HST F814W,F814W_052_4074787,150.28488192699905,2.1122884201799272,-1.31852126121521,0.1466764360666275,53.8939094543457,052,True,False,True,False,True,True,True,False,True
HST F814W,F814W_063_5323466,150.5175757745071,2.213895738827481,-1.0480303764343262,0.14416994154453278,53.8885383605957,063,True,False,True,False,True,True,True,False,True
HST F814W,F814W_065_5669928,150.09846466277665,2.1989221033526536,-0.9815117120742798,0.19793155789375305,53.88457489013672,065,True,False,True,False,True,True,True,False,True
HST F814W,F814W_066_5798878,149.9916743822307,2.149578113848053,-1.3778263330459595,0.16413000226020813,53.873023986816406,066,True,False,True,False,True,True,True,False,True
HST F814W,F814W_075_7041115,150.5362974199279,2.418318002330033,-1.1471933126449585,0.14477339386940002,53.862815856933594,075,True,False,True,False,True,True,True,False,True
HST F814W,F814W_075_7020199,150.46624874704054,2.3838317712664403,-1.1534230709075928,0.14472436904907227,53.84457778930664,075,True,False,True,False,True,True,True,False,True
HST F814W,F814W_051_3810910,150.4894581826312,2.099989942391351,-1.3491168022155762,0.15064381062984467,53.840511322021484,051,True,False,True,False,True,True,True,False,True
HST F814W,F814W_074_6740272,150.5700239415939,2.3344231691795785,-1.0554530620574951,0.17009687423706055,53.822715759277344,074,True,False,True,False,True,True,True,False,True
HST F814W,F814W_054_4352034,150.0407014182283,2.0035584869045846,-1.2721918821334839,0.14407560229301453,53.81710433959961,054,True,False,True,False,True,True,True,False,True
HST F814W,F814W_042_2736943,150.01556287788782,1.8470294143360182,-1.3924696445465088,0.15609271824359894,53.797916412353516,042,True,False,True,False,True,True,True,False,True
HST F814W,F814W_075_7016936,150.50729658367808,2.377851831295387,-1.3209614753723145,0.1445673257112503,53.78614807128906,075,True,False,True,False,True,True,True,False,True
HST F814W,F814W_077_7212441,150.05882555649816,2.3571177630278357,-1.2497828006744385,0.14277486503124237,53.77248764038086,077,True,False,True,False,True,True,True,False,True
HST F814W,F814W_055_4511615,149.7437869390061,2.0908200308292972,-1.058079719543457,0.14754219353199005,53.747314453125,055,True,False,True,False,True,True,True,False,True
HST F814W,F814W_090_8659664,150.0279599489485,2.5389251657328815,-1.311625361442566,0.14806462824344635,53.72868347167969,090,True,False,True,False,True,True,True,False,True
HST F814W,F814W_065_5633876,150.16292725583668,2.1642090784735637,-0.8840312957763672,0.19723853468894958,53.69590759277344,065,True,False,True,False,True,True,True,False,True
HST F814W,F814W_076_7064379,150.29586428603892,2.291308699062373,-1.1122899055480957,0.1412164568901062,53.694091796875,076,True,False,True,False,True,True,True,False,True
HST F814W,F814W_078_7435981,150.04189646082315,2.397529347210404,-1.3671623468399048,0.150898739695549,53.67081069946289,078,True,False,True,False,True,True,True,False,True
HST F814W,F814W_052_3912521,150.33735233442678,2.0368645527855143,-1.2983454465866089,0.14604687690734863,53.66259002685547,052,True,False,True,False,True,True,True,False,True
HST F814W,F814W_053_4280869,150.13539207177607,2.0849751466836777,-1.3644887208938599,0.15475678443908691,53.648658752441406,053,True,False,True,False,True,True,True,False,True
HST F814W,F814W_075_7017153,150.50793438020767,2.3781300432726415,-1.2892497777938843,0.1441403180360794,53.627281188964844,075,True,False,True,False,True,True,True,False,True
HST F814W,F814W_074_6918654,150.5674419405738,2.4318540338626145,-0.9055611491203308,0.1694181263446808,53.607940673828125,074,True,False,True,False,True,True,True,False,True
HST F814W,F814W_075_6985167,150.55029687676145,2.3114640882279107,-1.0316873788833618,0.14405086636543274,53.59400177001953,075,True,False,True,False,True,True,True,False,True
HST F814W,F814W_053_4157450,150.092072567009,1.9898775222593053,-1.3500885963439941,0.15452468395233154,53.56819534301758,053,True,False,True,False,True,True,True,False,True
HST F814W,F814W_078_7437136,150.04058282439826,2.398623320562897,-1.3381741046905518,0.15055473148822784,53.54845428466797,078,True,False,True,False,True,True,True,False,True
HST F814W,F814W_041_2532840,150.09145456795682,1.8035992110509806,-1.062803030014038,0.1425953358411789,53.54334259033203,041,True,False,True,False,True,True,True,False,True
HST F814W,F814W_028_0898925,150.3488210298011,1.7390809286594329,-1.1104406118392944,0.1548830270767212,53.536842346191406,028,True,False,True,False,True,True,True,False,True
HST F814W,F814W_075_7043312,150.42410339538938,2.4220566820770033,-1.3074463605880737,0.1438693255186081,53.526458740234375,075,True,False,True,False,True,True,True,False,True
HST F814W,F814W_063_5326591,150.4838871608337,2.219821423428678,-0.8369767069816589,0.14316606521606445,53.5133056640625,063,True,False,True,False,True,True,True,False,True
HST F814W,F814W_040_2412905,150.37163524620416,1.8469740648162414,-1.1357930898666382,0.13846825063228607,53.4920768737793,040,True,False,True,False,True,True,True,False,True
HST F814W,F814W_091_8751864,149.8625787292316,2.5160703827887714,-1.3692750930786133,0.14968198537826538,53.38232421875,091,True,False,True,False,True,True,True,False,True
HST F814W,F814W_076_7149552,150.26560610235353,2.4290572675139672,0.34169894456863403,0.14030463993549347,53.34739303588867,076,True,False,True,False,True,True,True,False,True
HST F814W,F814W_052_4038865,150.36342708938508,2.074357084682602,-1.236722707748413,0.14506927132606506,53.303382873535156,052,True,False,True,False,True,True,True,False,True
HST F814W,F814W_042_2813122,149.98911653246196,1.9060117756955932,-0.5552331209182739,0.15458303689956665,53.2775993347168,042,True,False,True,False,True,True,True,False,True
HST F814W,F814W_056_4704088,149.68607865570772,2.0473212172545785,-1.4079207181930542,0.15404178202152252,53.2730598449707,056,True,False,True,False,True,True,True,False,True
HST F814W,F814W_063_5286297,150.49916934621942,2.1492866911607984,-1.2646398544311523,0.14243827760219574,53.241268157958984,063,True,False,True,False,True,True,True,False,True
HST F814W,F814W_075_6982194,150.5514634766785,2.301365069816613,-0.8048386573791504,0.14307208359241486,53.2298469543457,075,True,False,True,False,True,True,True,False,True
HST F814W,F814W_078_7458627,149.99718179937778,2.442907243530172,-1.2670767307281494,0.1496279239654541,53.218814849853516,078,True,False,True,False,True,True,True,False,True
HST F814W,F814W_076_7160576,150.27033016968358,2.446043235449479,0.21163392066955566,0.13987937569618225,53.185699462890625,076,True,False,True,False,True,True,True,False,True
HST F814W,F814W_041_2597174,150.21623178974772,1.8944379506513787,-1.0730291604995728,0.141497403383255,53.13107681274414,041,True,False,True,False,True,True,True,False,True
HST F814W,F814W_063_5323534,150.51779651602607,2.2139955383365897,-1.0298103094100952,0.1419774442911148,53.06901550292969,063,True,False,True,False,True,True,True,False,True
HST F814W,F814W_042_2773074,149.95225275811111,1.8667867157200264,-0.3165348172187805,0.15394307672977448,53.05703353881836,042,True,False,True,False,True,True,True,False,True
HST F814W,F814W_089_8473599,150.06628775757875,2.527055270944071,-1.1048717498779297,0.15451662242412567,53.056556701660156,089,True,False,True,False,True,True,True,False,True
HST F814W,F814W_042_2706058,150.02518592910099,1.8274370354533096,-1.3669103384017944,0.15382876992225647,53.01763916015625,042,True,False,True,False,True,True,True,False,True
HST F814W,F814W_054_4405689,149.9840978675815,2.0823704572530692,-0.7117248773574829,0.14182202517986298,52.975318908691406,054,True,False,True,False,True,True,True,False,True
HST F814W,F814W_090_8647297,149.9581120869387,2.51813675017089,0.30036288499832153,0.14597579836845398,52.970703125,090,True,False,True,False,True,True,True,False,True
HST F814W,F814W_090_8714855,150.01550267849467,2.6214207738742,-0.9954371452331543,0.1459549069404602,52.96311950683594,090,True,False,True,False,True,True,True,False,True
HST F814W,F814W_064_5477912,150.29921434444077,2.2292859987162483,-1.3230879306793213,0.14449737966060638,52.94034957885742,064,True,False,True,False,True,True,True,False,True
HST F814W,F814W_079_7482161,149.8809742404594,2.324599656932936,-1.2952854633331299,0.14538328349590302,52.929073333740234,079,True,False,True,False,True,True,True,False,True
HST F814W,F814W_042_2706168,150.02539669291244,1.8276237567021967,-1.3627623319625854,0.15350475907325745,52.905967712402344,042,True,False,True,False,True,True,True,False,True
HST F814W,F814W_075_7015495,150.53306231223291,2.3761283729188647,-1.3087716102600098,0.14218546450138092,52.89997863769531,075,True,False,True,False,True,True,True,False,True
HST F814W,F814W_041_2562012,150.11936187536222,1.8387266091348726,-0.9658288955688477,0.14084060490131378,52.884456634521484,041,True,False,True,False,True,True,True,False,True
HST F814W,F814W_078_7436801,150.0395611473559,2.3982913425069077,-1.3704423904418945,0.14864495396614075,52.869197845458984,078,True,False,True,False,True,True,True,False,True
HST F814W,F814W_078_7388880,149.91762365488796,2.3437491230122305,-1.063481092453003,0.14856229722499847,52.83979797363281,078,True,False,True,False,True,True,True,False,True
HST F814W,F814W_041_2515195,150.20286825613968,1.7939814326884538,-0.6279294490814209,0.14069116115570068,52.82834243774414,041,True,False,True,False,True,True,True,False,True
HST F814W,F814W_043_2928301,149.85628735736876,1.9170587790878681,-1.2387921810150146,0.14082515239715576,52.82814025878906,043,True,False,True,False,True,True,True,False,True
HST F814W,F814W_051_3669488,150.41998264012727,1.975620204159197,-1.302016019821167,0.14780865609645844,52.82721710205078,051,True,False,True,False,True,True,True,False,True
HST F814W,F814W_051_3702968,150.39963986780543,2.059743719623468,-1.3159747123718262,0.14771881699562073,52.795108795166016,051,True,False,True,False,True,True,True,False,True
HST F814W,F814W_051_3728605,150.47901209583608,2.0723106020632938,-1.1040676832199097,0.14770211279392242,52.78913879394531,051,True,False,True,False,True,True,True,False,True
HST F814W,F814W_063_5366204,150.4319954241643,2.2909869821323094,-1.27674400806427,0.14121222496032715,52.782989501953125,063,True,False,True,False,True,True,True,False,True
HST F814W,F814W_087_8139032,150.41953607839602,2.4859343704222048,-1.2538336515426636,0.14071033895015717,52.72869873046875,087,True,False,True,False,True,True,True,False,True
HST F814W,F814W_065_5645448,150.08315405774175,2.1755823017533817,-1.4379441738128662,0.19360223412513733,52.70596694946289,065,True,False,True,False,True,True,True,False,True
HST F814W,F814W_075_6986738,150.56241628951318,2.316557937393429,-1.2083628177642822,0.141648069024086,52.700042724609375,075,True,False,True,False,True,True,True,False,True
HST F814W,F814W_074_6940787,150.6106938192101,2.4427946590373573,-1.4771759510040283,0.16653162240982056,52.694583892822266,074,True,False,True,False,True,True,True,False,True
HST F814W,F814W_074_6705865,150.5645318728562,2.3160892549291465,-0.9856117367744446,0.16643263399600983,52.66326141357422,074,True,False,True,False,True,True,True,False,True
HST F814W,F814W_052_4037077,150.3633810278849,2.0739051288900856,-1.2642669677734375,0.14319749176502228,52.61562728881836,052,True,False,True,False,True,True,True,False,True
HST F814W,F814W_052_4066915,150.32652081609135,2.097578852860521,-1.2658296823501587,0.1430787593126297,52.57200241088867,052,True,False,True,False,True,True,True,False,True
HST F814W,F814W_065_5618357,150.07583136840427,2.1485847969335516,-1.1306382417678833,0.1930629014968872,52.559139251708984,065,True,False,True,False,True,True,True,False,True
HST F814W,F814W_091_8751865,149.86239574165285,2.516075970381431,-1.3085746765136719,0.1473499983549118,52.5506477355957,091,True,False,True,False,True,True,True,False,True
HST F814W,F814W_076_7088301,150.29455779653196,2.3308274160851483,-0.7732409834861755,0.1381959319114685,52.54560852050781,076,True,False,True,False,True,True,True,False,True
HST F814W,F814W_089_8468541,150.11135135558035,2.509400214872998,-1.3335607051849365,0.15287169814109802,52.491737365722656,089,True,False,True,False,True,True,True,False,True
HST F814W,F814W_051_3669481,150.4200022113178,1.9756027918381682,-1.3106563091278076,0.14685706794261932,52.487117767333984,051,True,False,True,False,True,True,True,False,True
HST F814W,F814W_078_7436980,150.0409875967351,2.398465451016344,-1.2635352611541748,0.14755046367645264,52.479915618896484,078,True,False,True,False,True,True,True,False,True
HST F814W,F814W_089_8543605,150.08974180801394,2.57956241191133,-0.8915542960166931,0.15280181169509888,52.467742919921875,089,True,False,True,False,True,True,True,False,True
HST F814W,F814W_075_7055169,150.40195576859534,2.445424683111615,-1.3042969703674316,0.14095598459243774,52.44255447387695,075,True,False,True,False,True,True,True,False,True
HST F814W,F814W_028_0946331,150.3521370143199,1.7544757409001674,-0.47653985023498535,0.15165525674819946,52.4211311340332,028,True,False,True,False,True,True,True,False,True
HST F814W,F814W_042_2745544,150.0074701324185,1.851849979197252,-0.5009394884109497,0.15206727385520935,52.4105339050293,042,True,False,True,False,True,True,True,False,True
HST F814W,F814W_064_5491487,150.3869857739321,2.2334834254420093,-1.1299787759780884,0.14290787279605865,52.357994079589844,064,True,False,True,False,True,True,True,False,True
HST F814W,F814W_028_0899099,150.34889144790756,1.7391286866738158,-1.1659836769104004,0.15144261717796326,52.34762954711914,028,True,False,True,False,True,True,True,False,True
HST F814W,F814W_028_0899070,150.34892526610813,1.7391218877596244,-1.1813929080963135,0.15128552913665771,52.293331146240234,028,True,False,True,False,True,True,True,False,True
HST F814W,F814W_077_7212519,150.05889400260617,2.3572062620506937,-1.2604326009750366,0.13881272077560425,52.28024673461914,077,True,False,True,False,True,True,True,False,True
HST F814W,F814W_042_2705957,150.02317947762657,1.8272082195040005,-0.527786910533905,0.15166553854942322,52.272071838378906,042,True,False,True,False,True,True,True,False,True
HST F814W,F814W_042_2815458,149.997749382949,1.9124398960916753,-1.033720850944519,0.15161451697349548,52.25448989868164,042,True,False,True,False,True,True,True,False,True
HST F814W,F814W_043_2931440,149.77250053431948,1.921334037878515,-1.1780654191970825,0.13929098844528198,52.25262451171875,043,True,False,True,False,True,True,True,False,True
HST F814W,F814W_066_5783388,149.99169365551398,2.13529207153665,-1.0832451581954956,0.159117192029953,52.2276496887207,066,True,False,True,False,True,True,True,False,True
HST F814W,F814W_067_6245525,149.81677550780714,2.2787136492382944,-1.0486254692077637,0.1458606719970703,52.21623611450195,067,True,False,True,False,True,True,True,False,True
HST F814W,F814W_090_8709862,150.0326055226009,2.612965684460295,-1.289980411529541,0.14382010698318481,52.18845748901367,090,True,False,True,False,True,True,True,False,True
HST F814W,F814W_078_7437067,150.04051970738595,2.398556537329054,-1.3249106407165527,0.14670076966285706,52.17770004272461,078,True,False,True,False,True,True,True,False,True
HST F814W,F814W_051_3674286,150.41341129657724,1.9887327260213765,-1.2565785646438599,0.14575470983982086,52.09313201904297,051,True,False,True,False,True,True,True,False,True
HST F814W,F814W_040_2414193,150.37136956561443,1.8490499109453,-1.2121593952178955,0.13462337851524353,52.006752014160156,040,True,False,True,False,True,True,True,False,True
HST F814W,F814W_074_6913622,150.60040118495672,2.429257331190744,-1.2393321990966797,0.16424785554409027,51.971946716308594,074,True,False,True,False,True,True,True,False,True
HST F814W,F814W_039_2288779,150.40129202795225,1.8703257655276788,-0.8363518714904785,0.14668545126914978,51.95098876953125,039,True,False,True,False,True,True,True,False,True
HST F814W,F814W_040_2383360,150.37689980653613,1.7958666535067873,-1.1486222743988037,0.13442280888557434,51.92926788330078,040,True,False,True,False,True,True,True,False,True
HST F814W,F814W_079_7524319,149.85476177148414,2.399782047325753,-1.3166072368621826,0.14252910017967224,51.88996124267578,079,True,False,True,False,True,True,True,False,True
HST F814W,F814W_043_2942884,149.76477478146026,1.9396373784602468,-1.2478269338607788,0.13830922544002533,51.884334564208984,043,True,False,True,False,True,True,True,False,True
HST F814W,F814W_076_7166409,150.22597324422225,2.456694548255384,-1.2400001287460327,0.13645194470882416,51.88249969482422,076,True,False,True,False,True,True,True,False,True
HST F814W,F814W_090_8709484,150.03269989616985,2.6125458886646973,-1.3177571296691895,0.1428867131471634,51.849754333496094,090,True,False,True,False,True,True,True,False,True
HST F814W,F814W_042_2734224,149.96746831369128,1.8459115025872626,-1.1123253107070923,0.15043269097805023,51.84716796875,042,True,False,True,False,True,True,True,False,True
HST F814W,F814W_040_2398583,150.22686473609926,1.8246656624929039,-0.8580577373504639,0.13420310616493225,51.84439468383789,040,True,False,True,False,True,True,True,False,True
HST F814W,F814W_055_4482079,149.73498338527574,2.0781879856061654,-1.134405493736267,0.1422567218542099,51.8218994140625,055,True,False,True,False,True,True,True,False,True
HST F814W,F814W_051_3702929,150.3996456349638,2.0596678736338343,-1.2887368202209473,0.14486925303936005,51.776668548583984,051,True,False,True,False,True,True,True,False,True
HST F814W,F814W_076_7162709,150.33717356190215,2.4499783728062363,-1.1876643896102905,0.13614210486412048,51.76469039916992,076,True,False,True,False,True,True,True,False,True
HST F814W,F814W_078_7457690,149.99768011742253,2.4417322133161434,-1.3150341510772705,0.14536453783512115,51.70243835449219,078,True,False,True,False,True,True,True,False,True
HST F814W,F814W_089_8441817,150.17740917180674,2.490649840958997,-0.9436013698577881,0.15048103034496307,51.67085266113281,089,True,False,True,False,True,True,True,False,True
HST F814W,F814W_090_8682518,149.89417229854666,2.573930247209573,-0.8461206555366516,0.14236097037792206,51.65897750854492,090,True,False,True,False,True,True,True,False,True
HST F814W,F814W_028_1022724,150.36569434882094,1.7849495962439237,-0.5049722194671631,0.14944526553153992,51.6572265625,028,True,False,True,False,True,True,True,False,True
HST F814W,F814W_053_4280888,150.1354074875838,2.0850034748287807,-1.353410243988037,0.1489793211221695,51.645816802978516,053,True,False,True,False,True,True,True,False,True
HST F814W,F814W_074_6940668,150.6105875353478,2.4427362377556,-1.4402942657470703,0.16320939362049103,51.64335250854492,074,True,False,True,False,True,True,True,False,True
HST F814W,F814W_042_2760999,150.03881829262414,1.860429187734498,-1.274768352508545,0.14981664717197418,51.63484573364258,042,True,False,True,False,True,True,True,False,True
HST F814W,F814W_039_2366867,150.42296218687684,1.9259036491110697,-0.240197092294693,0.14560085535049438,51.56686019897461,039,True,False,True,False,True,True,True,False,True
HST F814W,F814W_077_7282644,150.22591828742074,2.456620921549422,-1.2500025033950806,0.13690602779388428,51.56214141845703,077,True,False,True,False,True,True,True,False,True
HST F814W,F814W_041_2623768,150.12112862022732,1.935129061296506,-1.1656172275543213,0.1372016817331314,51.518070220947266,041,True,False,True,False,True,True,True,False,True
HST F814W,F814W_074_6893928,150.58922139248065,2.4186609921995053,-1.442953109741211,0.1626064032316208,51.45254898071289,074,True,False,True,False,True,True,True,False,True
HST F814W,F814W_040_2393336,150.3658372190618,1.8155621189597484,-1.0560487508773804,0.1330227553844452,51.38841247558594,040,True,False,True,False,True,True,True,False,True
HST F814W,F814W_063_5300111,150.50201815310618,2.1783865894363887,-0.7659896612167358,0.13737675547599792,51.34934997558594,063,True,False,True,False,True,True,True,False,True
HST F814W,F814W_089_8474776,150.08709888169938,2.53173187357883,-0.8356369137763977,0.14947111904621124,51.32407760620117,089,True,False,True,False,True,True,True,False,True
HST F814W,F814W_042_2734966,150.01624555232402,1.8462031836923571,-1.3633822202682495,0.14883257448673248,51.29568099975586,042,True,False,True,False,True,True,True,False,True
HST F814W,F814W_066_6012335,149.91312526278418,2.258219305862665,0.23228248953819275,0.1561659276485443,51.25894546508789,066,True,False,True,False,True,True,True,False,True
HST F814W,F814W_043_2950719,149.78398618127943,1.9583135632833415,-1.2340857982635498,0.13661132752895355,51.247398376464844,043,True,False,True,False,True,True,True,False,True
HST F814W,F814W_079_7502855,149.82218580175228,2.368173704077979,-1.279493808746338,0.1403655707836151,51.102294921875,079,True,False,True,False,True,True,True,False,True
HST F814W,F814W_063_5308429,150.51279272184422,2.1922847238375676,-0.664074718952179,0.13666929304599762,51.08491134643555,063,True,False,True,False,True,True,True,False,True
HST F814W,F814W_088_8240339,150.36553235650237,2.4847688875638236,-1.2158925533294678,0.14325058460235596,51.072792053222656,088,True,False,True,False,True,True,True,False,True
HST F814W,F814W_040_2467452,150.28975769376484,1.9138466166248345,-0.8885698914527893,0.13219010829925537,51.066749572753906,040,True,False,True,False,True,True,True,False,True
HST F814W,F814W_065_5645431,150.0829853329541,2.1755703392220895,-1.3596000671386719,0.18757028877735138,51.063838958740234,065,True,False,True,False,True,True,True,False,True
HST F814W,F814W_041_2611421,150.1019854432337,1.916076901993996,-0.7789554595947266,0.13597549498081207,51.057647705078125,041,True,False,True,False,True,True,True,False,True
HST F814W,F814W_089_8423482,150.08560238266682,2.4817078079522656,-1.1004127264022827,0.14867009222507477,51.04902648925781,089,True,False,True,False,True,True,True,False,True
HST F814W,F814W_076_7096735,150.25484665138364,2.3462167401346754,-0.9685324430465698,0.13419896364212036,51.02585983276367,076,True,False,True,False,True,True,True,False,True
HST F814W,F814W_040_2472768,150.39021173490156,1.9223638700437935,-1.151709794998169,0.1319761723279953,50.984100341796875,040,True,False,True,False,True,True,True,False,True
HST F814W,F814W_063_5304600,150.50900689538753,2.185548407287882,-1.2236391305923462,0.13639508187770844,50.98241424560547,063,True,False,True,False,True,True,True,False,True
HST F814W,F814W_074_6940713,150.61065733718476,2.442764937747452,-1.4296374320983887,0.1610417664051056,50.957462310791016,074,True,False,True,False,True,True,True,False,True
HST F814W,F814W_056_4640452,149.71478190498553,1.965209955088436,-1.1616660356521606,0.1471598595380783,50.89305114746094,056,True,False,True,False,True,True,True,False,True
HST F814W,F814W_041_2561241,150.16026420911908,1.8374862003992614,-1.2111670970916748,0.13551485538482666,50.884681701660156,041,True,False,True,False,True,True,True,False,True
HST F814W,F814W_042_2760421,150.0381210193007,1.8601505701069656,-1.343541145324707,0.14757166802883148,50.861106872558594,042,True,False,True,False,True,True,True,False,True
HST F814W,F814W_089_8606706,150.09972820588555,2.6102237912408777,-0.8028411865234375,0.1480693519115448,50.842750549316406,089,True,False,True,False,True,True,True,False,True
HST F814W,F814W_076_7144845,150.2671193397835,2.422719996198233,-1.2249395847320557,0.13360413908958435,50.7996940612793,076,True,False,True,False,True,True,True,False,True
HST F814W,F814W_065_5754115,150.21035593975054,2.264279348531922,-1.5896273851394653,0.18654873967170715,50.785736083984375,065,True,False,True,False,True,True,True,False,True
HST F814W,F814W_054_4351809,150.04057742171997,2.0033971754654747,-1.2200700044631958,0.13579553365707397,50.724220275878906,054,True,False,True,False,True,True,True,False,True
HST F814W,F814W_054_4351331,150.04057698710756,2.003016162265754,-1.2583743333816528,0.13575559854507446,50.70930099487305,054,True,False,True,False,True,True,True,False,True
HST F814W,F814W_075_7026413,150.40863973972986,2.3953672616738246,-1.185457468032837,0.13620315492153168,50.67426681518555,075,True,False,True,False,True,True,True,False,True
HST F814W,F814W_051_3700661,150.3997946769683,2.0555114869095017,-1.2816336154937744,0.14171941578388214,50.65090560913086,051,True,False,True,False,True,True,True,False,True
HST F814W,F814W_041_2535649,150.16419286002213,1.8052599985700244,-1.1289130449295044,0.13487227261066437,50.64339828491211,041,True,False,True,False,True,True,True,False,True
HST F814W,F814W_041_2638291,150.1466457341061,1.9607350961878813,-0.9907358288764954,0.13486352562904358,50.640113830566406,041,True,False,True,False,True,True,True,False,True
HST F814W,F814W_054_4329972,149.97984647129744,1.9824312516819274,-1.2016875743865967,0.1354646235704422,50.60061264038086,054,True,False,True,False,True,True,True,False,True
HST F814W,F814W_043_2941639,149.7645536754404,1.9385759489393164,-1.2156562805175781,0.13477537035942078,50.55867004394531,043,True,False,True,False,True,True,True,False,True
HST F814W,F814W_077_7194337,150.21781601854312,2.331088583236187,-1.247579574584961,0.13418766856193542,50.5383415222168,077,True,False,True,False,True,True,True,False,True
HST F814W,F814W_063_5321418,150.47054175851886,2.210380204564962,-1.2303597927093506,0.13516120612621307,50.521209716796875,063,True,False,True,False,True,True,True,False,True
HST F814W,F814W_075_6986790,150.56257009232422,2.316668735229422,-1.2447370290756226,0.13574178516864777,50.50261306762695,075,True,False,True,False,True,True,True,False,True
HST F814W,F814W_051_3701554,150.40013545269116,2.056911856037667,-1.2964500188827515,0.14129802584648132,50.500301361083984,051,True,False,True,False,True,True,True,False,True
HST F814W,F814W_091_8752146,149.8624308361973,2.516403047419254,-1.3049103021621704,0.14156270027160645,50.48667907714844,091,True,False,True,False,True,True,True,False,True
HST F814W,F814W_063_5313802,150.46794921430748,2.2000612307643785,-1.172593116760254,0.1350647360086441,50.48515319824219,063,True,False,True,False,True,True,True,False,True
HST F814W,F814W_088_8242848,150.3228909049852,2.491054518343694,-0.6787475943565369,0.14151610434055328,50.454402923583984,088,True,False,True,False,True,True,True,False,True
HST F814W,F814W_087_8142753,150.4341867575487,2.4928567928752767,-0.5920087099075317,0.1346174031496048,50.44548034667969,087,True,False,True,False,True,True,True,False,True
HST F814W,F814W_042_2759694,150.0396554181291,1.859833005700486,-1.3254883289337158,0.14626584947109222,50.41105270385742,042,True,False,True,False,True,True,True,False,True
HST F814W,F814W_051_3665427,150.4167532669391,1.9654536557440214,-1.122799038887024,0.14100515842437744,50.3956298828125,051,True,False,True,False,True,True,True,False,True
HST F814W,F814W_028_1000639,150.34411115119082,1.770368198637771,-1.3135724067687988,0.14572659134864807,50.371829986572266,028,True,False,True,False,True,True,True,False,True
HST F814W,F814W_078_7437053,150.04076561114786,2.398530143370524,-1.2865604162216187,0.14162275195121765,50.371578216552734,078,True,False,True,False,True,True,True,False,True
HST F814W,F814W_054_4391682,150.02073809900415,2.0594308625998656,-1.1985821723937988,0.1347990334033966,50.351993560791016,054,True,False,True,False,True,True,True,False,True
HST F814W,F814W_052_4037958,150.3634930172218,2.074139694672769,-1.260209321975708,0.13690251111984253,50.30263900756836,052,True,False,True,False,True,True,True,False,True
HST F814W,F814W_102_10349524,149.91589054772268,2.677459620808197,-1.2850241661071777,0.14308492839336395,50.29831314086914,102,True,False,True,False,True,True,True,False,True
HST F814W,F814W_040_2477187,150.2394082934275,1.9292637136643054,-1.1759254932403564,0.1300770789384842,50.250457763671875,040,True,False,True,False,True,True,True,False,True
HST F814W,F814W_051_3804872,150.48830952363863,2.0982079999530807,-1.2413077354431152,0.14056894183158875,50.239723205566406,051,True,False,True,False,True,True,True,False,True
HST F814W,F814W_042_2706177,150.02550500404217,1.8276481466904968,-1.310860514640808,0.14568784832954407,50.21184158325195,042,True,False,True,False,True,True,True,False,True
HST F814W,F814W_063_5291241,150.50860718629608,2.1604392629109697,-1.2055401802062988,0.13422124087810516,50.169864654541016,063,True,False,True,False,True,True,True,False,True
HST F814W,F814W_042_2706564,150.02577416987106,1.8281768155630418,-1.2825573682785034,0.14554716646671295,50.163352966308594,042,True,False,True,False,True,True,True,False,True
HST F814W,F814W_091_8751891,149.86253881912737,2.516098889519027,-1.2677009105682373,0.14058846235275269,50.139225006103516,091,True,False,True,False,True,True,True,False,True
HST F814W,F814W_039_2373584,150.41948378058086,1.9447198624645912,-1.1647824048995972,0.14145635068416595,50.09901809692383,039,True,False,True,False,True,True,True,False,True
HST F814W,F814W_055_4460453,149.8332946343694,2.0289980962652088,-1.1735985279083252,0.13750416040420532,50.090614318847656,055,True,False,True,False,True,True,True,False,True
HST F814W,F814W_063_5328336,150.43487273215254,2.22395693682196,-0.8910590410232544,0.13400250673294067,50.08810806274414,063,True,False,True,False,True,True,True,False,True
HST F814W,F814W_051_3700077,150.4475345511149,2.0540768930923647,-1.2649493217468262,0.14008288085460663,50.06600570678711,051,True,False,True,False,True,True,True,False,True
HST F814W,F814W_051_3702774,150.47064774100198,2.0594108342017647,-1.0371482372283936,0.13995280861854553,50.01951599121094,051,True,False,True,False,True,True,True,False,True
HST F814W,F814W_051_3701242,150.40091644895827,2.056470221423057,-1.3058862686157227,0.13993807137012482,50.01424789428711,051,True,False,True,False,True,True,True,False,True
HST F814W,F814W_077_7243308,150.21942065431116,2.407631035230811,-1.2287510633468628,0.13279563188552856,50.01406478881836,077,True,False,True,False,True,True,True,False,True
HST F814W,F814W_076_7165860,150.22678876140586,2.456037106151474,-1.1610352993011475,0.13146543502807617,49.98650360107422,076,True,False,True,False,True,True,True,False,True
HST F814W,F814W_102_10357838,149.92950452075377,2.693922509128084,-1.2639381885528564,0.14214518666267395,49.96796798706055,102,True,False,True,False,True,True,True,False,True
HST F814W,F814W_053_4156313,150.09226010253363,1.9895594833061165,-1.2537528276443481,0.14410832524299622,49.957218170166016,053,True,False,True,False,True,True,True,False,True
HST F814W,F814W_076_7142271,150.26621072564907,2.4208317850991987,-1.237473964691162,0.13138112425804138,49.954444885253906,076,True,False,True,False,True,True,True,False,True
HST F814W,F814W_089_8568429,150.20816652982614,2.589954463950858,-1.3432950973510742,0.14542563259601593,49.934974670410156,089,True,False,True,False,True,True,True,False,True
HST F814W,F814W_090_8646417,149.98341243126407,2.516310262015108,-0.9920395612716675,0.13754287362098694,49.91061782836914,090,True,False,True,False,True,True,True,False,True
HST F814W,F814W_043_2950670,149.7840275647347,1.9582242191177666,-1.1991406679153442,0.13296976685523987,49.88132858276367,043,True,False,True,False,True,True,True,False,True
HST F814W,F814W_053_4307493,150.20108908005815,2.1262956382940534,-1.2770466804504395,0.14386200904846191,49.871826171875,053,True,False,True,False,True,True,True,False,True
HST F814W,F814W_066_5929992,149.90974545940176,2.207982360162075,-0.8327529430389404,0.15193261206150055,49.86942672729492,066,True,False,True,False,True,True,True,False,True
HST F814W,F814W_066_5943719,149.9942342882988,2.219538203448098,-1.1197458505630493,0.15182390809059143,49.83374786376953,066,True,False,True,False,True,True,True,False,True
HST F814W,F814W_065_5610322,150.13547889053842,2.1396357495674363,-1.5534216165542603,0.18305180966854095,49.833736419677734,065,True,False,True,False,True,True,True,False,True
HST F814W,F814W_063_5309512,150.4942981741456,2.1939137991259914,-0.8292542695999146,0.13327115774154663,49.81473922729492,063,True,False,True,False,True,True,True,False,True
HST F814W,F814W_051_3724352,150.4563853944207,2.0707715842911942,-0.8821788430213928,0.13937364518642426,49.812522888183594,051,True,False,True,False,True,True,True,False,True
HST F814W,F814W_078_7302221,149.99410633296588,2.2958747978313356,-0.4434885084629059,0.14002440869808197,49.8030891418457,078,True,False,True,False,True,True,True,False,True
HST F814W,F814W_077_7226780,150.2212328702329,2.3830702765986334,-0.8158988952636719,0.1320400834083557,49.72950744628906,077,True,False,True,False,True,True,True,False,True
HST F814W,F814W_074_6810944,150.57655805041745,2.3737291437799364,-1.2133305072784424,0.15712909400463104,49.719398498535156,074,True,False,True,False,True,True,True,False,True
HST F814W,F814W_055_4431787,149.78398583910734,1.9583144157707633,-1.230979561805725,0.13647860288619995,49.71702194213867,055,True,False,True,False,True,True,True,False,True
HST F814W,F814W_051_3811037,150.4890259810927,2.1000360241073905,-1.2438606023788452,0.1389360874891281,49.6561393737793,051,True,False,True,False,True,True,True,False,True
HST F814W,F814W_063_5283316,150.49338729386707,2.143403106637756,-0.8485063910484314,0.13259005546569824,49.56015396118164,063,True,False,True,False,True,True,True,False,True
HST F814W,F814W_040_2404902,150.38213447156423,1.8346976719895067,-0.766514003276825,0.12824833393096924,49.54399108886719,040,True,False,True,False,True,True,True,False,True
HST F814W,F814W_074_6864814,150.5649596969438,2.402124975622956,-0.40950819849967957,0.1565193384885788,49.526458740234375,074,True,False,True,False,True,True,True,False,True
HST F814W,F814W_063_5275078,150.47861572529206,2.1297732074789497,-0.999666154384613,0.1324271857738495,49.49927520751953,063,True,False,True,False,True,True,True,False,True
HST F814W,F814W_077_7210296,150.0999133501303,2.3545759711545458,-1.0912121534347534,0.13139134645462036,49.48517608642578,077,True,False,True,False,True,True,True,False,True
HST F814W,F814W_051_3693133,150.42828831888616,2.03412932818422,-1.0208256244659424,0.13843730092048645,49.47787094116211,051,True,False,True,False,True,True,True,False,True
HST F814W,F814W_077_7257561,150.07246883734032,2.4320180803041045,-1.2307199239730835,0.1312144249677658,49.41854476928711,077,True,False,True,False,True,True,True,False,True
HST F814W,F814W_051_3857918,150.48541145919302,2.1216004590665274,-1.031830072402954,0.13822707533836365,49.40273666381836,051,True,False,True,False,True,True,True,False,True
HST F814W,F814W_063_5319549,150.47089960161568,2.208555984277575,-1.1425907611846924,0.1320977509021759,49.376136779785156,063,True,False,True,False,True,True,True,False,True
HST F814W,F814W_042_2757276,150.03909856177444,1.8587011827641973,-1.263386607170105,0.14325231313705444,49.3724250793457,042,True,False,True,False,True,True,True,False,True
HST F814W,F814W_066_5980072,149.94201276818637,2.2386929001196774,-0.9391312599182129,0.1504126340150833,49.37051773071289,066,True,False,True,False,True,True,True,False,True
HST F814W,F814W_091_8751726,149.8628432891844,2.515906882750374,-1.2869561910629272,0.1384214162826538,49.36637496948242,091,True,False,True,False,True,True,True,False,True
HST F814W,F814W_075_6987811,150.55707282330593,2.3193549683137413,-1.228004813194275,0.1326446235179901,49.350318908691406,075,True,False,True,False,True,True,True,False,True
HST F814W,F814W_051_3793823,150.47196736861244,2.0947701426472713,-0.829835832118988,0.1380767524242401,49.3490104675293,051,True,False,True,False,True,True,True,False,True
HST F814W,F814W_052_4078204,150.23156549761035,2.1189454852414022,-0.9082102179527283,0.13429902493953705,49.34602737426758,052,True,False,True,False,True,True,True,False,True
HST F814W,F814W_102_10358074,149.92978387600334,2.694191264251395,-1.2438007593154907,0.14032551646232605,49.328304290771484,102,True,False,True,False,True,True,True,False,True
HST F814W,F814W_063_5339630,150.52227472738332,2.2438750820084254,-1.1420701742172241,0.13187411427497864,49.292545318603516,063,True,False,True,False,True,True,True,False,True
HST F814W,F814W_102_10357796,149.92954421875677,2.6938619405839295,-1.2612643241882324,0.1401313990354538,49.260066986083984,102,True,False,True,False,True,True,True,False,True
HST F814W,F814W_054_4417498,149.90147888879522,2.1041029617020377,-0.6319340467453003,0.13186627626419067,49.256507873535156,054,True,False,True,False,True,True,True,False,True
HST F814W,F814W_053_4280692,150.13545780931824,2.0846573981996785,-1.3274145126342773,0.1420791894197464,49.253787994384766,053,True,False,True,False,True,True,True,False,True
HST F814W,F814W_077_7233735,150.15664563241054,2.395310561649491,-0.899956464767456,0.13075491786003113,49.2454833984375,077,True,False,True,False,True,True,True,False,True
HST F814W,F814W_091_8752710,149.86332491906145,2.5169779862462702,-1.2371686697006226,0.1380348801612854,49.22852325439453,091,True,False,True,False,True,True,True,False,True
HST F814W,F814W_051_3702759,150.39962065059268,2.0594030147604627,-1.2553156614303589,0.13771912455558777,49.22119140625,051,True,False,True,False,True,True,True,False,True
HST F814W,F814W_074_6737500,150.56902864142629,2.3329495444035215,-1.3105416297912598,0.15538354218006134,49.16706466674805,074,True,False,True,False,True,True,True,False,True
HST F814W,F814W_074_6909827,150.59966088227287,2.4272773588016,-1.0277503728866577,0.15535566210746765,49.158241271972656,074,True,False,True,False,True,True,True,False,True
HST F814W,F814W_063_5313831,150.46794366716003,2.2000903493609667,-1.2081353664398193,0.13149964809417725,49.1525764465332,063,True,False,True,False,True,True,True,False,True
HST F814W,F814W_063_5347321,150.52572192498297,2.2592615435656698,-1.0479415655136108,0.13141468167304993,49.12081527709961,063,True,False,True,False,True,True,True,False,True
HST F814W,F814W_074_6941429,150.61014750206232,2.4430890980665856,-1.4213651418685913,0.1552240550518036,49.116600036621094,074,True,False,True,False,True,True,True,False,True
HST F814W,F814W_078_7301896,150.04486270668139,2.295040519909954,-1.0018647909164429,0.1380719393491745,49.108646392822266,078,True,False,True,False,True,True,True,False,True
HST F814W,F814W_078_7428795,149.89807292485293,2.386098204513652,-0.7734237909317017,0.13805165886878967,49.10143280029297,078,True,False,True,False,True,True,True,False,True
HST F814W,F814W_052_4067624,150.32567448602433,2.0984534855149977,-1.2312473058700562,0.13359960913658142,49.08903884887695,052,True,False,True,False,True,True,True,False,True
HST F814W,F814W_052_3888785,150.33548715328817,2.0222973321863753,-0.941677451133728,0.13358436524868011,49.083438873291016,052,True,False,True,False,True,True,True,False,True
HST F814W,F814W_074_6941538,150.61030045417624,2.4431439705357874,-1.3817744255065918,0.155095636844635,49.075965881347656,074,True,False,True,False,True,True,True,False,True
HST F814W,F814W_039_2371850,150.41343061783112,1.9402228803238466,-1.285679817199707,0.1385536938905716,49.07099533081055,039,True,False,True,False,True,True,True,False,True
HST F814W,F814W_054_4429328,149.97997041108792,2.124292022136205,-1.1585909128189087,0.13134139776229858,49.060447692871094,054,True,False,True,False,True,True,True,False,True
HST F814W,F814W_040_2406445,150.3785171820093,1.8369868782779188,-1.030548334121704,0.12680001556873322,48.9844856262207,040,True,False,True,False,True,True,True,False,True
HST F814W,F814W_065_5692658,150.14302409141033,2.216290742938399,-1.239302635192871,0.17991502583026886,48.97978210449219,065,True,False,True,False,True,True,True,False,True
HST F814W,F814W_089_8390053,150.1162024413592,2.4640482793535834,-1.1621835231781006,0.14263097941875458,48.97536849975586,089,True,False,True,False,True,True,True,False,True
HST F814W,F814W_043_2942570,149.76423162172142,1.9393765012503459,-1.175668478012085,0.13038691878318787,48.912418365478516,043,True,False,True,False,True,True,True,False,True
HST F814W,F814W_075_6994894,150.39709116671986,2.3349050080451286,-0.8816360831260681,0.13141876459121704,48.89423751831055,075,True,False,True,False,True,True,True,False,True
HST F814W,F814W_077_7257756,150.07252149768962,2.4322587355668057,-1.1764659881591797,0.12973837554454803,48.86262893676758,077,True,False,True,False,True,True,True,False,True
HST F814W,F814W_079_7503692,149.82328567006417,2.3692713088304367,-1.2000362873077393,0.13416793942451477,48.845951080322266,079,True,False,True,False,True,True,True,False,True
HST F814W,F814W_042_2806908,149.98349683902998,1.888790528040871,-1.191203236579895,0.14162762463092804,48.812469482421875,042,True,False,True,False,True,True,True,False,True
HST F814W,F814W_042_2730410,150.01462686917182,1.8443491909335812,-1.3029998540878296,0.141617551445961,48.808998107910156,042,True,False,True,False,True,True,True,False,True
HST F814W,F814W_089_8478740,150.1544601493624,2.5416821524847437,-1.2143102884292603,0.14209352433681488,48.79082489013672,089,True,False,True,False,True,True,True,False,True
HST F814W,F814W_055_4455775,149.7527208758481,2.014071741233681,-1.1693490743637085,0.13388967514038086,48.7739143371582,055,True,False,True,False,True,True,True,False,True
HST F814W,F814W_063_5347892,150.5258266919446,2.2605191548216794,-0.855482816696167,0.1304835081100464,48.77275848388672,063,True,False,True,False,True,True,True,False,True
HST F814W,F814W_041_2555247,150.11269786485548,1.826550410985021,-0.7979994416236877,0.12987414002418518,48.766639709472656,041,True,False,True,False,True,True,True,False,True
HST F814W,F814W_029_1209037,150.14793573724157,1.7841699082864186,-1.4809678792953491,0.17505984008312225,48.73693084716797,029,True,False,True,False,True,True,True,False,True
HST F814W,F814W_090_8635819,149.89586884023254,2.4973688686860487,-0.9373056888580322,0.13430017232894897,48.73392868041992,090,True,False,True,False,True,True,True,False,True
HST F814W,F814W_089_8473811,150.08510299056928,2.5277930415554306,-1.049394130706787,0.14187872409820557,48.71706771850586,089,True,False,True,False,True,True,True,False,True
HST F814W,F814W_051_3702963,150.39966600502257,2.0597331927127063,-1.19172203540802,0.13629883527755737,48.71357727050781,051,True,False,True,False,True,True,True,False,True
HST F814W,F814W_043_2950738,149.78386920370252,1.9583289529818688,-1.177018404006958,0.12983547151088715,48.70555114746094,043,True,False,True,False,True,True,True,False,True
HST F814W,F814W_089_8442814,150.2066227319252,2.4911090782641456,-0.9812448024749756,0.14178484678268433,48.68483352661133,089,True,False,True,False,True,True,True,False,True
HST F814W,F814W_028_0956767,150.25514670156994,1.7576176441015334,-0.8999485969543457,0.1408429741859436,48.68376159667969,028,True,False,True,False,True,True,True,False,True
HST F814W,F814W_087_8129347,150.52288633201573,2.4662840023585164,-0.9670063853263855,0.12989772856235504,48.67686462402344,087,True,False,True,False,True,True,True,False,True
HST F814W,F814W_051_3702857,150.39824017186965,2.059562322154284,-1.2568066120147705,0.1361735612154007,48.66880416870117,051,True,False,True,False,True,True,True,False,True
HST F814W,F814W_064_5585052,150.26533538704723,2.2696033167022045,-1.1123472452163696,0.1328268051147461,48.66453170776367,064,True,False,True,False,True,True,True,False,True
HST F814W,F814W_077_7251062,150.1025258719951,2.4207249435132034,-1.1111681461334229,0.12919382750988007,48.65753936767578,077,True,False,True,False,True,True,True,False,True
HST F814W,F814W_028_1022367,150.37038809653637,1.7833816372550053,-0.9367299675941467,0.14074884355068207,48.651222229003906,028,True,False,True,False,True,True,True,False,True
HST F814W,F814W_043_2943014,149.8168625247422,1.939761479701614,-1.1763372421264648,0.12966488301753998,48.64155578613281,043,True,False,True,False,True,True,True,False,True
HST F814W,F814W_076_7091224,150.27941829252566,2.3359320488392004,-0.7585567831993103,0.1279187947511673,48.63798141479492,076,True,False,True,False,True,True,True,False,True
HST F814W,F814W_052_3872842,150.2325944593346,1.9891559111836588,-0.7626000046730042,0.13232381641864777,48.620269775390625,052,True,False,True,False,True,True,True,False,True
HST F814W,F814W_090_8689430,150.04012789683657,2.5844865967295356,-0.8418071866035461,0.13397878408432007,48.617305755615234,090,True,False,True,False,True,True,True,False,True
HST F814W,F814W_052_3882016,150.38835358981498,2.0085546133424956,-0.9661137461662292,0.1322459727525711,48.59166717529297,052,True,False,True,False,True,True,True,False,True
HST F814W,F814W_051_3702910,150.3996450778151,2.0596498727604056,-1.2504913806915283,0.1358015388250351,48.53584289550781,051,True,False,True,False,True,True,True,False,True
HST F814W,F814W_077_7258000,150.07222024189423,2.432612951639799,-1.2130913734436035,0.12885615229606628,48.53036117553711,077,True,False,True,False,True,True,True,False,True
HST F814W,F814W_074_6894093,150.58900228379724,2.4187608520156987,-1.3763012886047363,0.1533358246088028,48.51911926269531,074,True,False,True,False,True,True,True,False,True
HST F814W,F814W_090_8619976,150.0426361392066,2.472447609483175,-1.132176160812378,0.13370122015476227,48.51658630371094,090,True,False,True,False,True,True,True,False,True
HST F814W,F814W_039_2266919,150.40201504545377,1.8650878777577669,-1.2209020853042603,0.13698014616966248,48.51369857788086,039,True,False,True,False,True,True,True,False,True
HST F814W,F814W_090_8709400,150.03262568667117,2.6124573955550727,-1.2158563137054443,0.13368865847587585,48.512027740478516,090,True,False,True,False,True,True,True,False,True
HST F814W,F814W_063_5329530,150.5309817680766,2.2261053645423514,-1.1769328117370605,0.1297779530286789,48.509033203125,063,True,False,True,False,True,True,True,False,True
HST F814W,F814W_077_7253833,150.18566300863785,2.425982477662867,-0.8835448026657104,0.1287214756011963,48.479637145996094,077,True,False,True,False,True,True,True,False,True
HST F814W,F814W_052_4039202,150.3636648034659,2.074444424267544,-1.0723271369934082,0.1319289207458496,48.47517013549805,052,True,False,True,False,True,True,True,False,True
HST F814W,F814W_066_5825165,149.91348190303597,2.158112567883624,-1.319993019104004,0.1476447731256485,48.462013244628906,066,True,False,True,False,True,True,True,False,True
HST F814W,F814W_077_7257980,150.07089847413377,2.4325828302274837,-1.1342886686325073,0.12865784764289856,48.45567321777344,077,True,False,True,False,True,True,True,False,True
HST F814W,F814W_043_2942791,149.76451316368414,1.9395585837729186,-1.1892216205596924,0.1291654109954834,48.45418930053711,043,True,False,True,False,True,True,True,False,True
HST F814W,F814W_079_7503474,149.82379858791123,2.3689649946858027,-1.169138789176941,0.13300172984600067,48.4213752746582,079,True,False,True,False,True,True,True,False,True
HST F814W,F814W_052_4067309,150.3266775173786,2.098031496567852,-1.1919294595718384,0.13171888887882233,48.39799880981445,052,True,False,True,False,True,True,True,False,True
HST F814W,F814W_063_5317963,150.5102539527924,2.206186432175757,-0.8225703835487366,0.12944906949996948,48.38610076904297,063,True,False,True,False,True,True,True,False,True
HST F814W,F814W_054_4345418,149.93042470718572,1.9982563493919208,-1.1749805212020874,0.12930786609649658,48.30085754394531,054,True,False,True,False,True,True,True,False,True
HST F814W,F814W_064_5503850,150.24943979146767,2.237148919170346,-0.9740489721298218,0.13180358707904816,48.289649963378906,064,True,False,True,False,True,True,True,False,True
HST F814W,F814W_055_4466956,149.8061663589993,2.044920628002605,-0.9397869110107422,0.13253436982631683,48.28019714355469,055,True,False,True,False,True,True,True,False,True
HST F814W,F814W_051_3804397,150.48851188927966,2.0980809367259816,-1.2448772192001343,0.13507995009422302,48.2779426574707,051,True,False,True,False,True,True,True,False,True
HST F814W,F814W_077_7257263,150.1046868136339,2.4316574682867453,-1.135955572128296,0.12816749513149261,48.27099609375,077,True,False,True,False,True,True,True,False,True
HST F814W,F814W_077_7274749,150.20886081565874,2.453989322767327,-1.1529110670089722,0.12810343503952026,48.24686813354492,077,True,False,True,False,True,True,True,False,True
HST F814W,F814W_074_6940565,150.6104375421188,2.4426882974352573,-1.379934310913086,0.15246017277240753,48.24203872680664,074,True,False,True,False,True,True,True,False,True
HST F814W,F814W_054_4406198,149.9708149117432,2.0830267784179637,-1.150345802307129,0.129135861992836,48.23660659790039,054,True,False,True,False,True,True,True,False,True
HST F814W,F814W_029_1195533,150.18099993833252,1.7761768694954714,0.1756991744041443,0.1731344759464264,48.20090866088867,029,True,False,True,False,True,True,True,False,True
HST F814W,F814W_074_6827900,150.57024983384613,2.3824148394574802,-0.535698652267456,0.1523139923810959,48.19578552246094,074,True,False,True,False,True,True,True,False,True
HST F814W,F814W_053_4084241,150.19705436795746,1.9619967089325474,-1.2548937797546387,0.1390233188867569,48.194427490234375,053,True,False,True,False,True,True,True,False,True
HST F814W,F814W_074_6933870,150.61070930614176,2.439540111390064,-1.0351214408874512,0.15224376320838928,48.17356491088867,074,True,False,True,False,True,True,True,False,True
HST F814W,F814W_074_6940758,150.61078409050336,2.442779408603054,-1.401097059249878,0.15221907198429108,48.16575241088867,074,True,False,True,False,True,True,True,False,True
HST F814W,F814W_063_5345758,150.5262838374911,2.2559505682147356,-1.1816790103912354,0.1288045048713684,48.145172119140625,063,True,False,True,False,True,True,True,False,True
HST F814W,F814W_051_3674259,150.4134971241429,1.988671219335823,-1.2152363061904907,0.13463857769966125,48.12019729614258,051,True,False,True,False,True,True,True,False,True
HST F814W,F814W_074_6893937,150.58917011957422,2.418679596381676,-1.3785953521728516,0.15181811153888702,48.038875579833984,074,True,False,True,False,True,True,True,False,True
HST F814W,F814W_040_2393315,150.36590341798637,1.8155270226394395,-1.0313669443130493,0.12433119863271713,48.0307502746582,040,True,False,True,False,True,True,True,False,True
HST F814W,F814W_078_7435896,150.04184881914014,2.397469018237562,-1.2463719844818115,0.13496805727481842,48.004676818847656,078,True,False,True,False,True,True,True,False,True
HST F814W,F814W_040_2393364,150.36085614006603,1.8156024493636012,-0.7422183752059937,0.12425856292247772,48.002689361572266,040,True,False,True,False,True,True,True,False,True
HST F814W,F814W_042_2802507,149.92903086436914,1.8819734463120934,-0.1782636195421219,0.13922934234142303,47.98589324951172,042,True,False,True,False,True,True,True,False,True
HST F814W,F814W_063_5297279,150.4695333256168,2.173094997474143,-0.9948703050613403,0.12837709486484528,47.98541259765625,063,True,False,True,False,True,True,True,False,True
HST F814W,F814W_076_7144446,150.26838338911028,2.4223840296105985,-1.1952846050262451,0.12615489959716797,47.96730422973633,076,True,False,True,False,True,True,True,False,True
HST F814W,F814W_075_6985183,150.41174266328935,2.3115429169868262,-0.987777590751648,0.12890343368053436,47.958412170410156,075,True,False,True,False,True,True,True,False,True
HST F814W,F814W_042_2760903,150.03874843974805,1.8603766637865469,-1.1623289585113525,0.13905549049377441,47.92597579956055,042,True,False,True,False,True,True,True,False,True
HST F814W,F814W_056_4694610,149.7132208227232,2.0403315011522856,-1.2520707845687866,0.13855239748954773,47.91628646850586,056,True,False,True,False,True,True,True,False,True
HST F814W,F814W_039_2265636,150.40174424777035,1.8647736134587416,-1.0940371751785278,0.13522948324680328,47.893672943115234,039,True,False,True,False,True,True,True,False,True
HST F814W,F814W_063_5345160,150.4207307450584,2.2547117725985073,-1.1155861616134644,0.12812860310077667,47.89252853393555,063,True,False,True,False,True,True,True,False,True
HST F814W,F814W_063_5272441,150.49758366590314,2.125402817160289,-1.0364422798156738,0.12812159955501556,47.88991165161133,063,True,False,True,False,True,True,True,False,True
HST F814W,F814W_029_1209008,150.14794766444146,1.784148050518622,-1.5148093700408936,0.17199969291687012,47.88498306274414,029,True,False,True,False,True,True,True,False,True
HST F814W,F814W_052_4004106,150.358280940228,2.064523627576068,-0.928533673286438,0.13028956949710846,47.87281799316406,052,True,False,True,False,True,True,True,False,True
HST F814W,F814W_028_0940979,150.32667701451925,1.7527972233763067,-0.9674144983291626,0.13835954666137695,47.825340270996094,028,True,False,True,False,True,True,True,False,True
HST F814W,F814W_051_3821185,150.48824496699334,2.1033411109367757,-0.5711624026298523,0.13380788266658783,47.82330322265625,051,True,False,True,False,True,True,True,False,True
HST F814W,F814W_079_7524775,149.8561394603534,2.4002271240081217,-1.1948530673980713,0.1313476711511612,47.81918716430664,079,True,False,True,False,True,True,True,False,True
HST F814W,F814W_076_7073858,150.33144968342458,2.308688567891688,-0.8792471289634705,0.12575632333755493,47.81575393676758,076,True,False,True,False,True,True,True,False,True
HST F814W,F814W_074_6894080,150.58933374866905,2.4187397009060105,-1.344475507736206,0.15100733935832977,47.78232955932617,074,True,False,True,False,True,True,True,False,True
HST F814W,F814W_063_5321383,150.470666337356,2.2103268148947137,-1.1910223960876465,0.12770460546016693,47.734046936035156,063,True,False,True,False,True,True,True,False,True
HST F814W,F814W_051_3700619,150.40017875449288,2.055442442176476,-1.2301746606826782,0.13351941108703613,47.7202033996582,051,True,False,True,False,True,True,True,False,True
HST F814W,F814W_052_3870558,150.36666670008353,1.9835830610759757,-0.7979246973991394,0.12985847890377045,47.714420318603516,052,True,False,True,False,True,True,True,False,True
HST F814W,F814W_028_0859300,150.34710581513056,1.7256780756238326,-1.190210223197937,0.1379854679107666,47.6960334777832,028,True,False,True,False,True,True,True,False,True
HST F814W,F814W_028_0859770,150.34700016694504,1.7258981480021676,-1.1289092302322388,0.1379816234111786,47.694705963134766,028,True,False,True,False,True,True,True,False,True
HST F814W,F814W_078_7349768,150.00614978410522,2.325739762851347,0.18417909741401672,0.13408957421779633,47.692222595214844,078,True,False,True,False,True,True,True,False,True
HST F814W,F814W_075_6991308,150.55230486893822,2.327551052350417,-0.8577892184257507,0.1281842589378357,47.69084548950195,075,True,False,True,False,True,True,True,False,True
HST F814W,F814W_029_1181133,150.19590676503577,1.7669210067622687,-0.9704541563987732,0.1712871640920639,47.68661117553711,029,True,False,True,False,True,True,True,False,True
HST F814W,F814W_063_5345750,150.52624424273418,2.255924400037901,-1.1749578714370728,0.1275479793548584,47.67550277709961,063,True,False,True,False,True,True,True,False,True
HST F814W,F814W_077_7242068,150.1401963195346,2.406083608771163,-0.7979080677032471,0.12657789885997772,47.67231369018555,077,True,False,True,False,True,True,True,False,True
HST F814W,F814W_067_6094224,149.79573152640472,2.184743891017047,-1.1875636577606201,0.13316664099693298,47.671939849853516,067,True,False,True,False,True,True,True,False,True
HST F814W,F814W_078_7437119,150.04060560109215,2.3986041488901906,-1.251353144645691,0.1340087205171585,47.6634635925293,078,True,False,True,False,True,True,True,False,True
HST F814W,F814W_089_8564524,150.19876587207773,2.5883493579960324,-1.0162934064865112,0.13867156207561493,47.615821838378906,089,True,False,True,False,True,True,True,False,True
HST F814W,F814W_042_2806937,149.9834243604174,1.8888374203986689,-1.2014775276184082,0.13803918659687042,47.57570266723633,042,True,False,True,False,True,True,True,False,True
HST F814W,F814W_043_2941445,149.81797572740112,1.938414668537365,-1.139675259590149,0.12666931748390198,47.517822265625,043,True,False,True,False,True,True,True,False,True
HST F814W,F814W_052_3872337,150.3610773136513,1.9880345986817463,-1.193697214126587,0.12932178378105164,47.51721954345703,052,True,False,True,False,True,True,True,False,True
HST F814W,F814W_028_0930192,150.33904460149404,1.7494560434475552,-1.157193660736084,0.13738404214382172,47.4881477355957,028,True,False,True,False,True,True,True,False,True
HST F814W,F814W_063_5303164,150.50483602598052,2.1830984772052124,-1.1253520250320435,0.12700168788433075,47.47130584716797,063,True,False,True,False,True,True,True,False,True
HST F814W,F814W_063_5366250,150.4319556316328,2.2910272896572654,-1.0258691310882568,0.1269368827342987,47.44708251953125,063,True,False,True,False,True,True,True,False,True
HST F814W,F814W_040_2414174,150.37124703330718,1.8490136265502348,-1.0969282388687134,0.12281247228384018,47.44404602050781,040,True,False,True,False,True,True,True,False,True
HST F814W,F814W_042_2706145,150.02534864578985,1.8275793714478046,-1.2366760969161987,0.1376170665025711,47.43021774291992,042,True,False,True,False,True,True,True,False,True
HST F814W,F814W_078_7458115,149.9976043470734,2.4422260933050217,-1.147979736328125,0.13318224251270294,47.3695068359375,078,True,False,True,False,True,True,True,False,True
HST F814W,F814W_042_2757717,150.03937764365145,1.858904328776192,-1.2472383975982666,0.13736864924430847,47.344600677490234,042,True,False,True,False,True,True,True,False,True
HST F814W,F814W_063_5330497,150.53246440082702,2.2281035921755263,-0.8364793658256531,0.1265917718410492,47.318084716796875,063,True,False,True,False,True,True,True,False,True
HST F814W,F814W_079_7569643,149.84019978416293,2.4598125220211813,-0.7597920298576355,0.1299642026424408,47.315513610839844,079,True,False,True,False,True,True,True,False,True
HST F814W,F814W_064_5524421,150.30688473563805,2.2431404867873437,-0.8233946561813354,0.1290942281484604,47.2970085144043,064,True,False,True,False,True,True,True,False,True
HST F814W,F814W_052_4067071,150.3251597355535,2.0977521777264587,-1.1918033361434937,0.12871655821800232,47.29484176635742,052,True,False,True,False,True,True,True,False,True
HST F814W,F814W_042_2706420,150.02478275694926,1.8280043037869145,-1.2295122146606445,0.13720080256462097,47.28675079345703,042,True,False,True,False,True,True,True,False,True
HST F814W,F814W_090_8699115,149.9986528273483,2.5979270950181474,-0.9991247057914734,0.13030433654785156,47.2839469909668,090,True,False,True,False,True,True,True,False,True
HST F814W,F814W_076_7078543,150.33335788336947,2.316353900406909,-0.8906139135360718,0.12432916462421417,47.27311325073242,076,True,False,True,False,True,True,True,False,True
HST F814W,F814W_040_2382102,150.366082427571,1.7937542861552207,-0.6285962462425232,0.12234664708375931,47.26409149169922,040,True,False,True,False,True,True,True,False,True
HST F814W,F814W_053_4307298,150.2010549588714,2.1262329613063287,-1.2280597686767578,0.13633298873901367,47.261783599853516,053,True,False,True,False,True,True,True,False,True
HST F814W,F814W_063_5321550,150.46978516642994,2.2105381534517905,-1.1538760662078857,0.12642702460289001,47.25650405883789,063,True,False,True,False,True,True,True,False,True
HST F814W,F814W_075_7031530,150.55908452245313,2.403427095037952,-1.1397613286972046,0.1269303858280182,47.224342346191406,075,True,False,True,False,True,True,True,False,True
HST F814W,F814W_040_2382283,150.33872488788958,1.794030866842864,-1.0517510175704956,0.12219343334436417,47.20490264892578,040,True,False,True,False,True,True,True,False,True
HST F814W,F814W_056_4704105,149.68658005705157,2.047333859297368,-1.257386326789856,0.13647893071174622,47.1992073059082,056,True,False,True,False,True,True,True,False,True
HST F814W,F814W_051_3692637,150.42557145400264,2.0328652314343225,-0.8591729402542114,0.132050558924675,47.19523239135742,051,True,False,True,False,True,True,True,False,True
HST F814W,F814W_079_7467597,149.77539999174883,2.2923324340071627,-0.819337010383606,0.12960131466388702,47.18339920043945,079,True,False,True,False,True,True,True,False,True
HST F814W,F814W_063_5362663,150.55508750209663,2.2876261204677446,-1.0593373775482178,0.12622550129890442,47.18117904663086,063,True,False,True,False,True,True,True,False,True
HST F814W,F814W_040_2410270,150.3277750560102,1.8427160652954375,-0.7794928550720215,0.12207861989736557,47.16054916381836,040,True,False,True,False,True,True,True,False,True
HST F814W,F814W_029_1173816,150.21060828444138,1.7619703856452347,-0.9184622764587402,0.16936618089675903,47.15180969238281,029,True,False,True,False,True,True,True,False,True
HST F814W,F814W_066_6026168,149.90549811484797,2.2659814893978543,-1.1913092136383057,0.14362472295761108,47.14249801635742,066,True,False,True,False,True,True,True,False,True
HST F814W,F814W_041_2610919,150.07468373396003,1.9154077719556766,-1.1686159372329712,0.12545274198055267,47.1064453125,041,True,False,True,False,True,True,True,False,True
HST F814W,F814W_079_7509519,149.8803374560589,2.381870001066714,-0.7188354730606079,0.12938031554222107,47.10293960571289,079,True,False,True,False,True,True,True,False,True
HST F814W,F814W_088_8289902,150.30726780042107,2.553450299632218,-0.6938981413841248,0.13210485875606537,47.09903335571289,088,True,False,True,False,True,True,True,False,True
HST F814W,F814W_067_6085709,149.85598539208536,2.1638478542246133,-1.0322291851043701,0.13155008852481842,47.09323501586914,067,True,False,True,False,True,True,True,False,True
HST F814W,F814W_039_2373893,150.42093252154916,1.945418845602916,-0.9717972278594971,0.1327325403690338,47.009342193603516,039,True,False,True,False,True,True,True,False,True
HST F814W,F814W_054_4347882,150.0569461600249,2.00013629034699,0.5047116279602051,0.12582005560398102,46.998043060302734,054,True,False,True,False,True,True,True,False,True
HST F814W,F814W_074_6941465,150.61005770678779,2.4431154153890677,-1.3062708377838135,0.1485057920217514,46.990779876708984,074,True,False,True,False,True,True,True,False,True
HST F814W,F814W_042_2706593,150.02501346652542,1.8282251839739967,-1.2139945030212402,0.136265367269516,46.96434783935547,042,True,False,True,False,True,True,True,False,True
HST F814W,F814W_040_2386049,150.34305084212608,1.8010594463974685,0.4220200181007385,0.12155371904373169,46.9577751159668,040,True,False,True,False,True,True,True,False,True
HST F814W,F814W_074_6820056,150.5823762984752,2.3784358603352502,-0.2103191614151001,0.14836770296096802,46.947086334228516,074,True,False,True,False,True,True,True,False,True
HST F814W,F814W_067_6086897,149.7463262373075,2.166982112338647,-0.7884360551834106,0.13106508553028107,46.91960906982422,067,True,False,True,False,True,True,True,False,True
HST F814W,F814W_043_2928139,149.85615563520994,1.9169183912713974,-1.1320879459381104,0.12500566244125366,46.89373016357422,043,True,False,True,False,True,True,True,False,True
HST F814W,F814W_087_8138880,150.41947798571647,2.485774256071842,-1.1117498874664307,0.1251250058412552,46.88837432861328,087,True,False,True,False,True,True,True,False,True
HST F814W,F814W_090_8709948,150.03259109837697,2.6130607142879025,-1.1737467050552368,0.12917250394821167,46.87323760986328,090,True,False,True,False,True,True,True,False,True
HST F814W,F814W_067_6210586,149.81390019729196,2.263290842412747,-1.1613339185714722,0.1308203935623169,46.83201217651367,067,True,False,True,False,True,True,True,False,True
HST F814W,F814W_040_2392778,150.36923039560395,1.8145018368924064,-0.7938345670700073,0.12120756506919861,46.82405090332031,040,True,False,True,False,True,True,True,False,True
HST F814W,F814W_065_5610901,150.13732666905108,2.140149614333298,-1.4025330543518066,0.17195653915405273,46.813175201416016,065,True,False,True,False,True,True,True,False,True
HST F814W,F814W_091_8774575,149.8706181168131,2.5542035830607555,-0.7863349914550781,0.1312592476606369,46.81207275390625,091,True,False,True,False,True,True,True,False,True
HST F814W,F814W_063_5313040,150.4686480425719,2.199267078800934,-1.0298206806182861,0.1251802146434784,46.79046630859375,063,True,False,True,False,True,True,True,False,True
HST F814W,F814W_076_7144387,150.26860962622132,2.4223503785563336,-1.0684916973114014,0.12305209785699844,46.78753662109375,076,True,False,True,False,True,True,True,False,True
HST F814W,F814W_076_7143676,150.26587877826717,2.4218164473144776,-1.1412965059280396,0.1230398416519165,46.78287887573242,076,True,False,True,False,True,True,True,False,True
HST F814W,F814W_074_6933436,150.58008814605353,2.439330828812949,-0.7064393162727356,0.14781920611858368,46.773529052734375,074,True,False,True,False,True,True,True,False,True
HST F814W,F814W_054_4416456,150.04292717596584,2.1024385808163735,-1.1119718551635742,0.1252145618200302,46.77186965942383,054,True,False,True,False,True,True,True,False,True
HST F814W,F814W_078_7363215,150.0020575910999,2.3322315472754904,-0.92951500415802,0.13136179745197296,46.722023010253906,078,True,False,True,False,True,True,True,False,True
HST F814W,F814W_089_8506057,150.18054227011677,2.563302744600283,-1.2526835203170776,0.13602377474308014,46.70664596557617,089,True,False,True,False,True,True,True,False,True
HST F814W,F814W_054_4352241,150.0408598308579,2.003680168266853,-1.1596183776855469,0.12503892183303833,46.706260681152344,054,True,False,True,False,True,True,True,False,True
HST F814W,F814W_051_3684212,150.41116029304777,2.0149223581543123,0.18065758049488068,0.13063988089561462,46.6910514831543,051,True,False,True,False,True,True,True,False,True
HST F814W,F814W_079_7481617,149.8803542334514,2.323807575856471,-1.1951274871826172,0.1282290369272232,46.683799743652344,079,True,False,True,False,True,True,True,False,True
HST F814W,F814W_064_5588007,150.30296303294205,2.274369511774939,-1.1145685911178589,0.12740477919578552,46.678035736083984,064,True,False,True,False,True,True,True,False,True
HST F814W,F814W_051_3804062,150.48874722327665,2.0979740474405526,-1.1576335430145264,0.1305602788925171,46.662601470947266,051,True,False,True,False,True,True,True,False,True
HST F814W,F814W_066_5798077,149.99042334990762,2.149238355854952,-1.2552978992462158,0.1421365588903427,46.654029846191406,066,True,False,True,False,True,True,True,False,True
HST F814W,F814W_065_5726425,150.1334087979797,2.2413772290194363,-1.2835783958435059,0.17133702337741852,46.6445198059082,065,True,False,True,False,True,True,True,False,True
HST F814W,F814W_063_5286399,150.4987821321979,2.1494605348852023,-1.1712250709533691,0.12476656585931778,46.6358528137207,063,True,False,True,False,True,True,True,False,True
HST F814W,F814W_087_8130948,150.45609299613542,2.469151861963563,-0.7127878665924072,0.1244300976395607,46.627967834472656,087,True,False,True,False,True,True,True,False,True
HST F814W,F814W_075_7002930,150.55880232981548,2.349553392153747,-0.8100804686546326,0.125313401222229,46.62274169921875,075,True,False,True,False,True,True,True,False,True
HST F814W,F814W_075_7047017,150.4162962600635,2.429996496659237,-1.1724358797073364,0.12530380487442017,46.61917495727539,075,True,False,True,False,True,True,True,False,True
HST F814W,F814W_091_8752068,149.86237072576367,2.516319579610789,-1.1973387002944946,0.13059395551681519,46.57480239868164,091,True,False,True,False,True,True,True,False,True
HST F814W,F814W_043_2931529,149.77240281721004,1.9214506230508128,-1.0111076831817627,0.12415502220392227,46.57462692260742,043,True,False,True,False,True,True,True,False,True
HST F814W,F814W_075_7010433,150.56054650013922,2.3645876647396427,-0.5797484517097473,0.12512756884098053,46.55360412597656,075,True,False,True,False,True,True,True,False,True
HST F814W,F814W_090_8623705,150.043357046998,2.478633199372707,-0.9584410190582275,0.12829060852527618,46.55322265625,090,True,False,True,False,True,True,True,False,True
HST F814W,F814W_041_2506938,150.16013631380793,1.7920385215298065,-1.1144930124282837,0.12397762387990952,46.55255126953125,041,True,False,True,False,True,True,True,False,True
HST F814W,F814W_029_1189333,150.1728397471408,1.77226173115309,-1.3146259784698486,0.16704292595386505,46.505008697509766,029,True,False,True,False,True,True,True,False,True
HST F814W,F814W_041_2548669,150.0646251727786,1.816682329115962,-0.9455833435058594,0.12383563816547394,46.499237060546875,041,True,False,True,False,True,True,True,False,True
HST F814W,F814W_089_8485120,150.21623526960883,2.5490764850780816,-1.2385963201522827,0.1354154497385025,46.497764587402344,089,True,False,True,False,True,True,True,False,True
HST F814W,F814W_056_4708501,149.72410298725762,2.0504636943883283,-0.950063943862915,0.13444462418556213,46.49567413330078,056,True,False,True,False,True,True,True,False,True
HST F814W,F814W_063_5333215,150.53786041838916,2.2326906389509165,-1.0949819087982178,0.12439022958278656,46.495182037353516,063,True,False,True,False,True,True,True,False,True
HST F814W,F814W_074_6908368,150.576385422668,2.4265118875005647,-0.8379649519920349,0.14692765474319458,46.49142074584961,074,True,False,True,False,True,True,True,False,True
HST F814W,F814W_063_5348650,150.4981328024494,2.262291104300154,-0.7075560688972473,0.12427517771720886,46.452178955078125,063,True,False,True,False,True,True,True,False,True
HST F814W,F814W_067_6094949,149.84783967984822,2.1857522084501118,-1.2113488912582397,0.129657581448555,46.415740966796875,067,True,False,True,False,True,True,True,False,True
HST F814W,F814W_066_5825487,149.91493738143103,2.1581965984120752,-1.2908822298049927,0.1413678675889969,46.4017219543457,066,True,False,True,False,True,True,True,False,True
HST F814W,F814W_089_8471784,150.09627268981941,2.520081475498888,-0.9023070335388184,0.13510283827781677,46.39042282104492,089,True,False,True,False,True,True,True,False,True
HST F814W,F814W_063_5296889,150.51372875987107,2.1722344513633964,-0.6475942134857178,0.12396973371505737,46.338008880615234,063,True,False,True,False,True,True,True,False,True
HST F814W,F814W_055_4431432,149.7842809355411,1.9575899613776446,-0.5843813419342041,0.12716886401176453,46.32563018798828,055,True,False,True,False,True,True,True,False,True
HST F814W,F814W_078_7336944,149.90376163184115,2.3191709655217876,-0.8521991968154907,0.13023273646831512,46.32044219970703,078,True,False,True,False,True,True,True,False,True
HST F814W,F814W_055_4615424,149.76305507171213,2.122571853774882,-1.1410523653030396,0.1271308958530426,46.311798095703125,055,True,False,True,False,True,True,True,False,True
HST F814W,F814W_039_2311097,150.40160492887694,1.8760440926937443,-1.0445473194122314,0.13064970076084137,46.271671295166016,039,True,False,True,False,True,True,True,False,True
HST F814W,F814W_029_1189326,150.17275217466286,1.7722465491326191,-1.4120559692382812,0.1661638617515564,46.260276794433594,029,True,False,True,False,True,True,True,False,True
HST F814W,F814W_041_2604547,150.08274690586035,1.9068260006181204,-0.47525840997695923,0.12309381365776062,46.22068786621094,041,True,False,True,False,True,True,True,False,True
HST F814W,F814W_040_2390195,150.30036737521814,1.8097864634855447,-0.4216521978378296,0.11960010230541229,46.203067779541016,040,True,False,True,False,True,True,True,False,True
HST F814W,F814W_042_2706602,150.02508498590848,1.8282202968697523,-1.2289280891418457,0.13404971361160278,46.200714111328125,042,True,False,True,False,True,True,True,False,True
HST F814W,F814W_028_0877940,150.33396873383109,1.7321108130920349,-1.114609718322754,0.13364563882350922,46.19593048095703,028,True,False,True,False,True,True,True,False,True
HST F814W,F814W_052_3868215,150.24274093774432,1.9786025031393837,-1.116141438484192,0.12568825483322144,46.1821403503418,052,True,False,True,False,True,True,True,False,True
HST F814W,F814W_042_2702789,150.05197348963114,1.8197541004810567,-1.0031522512435913,0.13399174809455872,46.18073654174805,042,True,False,True,False,True,True,True,False,True
HST F814W,F814W_067_6097615,149.8254834446134,2.190613571039811,-1.1824342012405396,0.12898516654968262,46.175025939941406,067,True,False,True,False,True,True,True,False,True
HST F814W,F814W_053_4306729,150.20110230471425,2.1260352704685137,-1.1835194826126099,0.13319702446460724,46.174659729003906,053,True,False,True,False,True,True,True,False,True
HST F814W,F814W_063_5360966,150.53519636999738,2.285060420306512,-1.148939609527588,0.12347579747438431,46.15338134765625,063,True,False,True,False,True,True,True,False,True
HST F814W,F814W_064_5378285,150.35209091292924,2.1449738294087646,-0.933837354183197,0.12592357397079468,46.13535690307617,064,True,False,True,False,True,True,True,False,True
HST F814W,F814W_090_8709707,150.03278115888,2.6128057436409575,-1.1544462442398071,0.1271199882030487,46.12843322753906,090,True,False,True,False,True,True,True,False,True
HST F814W,F814W_042_2702769,150.05190457421722,1.8197076625289215,-0.9437927007675171,0.13380904495716095,46.117767333984375,042,True,False,True,False,True,True,True,False,True
HST F814W,F814W_051_3701580,150.4001989802088,2.056973765797752,-1.1542893648147583,0.1290094554424286,46.108333587646484,051,True,False,True,False,True,True,True,False,True
HST F814W,F814W_075_7032118,150.55966344709395,2.4040447360871258,-1.1504758596420288,0.12385190278291702,46.07899475097656,075,True,False,True,False,True,True,True,False,True
HST F814W,F814W_028_0901953,150.27589758505195,1.7400887296330914,-1.190356969833374,0.13324472308158875,46.057350158691406,028,True,False,True,False,True,True,True,False,True
HST F814W,F814W_040_2477087,150.23944329764532,1.9291600190480616,-1.0655615329742432,0.11914148926734924,46.02589797973633,040,True,False,True,False,True,True,True,False,True
HST F814W,F814W_075_7031728,150.559233386744,2.403657351210238,-1.155927062034607,0.12369529157876968,46.02072525024414,075,True,False,True,False,True,True,True,False,True
HST F814W,F814W_077_7257391,150.07064055255523,2.431818234648193,-1.118637204170227,0.12214760482311249,46.00375747680664,077,True,False,True,False,True,True,True,False,True
HST F814W,F814W_051_3693134,150.42817278693053,2.0341253873705574,-0.9653521180152893,0.12866419553756714,45.98493576049805,051,True,False,True,False,True,True,True,False,True
HST F814W,F814W_052_4039480,150.3636429685684,2.0745244232857147,-1.0514949560165405,0.1250898391008377,45.96226119995117,052,True,False,True,False,True,True,True,False,True
HST F814W,F814W_089_8471398,150.18788276176312,2.5187531989588288,-1.1676721572875977,0.13383635878562927,45.95555114746094,089,True,False,True,False,True,True,True,False,True
HST F814W,F814W_077_7226055,150.06766325172148,2.381535501400009,-0.7121524214744568,0.12199684232473373,45.94697952270508,077,True,False,True,False,True,True,True,False,True
HST F814W,F814W_043_2949651,149.79287381467904,1.9562093661598696,-0.2804635763168335,0.1224774718284607,45.9453239440918,043,True,False,True,False,True,True,True,False,True
HST F814W,F814W_054_4373071,150.0125040862246,2.0323748710737224,-0.74802166223526,0.12299038469791412,45.941062927246094,054,True,False,True,False,True,True,True,False,True
HST F814W,F814W_028_0985787,150.2807267927457,1.7661805740068521,-0.9081412553787231,0.13289417326450348,45.936180114746094,028,True,False,True,False,True,True,True,False,True
HST F814W,F814W_077_7257919,150.07230388088234,2.432506087659273,-1.1328063011169434,0.1219605877995491,45.93332290649414,077,True,False,True,False,True,True,True,False,True
HST F814W,F814W_067_6087323,149.76891560283502,2.1680544607634236,-1.1568324565887451,0.12827958166599274,45.92243576049805,067,True,False,True,False,True,True,True,False,True
HST F814W,F814W_079_7567944,149.85455106397328,2.4576039875419173,-1.0784273147583008,0.126105397939682,45.9106559753418,079,True,False,True,False,True,True,True,False,True
HST F814W,F814W_066_5794203,149.957702166817,2.147104482195365,-1.0564543008804321,0.13983887434005737,45.89985275268555,066,True,False,True,False,True,True,True,False,True
HST F814W,F814W_053_4165766,150.0823414867332,1.9922164077108193,0.1770070493221283,0.1323990374803543,45.89802551269531,053,True,False,True,False,True,True,True,False,True
HST F814W,F814W_043_2938523,149.8919461351526,1.9329449038264799,-0.25729408860206604,0.12234886735677719,45.89707946777344,043,True,False,True,False,True,True,True,False,True
HST F814W,F814W_063_5348481,150.53821477470086,2.2619087860172695,-0.9228119850158691,0.1227419301867485,45.87907409667969,063,True,False,True,False,True,True,True,False,True
HST F814W,F814W_051_3700612,150.3999260542457,2.0554129872571245,-1.0951449871063232,0.12835615873336792,45.87484359741211,051,True,False,True,False,True,True,True,False,True
HST F814W,F814W_051_3699771,150.40768812142332,2.0534216153913896,-1.0597373247146606,0.12827123701572418,45.84449005126953,051,True,False,True,False,True,True,True,False,True
HST F814W,F814W_052_3867927,150.36997740432193,1.9780959470051733,-0.7898303270339966,0.12463689595460892,45.795833587646484,052,True,False,True,False,True,True,True,False,True
HST F814W,F814W_063_5287172,150.50517289130136,2.1510766413027853,-0.8044425249099731,0.12251565605401993,45.79449462890625,063,True,False,True,False,True,True,True,False,True
HST F814W,F814W_077_7216106,150.14696090325984,2.3620044906645985,-1.0125178098678589,0.1215587705373764,45.78199005126953,077,True,False,True,False,True,True,True,False,True
HST F814W,F814W_079_7481598,149.880107786049,2.323769593724319,-1.0526211261749268,0.1257013976573944,45.763572692871094,079,True,False,True,False,True,True,True,False,True
HST F814W,F814W_054_4321798,149.9679638630216,1.9723380620575217,-0.7795659303665161,0.12240713089704514,45.72319793701172,054,True,False,True,False,True,True,True,False,True
HST F814W,F814W_054_4428424,150.02534955580896,2.122750114145499,0.19516600668430328,0.12235677242279053,45.70438766479492,054,True,False,True,False,True,True,True,False,True
HST F814W,F814W_029_1184448,150.1798908344997,1.7689927276979405,-1.4519808292388916,0.164162278175354,45.703033447265625,029,True,False,True,False,True,True,True,False,True
HST F814W,F814W_052_3877965,150.33095729855538,1.99918803564894,-0.697528064250946,0.12434547394514084,45.68875503540039,052,True,False,True,False,True,True,True,False,True
HST F814W,F814W_055_4455816,149.7529210605897,2.0141845305862134,-1.0909453630447388,0.1253717988729477,45.67098617553711,055,True,False,True,False,True,True,True,False,True
HST F814W,F814W_041_2502720,150.13169083543605,1.7912694889159677,-0.6022453904151917,0.1215909868478775,45.65638732910156,041,True,False,True,False,True,True,True,False,True
HST F814W,F814W_043_2931464,149.77234054903136,1.9213651404663656,-0.8432744741439819,0.12163073569536209,45.627685546875,043,True,False,True,False,True,True,True,False,True
HST F814W,F814W_066_5792688,149.98038708646044,2.1460653483968466,-1.198140263557434,0.13898169994354248,45.618499755859375,066,True,False,True,False,True,True,True,False,True
HST F814W,F814W_091_8752310,149.86376857831178,2.516586608327247,-1.1554467678070068,0.12790001928806305,45.614044189453125,091,True,False,True,False,True,True,True,False,True
HST F814W,F814W_079_7503719,149.82361289435264,2.369305752173096,-1.1548120975494385,0.12526825070381165,45.60587692260742,079,True,False,True,False,True,True,True,False,True
HST F814W,F814W_077_7281995,150.22591690867046,2.456438975751364,-1.1318714618682861,0.12106077373027802,45.59443283081055,077,True,False,True,False,True,True,True,False,True
HST F814W,F814W_066_5961873,149.92036129801838,2.228931693104863,-1.1599773168563843,0.1388796865940094,45.58501434326172,066,True,False,True,False,True,True,True,False,True
HST F814W,F814W_063_5321515,150.46983496473587,2.2105001947415883,-1.07217538356781,0.12194151431322098,45.579891204833984,063,True,False,True,False,True,True,True,False,True
HST F814W,F814W_044_3157129,149.70163024973363,1.948739812504508,-0.862368643283844,0.1311849057674408,45.569820404052734,044,True,False,True,False,True,True,True,False,True
HST F814W,F814W_102_10336861,150.00631945580557,2.6504187986214056,0.1810484528541565,0.12956631183624268,45.546146392822266,102,True,False,True,False,True,True,True,False,True
HST F814W,F814W_055_4551479,149.7343882835076,2.1042983885191737,-0.8522356152534485,0.12499076128005981,45.53218078613281,055,True,False,True,False,True,True,True,False,True
HST F814W,F814W_063_5322086,150.5261988920982,2.211475199075141,-0.37245360016822815,0.12180919945240021,45.530433654785156,063,True,False,True,False,True,True,True,False,True
HST F814W,F814W_090_8616791,149.91506476115893,2.466367085495265,-0.7491861581802368,0.12541081011295319,45.50822067260742,090,True,False,True,False,True,True,True,False,True
HST F814W,F814W_043_2939192,149.72534622478346,1.934164200539791,-0.8378221988677979,0.1212698221206665,45.49229431152344,043,True,False,True,False,True,True,True,False,True
HST F814W,F814W_042_2808800,150.01777283845263,1.8941669918425328,-0.9304493069648743,0.1319495588541031,45.476890563964844,042,True,False,True,False,True,True,True,False,True
HST F814W,F814W_039_2373634,150.41973727202773,1.9448107481061978,-1.146567940711975,0.1283550262451172,45.45897674560547,039,True,False,True,False,True,True,True,False,True
HST F814W,F814W_074_6941623,150.6103525084412,2.4431966828974643,-1.3139867782592773,0.1436212807893753,45.44520568847656,074,True,False,True,False,True,True,True,False,True
HST F814W,F814W_052_3872296,150.36108365821937,1.987968671114287,-1.156584620475769,0.12367668747901917,45.44301986694336,052,True,False,True,False,True,True,True,False,True
HST F814W,F814W_064_5478331,150.2986925580969,2.2294031851349168,-1.0953530073165894,0.12401877343654633,45.43748474121094,064,True,False,True,False,True,True,True,False,True
HST F814W,F814W_090_8682791,149.92559961409705,2.5744178805140576,-0.8450442552566528,0.12517836689949036,45.42387008666992,090,True,False,True,False,True,True,True,False,True
HST F814W,F814W_063_5328068,150.50035473853617,2.2233601642638328,-0.7509625554084778,0.12145406752824783,45.39768981933594,063,True,False,True,False,True,True,True,False,True
HST F814W,F814W_055_4456000,149.8006841084459,2.014591682853416,-1.1081374883651733,0.12461920827627182,45.396827697753906,055,True,False,True,False,True,True,True,False,True
HST F814W,F814W_077_7216548,150.16945552625856,2.3626517328528736,-0.5572526454925537,0.12046710401773453,45.37084197998047,077,True,False,True,False,True,True,True,False,True
HST F814W,F814W_065_5629958,150.11268309467465,2.1605099825042378,-0.11667092144489288,0.166636124253273,45.36475372314453,065,True,False,True,False,True,True,True,False,True
HST F814W,F814W_075_7023201,150.5601236042193,2.3901298751909654,-0.8860650062561035,0.1218358725309372,45.32893371582031,075,True,False,True,False,True,True,True,False,True
HST F814W,F814W_075_7031160,150.4313027715078,2.4030034618223173,-1.1293636560440063,0.1218278557062149,45.325950622558594,075,True,False,True,False,True,True,True,False,True
HST F814W,F814W_063_5317575,150.5094939024785,2.2055332710918116,-0.8780854344367981,0.12123550474643707,45.31599426269531,063,True,False,True,False,True,True,True,False,True
HST F814W,F814W_089_8575347,150.2000050830749,2.593165121334895,-1.0503970384597778,0.13197241723537445,45.315528869628906,089,True,False,True,False,True,True,True,False,True
HST F814W,F814W_051_3700634,150.39979691490078,2.05546128400055,-1.1697514057159424,0.1267804354429245,45.311676025390625,051,True,False,True,False,True,True,True,False,True
HST F814W,F814W_078_7437162,150.04059908450478,2.398654310647869,-1.1664142608642578,0.1271948367357254,45.23994064331055,078,True,False,True,False,True,True,True,False,True
HST F814W,F814W_054_4408269,150.0052261380161,2.0868801971233517,-0.7836527228355408,0.1210954338312149,45.23323440551758,054,True,False,True,False,True,True,True,False,True
HST F814W,F814W_066_5992369,150.03095875038844,2.2465056290670433,-1.0337440967559814,0.13778653740882874,45.2262077331543,066,True,False,True,False,True,True,True,False,True
HST F814W,F814W_078_7436062,150.04190690478214,2.3976125498494993,-1.1879338026046753,0.12710824608802795,45.20914077758789,078,True,False,True,False,True,True,True,False,True
HST F814W,F814W_078_7299418,150.0087099102849,2.2915480251229123,-1.0547378063201904,0.12701112031936646,45.174598693847656,078,True,False,True,False,True,True,True,False,True
HST F814W,F814W_063_5357141,150.53498822195652,2.278462411456894,-0.4607158303260803,0.12075315415859222,45.13570022583008,063,True,False,True,False,True,True,True,False,True
HST F814W,F814W_051_3804295,150.48854543113723,2.098049646962345,-1.1469522714614868,0.12625844776630402,45.12511444091797,051,True,False,True,False,True,True,True,False,True
HST F814W,F814W_052_3888026,150.35806063789695,2.0204916126976737,-1.1307226419448853,0.12277865409851074,45.11305236816406,052,True,False,True,False,True,True,True,False,True
HST F814W,F814W_063_5300075,150.40984656242497,2.17836316871586,0.4623644948005676,0.1206563264131546,45.09950637817383,063,True,False,True,False,True,True,True,False,True
HST F814W,F814W_053_4285672,150.22298169345143,2.1004338257818214,-1.047688603401184,0.13003121316432953,45.07718276977539,053,True,False,True,False,True,True,True,False,True
HST F814W,F814W_053_4275709,150.2215008281356,2.0696137202905205,-0.7376288175582886,0.1299891471862793,45.06260299682617,053,True,False,True,False,True,True,True,False,True
HST F814W,F814W_063_5321411,150.46951738228174,2.210363578493992,-1.1267203092575073,0.12051195651292801,45.0455436706543,063,True,False,True,False,True,True,True,False,True
HST F814W,F814W_077_7193875,150.21712012766116,2.330555820173168,-1.1048552989959717,0.11941821128129959,44.97580337524414,077,True,False,True,False,True,True,True,False,True
HST F814W,F814W_063_5323637,150.5177365121948,2.2141126415341934,-1.0894365310668945,0.12027031183242798,44.95521926879883,063,True,False,True,False,True,True,True,False,True
HST F814W,F814W_043_2950778,149.78375743509528,1.9583906474330508,-1.1143075227737427,0.1196877583861351,44.89881134033203,043,True,False,True,False,True,True,True,False,True
HST F814W,F814W_043_2942832,149.76440099410866,1.9395987118735987,-1.0546625852584839,0.11964983493089676,44.88458251953125,043,True,False,True,False,True,True,True,False,True
HST F814W,F814W_064_5504658,150.3647798979174,2.237354468222956,-1.0709052085876465,0.12247352302074432,44.871341705322266,064,True,False,True,False,True,True,True,False,True
HST F814W,F814W_051_3819512,150.4839258072215,2.102792683310705,-0.9290259480476379,0.1255262941122055,44.863441467285156,051,True,False,True,False,True,True,True,False,True
HST F814W,F814W_039_2352566,150.40366755547555,1.8952298792639108,-0.6041353940963745,0.1265614926815033,44.823768615722656,039,True,False,True,False,True,True,True,False,True
HST F814W,F814W_042_2757035,150.03847007398792,1.8585791096991615,-1.2041887044906616,0.12999552488327026,44.80342483520508,042,True,False,True,False,True,True,True,False,True
HST F814W,F814W_074_6894114,150.5889810411466,2.418756554600438,-1.2722718715667725,0.14154185354709625,44.78722381591797,074,True,False,True,False,True,True,True,False,True
HST F814W,F814W_041_2534979,150.0815557840032,1.804852422868049,-0.404075562953949,0.11924425512552261,44.775211334228516,041,True,False,True,False,True,True,True,False,True
HST F814W,F814W_054_4350519,150.04182480752968,2.002458898288949,-1.0954890251159668,0.11975731700658798,44.733402252197266,054,True,False,True,False,True,True,True,False,True
HST F814W,F814W_054_4329982,149.97987574382833,1.9824399392437055,-1.053911566734314,0.11975487321615219,44.73249053955078,054,True,False,True,False,True,True,True,False,True
HST F814W,F814W_063_5319581,150.5277041344651,2.208580277597576,-0.7778710722923279,0.11967074871063232,44.73111343383789,063,True,False,True,False,True,True,True,False,True
HST F814W,F814W_065_5764172,150.20507881693632,2.2714785553567007,-1.0569486618041992,0.16416777670383453,44.69277572631836,065,True,False,True,False,True,True,True,False,True
HST F814W,F814W_056_4738944,149.72450300810948,2.088126253903812,-1.1225541830062866,0.12906691431999207,44.63587188720703,056,True,False,True,False,True,True,True,False,True
HST F814W,F814W_077_7218658,150.11844216669002,2.3661067135696663,0.3807365596294403,0.11841380596160889,44.59751892089844,077,True,False,True,False,True,True,True,False,True
HST F814W,F814W_052_3963780,150.28410898628803,2.052856491706319,-1.0028119087219238,0.12137200683355331,44.5962028503418,052,True,False,True,False,True,True,True,False,True
HST F814W,F814W_041_2570844,150.1893179574846,1.8541281063465047,0.6253871917724609,0.11869886517524719,44.57041931152344,041,True,False,True,False,True,True,True,False,True
HST F814W,F814W_040_2477179,150.23934225766172,1.9292633115452738,-1.0798070430755615,0.11536191403865814,44.565799713134766,040,True,False,True,False,True,True,True,False,True
HST F814W,F814W_039_2369746,150.41656236223218,1.9336947892453533,-0.3186458349227905,0.12582741677761078,44.56378173828125,039,True,False,True,False,True,True,True,False,True
HST F814W,F814W_090_8682818,149.9257090913972,2.5744543290304756,-0.9808001518249512,0.12280306965112686,44.56193923950195,090,True,False,True,False,True,True,True,False,True
HST F814W,F814W_043_2941852,149.81843347553382,1.938780865983724,-1.101738691329956,0.11873982101678848,44.543209075927734,043,True,False,True,False,True,True,True,False,True
HST F814W,F814W_042_2734247,149.96761920877688,1.845923957715734,-0.9948775768280029,0.12924015522003174,44.54308319091797,042,True,False,True,False,True,True,True,False,True
HST F814W,F814W_074_6887744,150.58948291853963,2.4152256827569913,-0.40415987372398376,0.14072994887828827,44.53031921386719,074,True,False,True,False,True,True,True,False,True
HST F814W,F814W_042_2706601,150.02528242073055,1.8282180568192234,-1.157846212387085,0.12910966575145721,44.498111724853516,042,True,False,True,False,True,True,True,False,True
HST F814W,F814W_063_5286438,150.4994719521454,2.149499958801935,-1.099953532218933,0.11901436746120453,44.48576736450195,063,True,False,True,False,True,True,True,False,True
HST F814W,F814W_089_8449671,150.1857837090928,2.4944123370541877,-1.1001713275909424,0.1294645369052887,44.45439147949219,089,True,False,True,False,True,True,True,False,True
HST F814W,F814W_028_0930132,150.33920080364157,1.749432035698989,-1.0071128606796265,0.12847022712230682,44.40699768066406,028,True,False,True,False,True,True,True,False,True
HST F814W,F814W_074_6932379,150.6074709556652,2.438782254752218,-1.1657600402832031,0.1403273195028305,44.402915954589844,074,True,False,True,False,True,True,True,False,True
HST F814W,F814W_041_2506230,150.15821228265898,1.7919005210907701,-1.0156209468841553,0.11812060326337814,44.35328674316406,041,True,False,True,False,True,True,True,False,True
HST F814W,F814W_074_6901365,150.59676810201373,2.4227857516858937,-1.2097432613372803,0.1401582658290863,44.349422454833984,074,True,False,True,False,True,True,True,False,True
HST F814W,F814W_076_7144887,150.26710724726854,2.422750473867406,-1.088286280632019,0.11660569161176682,44.33645248413086,076,True,False,True,False,True,True,True,False,True
HST F814W,F814W_055_4456078,149.75249406440327,2.014760544806453,-1.1336876153945923,0.12166524678468704,44.32074737548828,055,True,False,True,False,True,True,True,False,True
HST F814W,F814W_089_8485374,150.2170300547694,2.549307346975634,-1.0502443313598633,0.12905889749526978,44.31510925292969,089,True,False,True,False,True,True,True,False,True
HST F814W,F814W_063_5278812,150.49672427715095,2.135319159610107,-0.2110697329044342,0.11847831308841705,44.285396575927734,063,True,False,True,False,True,True,True,False,True
HST F814W,F814W_052_3868521,150.2414982559679,1.9790307290544693,-1.0719375610351562,0.1204889714717865,44.27174377441406,052,True,False,True,False,True,True,True,False,True
HST F814W,F814W_052_4037887,150.36353639227661,2.0741051669109214,-1.0824679136276245,0.12047272175550461,44.26577377319336,052,True,False,True,False,True,True,True,False,True
HST F814W,F814W_090_8682999,149.98646927066542,2.5748474995301565,-1.080965518951416,0.12198648601770401,44.265625,090,True,False,True,False,True,True,True,False,True
HST F814W,F814W_074_6869695,150.59893577676416,2.405517538439259,-0.9737715721130371,0.13983787596225739,44.248043060302734,074,True,False,True,False,True,True,True,False,True
HST F814W,F814W_028_0902326,150.27602791635027,1.7401926665575602,-1.0952788591384888,0.1279866099357605,44.239830017089844,028,True,False,True,False,True,True,True,False,True
HST F814W,F814W_078_7436705,150.03939998083814,2.3982042903128176,-1.162878155708313,0.12431178987026215,44.214515686035156,078,True,False,True,False,True,True,True,False,True
HST F814W,F814W_063_5286336,150.49886274831752,2.1493521025017723,-1.0943149328231812,0.11826566606760025,44.20591354370117,063,True,False,True,False,True,True,True,False,True
HST F814W,F814W_054_4410568,150.0395205387892,2.0913546913125525,-0.7862614989280701,0.118314728140831,44.194549560546875,054,True,False,True,False,True,True,True,False,True
HST F814W,F814W_078_7458156,149.99766003066205,2.442249160907716,-1.1208105087280273,0.12424404174089432,44.1904182434082,078,True,False,True,False,True,True,True,False,True
HST F814W,F814W_075_7060894,150.53517475475016,2.4559805944738393,-0.7452479600906372,0.11874203383922577,44.17787170410156,075,True,False,True,False,True,True,True,False,True
HST F814W,F814W_065_5739788,150.20672873577263,2.2527283359655206,0.18549278378486633,0.1621270775794983,44.1372184753418,065,True,False,True,False,True,True,True,False,True
HST F814W,F814W_067_6210739,149.81407887781185,2.263340748657217,-1.1356829404830933,0.12326746433973312,44.1281623840332,067,True,False,True,False,True,True,True,False,True
HST F814W,F814W_090_8689403,150.02887780496374,2.5844766775078383,-1.0925217866897583,0.12159845978021622,44.124820709228516,090,True,False,True,False,True,True,True,False,True
HST F814W,F814W_090_8669214,150.00909721668998,2.550798047806587,-1.0713622570037842,0.12157616764307022,44.116729736328125,090,True,False,True,False,True,True,True,False,True
HST F814W,F814W_075_6985656,150.53285267335337,2.3131280327444155,-0.14643874764442444,0.11857714504003525,44.11652374267578,075,True,False,True,False,True,True,True,False,True
HST F814W,F814W_040_2457745,150.38313488704992,1.9040908850147005,-0.7174020409584045,0.1141970232129097,44.115787506103516,040,True,False,True,False,True,True,True,False,True
HST F814W,F814W_089_8485822,150.21710674460738,2.5497017593583466,-1.140146017074585,0.12840120494365692,44.08927536010742,089,True,False,True,False,True,True,True,False,True
HST F814W,F814W_052_4008873,150.36673158553378,2.0659105561091873,-0.2219773232936859,0.11996639519929886,44.07973098754883,052,True,False,True,False,True,True,True,False,True
HST F814W,F814W_040_2399365,150.35309833443023,1.825910816674231,-1.05599844455719,0.11397254467010498,44.02906799316406,040,True,False,True,False,True,True,True,False,True
HST F814W,F814W_040_2416678,150.3921586972198,1.853058697717548,-0.09731859713792801,0.11396712809801102,44.026973724365234,040,True,False,True,False,True,True,True,False,True
HST F814W,F814W_043_2931499,149.77234184930674,1.921411175586282,-0.8781049251556396,0.11736033111810684,44.02571487426758,043,True,False,True,False,True,True,True,False,True
HST F814W,F814W_054_4345707,149.92971247487196,1.9984748683264382,-1.0823127031326294,0.1178421601653099,44.018028259277344,054,True,False,True,False,True,True,True,False,True
HST F814W,F814W_043_2941480,149.73836720188487,1.9384247606406853,-0.9793905019760132,0.11730611324310303,44.005374908447266,043,True,False,True,False,True,True,True,False,True
HST F814W,F814W_078_7380926,149.9547442865941,2.3401511813929683,-0.8157305717468262,0.12370001524686813,43.99692153930664,078,True,False,True,False,True,True,True,False,True
HST F814W,F814W_076_7112821,150.29798470638733,2.3742364634257442,-0.8335555791854858,0.1157059445977211,43.99434280395508,076,True,False,True,False,True,True,True,False,True
HST F814W,F814W_043_2931412,149.77246049632546,1.9213106746842532,-0.8973625898361206,0.11718692630529404,43.96066665649414,043,True,False,True,False,True,True,True,False,True
HST F814W,F814W_067_6208723,149.81505908955816,2.2626612750650863,0.13724400103092194,0.12279587239027023,43.95933532714844,067,True,False,True,False,True,True,True,False,True
HST F814W,F814W_028_1023747,150.29937874887534,1.7883063813149034,-0.8525487184524536,0.12712180614471436,43.94090270996094,028,True,False,True,False,True,True,True,False,True
HST F814W,F814W_075_7013295,150.55577825739843,2.371394684627534,-0.9993115663528442,0.11807123571634293,43.92830276489258,075,True,False,True,False,True,True,True,False,True
HST F814W,F814W_044_3151226,149.72522749786128,1.9338567326104306,-0.9769585728645325,0.12639819085597992,43.90705490112305,044,True,False,True,False,True,True,True,False,True
HST F814W,F814W_053_4159150,150.09329051394417,1.9903431359556745,-1.142971396446228,0.12662281095981598,43.89561462402344,053,True,False,True,False,True,True,True,False,True
HST F814W,F814W_043_2943201,149.76523334556077,1.9399564551016146,-1.0379908084869385,0.11700879782438278,43.89384460449219,043,True,False,True,False,True,True,True,False,True
HST F814W,F814W_039_2368710,150.4027373165817,1.9310170602489611,-1.1659622192382812,0.12388785183429718,43.876853942871094,039,True,False,True,False,True,True,True,False,True
HST F814W,F814W_052_3887285,150.35895671493418,2.019591020231427,-1.120369553565979,0.11935927718877792,43.856658935546875,052,True,False,True,False,True,True,True,False,True
HST F814W,F814W_076_7143712,150.2658758901887,2.4218509359340703,-1.062500238418579,0.11533280462026596,43.85246658325195,076,True,False,True,False,True,True,True,False,True
HST F814W,F814W_074_6734910,150.56954995212257,2.331602913036168,-1.0752966403961182,0.13855963945388794,43.84357833862305,074,True,False,True,False,True,True,True,False,True
HST F814W,F814W_042_2761053,150.038828941419,1.860451168198763,-1.1633957624435425,0.12713146209716797,43.816314697265625,042,True,False,True,False,True,True,True,False,True
HST F814W,F814W_052_4066994,150.32665974623538,2.09766859568237,-1.0591628551483154,0.11924628913402557,43.81513977050781,052,True,False,True,False,True,True,True,False,True
HST F814W,F814W_078_7299264,149.93016341979572,2.291348046278998,-0.8479501008987427,0.12318387627601624,43.81334686279297,078,True,False,True,False,True,True,True,False,True
HST F814W,F814W_076_7110703,150.29501891765273,2.370938303060063,-0.5952460765838623,0.11518696695566177,43.79701614379883,076,True,False,True,False,True,True,True,False,True
HST F814W,F814W_075_7017092,150.5075423210732,2.3780460262180707,-1.0552449226379395,0.11761317402124405,43.75788116455078,075,True,False,True,False,True,True,True,False,True
HST F814W,F814W_051_3700616,150.39983182723634,2.055435000630867,-1.1425100564956665,0.12240222841501236,43.746891021728516,051,True,False,True,False,True,True,True,False,True
HST F814W,F814W_052_3876751,150.27712686682523,1.9972777407376463,-1.0888025760650635,0.1190490648150444,43.74267578125,052,True,False,True,False,True,True,True,False,True
HST F814W,F814W_079_7481769,149.88082273849426,2.324050546284208,-1.0867174863815308,0.12011802196502686,43.730857849121094,079,True,False,True,False,True,True,True,False,True
HST F814W,F814W_052_4067258,150.32674715015483,2.0979662372144827,-1.12975013256073,0.11900967359542847,43.72819900512695,052,True,False,True,False,True,True,True,False,True
HST F814W,F814W_041_2561616,150.1594229568311,1.8380300831242142,-1.0430374145507812,0.11644519865512848,43.724185943603516,041,True,False,True,False,True,True,True,False,True
HST F814W,F814W_054_4429331,149.98002455704184,2.1242986023985435,-1.0394282341003418,0.11700905114412308,43.70683288574219,054,True,False,True,False,True,True,True,False,True
HST F814W,F814W_078_7305768,149.92107145899223,2.3030777845154953,-1.091628074645996,0.12283307313919067,43.68857192993164,078,True,False,True,False,True,True,True,False,True
HST F814W,F814W_051_3722400,150.45416573170024,2.070079080944751,-0.7108727097511292,0.12219016999006271,43.67110061645508,051,True,False,True,False,True,True,True,False,True
HST F814W,F814W_042_2757067,150.03880705801433,1.8585979551993177,-1.1247189044952393,0.1267029047012329,43.66861343383789,042,True,False,True,False,True,True,True,False,True
HST F814W,F814W_075_7037657,150.42539238633546,2.4132367704647204,-0.9817628860473633,0.11735083162784576,43.660274505615234,075,True,False,True,False,True,True,True,False,True
HST F814W,F814W_089_8390301,150.1162763696049,2.46419139665414,-1.173664927482605,0.12713640928268433,43.65497970581055,089,True,False,True,False,True,True,True,False,True
HST F814W,F814W_028_1019890,150.33682404188053,1.777770029084524,-1.0039349794387817,0.12621650099754333,43.62797546386719,028,True,False,True,False,True,True,True,False,True
HST F814W,F814W_063_5311798,150.52390429580277,2.19770440914925,-1.0955042839050293,0.11669360101222992,43.61830139160156,063,True,False,True,False,True,True,True,False,True
HST F814W,F814W_054_4352193,150.04073210208173,2.0036539013257397,-1.0102219581604004,0.11675069481134415,43.610328674316406,054,True,False,True,False,True,True,True,False,True
HST F814W,F814W_077_7202049,150.13357131437743,2.3432519204763538,-1.0103594064712524,0.11578819900751114,43.6086540222168,077,True,False,True,False,True,True,True,False,True
HST F814W,F814W_090_8674278,150.00080672287714,2.558819193045913,-0.8068522214889526,0.12016821652650833,43.6058235168457,090,True,False,True,False,True,True,True,False,True
HST F814W,F814W_077_7257189,150.10479069092727,2.431602359396262,-1.003202199935913,0.11575999110937119,43.59803009033203,077,True,False,True,False,True,True,True,False,True
HST F814W,F814W_053_4243057,150.1919646967339,2.0134332473759393,-1.039642572402954,0.1257334202528,43.5872917175293,053,True,False,True,False,True,True,True,False,True
HST F814W,F814W_066_5823396,149.91387229706953,2.157620397048711,-1.1973371505737305,0.13265185058116913,43.540828704833984,066,True,False,True,False,True,True,True,False,True
HST F814W,F814W_028_0994996,150.32535815538753,1.768843289327341,-1.1513776779174805,0.12593890726566315,43.532020568847656,028,True,False,True,False,True,True,True,False,True
HST F814W,F814W_055_4612133,149.76213158409485,2.121773970690712,-1.1029261350631714,0.11948727071285248,43.52734375,055,True,False,True,False,True,True,True,False,True
HST F814W,F814W_043_2919353,149.8738217411773,1.900198838282424,-0.9727689027786255,0.11599650979042053,43.514102935791016,043,True,False,True,False,True,True,True,False,True
HST F814W,F814W_088_8251266,150.3117615825555,2.511171466118463,-0.7665109634399414,0.12203999608755112,43.5106315612793,088,True,False,True,False,True,True,True,False,True
HST F814W,F814W_075_7001245,150.54798720301378,2.3469335437726264,-0.7894400358200073,0.11688100546598434,43.485477447509766,075,True,False,True,False,True,True,True,False,True
HST F814W,F814W_052_4055278,150.24652631156414,2.079050628882236,-0.8922080993652344,0.11833008378744125,43.47849655151367,052,True,False,True,False,True,True,True,False,True
HST F814W,F814W_029_1210798,150.13747100282026,1.7856077915014945,-1.126726508140564,0.15612246096134186,43.46473693847656,029,True,False,True,False,True,True,True,False,True
HST F814W,F814W_041_2505309,150.16023359076578,1.791722832772265,-1.0421793460845947,0.11571142077445984,43.44866180419922,041,True,False,True,False,True,True,True,False,True
HST F814W,F814W_042_2744786,149.95947647199048,1.8513886197697986,-0.888413667678833,0.125955730676651,43.411094665527344,042,True,False,True,False,True,True,True,False,True
HST F814W,F814W_041_2572969,150.21840825241065,1.8575381607810784,-0.04524778574705124,0.11557657271623611,43.39802551269531,041,True,False,True,False,True,True,True,False,True
HST F814W,F814W_063_5287825,150.48901398784017,2.1523583818032517,-0.8022660613059998,0.11603975296020508,43.3739013671875,063,True,False,True,False,True,True,True,False,True
HST F814W,F814W_028_0902162,150.27598099266132,1.7401504696459582,-1.161241888999939,0.12547719478607178,43.3724250793457,028,True,False,True,False,True,True,True,False,True
HST F814W,F814W_090_8635260,150.04131706498111,2.496613828583177,-0.8403615951538086,0.11949960887432098,43.36320114135742,090,True,False,True,False,True,True,True,False,True
HST F814W,F814W_063_5285368,150.4990632810577,2.1474404550862127,-1.0860557556152344,0.11593673378229141,43.33539581298828,063,True,False,True,False,True,True,True,False,True
HST F814W,F814W_063_5321448,150.47055310201836,2.210411231542174,-1.0849032402038574,0.11589819192886353,43.320987701416016,063,True,False,True,False,True,True,True,False,True
HST F814W,F814W_043_2924061,149.82409372511057,1.9097820920975523,-0.6234595775604248,0.1154715046286583,43.31715393066406,043,True,False,True,False,True,True,True,False,True
HST F814W,F814W_054_4351915,150.04063669039385,2.0034710867612424,-1.0447670221328735,0.11586152017116547,43.27819061279297,054,True,False,True,False,True,True,True,False,True
HST F814W,F814W_078_7436737,150.0393983834876,2.398221973916261,-1.1353121995925903,0.12163535505533218,43.262577056884766,078,True,False,True,False,True,True,True,False,True
HST F814W,F814W_076_7156650,150.3778010855044,2.4397360099448253,-1.061880111694336,0.1137690618634224,43.25789260864258,076,True,False,True,False,True,True,True,False,True
HST F814W,F814W_039_2374406,150.3948658687065,1.9468621842670448,-1.0759937763214111,0.1221037358045578,43.2449836730957,039,True,False,True,False,True,True,True,False,True
HST F814W,F814W_075_7047791,150.4155480063104,2.4310520347196163,-1.0910029411315918,0.11621886491775513,43.23912811279297,075,True,False,True,False,True,True,True,False,True
HST F814W,F814W_075_7015367,150.5329021826401,2.3759335225202753,-1.0855481624603271,0.11621196568012238,43.2365608215332,075,True,False,True,False,True,True,True,False,True
HST F814W,F814W_054_4340944,149.95997306925756,1.993676468398959,-0.5648834705352783,0.11571916937828064,43.22501754760742,054,True,False,True,False,True,True,True,False,True
HST F814W,F814W_089_8473005,150.1911812848598,2.5245650906535095,-0.9534749388694763,0.1258796900510788,43.22346115112305,089,True,False,True,False,True,True,True,False,True
HST F814W,F814W_065_5753398,150.1695613315438,2.2637644433153015,-1.1543076038360596,0.158640056848526,43.18791961669922,065,True,False,True,False,True,True,True,False,True
HST F814W,F814W_040_2389356,150.26731857113612,1.8078697006305169,-0.3820178210735321,0.11168241500854492,43.14435958862305,040,True,False,True,False,True,True,True,False,True
HST F814W,F814W_041_2561622,150.15937916103448,1.8380386084118916,-0.9614006280899048,0.11484037339687347,43.12158966064453,041,True,False,True,False,True,True,True,False,True
HST F814W,F814W_077_7212648,150.05888751108648,2.357419081535469,-1.0635380744934082,0.11442195624113083,43.094093322753906,077,True,False,True,False,True,True,True,False,True
HST F814W,F814W_079_7555778,149.8613127226802,2.439602781440135,0.12230370193719864,0.11833326518535614,43.08108901977539,079,True,False,True,False,True,True,True,False,True
HST F814W,F814W_091_8752034,149.86231761860012,2.5162475303459986,-1.1034449338912964,0.12077898532152176,43.07440948486328,091,True,False,True,False,True,True,True,False,True
HST F814W,F814W_066_5825288,149.91349248720448,2.1581319132366876,-1.172993779182434,0.13122209906578064,43.071537017822266,066,True,False,True,False,True,True,True,False,True
HST F814W,F814W_041_2538275,150.0826901490083,1.8066557678246198,-0.243891179561615,0.11468283832073212,43.062435150146484,041,True,False,True,False,True,True,True,False,True
HST F814W,F814W_102_10329048,149.98346325069141,2.6339338217787294,-0.8851414322853088,0.12246478348970413,43.04976272583008,102,True,False,True,False,True,True,True,False,True
HST F814W,F814W_028_0862720,150.32522812196916,1.7271439200197778,-0.6459479928016663,0.1245170384645462,43.0405387878418,028,True,False,True,False,True,True,True,False,True
HST F814W,F814W_076_7144970,150.2670769144764,2.4228297563725207,-1.0401713848114014,0.11319431662559509,43.03936004638672,076,True,False,True,False,True,True,True,False,True
HST F814W,F814W_074_6903910,150.57450938650055,2.4240962638697323,-1.1200464963912964,0.13594290614128113,43.01558303833008,074,True,False,True,False,True,True,True,False,True
HST F814W,F814W_077_7260930,150.21684428976462,2.4380938321851695,-0.8386467695236206,0.11420369148254395,43.01188659667969,077,True,False,True,False,True,True,True,False,True
HST F814W,F814W_054_4351762,150.0404327787043,2.00335830615782,-0.9821780920028687,0.1151224747300148,43.002132415771484,054,True,False,True,False,True,True,True,False,True
HST F814W,F814W_077_7197242,150.0840216339328,2.3360983247721423,-0.8923659324645996,0.11417256295681,43.00016403198242,077,True,False,True,False,True,True,True,False,True
HST F814W,F814W_028_0854231,150.33309912582084,1.7200580024646455,-0.4751182794570923,0.12439339607954025,42.997802734375,028,True,False,True,False,True,True,True,False,True
HST F814W,F814W_044_3151319,149.72514014510415,1.9340934694214462,-1.0480577945709229,0.12376915663480759,42.993804931640625,044,True,False,True,False,True,True,True,False,True
HST F814W,F814W_041_2552096,150.0625338886308,1.8216112725126186,-0.9702381491661072,0.11443322896957397,42.968711853027344,041,True,False,True,False,True,True,True,False,True
HST F814W,F814W_053_4307494,150.20101794808502,2.126302022384606,-1.1176098585128784,0.12394475191831589,42.96722412109375,053,True,False,True,False,True,True,True,False,True
HST F814W,F814W_042_2722638,149.98292894920004,1.8401710454101026,-0.6388735771179199,0.12462429702281952,42.952213287353516,042,True,False,True,False,True,True,True,False,True
HST F814W,F814W_091_8751692,149.8630885497693,2.5158654850284954,-1.0984207391738892,0.1204318031668663,42.950592041015625,091,True,False,True,False,True,True,True,False,True
HST F814W,F814W_043_2952459,149.8292496862358,1.960195462659669,-0.8402436971664429,0.11449320614337921,42.950164794921875,043,True,False,True,False,True,True,True,False,True
HST F814W,F814W_051_3702967,150.39969045305673,2.059746729788554,-1.0962340831756592,0.11999273300170898,42.8857307434082,051,True,False,True,False,True,True,True,False,True
HST F814W,F814W_066_5912027,150.00321758537578,2.195264681915084,-1.0490013360977173,0.13062039017677307,42.8740348815918,066,True,False,True,False,True,True,True,False,True
HST F814W,F814W_063_5304612,150.5090567753992,2.1855664846537537,-0.9136203527450562,0.11467874050140381,42.865177154541016,063,True,False,True,False,True,True,True,False,True
HST F814W,F814W_055_4453296,149.88637154180074,2.008692977197878,-1.0960708856582642,0.11761319637298584,42.84465026855469,055,True,False,True,False,True,True,True,False,True
HST F814W,F814W_079_7511309,149.82167031579493,2.3860459270107075,-0.9965322017669678,0.11766694486141205,42.838504791259766,079,True,False,True,False,True,True,True,False,True
HST F814W,F814W_088_8242421,150.37982477444982,2.4899843545944536,-1.0290536880493164,0.1200566440820694,42.80351257324219,088,True,False,True,False,True,True,True,False,True
HST F814W,F814W_102_10358291,149.92916869778853,2.694460045164751,-1.0943795442581177,0.12171036750078201,42.78456115722656,102,True,False,True,False,True,True,True,False,True
HST F814W,F814W_090_8659551,150.02815386513666,2.538787244465186,-1.1042053699493408,0.11789841204881668,42.78217315673828,090,True,False,True,False,True,True,True,False,True
HST F814W,F814W_051_3807463,150.48802451525964,2.0989632251229042,-1.1123006343841553,0.11959930509328842,42.7451171875,051,True,False,True,False,True,True,True,False,True
HST F814W,F814W_075_6992232,150.54786275054548,2.329257609320487,-0.8171836137771606,0.11476926505565643,42.699806213378906,075,True,False,True,False,True,True,True,False,True
HST F814W,F814W_078_7437271,150.040503918513,2.39878903673037,-1.0969570875167847,0.1200498715043068,42.69865798950195,078,True,False,True,False,True,True,True,False,True
HST F814W,F814W_075_6987781,150.5570759559165,2.319300385444159,-1.0379273891448975,0.11475066840648651,42.69288635253906,075,True,False,True,False,True,True,True,False,True
HST F814W,F814W_076_7144589,150.26835328927805,2.4225105280404806,-1.0612040758132935,0.11226078122854233,42.68440628051758,076,True,False,True,False,True,True,True,False,True
HST F814W,F814W_043_2953428,149.75274516272478,1.9610901488429229,0.05034707114100456,0.11367058753967285,42.641571044921875,043,True,False,True,False,True,True,True,False,True
HST F814W,F814W_051_3671191,150.41886806177578,1.980160092483927,-0.9283879995346069,0.11923351883888245,42.61438751220703,051,True,False,True,False,True,True,True,False,True
HST F814W,F814W_078_7305538,149.92143622913466,2.302869731797586,-0.9617949724197388,0.11980053037405014,42.6099739074707,078,True,False,True,False,True,True,True,False,True
HST F814W,F814W_063_5321416,150.47076267981933,2.210368124145043,-1.059993863105774,0.11398714035749435,42.606666564941406,063,True,False,True,False,True,True,True,False,True
HST F814W,F814W_091_8725855,149.8736414216078,2.4700384441917063,-0.8073669672012329,0.11945301294326782,42.60151672363281,091,True,False,True,False,True,True,True,False,True
HST F814W,F814W_063_5357839,150.54268578827654,2.2796037425333187,-0.7816750407218933,0.11394067108631134,42.58929443359375,063,True,False,True,False,True,True,True,False,True
HST F814W,F814W_040_2414141,150.37117028465659,1.848962264683308,-0.836045503616333,0.11024398356676102,42.58867645263672,040,True,False,True,False,True,True,True,False,True
HST F814W,F814W_077_7236864,150.15458521376524,2.39955963370852,-0.9766703248023987,0.11300542950630188,42.56059265136719,077,True,False,True,False,True,True,True,False,True
HST F814W,F814W_065_5702830,150.19989534657765,2.2238580198702014,-1.1298047304153442,0.1562945395708084,42.54937744140625,065,True,False,True,False,True,True,True,False,True
HST F814W,F814W_063_5301728,150.4767763050423,2.180700403717994,-0.7926883697509766,0.11372017860412598,42.50687789916992,063,True,False,True,False,True,True,True,False,True
HST F814W,F814W_053_4280540,150.13561754698156,2.0844162351620095,-1.0890440940856934,0.1225336343050003,42.47804260253906,053,True,False,True,False,True,True,True,False,True
HST F814W,F814W_042_2705978,150.02494528402926,1.8272551627190132,-1.1295063495635986,0.12321675568819046,42.467098236083984,042,True,False,True,False,True,True,True,False,True
HST F814W,F814W_051_3809691,150.48830136977372,2.0996336509423634,-1.0784361362457275,0.11874169111251831,42.43860626220703,051,True,False,True,False,True,True,True,False,True
HST F814W,F814W_042_2706224,150.0255399112109,1.8277400552413683,-1.1219844818115234,0.12313007563352585,42.43722152709961,042,True,False,True,False,True,True,True,False,True
HST F814W,F814W_041_2585185,150.184234811031,1.8752370461947017,-0.747209906578064,0.11301282048225403,42.435359954833984,041,True,False,True,False,True,True,True,False,True
HST F814W,F814W_041_2555892,150.0723815659359,1.8275509498162572,-0.6519043445587158,0.11301062256097794,42.434532165527344,041,True,False,True,False,True,True,True,False,True
HST F814W,F814W_044_3157245,149.71561111647424,1.949052538772864,-0.36168450117111206,0.12212937325239182,42.424190521240234,044,True,False,True,False,True,True,True,False,True
HST F814W,F814W_063_5365589,150.43232365070426,2.290507214556751,-1.0448895692825317,0.11348006129264832,42.4171257019043,063,True,False,True,False,True,True,True,False,True
HST F814W,F814W_087_8138507,150.4187248739245,2.485171334925991,-0.9009435176849365,0.11318570375442505,42.41433334350586,087,True,False,True,False,True,True,True,False,True
HST F814W,F814W_075_7007011,150.47627358080726,2.3571858087107165,-0.9860702753067017,0.11394442617893219,42.39292526245117,075,True,False,True,False,True,True,True,False,True
HST F814W,F814W_075_7056738,150.40196308401622,2.448575446937505,-1.0465716123580933,0.11391587555408478,42.38230514526367,075,True,False,True,False,True,True,True,False,True
HST F814W,F814W_074_6905092,150.57871460501286,2.4247792681006857,-1.1074154376983643,0.13393589854240417,42.380516052246094,074,True,False,True,False,True,True,True,False,True
HST F814W,F814W_066_5826079,149.9136010225297,2.158399514159468,-1.0333598852157593,0.12898372113704681,42.33682632446289,066,True,False,True,False,True,True,True,False,True
HST F814W,F814W_063_5328562,150.51171980564345,2.224348639513629,-0.9097099304199219,0.11325366795063019,42.33250427246094,063,True,False,True,False,True,True,True,False,True
HST F814W,F814W_056_4756439,149.70951601114078,2.1002605468289812,-0.7739424109458923,0.12233344465494156,42.30720138549805,056,True,False,True,False,True,True,True,False,True
HST F814W,F814W_056_4703511,149.68677770697016,2.0469616678566993,-1.1278353929519653,0.12228100746870041,42.289066314697266,056,True,False,True,False,True,True,True,False,True
HST F814W,F814W_041_2639231,150.19725069331912,1.9614830767396287,-1.021706461906433,0.1126168817281723,42.286685943603516,041,True,False,True,False,True,True,True,False,True
HST F814W,F814W_028_0878086,150.2851510923031,1.7321615117473845,-0.4036725163459778,0.12230449169874191,42.27574920654297,028,True,False,True,False,True,True,True,False,True
HST F814W,F814W_075_7017456,150.4248045051816,2.378786289433268,-1.0522139072418213,0.11356481909751892,42.25169372558594,075,True,False,True,False,True,True,True,False,True
HST F814W,F814W_067_6094093,149.79575585339234,2.184546161681781,-1.0787822008132935,0.11800995469093323,42.24604034423828,067,True,False,True,False,True,True,True,False,True
HST F814W,F814W_074_6919633,150.59417965678367,2.4323281533207655,-1.1983381509780884,0.1334090381860733,42.21380615234375,074,True,False,True,False,True,True,True,False,True
HST F814W,F814W_054_4371473,149.9959956252794,2.029773991309385,-0.882011353969574,0.1129126101732254,42.176673889160156,054,True,False,True,False,True,True,True,False,True
HST F814W,F814W_075_7056813,150.40211330280155,2.4486884973810077,-1.0488412380218506,0.1133304238319397,42.164485931396484,075,True,False,True,False,True,True,True,False,True
HST F814W,F814W_077_7257934,150.07229127110494,2.432535546392875,-1.0353059768676758,0.11192148923873901,42.1523551940918,077,True,False,True,False,True,True,True,False,True
HST F814W,F814W_064_5392227,150.3082581522994,2.174322178572146,-1.0522780418395996,0.11501353234052658,42.138179779052734,064,True,False,True,False,True,True,True,False,True
HST F814W,F814W_051_3811124,150.48945733275485,2.1000430663035723,-1.0859211683273315,0.11779244989156723,42.099342346191406,051,True,False,True,False,True,True,True,False,True
HST F814W,F814W_088_8237577,150.38349386971146,2.4790217285778673,-0.9958232045173645,0.1180436760187149,42.08583450317383,088,True,False,True,False,True,True,True,False,True
HST F814W,F814W_066_5823094,149.91395034103368,2.1575384581116053,-1.1229954957962036,0.12814563512802124,42.061737060546875,066,True,False,True,False,True,True,True,False,True
HST F814W,F814W_052_4068324,150.33528157508226,2.09971836919058,-0.6309995651245117,0.11445071548223495,42.05308532714844,052,True,False,True,False,True,True,True,False,True
HST F814W,F814W_051_3667904,150.40720578755642,1.9714980610340598,-0.9122883677482605,0.1176341250538826,42.04275894165039,051,True,False,True,False,True,True,True,False,True
HST F814W,F814W_056_4703196,149.6862489545889,2.0467221792649575,-1.0911728143692017,0.12155377864837646,42.037567138671875,056,True,False,True,False,True,True,True,False,True
HST F814W,F814W_074_6857697,150.5799124405406,2.3973073560537697,-0.9340754747390747,0.13284268975257874,42.03459930419922,074,True,False,True,False,True,True,True,False,True
HST F814W,F814W_054_4347112,149.9299564209747,1.9994931315115902,-1.01179039478302,0.11251123249530792,42.0267448425293,054,True,False,True,False,True,True,True,False,True
HST F814W,F814W_088_8237565,150.38351310515597,2.479005528563286,-0.9796562790870667,0.11787037551403046,42.0240478515625,088,True,False,True,False,True,True,True,False,True
HST F814W,F814W_074_6920681,150.5944836677296,2.4328132260652633,-1.2435704469680786,0.13276377320289612,42.00962829589844,074,True,False,True,False,True,True,True,False,True
HST F814W,F814W_089_8481379,150.21215314852674,2.544842816371834,-0.808757483959198,0.12231957167387009,42.00101852416992,089,True,False,True,False,True,True,True,False,True
HST F814W,F814W_063_5311000,150.51350812849273,2.1964581158599685,-0.17688357830047607,0.11223044991493225,41.950042724609375,063,True,False,True,False,True,True,True,False,True
HST F814W,F814W_064_5378314,150.35205378866738,2.1450401491937146,-0.8305125832557678,0.11449892073869705,41.94963836669922,064,True,False,True,False,True,True,True,False,True
HST F814W,F814W_043_2925632,149.84168375209765,1.9128243796700661,-0.6172284483909607,0.11180856823921204,41.94306564331055,043,True,False,True,False,True,True,True,False,True
HST F814W,F814W_075_6989052,150.54491220067138,2.3220649977642034,-0.6124707460403442,0.11266402900218964,41.91655349731445,075,True,False,True,False,True,True,True,False,True
HST F814W,F814W_076_7165906,150.22628598329618,2.456096342238124,-0.9733301401138306,0.11024041473865509,41.91621017456055,076,True,False,True,False,True,True,True,False,True
HST F814W,F814W_051_3677332,150.4362833853018,1.9976535966993665,-0.9780465364456177,0.1172509491443634,41.90581130981445,051,True,False,True,False,True,True,True,False,True
HST F814W,F814W_040_2419356,150.39387024191493,1.858116191128668,-0.8051565289497375,0.10847456753253937,41.905128479003906,040,True,False,True,False,True,True,True,False,True
HST F814W,F814W_052_3872161,150.36075789233868,1.9876942871520065,-1.0595951080322266,0.11404391378164291,41.90361022949219,052,True,False,True,False,True,True,True,False,True
HST F814W,F814W_063_5335093,150.53613187369044,2.2358201415098886,-1.0253665447235107,0.11209140717983246,41.898067474365234,063,True,False,True,False,True,True,True,False,True
HST F814W,F814W_075_6992131,150.5542337947508,2.3290427710664123,-0.6327512264251709,0.11257049441337585,41.88175582885742,075,True,False,True,False,True,True,True,False,True
HST F814W,F814W_041_2501777,150.1305360104836,1.7911092853220094,-0.4421180784702301,0.11152724176645279,41.87753677368164,041,True,False,True,False,True,True,True,False,True
HST F814W,F814W_043_2944884,149.84441381319417,1.9434164667831322,-0.7376763820648193,0.11161288619041443,41.869659423828125,043,True,False,True,False,True,True,True,False,True
HST F814W,F814W_063_5330458,150.51388630071966,2.2280303825593286,-0.602730393409729,0.11198019981384277,41.856502532958984,063,True,False,True,False,True,True,True,False,True
HST F814W,F814W_079_7503007,149.8244315403041,2.368338074451603,-0.9233484268188477,0.114911288022995,41.835262298583984,079,True,False,True,False,True,True,True,False,True
HST F814W,F814W_087_8152244,150.43814111655442,2.509010385160658,-0.5709884166717529,0.11159584671258926,41.81856155395508,087,True,False,True,False,True,True,True,False,True
HST F814W,F814W_042_2828422,149.9166922617624,1.9531561490654483,-1.13130784034729,0.12132416665554047,41.81481170654297,042,True,False,True,False,True,True,True,False,True
HST F814W,F814W_043_2942706,149.76434379853583,1.9394780993058822,-1.011842966079712,0.1114659458398819,41.814537048339844,043,True,False,True,False,True,True,True,False,True
HST F814W,F814W_044_3151372,149.7253476255913,1.9342521363634944,-0.7416409254074097,0.12034683674573898,41.80499267578125,044,True,False,True,False,True,True,True,False,True
HST F814W,F814W_091_8751779,149.86251861902477,2.5159736464707927,-1.0913374423980713,0.11717485636472702,41.789039611816406,091,True,False,True,False,True,True,True,False,True
HST F814W,F814W_088_8236102,150.2795893233147,2.4752870309119617,-1.0792491436004639,0.11719348281621933,41.78271484375,088,True,False,True,False,True,True,True,False,True
HST F814W,F814W_090_8661471,149.8954570025142,2.541452316691019,-0.924088716506958,0.11512991040945053,41.777557373046875,090,True,False,True,False,True,True,True,False,True
HST F814W,F814W_065_5611724,150.1367180846566,2.1408984334770285,-1.3553271293640137,0.1534545123577118,41.776214599609375,065,True,False,True,False,True,True,True,False,True
HST F814W,F814W_053_4191757,150.0906903570095,1.999699156240037,-1.090977668762207,0.12048366665840149,41.767391204833984,053,True,False,True,False,True,True,True,False,True
HST F814W,F814W_039_2371878,150.41376135933479,1.9402934741390367,-1.0370290279388428,0.11790791898965836,41.758968353271484,039,True,False,True,False,True,True,True,False,True
HST F814W,F814W_053_4280737,150.1353803829274,2.084734360076569,-1.0839687585830688,0.12042871862649918,41.74834060668945,053,True,False,True,False,True,True,True,False,True
HST F814W,F814W_078_7304104,149.9540931492328,2.3012282130048693,-0.9734456539154053,0.11737131327390671,41.74596405029297,078,True,False,True,False,True,True,True,False,True
HST F814W,F814W_077_7236282,150.154547292632,2.3990218646583283,-0.9814086556434631,0.11083222925662994,41.74211502075195,077,True,False,True,False,True,True,True,False,True
HST F814W,F814W_028_0959269,150.35918974915907,1.7583850179267073,-0.8529528975486755,0.12075624614953995,41.74058532714844,028,True,False,True,False,True,True,True,False,True
HST F814W,F814W_051_3703056,150.3996497792579,2.0598793761873737,-1.0063813924789429,0.11676297336816788,41.731407165527344,051,True,False,True,False,True,True,True,False,True
HST F814W,F814W_074_6706665,150.56351469252883,2.3164998237842322,-1.173749566078186,0.1317826211452484,41.69916915893555,074,True,False,True,False,True,True,True,False,True
HST F814W,F814W_067_6097526,149.74208195683164,2.190413038281738,-0.8553869724273682,0.11647310107946396,41.695865631103516,067,True,False,True,False,True,True,True,False,True
HST F814W,F814W_078_7451538,150.01788857770197,2.4305811015922156,-1.0627620220184326,0.11721526086330414,41.690460205078125,078,True,False,True,False,True,True,True,False,True
HST F814W,F814W_042_2717359,150.03015926383046,1.8374732917638132,-0.808792769908905,0.1209074854850769,41.671199798583984,042,True,False,True,False,True,True,True,False,True
HST F814W,F814W_077_7236109,150.10569685160908,2.3988361041092396,-0.9950288534164429,0.11064087599515915,41.6700439453125,077,True,False,True,False,True,True,True,False,True
HST F814W,F814W_051_3856004,150.4000909753914,2.1165524830493507,-1.0795326232910156,0.11656921356916428,41.66215515136719,051,True,False,True,False,True,True,True,False,True
HST F814W,F814W_065_5770618,150.18888534326706,2.276699822913686,-1.3590818643569946,0.15301287174224854,41.655982971191406,065,True,False,True,False,True,True,True,False,True
HST F814W,F814W_063_5294832,150.4791829366446,2.1678693120802843,-0.5839369893074036,0.11141891777515411,41.64670181274414,063,True,False,True,False,True,True,True,False,True
HST F814W,F814W_041_2562117,150.1341205809969,1.8389479416017809,-0.580015242099762,0.11083600670099258,41.617984771728516,041,True,False,True,False,True,True,True,False,True
HST F814W,F814W_063_5347292,150.52594933692708,2.259234771263871,-0.8667054772377014,0.11129046231508255,41.598690032958984,063,True,False,True,False,True,True,True,False,True
HST F814W,F814W_078_7435921,150.04194914555188,2.3974833708334273,-1.0485135316848755,0.11686346679925919,41.565338134765625,078,True,False,True,False,True,True,True,False,True
HST F814W,F814W_077_7243470,150.21927717709053,2.4078563194466387,-0.9997138381004333,0.1103484183549881,41.559898376464844,077,True,False,True,False,True,True,True,False,True
HST F814W,F814W_054_4416473,150.0428980377481,2.1024559784698527,-1.0021497011184692,0.11123621463775635,41.55048370361328,054,True,False,True,False,True,True,True,False,True
HST F814W,F814W_053_4285488,150.22406584578206,2.100087887291868,-1.0241931676864624,0.11985288560390472,41.54872131347656,053,True,False,True,False,True,True,True,False,True
HST F814W,F814W_055_4474758,149.86297795267498,2.0645846318610404,-1.030099868774414,0.114029161632061,41.539039611816406,055,True,False,True,False,True,True,True,False,True
HST F814W,F814W_078_7457598,149.9977313307861,2.441633212630323,-1.0186190605163574,0.11677848547697067,41.53511047363281,078,True,False,True,False,True,True,True,False,True
HST F814W,F814W_051_3700376,150.4670892024402,2.0548197270416324,-0.8660165071487427,0.11616985499858856,41.51942443847656,051,True,False,True,False,True,True,True,False,True
HST F814W,F814W_089_8390352,150.11631574479156,2.4642080894171285,-1.140504240989685,0.12087809294462204,41.50605392456055,089,True,False,True,False,True,True,True,False,True
HST F814W,F814W_090_8709744,150.03283931231533,2.6128544428478575,-0.9704543352127075,0.11429040133953094,41.47291946411133,090,True,False,True,False,True,True,True,False,True
HST F814W,F814W_043_2938796,149.75310635292882,1.9334401695441543,-0.4862326979637146,0.11050780117511749,41.45510482788086,043,True,False,True,False,True,True,True,False,True
HST F814W,F814W_041_2562309,150.09318125968622,1.839322474792822,-0.37613445520401,0.11037091165781021,41.44334411621094,041,True,False,True,False,True,True,True,False,True
HST F814W,F814W_051_3700633,150.40049646742216,2.0554650741023166,-1.0879027843475342,0.11593646556138992,41.43600845336914,051,True,False,True,False,True,True,True,False,True
HST F814W,F814W_042_2706304,150.0247470231972,1.8278496130893307,-1.080105185508728,0.12020968645811081,41.430702209472656,042,True,False,True,False,True,True,True,False,True
HST F814W,F814W_063_5314297,150.39430474556363,2.2006397752311897,-0.599707305431366,0.11082432419061661,41.42445373535156,063,True,False,True,False,True,True,True,False,True
HST F814W,F814W_042_2706205,150.02458501946316,1.8276991638174278,-1.0458378791809082,0.12018688768148422,41.42284393310547,042,True,False,True,False,True,True,True,False,True
HST F814W,F814W_042_2737547,150.0151374445348,1.8472994234010403,-1.0452138185501099,0.12015040963888168,41.41027069091797,042,True,False,True,False,True,True,True,False,True
HST F814W,F814W_039_2368709,150.40276529246714,1.9310106430011216,-0.9968374967575073,0.11688432097434998,41.39644241333008,039,True,False,True,False,True,True,True,False,True
HST F814W,F814W_053_4285506,150.2240694518468,2.10011666294412,-1.0743964910507202,0.11939187347888947,41.3889045715332,053,True,False,True,False,True,True,True,False,True
HST F814W,F814W_054_4418249,149.98978879515946,2.105450676890961,-0.4239925742149353,0.11076496541500092,41.37445831298828,054,True,False,True,False,True,True,True,False,True
HST F814W,F814W_067_6105376,149.81466415783413,2.2099275156853033,-0.8515418767929077,0.11554121971130371,41.362266540527344,067,True,False,True,False,True,True,True,False,True
HST F814W,F814W_075_7035441,150.5449894805084,2.4086824301199994,-0.7603064775466919,0.11117173731327057,41.361351013183594,075,True,False,True,False,True,True,True,False,True
HST F814W,F814W_055_4470104,149.8716149663713,2.052747476445698,-0.9002526998519897,0.1135205551981926,41.353763580322266,055,True,False,True,False,True,True,True,False,True
HST F814W,F814W_055_4433879,149.75372951046825,1.9607648515440799,-1.0470848083496094,0.11348305642604828,41.34010314941406,055,True,False,True,False,True,True,True,False,True
HST F814W,F814W_063_5311886,150.5238440328632,2.197807572383723,-0.9752034544944763,0.11057735979557037,41.3321418762207,063,True,False,True,False,True,True,True,False,True
HST F814W,F814W_078_7436871,150.0394857494256,2.398347310872441,-1.0854969024658203,0.1161552220582962,41.31343460083008,078,True,False,True,False,True,True,True,False,True
HST F814W,F814W_076_7144993,150.2670591447182,2.4228597626753476,-1.009507417678833,0.10865333676338196,41.31276321411133,076,True,False,True,False,True,True,True,False,True
HST F814W,F814W_040_2416873,150.37040815262722,1.8534111998522984,-0.8427931070327759,0.10692165046930313,41.30521774291992,040,True,False,True,False,True,True,True,False,True
HST F814W,F814W_063_5338948,150.44479102343334,2.2426418952511944,-0.6565456390380859,0.11047935485839844,41.295509338378906,063,True,False,True,False,True,True,True,False,True
HST F814W,F814W_063_5304450,150.5090131001079,2.18532943295563,-0.9395037889480591,0.1104271411895752,41.27599334716797,063,True,False,True,False,True,True,True,False,True
HST F814W,F814W_077_7208720,150.10223715901213,2.3523286330543507,-0.969765841960907,0.10955736041069031,41.261966705322266,077,True,False,True,False,True,True,True,False,True
HST F814W,F814W_075_6983286,150.53259435364026,2.304854151400925,-0.1327589750289917,0.11081089824438095,41.22710037231445,075,True,False,True,False,True,True,True,False,True
HST F814W,F814W_042_2757670,150.03800630398783,1.8588817840089407,-1.098407506942749,0.1196080893278122,41.223358154296875,042,True,False,True,False,True,True,True,False,True
HST F814W,F814W_075_7007027,150.4763157387887,2.357192979434467,-0.9015213251113892,0.11074335128068924,41.201969146728516,075,True,False,True,False,True,True,True,False,True
HST F814W,F814W_054_4347164,149.92997572370382,1.9995247330770534,-0.9370100498199463,0.11027044802904129,41.18973922729492,054,True,False,True,False,True,True,True,False,True
HST F814W,F814W_090_8709716,150.03281593242895,2.612820133211032,-1.0405755043029785,0.11350224167108536,41.186920166015625,090,True,False,True,False,True,True,True,False,True
HST F814W,F814W_077_7236420,150.20293941729128,2.399144104712568,-0.549069344997406,0.10932458192110062,41.17429733276367,077,True,False,True,False,True,True,True,False,True
HST F814W,F814W_076_7144693,150.26861221714296,2.422596923182017,-1.0081077814102173,0.10828184336423874,41.171512603759766,076,True,False,True,False,True,True,True,False,True
HST F814W,F814W_102_10340685,150.02755926704114,2.657568748697457,-0.4640026092529297,0.1170196458697319,41.135643005371094,102,True,False,True,False,True,True,True,False,True
HST F814W,F814W_055_4433574,149.75379824087875,1.9604614534990905,-0.9926232099533081,0.1129111722111702,41.13177490234375,055,True,False,True,False,True,True,True,False,True
HST F814W,F814W_090_8682757,149.92559623134423,2.574371194426025,-0.8250764012336731,0.11332660913467407,41.12318801879883,090,True,False,True,False,True,True,True,False,True
HST F814W,F814W_089_8580603,150.12820721999535,2.595695931023342,-0.9797364473342896,0.11975289136171341,41.119693756103516,089,True,False,True,False,True,True,True,False,True
HST F814W,F814W_074_6832361,150.56635148424024,2.3847003900527275,-0.6295441389083862,0.12989406287670135,41.101585388183594,074,True,False,True,False,True,True,True,False,True
HST F814W,F814W_042_2702741,150.05190260692805,1.8196604050618428,-0.8699154853820801,0.11924372613430023,41.0977783203125,042,True,False,True,False,True,True,True,False,True
HST F814W,F814W_051_3743366,150.46678242086733,2.0774196369312516,-0.8136418461799622,0.11495611816644669,41.08563232421875,051,True,False,True,False,True,True,True,False,True
HST F814W,F814W_028_0898649,150.34896888326884,1.7390159738053006,-0.9156374931335449,0.11885140091180801,41.082157135009766,028,True,False,True,False,True,True,True,False,True
HST F814W,F814W_077_7243410,150.21940065629155,2.4077828086027213,-0.9886276721954346,0.10902893543243408,41.062950134277344,077,True,False,True,False,True,True,True,False,True
HST F814W,F814W_042_2706616,150.02530108080666,1.828239752781695,-1.0691721439361572,0.11913655698299408,41.06084442138672,042,True,False,True,False,True,True,True,False,True
HST F814W,F814W_078_7458097,149.99775627644516,2.4421882168274998,-1.0706838369369507,0.1154015064239502,41.04535675048828,078,True,False,True,False,True,True,True,False,True
HST F814W,F814W_055_4501942,149.8726670281975,2.0875560177220014,-0.9951192736625671,0.11262520402669907,41.0275993347168,055,True,False,True,False,True,True,True,False,True
HST F814W,F814W_063_5311901,150.50192622979122,2.197847629877357,-0.09890995919704437,0.10973306000232697,41.01655578613281,063,True,False,True,False,True,True,True,False,True
HST F814W,F814W_088_8249559,150.26816735092544,2.505821351552695,-1.0354938507080078,0.11496808379888535,40.98929977416992,088,True,False,True,False,True,True,True,False,True
HST F814W,F814W_079_7502519,149.82278181703873,2.367716979796215,-1.0162485837936401,0.11244402825832367,40.93701934814453,079,True,False,True,False,True,True,True,False,True
HST F814W,F814W_075_7031489,150.55911096563284,2.4033861295490166,-0.9495046138763428,0.11002224683761597,40.93368148803711,075,True,False,True,False,True,True,True,False,True
HST F814W,F814W_063_5330614,150.43028328776603,2.2283519034407973,-0.7205660343170166,0.10946840047836304,40.91762924194336,063,True,False,True,False,True,True,True,False,True
HST F814W,F814W_052_4067155,150.32507216068345,2.0978598543501628,-0.9472891092300415,0.11131837218999863,40.902156829833984,052,True,False,True,False,True,True,True,False,True
HST F814W,F814W_055_4438851,149.8637893995333,1.9738850415550542,-0.6485861539840698,0.11224758625030518,40.89004135131836,055,True,False,True,False,True,True,True,False,True
HST F814W,F814W_028_1021409,150.23068716311445,1.7806772539461009,0.2709721326828003,0.11828489601612091,40.88633728027344,028,True,False,True,False,True,True,True,False,True
HST F814W,F814W_074_6831938,150.56924886898392,2.384490912753949,-0.8296748399734497,0.12918660044670105,40.87772750854492,074,True,False,True,False,True,True,True,False,True
HST F814W,F814W_052_4057199,150.31220402133894,2.0799198042760323,-0.9356570243835449,0.11123482137918472,40.871456146240234,052,True,False,True,False,True,True,True,False,True
HST F814W,F814W_090_8646559,149.9487796218559,2.516526632886606,-0.6377129554748535,0.1126326471567154,40.871368408203125,090,True,False,True,False,True,True,True,False,True
HST F814W,F814W_063_5321505,150.47007953431475,2.2104826808391635,-1.0019006729125977,0.10933376848697662,40.867305755615234,063,True,False,True,False,True,True,True,False,True
HST F814W,F814W_029_1214897,150.14651022845368,1.7896834290955619,-0.8670436143875122,0.1467779129743576,40.863197326660156,029,True,False,True,False,True,True,True,False,True
HST F814W,F814W_052_4074756,150.2848610431543,2.112253233878248,-0.9464236497879028,0.11115487664937973,40.84208297729492,052,True,False,True,False,True,True,True,False,True
HST F814W,F814W_028_0896226,150.33592735842845,1.7381851979418932,-0.11046748608350754,0.11811211705207825,40.82661437988281,028,True,False,True,False,True,True,True,False,True
HST F814W,F814W_075_7000512,150.5613272359699,2.3456242398607703,-0.32097089290618896,0.10965823382139206,40.79825210571289,075,True,False,True,False,True,True,True,False,True
HST F814W,F814W_064_5594124,150.375085049033,2.2845515667074316,-1.0378321409225464,0.1113538146018982,40.79734802246094,064,True,False,True,False,True,True,True,False,True
HST F814W,F814W_077_7184104,150.13268526006027,2.30863236493524,-0.4689537286758423,0.1082833781838417,40.78215408325195,077,True,False,True,False,True,True,True,False,True
HST F814W,F814W_090_8659642,150.0281321133959,2.5388950678786895,-1.0381759405136108,0.1122240498661995,40.72309875488281,090,True,False,True,False,True,True,True,False,True
HST F814W,F814W_074_6941539,150.61005726128622,2.4431474287686137,-1.171128749847412,0.12862743437290192,40.7007942199707,074,True,False,True,False,True,True,True,False,True
HST F814W,F814W_054_4346090,149.92955923698082,1.9987177705886283,-0.9446979761123657,0.10894522815942764,40.694725036621094,054,True,False,True,False,True,True,True,False,True
HST F814W,F814W_090_8618699,149.92498820482444,2.470138515429876,0.07264620065689087,0.11213300377130508,40.690059661865234,090,True,False,True,False,True,True,True,False,True
HST F814W,F814W_052_3887320,150.358983378216,2.019662267341915,-0.9582602977752686,0.11073817312717438,40.688968658447266,052,True,False,True,False,True,True,True,False,True
HST F814W,F814W_043_2928199,149.85620285498376,1.916973954768648,-0.9763252139091492,0.10838407278060913,40.65842819213867,043,True,False,True,False,True,True,True,False,True
HST F814W,F814W_055_4448950,149.81133758859815,1.9970854861207568,-0.36229151487350464,0.1115846037864685,40.64852523803711,055,True,False,True,False,True,True,True,False,True
HST F814W,F814W_042_2702679,150.05646598811236,1.8195132726005685,-0.3511304259300232,0.11793604493141174,40.6470832824707,042,True,False,True,False,True,True,True,False,True
HST F814W,F814W_054_4345545,149.92980151557475,1.9983543849731746,-0.9599802494049072,0.10879894345998764,40.640079498291016,054,True,False,True,False,True,True,True,False,True
HST F814W,F814W_079_7481895,149.87951236678074,2.324185724022168,-1.0326093435287476,0.11159170418977737,40.62671661376953,079,True,False,True,False,True,True,True,False,True
HST F814W,F814W_078_7436732,150.04185445024117,2.398227260875319,-1.0683525800704956,0.11412406712770462,40.59100341796875,078,True,False,True,False,True,True,True,False,True
HST F814W,F814W_078_7436968,150.03968682204737,2.398449924984473,-1.047040343284607,0.11410989612340927,40.58596420288086,078,True,False,True,False,True,True,True,False,True
HST F814W,F814W_063_5321349,150.4693521297659,2.2102985636424437,-0.9912168383598328,0.10857348889112473,40.583126068115234,063,True,False,True,False,True,True,True,False,True
HST F814W,F814W_090_8646376,149.98341544915516,2.5162656389578664,-0.8424402475357056,0.11182851344347,40.579566955566406,090,True,False,True,False,True,True,True,False,True
HST F814W,F814W_087_8144590,150.45413060443772,2.495967083212075,-0.9620762467384338,0.10826502740383148,40.570396423339844,087,True,False,True,False,True,True,True,False,True
HST F814W,F814W_066_5825259,149.91343794033997,2.158134929223277,-1.0581308603286743,0.12351982295513153,40.54338836669922,066,True,False,True,False,True,True,True,False,True
HST F814W,F814W_088_8235998,150.28007662959885,2.4751015795935842,-1.0555990934371948,0.113704614341259,40.53883743286133,088,True,False,True,False,True,True,True,False,True
HST F814W,F814W_075_6986474,150.56214769283326,2.3159873992951274,-0.9871894717216492,0.10895588994026184,40.53694534301758,075,True,False,True,False,True,True,True,False,True
HST F814W,F814W_063_5310292,150.5191934112841,2.195200270884355,-0.9582008123397827,0.10844507068395615,40.535125732421875,063,True,False,True,False,True,True,True,False,True
HST F814W,F814W_040_2385254,150.3791273213278,1.7995793599686354,-0.9365982413291931,0.10492613911628723,40.534324645996094,040,True,False,True,False,True,True,True,False,True
HST F814W,F814W_078_7436992,150.03983938042563,2.3984743147058607,-1.0466355085372925,0.11395210772752762,40.529842376708984,078,True,False,True,False,True,True,True,False,True
HST F814W,F814W_066_5974367,150.00286320244425,2.235477152069732,-0.5254482626914978,0.12345116585493088,40.520851135253906,066,True,False,True,False,True,True,True,False,True
HST F814W,F814W_043_2941807,149.76434231468738,1.938727542895257,-0.9766697883605957,0.10794828087091446,40.49494552612305,043,True,False,True,False,True,True,True,False,True
HST F814W,F814W_075_7001949,150.55903351099144,2.347981143239174,-0.6440868973731995,0.10877975076436996,40.471412658691406,075,True,False,True,False,True,True,True,False,True
HST F814W,F814W_077_7256709,150.10514311638673,2.4311670178603393,-0.916839599609375,0.10744868963956833,40.46778869628906,077,True,False,True,False,True,True,True,False,True
HST F814W,F814W_051_3809746,150.48848927786887,2.099654943638872,-0.9414342641830444,0.11319921165704727,40.457706451416016,051,True,False,True,False,True,True,True,False,True
HST F814W,F814W_089_8506015,150.18056909372345,2.5632757017128673,-1.0953500270843506,0.1177840530872345,40.44365310668945,089,True,False,True,False,True,True,True,False,True
HST F814W,F814W_028_1024095,150.37622229432222,1.790011153753449,-0.9706553816795349,0.1170009970664978,40.44254684448242,028,True,False,True,False,True,True,True,False,True
HST F814W,F814W_063_5345391,150.5440067141142,2.255150565281096,-0.6156318187713623,0.10818963497877121,40.43964767456055,063,True,False,True,False,True,True,True,False,True
HST F814W,F814W_055_4431788,149.78385024402937,1.9583108098253046,-1.024951457977295,0.11086759716272354,40.387332916259766,055,True,False,True,False,True,True,True,False,True
HST F814W,F814W_078_7436350,150.041860038903,2.3978785758332934,-1.0315494537353516,0.11354014277458191,40.38331604003906,078,True,False,True,False,True,True,True,False,True
HST F814W,F814W_056_4736186,149.70649815264233,2.08244053698303,-0.6706774234771729,0.11668016761541367,40.35210037231445,056,True,False,True,False,True,True,True,False,True
HST F814W,F814W_075_7033504,150.55932508504233,2.4054000046749695,-0.9552091360092163,0.10844063758850098,40.345245361328125,075,True,False,True,False,True,True,True,False,True
HST F814W,F814W_063_5339575,150.48032678018433,2.243799343425328,-0.6255224347114563,0.10789812356233597,40.330684661865234,063,True,False,True,False,True,True,True,False,True
HST F814W,F814W_064_5457496,150.3146250370339,2.222546661813329,-0.5061157941818237,0.11006395518779755,40.32477569580078,064,True,False,True,False,True,True,True,False,True
HST F814W,F814W_041_2529815,150.18736969122426,1.80177359534389,-0.873493492603302,0.10736432671546936,40.314395904541016,041,True,False,True,False,True,True,True,False,True
HST F814W,F814W_054_4351933,150.04061022432245,2.0034611369363797,-0.9625024199485779,0.10790007561445236,40.304325103759766,054,True,False,True,False,True,True,True,False,True
HST F814W,F814W_043_2941416,149.7651908250742,1.9383719713505452,-0.944111704826355,0.10743381828069687,40.30195617675781,043,True,False,True,False,True,True,True,False,True
HST F814W,F814W_077_7243266,150.2187641863314,2.4075880839800377,-0.9537819027900696,0.10697081685066223,40.287811279296875,077,True,False,True,False,True,True,True,False,True
HST F814W,F814W_042_2737646,150.01505676551756,1.8473480212087425,-1.0185792446136475,0.11685505509376526,40.274513244628906,042,True,False,True,False,True,True,True,False,True
HST F814W,F814W_042_2737253,150.01521612188856,1.8471717473993843,-1.082998514175415,0.11685412377119064,40.274192810058594,042,True,False,True,False,True,True,True,False,True
HST F814W,F814W_042_2734874,150.01635745006251,1.8461834642067962,-0.9728727340698242,0.11684975028038025,40.27268600463867,042,True,False,True,False,True,True,True,False,True
HST F814W,F814W_090_8612479,149.90820900763296,2.4578723849326574,-0.5561943054199219,0.11089307069778442,40.24011993408203,090,True,False,True,False,True,True,True,False,True
HST F814W,F814W_089_8592195,150.1148691478047,2.6008353057009828,-1.0238144397735596,0.11715440452098846,40.227447509765625,089,True,False,True,False,True,True,True,False,True
HST F814W,F814W_042_2736942,150.0156565886574,1.847035189269852,-1.0698332786560059,0.1166691705584526,40.21044921875,042,True,False,True,False,True,True,True,False,True
HST F814W,F814W_040_2392429,150.22722096359195,1.8139534838163007,-0.9474161863327026,0.10404833406209946,40.19521713256836,040,True,False,True,False,True,True,True,False,True
HST F814W,F814W_040_2394888,150.36283433549343,1.8184011808661737,-0.5463777780532837,0.10401922464370728,40.1839714050293,040,True,False,True,False,True,True,True,False,True
HST F814W,F814W_042_2706307,150.02471146699796,1.8278531308173642,-1.007084608078003,0.1165524274110794,40.17021179199219,042,True,False,True,False,True,True,True,False,True
HST F814W,F814W_078_7437001,150.04155407870158,2.3984885286226363,-0.9825822114944458,0.11291473358869553,40.16087341308594,078,True,False,True,False,True,True,True,False,True
HST F814W,F814W_039_2373738,150.41103908718918,1.9450969465485888,-0.9281575083732605,0.1133519783616066,40.145408630371094,039,True,False,True,False,True,True,True,False,True
HST F814W,F814W_063_5326864,150.52134699633498,2.22058745063574,-0.767894446849823,0.10733084380626678,40.11864471435547,063,True,False,True,False,True,True,True,False,True
HST F814W,F814W_075_7043087,150.42437872419893,2.4217180064799524,-0.9808964133262634,0.10781309008598328,40.11176681518555,075,True,False,True,False,True,True,True,False,True
HST F814W,F814W_078_7465519,149.90820824186022,2.45787318845334,-0.5567861199378967,0.11272279918193817,40.09260940551758,078,True,False,True,False,True,True,True,False,True
HST F814W,F814W_075_7033443,150.5593923352306,2.405328892145434,-0.9808140993118286,0.10774575173854828,40.08671569824219,075,True,False,True,False,True,True,True,False,True
HST F814W,F814W_053_4287419,150.22406526232018,2.1056067902255853,-0.8826303482055664,0.11557844281196594,40.066925048828125,053,True,False,True,False,True,True,True,False,True
HST F814W,F814W_079_7503275,149.82390455416692,2.368699283834186,-0.9802454113960266,0.10995806753635406,40.03196716308594,079,True,False,True,False,True,True,True,False,True
HST F814W,F814W_074_6737828,150.5691857912366,2.3331054940580356,-0.8693498969078064,0.12649230659008026,40.02518844604492,074,True,False,True,False,True,True,True,False,True
HST F814W,F814W_043_2953402,149.75366702062752,1.9610537614897843,-0.884611964225769,0.10668289661407471,40.020259857177734,043,True,False,True,False,True,True,True,False,True
HST F814W,F814W_075_7054738,150.40137950065747,2.4448405947790897,-0.9700326919555664,0.10752911120653152,40.0061149597168,075,True,False,True,False,True,True,True,False,True
HST F814W,F814W_075_6995585,150.459822943886,2.336144546027558,-0.6042265892028809,0.10747653990983963,39.98655319213867,075,True,False,True,False,True,True,True,False,True
HST F814W,F814W_078_7455045,150.038432371184,2.437119745294259,-0.8308086395263672,0.11242173612117767,39.98552703857422,078,True,False,True,False,True,True,True,False,True
HST F814W,F814W_028_1005660,150.36479331085866,1.771692670608559,0.030347218737006187,0.11567481607198715,39.98413848876953,028,True,False,True,False,True,True,True,False,True
HST F814W,F814W_054_4347082,149.92996853301145,1.9994640847335756,-0.9765910506248474,0.10702028125524521,39.97568893432617,054,True,False,True,False,True,True,True,False,True
HST F814W,F814W_029_1168662,150.20769958628102,1.7583799355369352,-1.2187217473983765,0.14358408749103546,39.97403335571289,029,True,False,True,False,True,True,True,False,True
HST F814W,F814W_067_6121468,149.83333785024087,2.230160942391731,-0.6544914841651917,0.11165063083171844,39.969486236572266,067,True,False,True,False,True,True,True,False,True
HST F814W,F814W_040_2402744,150.3711604086934,1.8313965271159451,-0.15235519409179688,0.1034557893872261,39.96630859375,040,True,False,True,False,True,True,True,False,True
HST F814W,F814W_074_6781652,150.56343085552376,2.357606216340353,-0.3546288311481476,0.12629365921020508,39.96232986450195,074,True,False,True,False,True,True,True,False,True
HST F814W,F814W_052_4067699,150.32561584477452,2.0985629974797213,-0.9903002977371216,0.10872667282819748,39.94987487792969,052,True,False,True,False,True,True,True,False,True
HST F814W,F814W_042_2777995,149.99789484702958,1.8693344934779206,-0.25453004240989685,0.11584538966417313,39.92652893066406,042,True,False,True,False,True,True,True,False,True
HST F814W,F814W_067_6095005,149.84775623419313,2.185845653611663,-1.0157315731048584,0.11150164902210236,39.9161491394043,067,True,False,True,False,True,True,True,False,True
HST F814W,F814W_055_4454919,149.88466955257533,2.011162440320809,-0.9799541234970093,0.10954758524894714,39.906471252441406,055,True,False,True,False,True,True,True,False,True
HST F814W,F814W_079_7468725,149.853611827174,2.294555255968694,-0.626558780670166,0.10957120358943939,39.89112091064453,079,True,False,True,False,True,True,True,False,True
HST F814W,F814W_078_7436778,150.04179081065095,2.398266889072433,-1.0020495653152466,0.11209196597337723,39.86823654174805,078,True,False,True,False,True,True,True,False,True
HST F814W,F814W_067_6246528,149.83743915302975,2.281616483790847,-0.5432117581367493,0.11130039393901825,39.8441047668457,067,True,False,True,False,True,True,True,False,True
HST F814W,F814W_051_3809802,150.48830274657905,2.099668757187972,-0.9630445241928101,0.11147318035364151,39.8408203125,051,True,False,True,False,True,True,True,False,True
HST F814W,F814W_041_2610785,150.0737464589737,1.9152639700129481,-0.8509528636932373,0.10605765134096146,39.82374954223633,041,True,False,True,False,True,True,True,False,True
HST F814W,F814W_063_5321598,150.46976465260997,2.2106082904577042,-0.9056335687637329,0.10651452839374542,39.813514709472656,063,True,False,True,False,True,True,True,False,True
HST F814W,F814W_066_5827361,149.9143456554002,2.158836117334016,-1.0733120441436768,0.12129318714141846,39.812530517578125,066,True,False,True,False,True,True,True,False,True
HST F814W,F814W_089_8393601,150.11568561896803,2.465724690104948,-0.961260199546814,0.11586866527795792,39.78596115112305,089,True,False,True,False,True,True,True,False,True
HST F814W,F814W_053_4307466,150.202565313838,2.1262987467061683,-1.0378004312515259,0.11476024985313416,39.783287048339844,053,True,False,True,False,True,True,True,False,True
HST F814W,F814W_041_2637009,150.21815743973616,1.9591782532393704,-0.8122855424880981,0.1059327945113182,39.7768669128418,041,True,False,True,False,True,True,True,False,True
HST F814W,F814W_042_2737789,150.01506817529045,1.847427718402895,-1.0276657342910767,0.1153876781463623,39.76877975463867,042,True,False,True,False,True,True,True,False,True
HST F814W,F814W_028_0876599,150.2984071648117,1.7316735283518379,-0.7005976438522339,0.11502575874328613,39.75978469848633,028,True,False,True,False,True,True,True,False,True
HST F814W,F814W_066_5792264,149.91838231250787,2.145799365399952,-1.0992132425308228,0.12108182162046432,39.7431526184082,066,True,False,True,False,True,True,True,False,True
HST F814W,F814W_063_5350878,150.5377525082745,2.26733495508159,-0.6090091466903687,0.10632415115833282,39.74235534667969,063,True,False,True,False,True,True,True,False,True
HST F814W,F814W_040_2386724,150.34758474306147,1.8023971231821552,-0.08717301487922668,0.10280489176511765,39.71485900878906,040,True,False,True,False,True,True,True,False,True
HST F814W,F814W_090_8667949,150.00852126278514,2.5496898153972185,-0.9742537140846252,0.10942724347114563,39.70820999145508,090,True,False,True,False,True,True,True,False,True
HST F814W,F814W_065_5754398,150.21040685037417,2.264477277658772,-1.2691781520843506,0.1458049714565277,39.6937141418457,065,True,False,True,False,True,True,True,False,True
HST F814W,F814W_078_7457827,149.96711789711253,2.441871015387414,-0.6772541999816895,0.11159761995077133,39.69240951538086,078,True,False,True,False,True,True,True,False,True
HST F814W,F814W_075_7054553,150.40171533901028,2.444570349475434,-0.9900065660476685,0.10662379860877991,39.66929244995117,075,True,False,True,False,True,True,True,False,True
HST F814W,F814W_090_8642190,150.05653529457143,2.50850584831226,-0.5838557481765747,0.10925162583589554,39.64448547363281,090,True,False,True,False,True,True,True,False,True
HST F814W,F814W_063_5310054,150.50059242849963,2.194804641612157,-0.9529997110366821,0.10604719072580338,39.638832092285156,063,True,False,True,False,True,True,True,False,True
HST F814W,F814W_052_3875050,150.36854686861608,1.9935118764620257,-0.9777399897575378,0.10785160958766937,39.62834930419922,052,True,False,True,False,True,True,True,False,True
HST F814W,F814W_066_5798775,149.9910912878485,2.1495383039485496,-1.0378773212432861,0.12071160972118378,39.621639251708984,066,True,False,True,False,True,True,True,False,True
HST F814W,F814W_053_4280642,150.13547363917428,2.084587435737511,-1.0649014711380005,0.11428391188383102,39.61815643310547,053,True,False,True,False,True,True,True,False,True
HST F814W,F814W_028_0898463,150.32786691988036,1.7389444368698792,-0.2126130610704422,0.11458077281713486,39.60597229003906,028,True,False,True,False,True,True,True,False,True
HST F814W,F814W_089_8390014,150.11614377771215,2.4640522892721304,-1.0587276220321655,0.11533497273921967,39.60270690917969,089,True,False,True,False,True,True,True,False,True
HST F814W,F814W_076_7147278,150.23303702178842,2.4260360921818647,-0.8116480112075806,0.10414385795593262,39.59814453125,076,True,False,True,False,True,True,True,False,True
HST F814W,F814W_051_3857146,150.49204382738006,2.1196903315154834,-0.5118536353111267,0.11078173667192459,39.59369659423828,051,True,False,True,False,True,True,True,False,True
HST F814W,F814W_067_6155532,149.80734017418237,2.2433769908415004,0.27629154920578003,0.11057008802890778,39.582664489746094,067,True,False,True,False,True,True,True,False,True
HST F814W,F814W_075_7032912,150.5598009454544,2.4048244028113057,-0.9732564687728882,0.10633069276809692,39.56024169921875,075,True,False,True,False,True,True,True,False,True
HST F814W,F814W_053_4155862,150.09237325771247,1.9894459692591757,-0.9771817922592163,0.11407537013292313,39.54586410522461,053,True,False,True,False,True,True,True,False,True
HST F814W,F814W_052_4038663,150.36373223135755,2.074311139264196,-0.9688201546669006,0.10762517899274826,39.54515075683594,052,True,False,True,False,True,True,True,False,True
HST F814W,F814W_056_4695345,149.71406873865052,2.040817447746786,-1.0399123430252075,0.11428546905517578,39.523929595947266,056,True,False,True,False,True,True,True,False,True
HST F814W,F814W_042_2737729,150.01507165461294,1.8473885803427512,-0.9973304271697998,0.11464770138263702,39.51374435424805,042,True,False,True,False,True,True,True,False,True
HST F814W,F814W_043_2916010,149.87697732574188,1.8924913927405405,-0.48983004689216614,0.10529386252164841,39.49918746948242,043,True,False,True,False,True,True,True,False,True
HST F814W,F814W_078_7439986,149.93518993833322,2.4041652014360206,-0.758994460105896,0.11103902012109756,39.49373245239258,078,True,False,True,False,True,True,True,False,True
HST F814W,F814W_028_1020080,150.35175107576254,1.7780084555427327,-0.7527429461479187,0.1142282634973526,39.48412322998047,028,True,False,True,False,True,True,True,False,True
HST F814W,F814W_063_5345938,150.52632032722548,2.25629448600751,-0.9519303441047668,0.10563088208436966,39.48322296142578,063,True,False,True,False,True,True,True,False,True
HST F814W,F814W_079_7511275,149.84266572880233,2.385984301033394,-0.6864047646522522,0.10843165218830109,39.47624969482422,079,True,False,True,False,True,True,True,False,True
HST F814W,F814W_040_2407516,150.3906190114278,1.8384532976498738,-0.5654340386390686,0.10217535495758057,39.47166061401367,040,True,False,True,False,True,True,True,False,True
HST F814W,F814W_076_7165873,150.22630595330082,2.456062487164987,-0.8949354887008667,0.1038069799542427,39.470054626464844,076,True,False,True,False,True,True,True,False,True
HST F814W,F814W_040_2381386,150.34151931396426,1.7925299711327538,0.6862223744392395,0.1021663248538971,39.46817398071289,040,True,False,True,False,True,True,True,False,True
HST F814W,F814W_079_7511330,149.82164852966307,2.386080679014811,-0.9729672074317932,0.10835236310958862,39.447383880615234,079,True,False,True,False,True,True,True,False,True
HST F814W,F814W_064_5583800,150.36926395701246,2.2679074319534127,-0.7668492794036865,0.10766562074422836,39.446083068847656,064,True,False,True,False,True,True,True,False,True
HST F814W,F814W_065_5753468,150.16956621568326,2.2638090394157575,-1.0608569383621216,0.14486205577850342,39.43701934814453,065,True,False,True,False,True,True,True,False,True
HST F814W,F814W_063_5334930,150.5332778520985,2.2355678520091566,-0.7976543307304382,0.10549803823232651,39.43356704711914,063,True,False,True,False,True,True,True,False,True
HST F814W,F814W_043_2950689,149.78389860630207,1.9582546287102844,-0.9509201049804688,0.10509268939495087,39.42372131347656,043,True,False,True,False,True,True,True,False,True
HST F814W,F814W_066_5892142,149.95652272770658,2.186529759121007,-0.6491861343383789,0.12009948492050171,39.420719146728516,066,True,False,True,False,True,True,True,False,True
HST F814W,F814W_054_4317141,149.97834783564633,1.9640871999439136,-0.788462221622467,0.10545020550489426,39.38921356201172,054,True,False,True,False,True,True,True,False,True
HST F814W,F814W_065_5636243,150.09284240196664,2.1662417726608196,-0.910991907119751,0.14468221366405487,39.388057708740234,065,True,False,True,False,True,True,True,False,True
HST F814W,F814W_053_4269732,150.09211726838132,2.050255640927142,-0.7901012897491455,0.11361019313335419,39.38460159301758,053,True,False,True,False,True,True,True,False,True
HST F814W,F814W_066_5851392,150.06191697674802,2.169618010467745,-1.0007681846618652,0.11993598192930222,39.36705017089844,066,True,False,True,False,True,True,True,False,True
HST F814W,F814W_028_1022774,150.34165604671009,1.7852126905866776,-0.42215362191200256,0.11387128382921219,39.3607292175293,028,True,False,True,False,True,True,True,False,True
HST F814W,F814W_054_4430919,149.94135681942535,2.127128385025823,-0.8748602867126465,0.10531594604253769,39.33906555175781,054,True,False,True,False,True,True,True,False,True
HST F814W,F814W_041_2573697,150.16581725024338,1.8585872964352759,-0.7824914455413818,0.104684017598629,39.30796432495117,041,True,False,True,False,True,True,True,False,True
HST F814W,F814W_040_2381484,150.34511290501848,1.7926641194301498,-0.24067077040672302,0.1017247810959816,39.29759979248047,040,True,False,True,False,True,True,True,False,True
HST F814W,F814W_090_8709451,150.03278392216546,2.61252104203995,-0.9509530067443848,0.10823918133974075,39.277095794677734,090,True,False,True,False,True,True,True,False,True
HST F814W,F814W_074_6934248,150.58572171489917,2.4397297039481756,-1.0288748741149902,0.12411436438560486,39.27275085449219,074,True,False,True,False,True,True,True,False,True
HST F814W,F814W_074_6940849,150.61085408711392,2.4428059927425596,-1.1353768110275269,0.1241050437092781,39.26980209350586,074,True,False,True,False,True,True,True,False,True
HST F814W,F814W_042_2821783,150.00722007490677,1.9348307614497684,-1.011248230934143,0.1139170303940773,39.26191329956055,042,True,False,True,False,True,True,True,False,True
HST F814W,F814W_043_2920194,149.82000759923886,1.902159846539715,-0.9171852469444275,0.10456391423940659,39.22536087036133,043,True,False,True,False,True,True,True,False,True
HST F814W,F814W_067_6095025,149.84774230624666,2.18585733312301,-0.943490207195282,0.10955950617790222,39.220890045166016,067,True,False,True,False,True,True,True,False,True
HST F814W,F814W_043_2916060,149.852236645057,1.892599470716058,-0.5099695324897766,0.10454544425010681,39.21842956542969,043,True,False,True,False,True,True,True,False,True
HST F814W,F814W_102_10357813,149.92961519883,2.693874434178506,-0.9992357492446899,0.11149786412715912,39.194583892822266,102,True,False,True,False,True,True,True,False,True
HST F814W,F814W_077_7280437,150.2267561200863,2.455996777689647,-0.9235432744026184,0.10406176000833511,39.19218826293945,077,True,False,True,False,True,True,True,False,True
HST F814W,F814W_090_8654881,149.97291602249177,2.531725356946908,-0.5759192109107971,0.1080012395977974,39.19075393676758,090,True,False,True,False,True,True,True,False,True
HST F814W,F814W_051_3799937,150.456105853781,2.096718377260364,-0.8772842884063721,0.10958981513977051,39.16769790649414,051,True,False,True,False,True,True,True,False,True
HST F814W,F814W_041_2556414,150.0623174906733,1.8283892830717003,-0.5963577628135681,0.10430905967950821,39.167171478271484,041,True,False,True,False,True,True,True,False,True
HST F814W,F814W_076_7143587,150.26580034289756,2.4217622821418114,-0.9011161923408508,0.1029815599322319,39.15620803833008,076,True,False,True,False,True,True,True,False,True
HST F814W,F814W_041_2501278,150.15967911475886,1.7910285366818832,-0.9115630388259888,0.10420757532119751,39.12906265258789,041,True,False,True,False,True,True,True,False,True
HST F814W,F814W_055_4615067,149.76312463830982,2.122475240805264,-0.9007423520088196,0.10737250000238419,39.1141242980957,055,True,False,True,False,True,True,True,False,True
HST F814W,F814W_043_2942694,149.7659790787705,1.9394867387674306,-0.9020944833755493,0.1042635589838028,39.11268615722656,043,True,False,True,False,True,True,True,False,True
HST F814W,F814W_077_7201883,150.0999913659349,2.3430343140331447,-0.81489497423172,0.10379864275455475,39.09309387207031,077,True,False,True,False,True,True,True,False,True
HST F814W,F814W_063_5295474,150.50450697379287,2.169307946647952,-0.7071340680122375,0.10458499193191528,39.09228515625,063,True,False,True,False,True,True,True,False,True
HST F814W,F814W_063_5323344,150.49230296991217,2.213721475970464,-0.7079527378082275,0.10456870496273041,39.08619689941406,063,True,False,True,False,True,True,True,False,True
HST F814W,F814W_040_2493691,150.3296986251157,1.9509803149044003,-0.8383918404579163,0.10116750746965408,39.08231735229492,040,True,False,True,False,True,True,True,False,True
HST F814W,F814W_063_5340020,150.53935545104144,2.2446259476605626,-0.8936203122138977,0.10454951971769333,39.07902526855469,063,True,False,True,False,True,True,True,False,True
HST F814W,F814W_051_3804005,150.48867324129148,2.0979671804336286,-1.006510853767395,0.10926060378551483,39.0500373840332,051,True,False,True,False,True,True,True,False,True
HST F814W,F814W_063_5353544,150.5340673863959,2.2721142899215243,-0.7458208799362183,0.10446543246507645,39.0475959777832,063,True,False,True,False,True,True,True,False,True
HST F814W,F814W_088_8299183,150.26436557958777,2.55898047317755,-0.8138138055801392,0.10945538431406021,39.023868560791016,088,True,False,True,False,True,True,True,False,True
HST F814W,F814W_041_2534099,150.18723021395513,1.8043527579517311,-0.5826420783996582,0.10390138626098633,39.01409149169922,041,True,False,True,False,True,True,True,False,True
HST F814W,F814W_051_3688700,150.42211748910321,2.0238874440482255,-0.746498703956604,0.10915853828191757,39.0135612487793,051,True,False,True,False,True,True,True,False,True
HST F814W,F814W_087_8128365,150.43593927424638,2.4645546850283506,-0.653165340423584,0.10409285128116608,39.0069465637207,087,True,False,True,False,True,True,True,False,True
HST F814W,F814W_077_7243392,150.06078902910778,2.407727710480089,-0.5848645567893982,0.10346560180187225,38.9676628112793,077,True,False,True,False,True,True,True,False,True
HST F814W,F814W_053_4084306,150.19686848762856,1.9620601622518954,-0.943339467048645,0.1123911663889885,38.96200942993164,053,True,False,True,False,True,True,True,False,True
HST F814W,F814W_043_2934934,149.74542705629995,1.926556728624075,-0.8616213798522949,0.10378244519233704,38.93220520019531,043,True,False,True,False,True,True,True,False,True
HST F814W,F814W_074_6734702,150.57099066760267,2.3314987012015247,-0.5108851790428162,0.12302689999341965,38.92864990234375,074,True,False,True,False,True,True,True,False,True
HST F814W,F814W_090_8683133,149.98632726233674,2.5750181235233884,-0.9575729966163635,0.10723686218261719,38.91337966918945,090,True,False,True,False,True,True,True,False,True
HST F814W,F814W_090_8714500,150.02824193882736,2.6206498193869168,-0.9896372556686401,0.10720179975032806,38.900657653808594,090,True,False,True,False,True,True,True,False,True
HST F814W,F814W_054_4345955,149.9295927703895,1.9986431419378212,-0.9544329643249512,0.10413781553506851,38.898990631103516,054,True,False,True,False,True,True,True,False,True
HST F814W,F814W_028_0950868,150.32672701010102,1.7558468002052592,-0.192590594291687,0.11248147487640381,38.88032913208008,028,True,False,True,False,True,True,True,False,True
HST F814W,F814W_064_5392151,150.30825863945336,2.174184223588444,-0.8909010887145996,0.10610507428646088,38.87433624267578,064,True,False,True,False,True,True,True,False,True
HST F814W,F814W_075_6980131,150.46031037611277,2.296587750167244,-0.902729332447052,0.10446461290121078,38.865970611572266,075,True,False,True,False,True,True,True,False,True
HST F814W,F814W_054_4346026,149.92956374232,1.9986990092274484,-0.9396732449531555,0.10403671860694885,38.861228942871094,054,True,False,True,False,True,True,True,False,True
HST F814W,F814W_028_0955545,150.33860102073405,1.7572492219906488,-0.43639805912971497,0.11240629851818085,38.85434341430664,028,True,False,True,False,True,True,True,False,True
HST F814W,F814W_042_2702383,150.04856971333425,1.8188210020836386,-0.7911672592163086,0.11267820000648499,38.83494567871094,042,True,False,True,False,True,True,True,False,True
HST F814W,F814W_043_2942508,149.8184693584562,1.9393541761300634,-0.9725368618965149,0.10350552946329117,38.82832336425781,043,True,False,True,False,True,True,True,False,True
HST F814W,F814W_063_5337001,150.52726276861037,2.2391712098007317,-0.32890084385871887,0.10382036864757538,38.806480407714844,063,True,False,True,False,True,True,True,False,True
HST F814W,F814W_041_2535265,150.22502868900014,1.8050360949389268,-0.8961783647537231,0.10333488136529922,38.80137252807617,041,True,False,True,False,True,True,True,False,True
HST F814W,F814W_063_5279565,150.45835842788526,2.1366230812091604,-0.8463447690010071,0.1037936881184578,38.7965087890625,063,True,False,True,False,True,True,True,False,True
HST F814W,F814W_051_3806479,150.48805307236395,2.0986658785342494,-0.9292301535606384,0.108540840446949,38.79279327392578,051,True,False,True,False,True,True,True,False,True
HST F814W,F814W_063_5359564,150.54693202769067,2.282657922117698,-0.1502174735069275,0.1036696508526802,38.750144958496094,063,True,False,True,False,True,True,True,False,True
HST F814W,F814W_053_4280467,150.1366369513565,2.0842991248688683,-1.0480189323425293,0.11176613718271255,38.74533462524414,053,True,False,True,False,True,True,True,False,True
HST F814W,F814W_067_6104123,149.85394450554625,2.206514786798012,-0.8666050434112549,0.10822830349206924,38.74433517456055,067,True,False,True,False,True,True,True,False,True
HST F814W,F814W_041_2555038,150.17300335773737,1.8262226190674493,-0.7402529716491699,0.10317976772785187,38.74312973022461,041,True,False,True,False,True,True,True,False,True
HST F814W,F814W_066_6007730,149.99527614169915,2.255547867687222,0.05268870294094086,0.11802501231431961,38.73980712890625,066,True,False,True,False,True,True,True,False,True
HST F814W,F814W_042_2727281,150.01418867959873,1.8426915385756577,-0.9648329615592957,0.1123608723282814,38.72557830810547,042,True,False,True,False,True,True,True,False,True
HST F814W,F814W_065_5726395,150.13337148909278,2.241369897101301,-1.0880546569824219,0.14223487675189972,38.721797943115234,065,True,False,True,False,True,True,True,False,True
HST F814W,F814W_067_6075615,149.8360163395076,2.1413500904967435,-0.7315889000892639,0.10816147923469543,38.72041320800781,067,True,False,True,False,True,True,True,False,True
HST F814W,F814W_089_8484649,150.21645072175926,2.54862275858796,-0.9468981623649597,0.11272455751895905,38.70636749267578,089,True,False,True,False,True,True,True,False,True
HST F814W,F814W_041_2506184,150.16019763297342,1.7918753764997868,-0.9105551242828369,0.10300558805465698,38.67772674560547,041,True,False,True,False,True,True,True,False,True
HST F814W,F814W_056_4726246,149.6948731473443,2.0652742941007287,-0.7501503825187683,0.1117282509803772,38.63955307006836,056,True,False,True,False,True,True,True,False,True
HST F814W,F814W_055_4472587,149.81571171940348,2.0588321988540916,-0.7823567986488342,0.10606736689805984,38.6386833190918,055,True,False,True,False,True,True,True,False,True
HST F814W,F814W_063_5347974,150.54100621375758,2.260683764485413,-0.7317970991134644,0.10336574167013168,38.63654708862305,063,True,False,True,False,True,True,True,False,True
HST F814W,F814W_041_2570081,150.15973797959126,1.8528168668835368,-0.4900929033756256,0.1028691828250885,38.62650680541992,041,True,False,True,False,True,True,True,False,True
HST F814W,F814W_089_8476280,150.21742293146622,2.5369630821584583,-0.7924901843070984,0.11246325820684433,38.616641998291016,089,True,False,True,False,True,True,True,False,True
HST F814W,F814W_043_2920137,149.819995109259,1.9020772875261989,-0.9447017908096313,0.10293188691139221,38.61313247680664,043,True,False,True,False,True,True,True,False,True
HST F814W,F814W_087_8133996,150.52956288353835,2.475292369120406,-0.7868548631668091,0.10303699970245361,38.61128616333008,087,True,False,True,False,True,True,True,False,True
HST F814W,F814W_075_6987796,150.55717776214445,2.31932356465777,-0.8546382188796997,0.1037798523902893,38.6112060546875,075,True,False,True,False,True,True,True,False,True
HST F814W,F814W_054_4416321,150.05141253588087,2.102232414056927,-0.8057013750076294,0.1033451110124588,38.60289001464844,054,True,False,True,False,True,True,True,False,True
HST F814W,F814W_090_8685870,149.99464052633445,2.5788504749768384,-0.7753469944000244,0.10636401921510696,38.596649169921875,090,True,False,True,False,True,True,True,False,True
HST F814W,F814W_042_2737447,150.01512360245954,1.847247593616611,-1.0287048816680908,0.11194998770952225,38.58396530151367,042,True,False,True,False,True,True,True,False,True
HST F814W,F814W_089_8485597,150.21706509213118,2.549499914937466,-0.9548028707504272,0.11230918765068054,38.56373977661133,089,True,False,True,False,True,True,True,False,True
HST F814W,F814W_077_7257228,150.07062786790004,2.4316323486289635,-0.867421567440033,0.10234637558460236,38.54613494873047,077,True,False,True,False,True,True,True,False,True
HST F814W,F814W_102_10357985,149.92902436749984,2.6941064459835133,-0.8572026491165161,0.10959029197692871,38.52402114868164,102,True,False,True,False,True,True,True,False,True
HST F814W,F814W_055_4432688,149.7544437040192,1.95952381128895,-0.7609258890151978,0.10574289411306381,38.52048110961914,055,True,False,True,False,True,True,True,False,True
HST F814W,F814W_077_7177439,150.20379575847312,2.2965534973947626,-0.47989872097969055,0.10227770358324051,38.52027130126953,077,True,False,True,False,True,True,True,False,True
HST F814W,F814W_075_7025949,150.43847388690887,2.394842081314323,-0.9111761450767517,0.10339999198913574,38.469879150390625,075,True,False,True,False,True,True,True,False,True
HST F814W,F814W_055_4454466,149.88311751670776,2.010257777347282,-0.9529411792755127,0.10559961944818497,38.46828842163086,055,True,False,True,False,True,True,True,False,True
HST F814W,F814W_067_6205028,149.8728116264095,2.261395556914423,-0.9543646574020386,0.10745622962713242,38.46794128417969,067,True,False,True,False,True,True,True,False,True
HST F814W,F814W_063_5279832,150.49779274458277,2.137132865278452,-0.10906554758548737,0.10290707647800446,38.46510696411133,063,True,False,True,False,True,True,True,False,True
HST F814W,F814W_053_4157250,150.0919691697006,1.9898219550929734,-0.9876976013183594,0.11092638969421387,38.4542236328125,053,True,False,True,False,True,True,True,False,True
HST F814W,F814W_075_7046974,150.41636606772244,2.4299380193688354,-0.9493815302848816,0.10331454873085022,38.438087463378906,075,True,False,True,False,True,True,True,False,True
HST F814W,F814W_043_2927752,149.85573621339248,1.9164016138534417,-0.7855271100997925,0.10245242714881897,38.43326950073242,043,True,False,True,False,True,True,True,False,True
HST F814W,F814W_074_6895450,150.58902619649115,2.419428454575585,-1.0761232376098633,0.12145417928695679,38.43100357055664,074,True,False,True,False,True,True,True,False,True
HST F814W,F814W_102_10332827,150.01240555552036,2.642120141835495,-0.8972353339195251,0.10929132252931595,38.41892623901367,102,True,False,True,False,True,True,True,False,True
HST F814W,F814W_063_5347995,150.52724216816787,2.2607364497686984,-0.4860787093639374,0.10277874022722244,38.417137145996094,063,True,False,True,False,True,True,True,False,True
HST F814W,F814W_055_4452426,149.79718840298534,2.007029549481098,-0.27577048540115356,0.10541610419750214,38.40143966674805,055,True,False,True,False,True,True,True,False,True
HST F814W,F814W_041_2561212,150.1603173024546,1.8374557519242356,-0.8777343034744263,0.10225965827703476,38.39763641357422,041,True,False,True,False,True,True,True,False,True
HST F814W,F814W_075_7052752,150.51949815675982,2.441200324908495,-0.8758226037025452,0.1030883938074112,38.353946685791016,075,True,False,True,False,True,True,True,False,True
HST F814W,F814W_067_6248464,149.79442156382726,2.287378225864727,-0.7009101510047913,0.10707392543554306,38.33108139038086,067,True,False,True,False,True,True,True,False,True
HST F814W,F814W_089_8485095,150.21616709037065,2.5490454775542717,-1.0392341613769531,0.11161614954471588,38.32577133178711,089,True,False,True,False,True,True,True,False,True
HST F814W,F814W_091_8751715,149.86251758340725,2.5158845995417463,-0.9590670466423035,0.10744564235210419,38.31922912597656,091,True,False,True,False,True,True,True,False,True
HST F814W,F814W_078_7444400,150.0094333998212,2.414819647943988,-0.8457019329071045,0.10771585255861282,38.311767578125,078,True,False,True,False,True,True,True,False,True
HST F814W,F814W_052_3887487,150.35689390826565,2.0198430023454597,-0.960780918598175,0.10425081849098206,38.305294036865234,052,True,False,True,False,True,True,True,False,True
HST F814W,F814W_041_2561262,150.16040356954466,1.837529920780146,-0.9024959802627563,0.1019425317645073,38.278560638427734,041,True,False,True,False,True,True,True,False,True
HST F814W,F814W_054_4351901,150.0405016874444,2.0034550325532865,-0.9208166599273682,0.10235767066478729,38.234046936035156,054,True,False,True,False,True,True,True,False,True
HST F814W,F814W_067_6092953,149.7560289290728,2.181920307695926,-0.6370037794113159,0.10679583996534348,38.23153305053711,067,True,False,True,False,True,True,True,False,True
HST F814W,F814W_044_3151313,149.7251752227899,1.934081433770247,-0.9552043676376343,0.1099606305360794,38.19712448120117,044,True,False,True,False,True,True,True,False,True
HST F814W,F814W_054_4423897,150.01011762176802,2.1154319354596187,-0.8721169233322144,0.10220281034708023,38.17620086669922,054,True,False,True,False,True,True,True,False,True
HST F814W,F814W_067_6094233,149.79577143747312,2.184749168809254,-0.9826263785362244,0.1066080778837204,38.16431427001953,067,True,False,True,False,True,True,True,False,True
HST F814W,F814W_075_7022836,150.48080470258606,2.3895416753559626,-0.8363543748855591,0.10253676027059555,38.148712158203125,075,True,False,True,False,True,True,True,False,True
HST F814W,F814W_039_2368857,150.40258457610776,1.9314086088453466,-0.9743411540985107,0.10770615190267563,38.14584732055664,039,True,False,True,False,True,True,True,False,True
HST F814W,F814W_051_3674718,150.43416888711783,1.9898500764532236,-0.724455714225769,0.10672103613615036,38.142391204833984,051,True,False,True,False,True,True,True,False,True
HST F814W,F814W_043_2934245,149.7916003514649,1.9255288903282164,-0.43215614557266235,0.10166335105895996,38.137264251708984,043,True,False,True,False,True,True,True,False,True
HST F814W,F814W_078_7451435,150.01821715112277,2.430429891144824,-0.9978756308555603,0.10720399767160416,38.12971115112305,078,True,False,True,False,True,True,True,False,True
HST F814W,F814W_091_8731802,149.88632768229525,2.4789452361575735,-0.9709632396697998,0.10691408067941666,38.12965393066406,091,True,False,True,False,True,True,True,False,True
HST F814W,F814W_078_7458057,149.99780581947698,2.4421474016907747,-0.9317761659622192,0.10716704279184341,38.11656951904297,078,True,False,True,False,True,True,True,False,True
HST F814W,F814W_054_4405976,150.04897343322045,2.0827530249579813,-0.45845770835876465,0.10203646868467331,38.11406707763672,054,True,False,True,False,True,True,True,False,True
HST F814W,F814W_075_7061267,150.39663251299854,2.4566930649813816,-0.5960409641265869,0.10239232331514359,38.094974517822266,075,True,False,True,False,True,True,True,False,True
HST F814W,F814W_067_6094148,149.79578974350486,2.1846021901584343,-0.9677976369857788,0.10636415332555771,38.07699203491211,067,True,False,True,False,True,True,True,False,True
HST F814W,F814W_078_7435351,150.03898370985334,2.396826663958916,-0.9688556790351868,0.10700778663158417,38.0599250793457,078,True,False,True,False,True,True,True,False,True
HST F814W,F814W_074_6734830,150.5695217647371,2.331575493899494,-0.9967426061630249,0.12019924819469452,38.033912658691406,074,True,False,True,False,True,True,True,False,True
HST F814W,F814W_075_7016544,150.5090368164221,2.3773160121473706,-0.9053195118904114,0.10222630202770233,38.033206939697266,075,True,False,True,False,True,True,True,False,True
HST F814W,F814W_091_8724979,149.8829659019447,2.4686228361796023,-0.8975272178649902,0.10662804543972015,38.02764129638672,091,True,False,True,False,True,True,True,False,True
HST F814W,F814W_079_7472919,149.78239327688655,2.303601701993521,-0.5449494123458862,0.10440044105052948,38.00862503051758,079,True,False,True,False,True,True,True,False,True
HST F814W,F814W_042_2704063,150.03696852566026,1.8226771979865843,-0.7013490796089172,0.11027935147285461,38.008174896240234,042,True,False,True,False,True,True,True,False,True
HST F814W,F814W_041_2592706,150.1192132132723,1.886764326705406,-0.8985608220100403,0.10119419544935226,37.99756622314453,041,True,False,True,False,True,True,True,False,True
HST F814W,F814W_052_4067708,150.32567342104693,2.098582309252559,-0.9417901039123535,0.10338541865348816,37.98731994628906,052,True,False,True,False,True,True,True,False,True
HST F814W,F814W_075_6987744,150.55705024529075,2.319236978022807,-0.8495206236839294,0.10209915786981583,37.985904693603516,075,True,False,True,False,True,True,True,False,True
HST F814W,F814W_042_2706193,150.02465917903177,1.8276582758359223,-0.9755445122718811,0.11021094769239426,37.98460006713867,042,True,False,True,False,True,True,True,False,True
HST F814W,F814W_076_7103325,150.3525560446228,2.358812132749192,-0.7543908357620239,0.0998784676194191,37.97633361816406,076,True,False,True,False,True,True,True,False,True
HST F814W,F814W_056_4701549,149.70226370642683,2.0454839184042806,-0.46637821197509766,0.1098027303814888,37.97364044189453,056,True,False,True,False,True,True,True,False,True
HST F814W,F814W_066_5798912,149.9911126600471,2.149598280684825,-1.0456702709197998,0.11565513908863068,37.96193313598633,066,True,False,True,False,True,True,True,False,True
HST F814W,F814W_063_5295484,150.50443641225078,2.169345895163798,-0.8430134057998657,0.101557157933712,37.96052551269531,063,True,False,True,False,True,True,True,False,True
HST F814W,F814W_066_5824381,149.91572920181542,2.1578881885722865,-0.918498158454895,0.11562683433294296,37.952640533447266,066,True,False,True,False,True,True,True,False,True
HST F814W,F814W_063_5310255,150.51911988025236,2.195145775417086,-0.911948561668396,0.1015198677778244,37.94658660888672,063,True,False,True,False,True,True,True,False,True
HST F814W,F814W_043_2936322,149.75065993176275,1.928742546480147,-0.7816997766494751,0.1011514961719513,37.945247650146484,043,True,False,True,False,True,True,True,False,True
HST F814W,F814W_074_6783236,150.56716201447597,2.3585357080108325,-0.7422541975975037,0.11986932158470154,37.92951583862305,074,True,False,True,False,True,True,True,False,True
HST F814W,F814W_075_6989501,150.47583963123964,2.3231838593379384,-0.7574325203895569,0.10193455964326859,37.92466735839844,075,True,False,True,False,True,True,True,False,True
HST F814W,F814W_079_7481768,149.88084848138377,2.324050802846507,-0.9483613967895508,0.10416287183761597,37.92213439941406,079,True,False,True,False,True,True,True,False,True
HST F814W,F814W_078_7422031,150.02748902922343,2.373752732537796,-0.9620130062103271,0.10661906749010086,37.921669006347656,078,True,False,True,False,True,True,True,False,True
HST F814W,F814W_043_2952298,149.78513244721523,1.9600411392034485,-0.9315353035926819,0.10108628869056702,37.9207878112793,043,True,False,True,False,True,True,True,False,True
HST F814W,F814W_079_7483621,149.8524648003044,2.328112961238453,-0.8446744680404663,0.10414603352546692,37.9160041809082,079,True,False,True,False,True,True,True,False,True
HST F814W,F814W_043_2950363,149.78426073073132,1.957715135854866,-0.7285188436508179,0.10105066746473312,37.90742492675781,043,True,False,True,False,True,True,True,False,True
HST F814W,F814W_044_3155061,149.6983578522615,1.9440554810876423,-0.6567125916481018,0.10910817235708237,37.901004791259766,044,True,False,True,False,True,True,True,False,True
HST F814W,F814W_040_2472852,150.3904750279661,1.9224962776053132,-0.7476978898048401,0.09808196872472763,37.89033126831055,040,True,False,True,False,True,True,True,False,True
HST F814W,F814W_052_3868328,150.24285986689054,1.9787447035021992,-0.9405298233032227,0.10311943292617798,37.88958740234375,052,True,False,True,False,True,True,True,False,True
HST F814W,F814W_054_4413681,149.94225383309558,2.097471176197185,-0.48876380920410156,0.10142384469509125,37.885231018066406,054,True,False,True,False,True,True,True,False,True
HST F814W,F814W_090_8669282,150.00904840685573,2.5508481231679734,-0.9455687999725342,0.10438795387744904,37.87958908081055,090,True,False,True,False,True,True,True,False,True
HST F814W,F814W_040_2469671,150.38542360035433,1.9173422729022807,-0.25335127115249634,0.09803856909275055,37.873565673828125,040,True,False,True,False,True,True,True,False,True
HST F814W,F814W_091_8751683,149.86267462877416,2.5158701205296845,-0.9879341721534729,0.10617648810148239,37.866600036621094,091,True,False,True,False,True,True,True,False,True
HST F814W,F814W_063_5345905,150.52623476862604,2.2562106174557157,-0.9115673303604126,0.10128843784332275,37.860084533691406,063,True,False,True,False,True,True,True,False,True
HST F814W,F814W_044_3155137,149.6981867290624,1.944232432443733,-0.49962952733039856,0.10895264893770218,37.846981048583984,044,True,False,True,False,True,True,True,False,True
HST F814W,F814W_055_4462646,149.86121468558184,2.0345659781940078,-0.5170895457267761,0.10388366132974625,37.84319305419922,055,True,False,True,False,True,True,True,False,True
HST F814W,F814W_089_8468213,150.1854060621619,2.508477913836441,-0.601324200630188,0.1101497933268547,37.822265625,089,True,False,True,False,True,True,True,False,True
HST F814W,F814W_052_3887510,150.35689277461574,2.0198571583338993,-0.9355618953704834,0.10292010009288788,37.81634521484375,052,True,False,True,False,True,True,True,False,True
HST F814W,F814W_076_7143061,150.26912232311668,2.421382313057071,-0.8868846893310547,0.09942599385976791,37.804290771484375,076,True,False,True,False,True,True,True,False,True
HST F814W,F814W_090_8659611,150.02821379405358,2.538858518766224,-0.929273247718811,0.10416668653488159,37.79929733276367,090,True,False,True,False,True,True,True,False,True
HST F814W,F814W_051_3665730,150.43671587481853,1.966165131781823,-0.8537995219230652,0.10575012117624283,37.79538345336914,051,True,False,True,False,True,True,True,False,True
HST F814W,F814W_041_2553619,150.18700909563967,1.8238908635309325,-0.45160892605781555,0.10063718259334564,37.78841018676758,041,True,False,True,False,True,True,True,False,True
HST F814W,F814W_066_5832504,150.00215944914245,2.160953267854759,-0.8413997292518616,0.11505633592605591,37.765384674072266,066,True,False,True,False,True,True,True,False,True
HST F814W,F814W_054_4418604,149.90967154239888,2.106125305013448,0.527624785900116,0.10101571679115295,37.732784271240234,054,True,False,True,False,True,True,True,False,True
HST F814W,F814W_063_5327677,150.40416338984753,2.2225839021084575,-0.45298007130622864,0.10092490166425705,37.72419738769531,063,True,False,True,False,True,True,True,False,True
HST F814W,F814W_075_6986890,150.5624950522257,2.3168696552527623,-0.8690100312232971,0.10137950628995895,37.71815872192383,075,True,False,True,False,True,True,True,False,True
HST F814W,F814W_076_7144163,150.2630494948118,2.4221694190128913,-0.8496541380882263,0.09912950545549393,37.691558837890625,076,True,False,True,False,True,True,True,False,True
HST F814W,F814W_064_5574076,150.37358876582752,2.2570714245644745,0.3580194115638733,0.10283198207616806,37.67515563964844,064,True,False,True,False,True,True,True,False,True
HST F814W,F814W_063_5340071,150.53907569958633,2.2447232669822546,-0.8742541670799255,0.10065335035324097,37.62269592285156,063,True,False,True,False,True,True,True,False,True
HST F814W,F814W_028_0945408,150.31835760209947,1.7542043674213288,-0.8789043426513672,0.10880155116319656,37.60832595825195,028,True,False,True,False,True,True,True,False,True
HST F814W,F814W_041_2506271,150.15814127022048,1.7919096252574,-0.8926632404327393,0.10013226419687271,37.598819732666016,041,True,False,True,False,True,True,True,False,True
HST F814W,F814W_065_5672358,150.10181650799942,2.2010131632570857,-0.9627442359924316,0.1380951702594757,37.594810485839844,065,True,False,True,False,True,True,True,False,True
HST F814W,F814W_077_7197893,150.09218029041497,2.3373136629351685,-0.7752377390861511,0.09980606287717819,37.58938980102539,077,True,False,True,False,True,True,True,False,True
HST F814W,F814W_067_6106725,149.81732458470353,2.2135379239950144,-0.8063493967056274,0.10499613732099533,37.58726119995117,067,True,False,True,False,True,True,True,False,True
HST F814W,F814W_054_4357226,149.8920113027313,2.007940877517731,-0.3266042172908783,0.10062526166439056,37.58693313598633,054,True,False,True,False,True,True,True,False,True
HST F814W,F814W_054_4346898,149.92968309486088,1.999325769466989,-0.8695138692855835,0.10057082772254944,37.56660079956055,054,True,False,True,False,True,True,True,False,True
HST F814W,F814W_074_6914218,150.59591181691792,2.4295594355698023,-0.6700332164764404,0.11870601028203964,37.56141662597656,074,True,False,True,False,True,True,True,False,True
HST F814W,F814W_041_2594612,150.22151967509873,1.8899055019958135,-0.5067172646522522,0.09998220950365067,37.54247283935547,041,True,False,True,False,True,True,True,False,True
HST F814W,F814W_063_5289028,150.4778355712017,2.155128013257518,-0.7407364845275879,0.10042192786931992,37.53619384765625,063,True,False,True,False,True,True,True,False,True
HST F814W,F814W_028_1023216,150.29170006521912,1.7866588191640664,-0.9362654685974121,0.10856098681688309,37.52517318725586,028,True,False,True,False,True,True,True,False,True
HST F814W,F814W_077_7243477,150.21906712963374,2.4078746618275217,-0.9273474216461182,0.09963518381118774,37.52503204345703,077,True,False,True,False,True,True,True,False,True
HST F814W,F814W_076_7144762,150.26847050537054,2.4226581765546116,-0.8897149562835693,0.09868533909320831,37.52267837524414,076,True,False,True,False,True,True,True,False,True
HST F814W,F814W_079_7506370,149.87936272984902,2.374729533893301,-0.8424071073532104,0.10306347161531448,37.521881103515625,079,True,False,True,False,True,True,True,False,True
HST F814W,F814W_041_2551068,150.108842586404,1.8201275745830163,-0.4473763704299927,0.09991276264190674,37.51639938354492,041,True,False,True,False,True,True,True,False,True
HST F814W,F814W_077_7257578,150.07256382697355,2.4320417646307035,-0.8616418242454529,0.09957059472799301,37.500709533691406,077,True,False,True,False,True,True,True,False,True
HST F814W,F814W_029_1176744,150.20716649941528,1.7640274812036583,-0.5624855160713196,0.13450007140636444,37.445030212402344,029,True,False,True,False,True,True,True,False,True
HST F814W,F814W_074_6754965,150.56964602437145,2.3421639307160174,-0.5593640804290771,0.11830742657184601,37.43529510498047,074,True,False,True,False,True,True,True,False,True
HST F814W,F814W_042_2732307,149.9700191165128,1.8451564844342268,0.010596645064651966,0.10861394554376602,37.43418502807617,042,True,False,True,False,True,True,True,False,True
HST F814W,F814W_051_3676028,150.40991479188617,1.9941888705736595,-0.7658445239067078,0.10470526665449142,37.42194747924805,051,True,False,True,False,True,True,True,False,True
HST F814W,F814W_053_4156432,150.0921682665946,1.9895979824129646,-0.9556131958961487,0.10792000591754913,37.412017822265625,053,True,False,True,False,True,True,True,False,True
HST F814W,F814W_102_10346254,149.95454264316888,2.6693374931311498,-0.6326698064804077,0.10636039078235626,37.38862228393555,102,True,False,True,False,True,True,True,False,True
HST F814W,F814W_091_8752504,149.8636383293315,2.516784174497377,-0.8722778558731079,0.10482317209243774,37.38395690917969,091,True,False,True,False,True,True,True,False,True
HST F814W,F814W_054_4351825,150.04045814971207,2.0034050352488175,-0.8846157193183899,0.10006997734308243,37.3795166015625,054,True,False,True,False,True,True,True,False,True
HST F814W,F814W_079_7479569,149.80201673293928,2.3186075098815135,-0.87965989112854,0.10265657305717468,37.373741149902344,079,True,False,True,False,True,True,True,False,True
HST F814W,F814W_029_1179501,150.19600810326006,1.7658396041384523,-1.1317931413650513,0.13408714532852173,37.33007049560547,029,True,False,True,False,True,True,True,False,True
HST F814W,F814W_075_7007001,150.47632597124044,2.3571711919020912,-0.8470162749290466,0.10033281147480011,37.3287353515625,075,True,False,True,False,True,True,True,False,True
HST F814W,F814W_063_5321471,150.46994507244264,2.210448053660812,-0.9049654006958008,0.09985081851482391,37.322723388671875,063,True,False,True,False,True,True,True,False,True
HST F814W,F814W_089_8583692,150.07927652284587,2.5971424948491553,-0.7916854619979858,0.10867371410131454,37.31542205810547,089,True,False,True,False,True,True,True,False,True
HST F814W,F814W_088_8260742,150.36586717265592,2.5344924433523692,-0.6495857238769531,0.10462451726198196,37.30153274536133,088,True,False,True,False,True,True,True,False,True
HST F814W,F814W_064_5434693,150.35027082516908,2.2152380217184153,-0.9002017378807068,0.10179869085550308,37.29658126831055,064,True,False,True,False,True,True,True,False,True
HST F814W,F814W_040_2381136,150.35922164389086,1.792199906620119,-0.8053723573684692,0.09649695456027985,37.27802276611328,040,True,False,True,False,True,True,True,False,True
HST F814W,F814W_064_5438503,150.23537197283753,2.216470000684059,-0.4999447166919708,0.10174104571342468,37.27546310424805,064,True,False,True,False,True,True,True,False,True
HST F814W,F814W_091_8754681,149.88287036642163,2.5197803373108227,-0.6003592014312744,0.10449899733066559,37.268341064453125,091,True,False,True,False,True,True,True,False,True
HST F814W,F814W_053_4298557,150.18384561324592,2.1228479940216585,-0.8765850067138672,0.1074661836028099,37.25469207763672,053,True,False,True,False,True,True,True,False,True
HST F814W,F814W_076_7144772,150.268655734459,2.422653216081411,-0.9062521457672119,0.09795022755861282,37.243167877197266,076,True,False,True,False,True,True,True,False,True
HST F814W,F814W_076_7074786,150.33190006937446,2.310399634623742,-0.8619167804718018,0.09790018200874329,37.22414016723633,076,True,False,True,False,True,True,True,False,True
HST F814W,F814W_102_10340691,150.0245262537141,2.6575814517233085,-0.8531361818313599,0.10573763400316238,37.16970443725586,102,True,False,True,False,True,True,True,False,True
HST F814W,F814W_043_2928651,149.85525646754095,1.917408219518417,-0.9033108949661255,0.09906990081071854,37.16437530517578,043,True,False,True,False,True,True,True,False,True
HST F814W,F814W_078_7451913,150.01821254722114,2.431076445196435,-0.8954561948776245,0.10444504022598267,37.14842224121094,078,True,False,True,False,True,True,True,False,True
HST F814W,F814W_054_4361376,150.0334772480905,2.0132059553884334,-0.8740800023078918,0.09944003075361252,37.14421081542969,054,True,False,True,False,True,True,True,False,True
HST F814W,F814W_051_3703339,150.39905276443213,2.0603179344180957,-0.8711167573928833,0.10390560328960419,37.136146545410156,051,True,False,True,False,True,True,True,False,True
HST F814W,F814W_063_5321591,150.47020013109292,2.2106017009704946,-0.838283360004425,0.09934641420841217,37.134185791015625,063,True,False,True,False,True,True,True,False,True
HST F814W,F814W_090_8682801,149.92575181182886,2.5744315337682075,-0.6390443444252014,0.10227720439434052,37.11365509033203,090,True,False,True,False,True,True,True,False,True
HST F814W,F814W_089_8485596,150.21711584494292,2.5494959560452806,-0.9272278547286987,0.1080828458070755,37.1125373840332,089,True,False,True,False,True,True,True,False,True
HST F814W,F814W_063_5311871,150.52379055939394,2.1977980982653755,-0.8238445520401001,0.09921976178884506,37.08684158325195,063,True,False,True,False,True,True,True,False,True
HST F814W,F814W_089_8472463,150.1180959982146,2.5228048788385897,-0.7775082588195801,0.10800624638795853,37.08623504638672,089,True,False,True,False,True,True,True,False,True
HST F814W,F814W_054_4395136,149.98425976906987,2.0646763108352566,-0.6342756152153015,0.0992119312286377,37.05900955200195,054,True,False,True,False,True,True,True,False,True
HST F814W,F814W_040_2416105,150.3855434918787,1.8519902551432672,-0.15296998620033264,0.0959165021777153,37.05378341674805,040,True,False,True,False,True,True,True,False,True
HST F814W,F814W_055_4454880,149.88485800079704,2.0110374246690412,-0.9439234733581543,0.10169897228479385,37.04734420776367,055,True,False,True,False,True,True,True,False,True
HST F814W,F814W_042_2758524,150.0377418613504,1.8592683425996863,-0.9154614210128784,0.10747537016868591,37.041770935058594,042,True,False,True,False,True,True,True,False,True
HST F814W,F814W_063_5346100,150.53568977632594,2.2565556456219724,-0.898716926574707,0.09909907728433609,37.04173278808594,063,True,False,True,False,True,True,True,False,True
HST F814W,F814W_066_5819582,150.04893930948194,2.156604090426561,-1.0016859769821167,0.11275127530097961,37.008785247802734,066,True,False,True,False,True,True,True,False,True
HST F814W,F814W_052_4067246,150.32682804321695,2.09794470963185,-0.7928741574287415,0.10071564465761185,37.006351470947266,052,True,False,True,False,True,True,True,False,True
HST F814W,F814W_079_7502520,149.82269027120844,2.367712443929476,-0.8638815879821777,0.10152178257703781,36.960601806640625,079,True,False,True,False,True,True,True,False,True
HST F814W,F814W_063_5365800,150.4325188906693,2.2906867907638997,-0.9081434011459351,0.09887149184942245,36.9566650390625,063,True,False,True,False,True,True,True,False,True
HST F814W,F814W_052_3868321,150.24320016858877,1.9787311015170295,-0.8622541427612305,0.10057707875967026,36.955440521240234,052,True,False,True,False,True,True,True,False,True
HST F814W,F814W_077_7243302,150.2187553852402,2.4076285055982063,-0.8314599990844727,0.09804431349039078,36.925872802734375,077,True,False,True,False,True,True,True,False,True
HST F814W,F814W_091_8751967,149.86230933858485,2.5161879119864627,-0.907253086566925,0.10353720933198929,36.925331115722656,091,True,False,True,False,True,True,True,False,True
HST F814W,F814W_052_3887448,150.3590389103664,2.019797730116829,-0.8456403613090515,0.10049325227737427,36.92463684082031,052,True,False,True,False,True,True,True,False,True
HST F814W,F814W_051_3701035,150.3992107529595,2.056095384829808,-0.9628841280937195,0.10331322252750397,36.9244270324707,051,True,False,True,False,True,True,True,False,True
HST F814W,F814W_065_5749531,150.12964617212762,2.260601698541076,0.1258906126022339,0.13555924594402313,36.90443420410156,065,True,False,True,False,True,True,True,False,True
HST F814W,F814W_053_4155707,150.0926414194268,1.9894045104803968,-0.9050715565681458,0.10641366988420486,36.88982391357422,053,True,False,True,False,True,True,True,False,True
HST F814W,F814W_076_7166598,150.22599668646998,2.4569131939104136,-0.8331391215324402,0.0970146581530571,36.8874397277832,076,True,False,True,False,True,True,True,False,True
HST F814W,F814W_074_6847814,150.5696410797548,2.3925889710401065,-0.16145676374435425,0.11656713485717773,36.88462448120117,074,True,False,True,False,True,True,True,False,True
HST F814W,F814W_075_7018258,150.50861720457738,2.38040504288149,-0.7199824452400208,0.09912614524364471,36.879798889160156,075,True,False,True,False,True,True,True,False,True
HST F814W,F814W_056_4638234,149.66067785913089,1.959619453249707,-0.6568903923034668,0.10662390291690826,36.874290466308594,056,True,False,True,False,True,True,True,False,True
HST F814W,F814W_051_3810046,150.4884154908095,2.0997442656656693,-0.7938743829727173,0.1031399741768837,36.862510681152344,051,True,False,True,False,True,True,True,False,True
HST F814W,F814W_074_6857493,150.5796894590934,2.3972044249411275,-0.8935441970825195,0.11647949367761612,36.856895446777344,074,True,False,True,False,True,True,True,False,True
HST F814W,F814W_054_4406447,149.9715686648563,2.08329757329099,-0.6287484169006348,0.09865099936723709,36.84947967529297,054,True,False,True,False,True,True,True,False,True
HST F814W,F814W_064_5391939,150.30048989867845,2.173851838358285,0.1626610904932022,0.10051041841506958,36.824588775634766,064,True,False,True,False,True,True,True,False,True
HST F814W,F814W_063_5365731,150.4332228272052,2.290623257658409,-0.8711684942245483,0.09847255051136017,36.80754852294922,063,True,False,True,False,True,True,True,False,True
HST F814W,F814W_089_8472582,150.07138424681767,2.523230255254458,-0.7298399209976196,0.10718595236539841,36.804569244384766,089,True,False,True,False,True,True,True,False,True
HST F814W,F814W_102_10353374,149.93460661726567,2.685209036188974,-0.6353552341461182,0.10468462109565735,36.79954147338867,102,True,False,True,False,True,True,True,False,True
HST F814W,F814W_043_2952464,149.82919413197658,1.9602057881174701,-0.8209521174430847,0.09806060791015625,36.7857551574707,043,True,False,True,False,True,True,True,False,True
HST F814W,F814W_063_5332330,150.5349777133896,2.2314600903299175,-0.6430861353874207,0.09835701435804367,36.76436233520508,063,True,False,True,False,True,True,True,False,True
HST F814W,F814W_075_7015767,150.5332086985321,2.376398208469536,-0.8434342741966248,0.09880511462688446,36.76035690307617,075,True,False,True,False,True,True,True,False,True
HST F814W,F814W_065_5611287,150.13685267847617,2.1405175900616795,-1.2041599750518799,0.13496580719947815,36.74287796020508,065,True,False,True,False,True,True,True,False,True
HST F814W,F814W_089_8485439,150.21699599748936,2.549378847530113,-0.855367124080658,0.10698937624692917,36.7370719909668,089,True,False,True,False,True,True,True,False,True
HST F814W,F814W_089_8563340,150.18169432488344,2.58788294149081,-0.7819673418998718,0.1069728285074234,36.731388092041016,089,True,False,True,False,True,True,True,False,True
HST F814W,F814W_067_6102007,149.7944027283145,2.2007401764727064,-0.6307072639465332,0.1025763526558876,36.72100830078125,067,True,False,True,False,True,True,True,False,True
HST F814W,F814W_028_0971091,150.34798657728138,1.761860352200399,-0.09456954896450043,0.10618598014116287,36.704227447509766,028,True,False,True,False,True,True,True,False,True
HST F814W,F814W_077_7236515,150.1546643349922,2.3992285401762357,-0.7984107136726379,0.09743226319551468,36.69536209106445,077,True,False,True,False,True,True,True,False,True
HST F814W,F814W_063_5354622,150.51686366248418,2.2742802332845136,-0.5591846704483032,0.09816262871026993,36.69170379638672,063,True,False,True,False,True,True,True,False,True
HST F814W,F814W_079_7525735,149.84219001660495,2.4012181940543424,-0.6104620695114136,0.10078142583370209,36.691062927246094,079,True,False,True,False,True,True,True,False,True
HST F814W,F814W_042_2706589,150.02567999798043,1.8282070747945025,-0.898236095905304,0.10645071417093277,36.688621520996094,042,True,False,True,False,True,True,True,False,True
HST F814W,F814W_067_6095144,149.84768709966045,2.1860154391844704,-0.9202601909637451,0.10248329490423203,36.68769836425781,067,True,False,True,False,True,True,True,False,True
HST F814W,F814W_041_2555465,150.07730220918893,1.8268480457866665,-0.7797024250030518,0.09767503291368484,36.6761474609375,041,True,False,True,False,True,True,True,False,True
HST F814W,F814W_063_5329548,150.53095450435694,2.2261254807205053,-0.7873755097389221,0.09799759089946747,36.63001251220703,063,True,False,True,False,True,True,True,False,True
HST F814W,F814W_077_7215071,150.146394614957,2.3609216259655073,-0.872806966304779,0.09722866117954254,36.61867904663086,077,True,False,True,False,True,True,True,False,True
HST F814W,F814W_028_1020057,150.33680998402133,1.7779808575431175,-0.5697479248046875,0.10592006891965866,36.61231231689453,028,True,False,True,False,True,True,True,False,True
HST F814W,F814W_067_6235135,149.86979879139713,2.2724426857716375,-0.6396455764770508,0.10222697257995605,36.5959358215332,067,True,False,True,False,True,True,True,False,True
HST F814W,F814W_077_7257318,150.07062004605027,2.4317098861422513,-0.8763531446456909,0.09715241193771362,36.589962005615234,077,True,False,True,False,True,True,True,False,True
HST F814W,F814W_090_8668061,150.00841528843236,2.549805052703956,-0.9020575284957886,0.10082858055830002,36.58798599243164,090,True,False,True,False,True,True,True,False,True
HST F814W,F814W_075_6986755,150.56204942994293,2.3165805311849326,-0.8707264065742493,0.0983111783862114,36.57659149169922,075,True,False,True,False,True,True,True,False,True
HST F814W,F814W_089_8592347,150.11495663808577,2.600893978068161,-0.9516450762748718,0.10651533305644989,36.57429885864258,089,True,False,True,False,True,True,True,False,True
HST F814W,F814W_076_7131658,150.34909993412788,2.405114573031278,-0.861177384853363,0.09618640691041946,36.57251739501953,076,True,False,True,False,True,True,True,False,True
HST F814W,F814W_089_8432511,150.10935517024078,2.48603938365912,-0.9113475680351257,0.1064850389957428,36.56389617919922,089,True,False,True,False,True,True,True,False,True
HST F814W,F814W_051_3667799,150.43819807528047,1.9712497834210372,-0.5376029014587402,0.10225933790206909,36.547767639160156,051,True,False,True,False,True,True,True,False,True
HST F814W,F814W_067_6094998,149.84771176675508,2.185836750908521,-0.8747409582138062,0.1020674929022789,36.53884506225586,067,True,False,True,False,True,True,True,False,True
HST F814W,F814W_053_4280904,150.13530701473286,2.0850307708499423,-0.9405369758605957,0.1053989976644516,36.5380744934082,053,True,False,True,False,True,True,True,False,True
HST F814W,F814W_063_5319962,150.46897915197906,2.2089852981444693,-0.8792101740837097,0.09772559255361557,36.52834701538086,063,True,False,True,False,True,True,True,False,True
HST F814W,F814W_039_2266225,150.40169748882292,1.8649038802331643,-0.7644598484039307,0.1030760109424591,36.506011962890625,039,True,False,True,False,True,True,True,False,True
HST F814W,F814W_063_5313881,150.46799261047047,2.2001230357900354,-0.8798879981040955,0.09764911979436874,36.499759674072266,063,True,False,True,False,True,True,True,False,True
HST F814W,F814W_063_5346720,150.53850415803518,2.2578875749686667,-0.8181942105293274,0.09763659536838531,36.495079040527344,063,True,False,True,False,True,True,True,False,True
HST F814W,F814W_028_0898515,150.34884617224637,1.7389625097608836,-0.8580189943313599,0.10556602478027344,36.48993682861328,028,True,False,True,False,True,True,True,False,True
HST F814W,F814W_076_7074331,150.36250504941026,2.3095878515564388,-0.687017560005188,0.09595509618520737,36.48456954956055,076,True,False,True,False,True,True,True,False,True
HST F814W,F814W_063_5365810,150.4322229011948,2.2906763418333913,-0.8591271638870239,0.09758241474628448,36.47482681274414,063,True,False,True,False,True,True,True,False,True
HST F814W,F814W_075_7041412,150.53742459718958,2.4187035832131136,-0.8534839153289795,0.09801826626062393,36.467613220214844,075,True,False,True,False,True,True,True,False,True
HST F814W,F814W_090_8682776,149.92576335255268,2.5743844755765313,-0.6212821006774902,0.10048577189445496,36.463592529296875,090,True,False,True,False,True,True,True,False,True
HST F814W,F814W_076_7136712,150.2836700914757,2.4133921552076587,-0.572633683681488,0.09589293599128723,36.460933685302734,076,True,False,True,False,True,True,True,False,True
HST F814W,F814W_078_7458340,149.99655268357012,2.442503875435515,-0.8957194089889526,0.10251113027334213,36.46057891845703,078,True,False,True,False,True,True,True,False,True
HST F814W,F814W_088_8247494,150.26756831674157,2.5032132755869694,-0.9092125296592712,0.10225769132375717,36.45769500732422,088,True,False,True,False,True,True,True,False,True
HST F814W,F814W_067_6095055,149.8477424655414,2.185922412184044,-0.8647757172584534,0.10183089226484299,36.45414352416992,067,True,False,True,False,True,True,True,False,True
HST F814W,F814W_042_2757807,150.0395892212667,1.8589460844954626,-0.9543540477752686,0.10574612021446228,36.44578170776367,042,True,False,True,False,True,True,True,False,True
HST F814W,F814W_077_7282166,150.22582811416845,2.4564801930627564,-0.8720166087150574,0.09675106406211853,36.438804626464844,077,True,False,True,False,True,True,True,False,True
HST F814W,F814W_089_8592139,150.11479540829703,2.600817272638959,-0.9312036037445068,0.10610411316156387,36.43309783935547,089,True,False,True,False,True,True,True,False,True
HST F814W,F814W_075_7002943,150.55901015002775,2.3495857145361643,-0.4933274984359741,0.09791005402803421,36.42735290527344,075,True,False,True,False,True,True,True,False,True
HST F814W,F814W_075_7040357,150.42290662195646,2.4174055574169193,-0.8365838527679443,0.09780528396368027,36.388370513916016,075,True,False,True,False,True,True,True,False,True
HST F814W,F814W_090_8710024,150.03267044563677,2.613158517132643,-0.8635678887367249,0.10023780167102814,36.37361145019531,090,True,False,True,False,True,True,True,False,True
HST F814W,F814W_051_3701497,150.39953915271533,2.056819588915038,-0.8781511187553406,0.1017589345574379,36.36892318725586,051,True,False,True,False,True,True,True,False,True
HST F814W,F814W_056_4641755,149.66133558462963,1.9683218766897501,-0.5509239435195923,0.10513591021299362,36.35969161987305,056,True,False,True,False,True,True,True,False,True
HST F814W,F814W_052_3886753,150.35897885059737,2.0190358150966987,-0.8529465794563293,0.09890277683734894,36.34024429321289,052,True,False,True,False,True,True,True,False,True
HST F814W,F814W_043_2941820,149.81848131842727,1.9387486814925832,-0.7736822366714478,0.09684110432863235,36.32828140258789,043,True,False,True,False,True,True,True,False,True
HST F814W,F814W_040_2399031,150.38300616750368,1.8254034567146173,-0.1905338615179062,0.09403128176927567,36.32550048828125,040,True,False,True,False,True,True,True,False,True
HST F814W,F814W_052_3914666,150.33767916214353,2.0374940960936048,-0.8996862173080444,0.09881891310214996,36.30942916870117,052,True,False,True,False,True,True,True,False,True
HST F814W,F814W_079_7476907,149.7976351950301,2.3124407131718163,-0.8828206062316895,0.09965192526578903,36.27985382080078,079,True,False,True,False,True,True,True,False,True
HST F814W,F814W_053_4285446,150.2234750532209,2.1000015513342842,-0.8534125089645386,0.10465195775032043,36.27910232543945,053,True,False,True,False,True,True,True,False,True
HST F814W,F814W_066_5994303,149.9357430741764,2.2477394309845877,0.12311334908008575,0.11049467325210571,36.26809310913086,066,True,False,True,False,True,True,True,False,True
HST F814W,F814W_042_2706280,150.02596732295254,1.8278232111661843,-0.8624008893966675,0.10516976565122604,36.24713897705078,042,True,False,True,False,True,True,True,False,True
HST F814W,F814W_074_6826017,150.57563720154542,2.381484156456364,-0.8662991523742676,0.1145244613289833,36.23827362060547,074,True,False,True,False,True,True,True,False,True
HST F814W,F814W_055_4455862,149.7532024020507,2.01426978349719,-0.8309963941574097,0.0994623526930809,36.23257827758789,055,True,False,True,False,True,True,True,False,True
HST F814W,F814W_051_3703097,150.3996930473642,2.059943437966746,-0.8903360366821289,0.10130881518125534,36.208045959472656,051,True,False,True,False,True,True,True,False,True
HST F814W,F814W_028_0945690,150.34898289168154,1.754285995641212,-0.7049309015274048,0.10473743826150894,36.20352554321289,028,True,False,True,False,True,True,True,False,True
HST F814W,F814W_028_0902049,150.2761540523957,1.7401220878063663,-0.7979655265808105,0.1047368124127388,36.20330810546875,028,True,False,True,False,True,True,True,False,True
HST F814W,F814W_051_3692427,150.46240502994877,2.032294155963325,-0.3195858299732208,0.10129056870937347,36.2015266418457,051,True,False,True,False,True,True,True,False,True
HST F814W,F814W_028_0904404,150.27798682010197,1.7409254247939492,0.4288097620010376,0.10473070293664932,36.20119857788086,028,True,False,True,False,True,True,True,False,True
HST F814W,F814W_102_10352724,149.9468672393132,2.6842117449517144,-0.844516396522522,0.10297556966543198,36.19876480102539,102,True,False,True,False,True,True,True,False,True
HST F814W,F814W_040_2434719,150.31345992346365,1.8803692068444053,-0.6617802977561951,0.0936812162399292,36.19026565551758,040,True,False,True,False,True,True,True,False,True
HST F814W,F814W_075_7032964,150.55979464895722,2.404872596162812,-0.8705899119377136,0.09726560860872269,36.18758773803711,075,True,False,True,False,True,True,True,False,True
HST F814W,F814W_078_7422083,150.0274643986641,2.373824759835148,-0.8999412059783936,0.10172182321548462,36.17984390258789,078,True,False,True,False,True,True,True,False,True
HST F814W,F814W_077_7215096,150.14642739875688,2.3609501569304414,-0.8595722317695618,0.09605154395103455,36.17534637451172,077,True,False,True,False,True,True,True,False,True
HST F814W,F814W_074_6940786,150.61090928186056,2.442774854373805,-1.0519651174545288,0.11431872099637985,36.17317581176758,074,True,False,True,False,True,True,True,False,True
HST F814W,F814W_063_5322007,150.5263965367466,2.2113486992130715,-0.03005555272102356,0.0967637449502945,36.1688232421875,063,True,False,True,False,True,True,True,False,True
HST F814W,F814W_076_7065794,150.2985190089012,2.293920037711437,-0.5967329144477844,0.09511546045541763,36.16531753540039,076,True,False,True,False,True,True,True,False,True
HST F814W,F814W_075_7033072,150.55974780616762,2.404973306946272,-0.8777719140052795,0.097185418009758,36.157752990722656,075,True,False,True,False,True,True,True,False,True
HST F814W,F814W_063_5365622,150.43240254921554,2.290530617987606,-0.8968895077705383,0.09673087298870087,36.15653610229492,063,True,False,True,False,True,True,True,False,True
HST F814W,F814W_041_2561393,150.15973758825322,1.8376990260877866,-0.8100489377975464,0.09628067165613174,36.1525764465332,041,True,False,True,False,True,True,True,False,True
HST F814W,F814W_075_7031200,150.41089174045246,2.403069743573038,-0.5767750144004822,0.09716913104057312,36.15169143676758,075,True,False,True,False,True,True,True,False,True
HST F814W,F814W_051_3804428,150.4883660539984,2.0980806295901484,-0.914781391620636,0.1011354923248291,36.14610290527344,051,True,False,True,False,True,True,True,False,True
HST F814W,F814W_056_4703055,149.68633827603995,2.0466099594422733,-0.935968816280365,0.10445825010538101,36.12533187866211,056,True,False,True,False,True,True,True,False,True
HST F814W,F814W_065_5642195,150.2244375111974,2.1722862574747293,-0.971816897392273,0.1326911598443985,36.12363052368164,065,True,False,True,False,True,True,True,False,True
HST F814W,F814W_064_5478332,150.29857626783587,2.229398007488901,-0.8864026069641113,0.09857642650604248,36.11602020263672,064,True,False,True,False,True,True,True,False,True
HST F814W,F814W_090_8668113,150.00847994003854,2.5498389028266546,-0.8855242729187012,0.09951137751340866,36.110008239746094,090,True,False,True,False,True,True,True,False,True
HST F814W,F814W_075_7017214,150.50766514170493,2.3782159077376384,-0.8391985297203064,0.09704475104808807,36.10541534423828,075,True,False,True,False,True,True,True,False,True
HST F814W,F814W_063_5286422,150.49868308638565,2.149469045387883,-0.820513129234314,0.0965939536690712,36.10535430908203,063,True,False,True,False,True,True,True,False,True
HST F814W,F814W_063_5314260,150.52020995604175,2.2005666931909595,-0.6832431554794312,0.09658920764923096,36.103580474853516,063,True,False,True,False,True,True,True,False,True
HST F814W,F814W_078_7436958,150.03943379307205,2.398442651789041,-0.867425799369812,0.10146445035934448,36.08830261230469,078,True,False,True,False,True,True,True,False,True
HST F814W,F814W_089_8482770,150.20662768328685,2.546444961124886,0.4242009222507477,0.10508192330598831,36.08210754394531,089,True,False,True,False,True,True,True,False,True
HST F814W,F814W_052_4041181,150.36291171189364,2.0749397658146282,-0.7947577238082886,0.09814728796482086,36.062652587890625,052,True,False,True,False,True,True,True,False,True
HST F814W,F814W_063_5319917,150.4714393987894,2.208950672172705,-0.8298705816268921,0.0964786484837532,36.062255859375,063,True,False,True,False,True,True,True,False,True
HST F814W,F814W_055_4563622,149.87095573653795,2.1081621525646286,-0.8228150010108948,0.09895629435777664,36.0482292175293,055,True,False,True,False,True,True,True,False,True
HST F814W,F814W_044_3160591,149.67671193239227,1.9562591614521943,-0.7493807077407837,0.1037609875202179,36.043548583984375,044,True,False,True,False,True,True,True,False,True
HST F814W,F814W_063_5296281,150.48075883617395,2.1709593613198437,-0.677984893321991,0.0964265689253807,36.042789459228516,063,True,False,True,False,True,True,True,False,True
HST F814W,F814W_063_5365329,150.4323615592122,2.290300650606254,-0.8608400225639343,0.09642103314399719,36.04072189331055,063,True,False,True,False,True,True,True,False,True
HST F814W,F814W_055_4501761,149.87268111107142,2.087486766243434,-0.8692267537117004,0.09893469512462616,36.04036331176758,055,True,False,True,False,True,True,True,False,True
HST F814W,F814W_088_8243769,150.29335180630827,2.493617518659269,-0.5719813108444214,0.10103613138198853,36.02217483520508,088,True,False,True,False,True,True,True,False,True
HST F814W,F814W_078_7306366,149.9207994910927,2.303503900042144,-0.9040452241897583,0.1012723296880722,36.01996994018555,078,True,False,True,False,True,True,True,False,True
HST F814W,F814W_052_3872319,150.36118039939754,1.98800339312799,-0.8419156670570374,0.09802316874265671,36.01704406738281,052,True,False,True,False,True,True,True,False,True
HST F814W,F814W_028_0900958,150.33384418933682,1.7397419344805323,-0.16246087849140167,0.10419488698244095,36.015987396240234,028,True,False,True,False,True,True,True,False,True
HST F814W,F814W_090_8703560,149.94173166003281,2.6037385378102416,-0.6533850431442261,0.09924261271953583,36.012481689453125,090,True,False,True,False,True,True,True,False,True
HST F814W,F814W_063_5294077,150.39388763577526,2.166266395871261,-0.7393718361854553,0.09633787721395493,36.009639739990234,063,True,False,True,False,True,True,True,False,True
HST F814W,F814W_051_3810214,150.48850320732157,2.099804236843081,-0.8955943584442139,0.10073219984769821,36.0019645690918,051,True,False,True,False,True,True,True,False,True
HST F814W,F814W_052_3863707,150.33707241820434,1.9654764932534026,-0.8027893304824829,0.09797763079404831,36.00031280517578,052,True,False,True,False,True,True,True,False,True
HST F814W,F814W_052_3912779,150.33724869028737,2.036947719979461,-0.8712244033813477,0.09794971346855164,35.990055084228516,052,True,False,True,False,True,True,True,False,True
HST F814W,F814W_090_8712700,149.94787872760315,2.6174136470644482,-0.805182158946991,0.0991622805595398,35.983333587646484,090,True,False,True,False,True,True,True,False,True
HST F814W,F814W_067_6141733,149.88889350206347,2.2380286786318524,0.05234094336628914,0.10050652176141739,35.980037689208984,067,True,False,True,False,True,True,True,False,True
HST F814W,F814W_052_3887477,150.35903208245873,2.019822177286074,-0.8459761738777161,0.09790638834238052,35.97413635253906,052,True,False,True,False,True,True,True,False,True
HST F814W,F814W_063_5347359,150.5256946309835,2.259337102629221,-0.5884878635406494,0.09624039381742477,35.973201751708984,063,True,False,True,False,True,True,True,False,True
HST F814W,F814W_041_2549560,150.0707074749559,1.8180125291085782,-0.6049860119819641,0.09579961001873016,35.97194290161133,041,True,False,True,False,True,True,True,False,True
HST F814W,F814W_042_2707005,150.0275984960352,1.8288757246431586,-0.6804088354110718,0.10432250052690506,35.95512390136719,042,True,False,True,False,True,True,True,False,True
HST F814W,F814W_042_2739791,149.97468032162303,1.8484504143096476,-0.6451236605644226,0.10431563854217529,35.9527587890625,042,True,False,True,False,True,True,True,False,True
HST F814W,F814W_074_6905304,150.57846773609768,2.4248766865157796,-0.8069890737533569,0.1135588139295578,35.93272018432617,074,True,False,True,False,True,True,True,False,True
HST F814W,F814W_075_7016864,150.5070896249176,2.3777587288121262,-0.8506178855895996,0.09657318145036697,35.929969787597656,075,True,False,True,False,True,True,True,False,True
HST F814W,F814W_040_2455637,150.28969927921443,1.9020733356335031,-0.6719305515289307,0.09299537539482117,35.925315856933594,040,True,False,True,False,True,True,True,False,True
HST F814W,F814W_040_2415808,150.37762290704438,1.8514575660901316,-0.7581520080566406,0.09299419820308685,35.924861907958984,040,True,False,True,False,True,True,True,False,True
HST F814W,F814W_076_7148990,150.27156455453158,2.4282516485020644,-0.8450141549110413,0.09443919360637665,35.90818405151367,076,True,False,True,False,True,True,True,False,True
HST F814W,F814W_088_8241240,150.2999063044001,2.486907466957132,-0.8936866521835327,0.10066264867782593,35.889015197753906,088,True,False,True,False,True,True,True,False,True
HST F814W,F814W_063_5336216,150.43327958669022,2.237888589156876,-0.6473222970962524,0.0960150733590126,35.888980865478516,063,True,False,True,False,True,True,True,False,True
HST F814W,F814W_042_2807337,149.90716517704283,1.8898796149924417,-0.4744689166545868,0.10412908345460892,35.88846206665039,042,True,False,True,False,True,True,True,False,True
HST F814W,F814W_053_4158857,150.09332061125565,1.9902628416534889,-0.9120286107063293,0.10351008921861649,35.88325500488281,053,True,False,True,False,True,True,True,False,True
HST F814W,F814W_040_2383395,150.37685474794407,1.7959326802132463,-0.7567166090011597,0.09288141131401062,35.881290435791016,040,True,False,True,False,True,True,True,False,True
HST F814W,F814W_052_3889073,150.29289091409663,2.023158000837073,-0.775885820388794,0.09763927757740021,35.87599182128906,052,True,False,True,False,True,True,True,False,True
HST F814W,F814W_052_3874822,150.36728592997318,1.9932039501502905,-0.7781080007553101,0.09763418138027191,35.87411880493164,052,True,False,True,False,True,True,True,False,True
HST F814W,F814W_044_3160620,149.67648106648852,1.956292139792328,-0.7843290567398071,0.10326921194791794,35.872718811035156,044,True,False,True,False,True,True,True,False,True
HST F814W,F814W_075_7031634,150.55931897469546,2.4035602165927097,-0.815045952796936,0.09640485793352127,35.86734390258789,075,True,False,True,False,True,True,True,False,True
HST F814W,F814W_078_7421013,150.00342129929876,2.371508433738012,-0.4545273780822754,0.1008351594209671,35.864479064941406,078,True,False,True,False,True,True,True,False,True
HST F814W,F814W_063_5333238,150.53767025056402,2.2327238386585053,-0.8013185858726501,0.09594119340181351,35.86136245727539,063,True,False,True,False,True,True,True,False,True
HST F814W,F814W_064_5392500,150.30893102643796,2.174775068812913,-0.8794965744018555,0.09786805510520935,35.85649108886719,064,True,False,True,False,True,True,True,False,True
HST F814W,F814W_063_5313768,150.4679913654238,2.200023461134407,-0.7828079462051392,0.09589029848575592,35.84233856201172,063,True,False,True,False,True,True,True,False,True
HST F814W,F814W_079_7482480,149.8798419037084,2.3250472017317696,-0.8863034844398499,0.09844224154949188,35.839447021484375,079,True,False,True,False,True,True,True,False,True
HST F814W,F814W_063_5307627,150.4344207070413,2.190838958530905,-0.6564361453056335,0.09587076306343079,35.83503723144531,063,True,False,True,False,True,True,True,False,True
HST F814W,F814W_077_7215609,150.14583543752684,2.3614621284055715,-0.7939800024032593,0.09509114176034927,35.813636779785156,077,True,False,True,False,True,True,True,False,True
HST F814W,F814W_091_8731957,149.8862657553217,2.479172281220484,-0.8290163278579712,0.10040513426065445,35.80831527709961,091,True,False,True,False,True,True,True,False,True
HST F814W,F814W_074_6903980,150.5747791324137,2.424124931095644,-0.9925978779792786,0.11310284584760666,35.7884407043457,074,True,False,True,False,True,True,True,False,True
HST F814W,F814W_063_5329935,150.41836512287128,2.2269423357963842,-0.5762273073196411,0.09572292864322662,35.779781341552734,063,True,False,True,False,True,True,True,False,True
HST F814W,F814W_078_7435459,150.03894892276756,2.396933415204448,-0.9115146994590759,0.1005852147936821,35.77558135986328,078,True,False,True,False,True,True,True,False,True
HST F814W,F814W_090_8709868,150.03281914758608,2.612975870646027,-0.8332648277282715,0.09858862310647964,35.77516555786133,090,True,False,True,False,True,True,True,False,True
HST F814W,F814W_063_5331259,150.48735851040553,2.2297372669109854,-0.5240026712417603,0.09568019211292267,35.7638053894043,063,True,False,True,False,True,True,True,False,True
HST F814W,F814W_088_8235584,150.2801644868518,2.4743635027064808,-0.9000329971313477,0.10030346363782883,35.760955810546875,088,True,False,True,False,True,True,True,False,True
HST F814W,F814W_090_8668675,150.0084822662811,2.550337410630905,-0.8111604452133179,0.09853101521730423,35.7542610168457,090,True,False,True,False,True,True,True,False,True
HST F814W,F814W_055_4437974,149.88857495359142,1.9712461786429665,-0.7541322112083435,0.0981360375881195,35.74942398071289,055,True,False,True,False,True,True,True,False,True
HST F814W,F814W_053_4192591,150.0904011654384,1.9999085322302392,-0.9203064441680908,0.1029810979962349,35.69987487792969,053,True,False,True,False,True,True,True,False,True
HST F814W,F814W_075_7027256,150.48250725579913,2.396352840379444,-0.5100488662719727,0.09594622999429703,35.696712493896484,075,True,False,True,False,True,True,True,False,True
HST F814W,F814W_052_3866439,150.34339872816676,1.9733120115526652,-0.08092834055423737,0.09712598472833633,35.6873893737793,052,True,False,True,False,True,True,True,False,True
HST F814W,F814W_054_4416542,150.04400310666074,2.1025597893694075,-0.843745231628418,0.09553270041942596,35.6846923828125,054,True,False,True,False,True,True,True,False,True
HST F814W,F814W_055_4453206,149.88654015657872,2.0085422713863204,-0.8765933513641357,0.09795597940683365,35.68383026123047,055,True,False,True,False,True,True,True,False,True
HST F814W,F814W_075_7047742,150.41516036626916,2.4309701079220325,-0.84266197681427,0.09589970856904984,35.679405212402344,075,True,False,True,False,True,True,True,False,True
HST F814W,F814W_040_2406425,150.37850061378637,1.8369664756573056,-0.5730100274085999,0.09235112369060516,35.67643356323242,040,True,False,True,False,True,True,True,False,True
HST F814W,F814W_090_8682824,149.92567398095193,2.574464284247552,-0.7366513013839722,0.09819775819778442,35.633331298828125,090,True,False,True,False,True,True,True,False,True
HST F814W,F814W_063_5285420,150.49906676826694,2.147511082460957,-0.8131137490272522,0.09526033699512482,35.606868743896484,063,True,False,True,False,True,True,True,False,True
HST F814W,F814W_075_6986959,150.56276057370346,2.317023488938271,-0.8181792497634888,0.09570442885160446,35.60675048828125,075,True,False,True,False,True,True,True,False,True
HST F814W,F814W_063_5341434,150.52764891902734,2.2473434617321697,-0.4553671181201935,0.09518634527921677,35.5792121887207,063,True,False,True,False,True,True,True,False,True
HST F814W,F814W_067_6095323,149.84720727746847,2.1862609398238386,-0.7565176486968994,0.09938681870698929,35.57919692993164,067,True,False,True,False,True,True,True,False,True
HST F814W,F814W_066_6039678,149.936826968779,2.2859658457735774,-0.857924222946167,0.10836916416883469,35.570430755615234,066,True,False,True,False,True,True,True,False,True
HST F814W,F814W_090_8645043,150.0330562698087,2.5139956919805915,-0.8592672348022461,0.09799015522003174,35.55799865722656,090,True,False,True,False,True,True,True,False,True
HST F814W,F814W_055_4563815,149.870960518016,2.108215993827552,-0.8516133427619934,0.09753508865833282,35.5305061340332,055,True,False,True,False,True,True,True,False,True
HST F814W,F814W_065_5611222,150.13688513038593,2.140465086232622,-1.1549122333526611,0.13046644628047943,35.51797866821289,065,True,False,True,False,True,True,True,False,True
HST F814W,F814W_089_8591369,150.114763377715,2.600501874549695,-0.9477292895317078,0.10343657433986664,35.51713943481445,089,True,False,True,False,True,True,True,False,True
HST F814W,F814W_091_8764861,149.86486694627132,2.536046791977952,-0.60400390625,0.09945561736822128,35.46968078613281,091,True,False,True,False,True,True,True,False,True
HST F814W,F814W_043_2937422,149.75072097422736,1.930766887097493,-0.5777390003204346,0.09454060345888138,35.46528625488281,043,True,False,True,False,True,True,True,False,True
HST F814W,F814W_052_4067191,150.32502178156344,2.0978872370952555,-0.8225929737091064,0.09650421887636185,35.45893096923828,052,True,False,True,False,True,True,True,False,True
HST F814W,F814W_076_7166902,150.22657195439717,2.4572334683970802,-0.8154027462005615,0.09324660152196884,35.45473098754883,076,True,False,True,False,True,True,True,False,True
HST F814W,F814W_075_7017238,150.50786170490815,2.378250714194378,-0.845794141292572,0.09526782482862473,35.444313049316406,075,True,False,True,False,True,True,True,False,True
HST F814W,F814W_065_5770240,150.1876058867924,2.276376547648379,-1.1918150186538696,0.13016383349895477,35.43559646606445,065,True,False,True,False,True,True,True,False,True
HST F814W,F814W_075_7001927,150.55746018474878,2.3479544966043693,-0.7352707386016846,0.09520289301872253,35.4201545715332,075,True,False,True,False,True,True,True,False,True
HST F814W,F814W_089_8432447,150.10934537115497,2.4860277851809225,-0.9251540303230286,0.10315354913473129,35.41995620727539,089,True,False,True,False,True,True,True,False,True
HST F814W,F814W_052_3875065,150.3686617840822,1.993530270722894,-0.8060975074768066,0.09639454632997513,35.41863250732422,052,True,False,True,False,True,True,True,False,True
HST F814W,F814W_066_6029095,149.938396152424,2.2685023056509284,-0.9213091135025024,0.10788880288600922,35.412757873535156,066,True,False,True,False,True,True,True,False,True
HST F814W,F814W_074_6920773,150.59717264191113,2.4328666471136304,-0.31576550006866455,0.11191505938768387,35.41259765625,074,True,False,True,False,True,True,True,False,True
HST F814W,F814W_075_7060856,150.5351586106376,2.4559054728097256,-0.6083380579948425,0.09518128633499146,35.41211700439453,075,True,False,True,False,True,True,True,False,True
HST F814W,F814W_043_2952175,149.75446674318195,1.959942029551445,-0.6970436573028564,0.09439098834991455,35.40916061401367,043,True,False,True,False,True,True,True,False,True
HST F814W,F814W_051_3669928,150.43452787986973,1.9768431425882638,-0.7430776953697205,0.09906994551420212,35.40787124633789,051,True,False,True,False,True,True,True,False,True
HST F814W,F814W_053_4179263,150.0953319820937,1.9961246783459308,-0.536014199256897,0.10210144519805908,35.394927978515625,053,True,False,True,False,True,True,True,False,True
HST F814W,F814W_079_7467486,149.8837804752018,2.292176171221884,-0.5189732313156128,0.09720464795827866,35.38888168334961,079,True,False,True,False,True,True,True,False,True
HST F814W,F814W_077_7222041,150.15728383585162,2.3723138195004214,0.19538089632987976,0.09395890682935715,35.387210845947266,077,True,False,True,False,True,True,True,False,True
HST F814W,F814W_088_8305768,150.28787171902792,2.562654389400273,-0.7460361123085022,0.09918814897537231,35.36331558227539,088,True,False,True,False,True,True,True,False,True
HST F814W,F814W_077_7206728,150.13469378643117,2.349513396890262,-0.6368469595909119,0.09389446675777435,35.36294174194336,077,True,False,True,False,True,True,True,False,True
HST F814W,F814W_055_4480644,149.83224862771058,2.076455977169033,-0.3560517430305481,0.09706280380487442,35.358463287353516,055,True,False,True,False,True,True,True,False,True
HST F814W,F814W_065_5611723,150.13675488607814,2.140901625122352,-1.1740835905075073,0.12987446784973145,35.35681915283203,065,True,False,True,False,True,True,True,False,True
HST F814W,F814W_040_2382301,150.3384852050225,1.7940592819993877,-0.7678977251052856,0.09150833636522293,35.350852966308594,040,True,False,True,False,True,True,True,False,True
HST F814W,F814W_063_5321138,150.46905733231645,2.210087529220457,-0.8207606673240662,0.09456134587526321,35.34559631347656,063,True,False,True,False,True,True,True,False,True
HST F814W,F814W_089_8612265,150.1101753754109,2.6278633588262563,0.499682754278183,0.10290985554456711,35.336280822753906,089,True,False,True,False,True,True,True,False,True
HST F814W,F814W_087_8139694,150.4184819119534,2.486686727010274,-0.7616020441055298,0.09429635107517242,35.33588409423828,087,True,False,True,False,True,True,True,False,True
HST F814W,F814W_066_5803311,149.97607827515805,2.151406862192768,-0.7187073826789856,0.10765063762664795,35.3345832824707,066,True,False,True,False,True,True,True,False,True
HST F814W,F814W_040_2479891,150.25655697621715,1.9319078286603275,-0.5039314031600952,0.09145986288785934,35.33212661743164,040,True,False,True,False,True,True,True,False,True
HST F814W,F814W_043_2929112,149.85632144994472,1.917895140252974,-0.7599871158599854,0.0940951555967331,35.29818344116211,043,True,False,True,False,True,True,True,False,True
HST F814W,F814W_055_4455820,149.7529403097647,2.0141850394163376,-0.8805466890335083,0.09688736498355865,35.294551849365234,055,True,False,True,False,True,True,True,False,True
HST F814W,F814W_054_4352527,150.04106190068157,2.0038658156498648,-0.7886760830879211,0.09445592015981674,35.28247833251953,054,True,False,True,False,True,True,True,False,True
HST F814W,F814W_054_4405946,149.98243136344848,2.082673643037532,-0.8222002387046814,0.09444908052682877,35.27992248535156,054,True,False,True,False,True,True,True,False,True
HST F814W,F814W_054_4351916,150.04046486632063,2.003470855029482,-0.8469635248184204,0.09444253146648407,35.2774772644043,054,True,False,True,False,True,True,True,False,True
HST F814W,F814W_075_6991896,150.48505978084276,2.3285836373913136,-0.8065390586853027,0.09480349719524384,35.27156066894531,075,True,False,True,False,True,True,True,False,True
HST F814W,F814W_074_6868128,150.57097233159521,2.404572395037186,-0.41744115948677063,0.11146029084920883,35.268699645996094,074,True,False,True,False,True,True,True,False,True
HST F814W,F814W_053_4084775,150.19703967431582,1.962558408908401,-0.7570490837097168,0.10172584652900696,35.26472473144531,053,True,False,True,False,True,True,True,False,True
HST F814W,F814W_067_6071452,149.8814285248521,2.135995839277435,-0.20572826266288757,0.09850728511810303,35.26433563232422,067,True,False,True,False,True,True,True,False,True
HST F814W,F814W_066_5825092,149.9150337188608,2.1580943169203906,-0.974395751953125,0.10743428021669388,35.26356887817383,066,True,False,True,False,True,True,True,False,True
HST F814W,F814W_056_4653370,149.6726518869578,1.9978171583287807,-0.7162693738937378,0.10193763673305511,35.25361633300781,056,True,False,True,False,True,True,True,False,True
HST F814W,F814W_040_2398711,150.3188189531646,1.8248695146957303,-0.6512249112129211,0.09120291471481323,35.23286437988281,040,True,False,True,False,True,True,True,False,True
HST F814W,F814W_063_5286315,150.49884294463283,2.14930849477533,-0.7957260608673096,0.09425313025712967,35.23039245605469,063,True,False,True,False,True,True,True,False,True
HST F814W,F814W_076_7167100,150.26085210016157,2.457418919970228,-0.8378377556800842,0.09265384078025818,35.229347229003906,076,True,False,True,False,True,True,True,False,True
HST F814W,F814W_063_5286326,150.4993775304517,2.1493289333626517,-0.8604726195335388,0.09424421936273575,35.2270622253418,063,True,False,True,False,True,True,True,False,True
HST F814W,F814W_052_3997295,150.3797510260648,2.0626424009036364,-0.8025937080383301,0.09585866332054138,35.22173309326172,052,True,False,True,False,True,True,True,False,True
HST F814W,F814W_088_8239178,150.3836576863181,2.482637498058088,-0.5801469087600708,0.09874869138002396,35.20663833618164,088,True,False,True,False,True,True,True,False,True
HST F814W,F814W_088_8257596,150.2751888860977,2.527507061700942,-0.13044661283493042,0.09870743006467819,35.19192886352539,088,True,False,True,False,True,True,True,False,True
HST F814W,F814W_074_6924224,150.59020708514106,2.434573335305825,-0.19588419795036316,0.11118809878826141,35.18257141113281,074,True,False,True,False,True,True,True,False,True
HST F814W,F814W_028_1007363,150.32861019796508,1.7721510767722577,-0.5677554607391357,0.10175572335720062,35.17286682128906,028,True,False,True,False,True,True,True,False,True
HST F814W,F814W_042_2734155,149.96770189450584,1.8458901891792159,-0.587492823600769,0.10205206274986267,35.172611236572266,042,True,False,True,False,True,True,True,False,True
HST F814W,F814W_054_4371518,149.9959591404842,2.0298222627973947,-0.7775477170944214,0.09415961802005768,35.17179870605469,054,True,False,True,False,True,True,True,False,True
HST F814W,F814W_075_7009199,150.55946130351674,2.3617290699471574,-0.4873279333114624,0.09453104436397552,35.17019271850586,075,True,False,True,False,True,True,True,False,True
HST F814W,F814W_074_6901284,150.59640062952775,2.4227312051552152,-1.0109907388687134,0.11114011704921722,35.167388916015625,074,True,False,True,False,True,True,True,False,True
HST F814W,F814W_063_5279500,150.41815532331566,2.1365438115215865,-0.6833438873291016,0.09402468800544739,35.14500427246094,063,True,False,True,False,True,True,True,False,True
HST F814W,F814W_075_7017209,150.50846091165445,2.378200912136279,-0.7889808416366577,0.09442245215177536,35.129791259765625,075,True,False,True,False,True,True,True,False,True
HST F814W,F814W_063_5295421,150.50440128735235,2.169228503731835,-0.7894670367240906,0.0939820408821106,35.12906265258789,063,True,False,True,False,True,True,True,False,True
HST F814W,F814W_043_2920279,149.81955912116132,1.9022761547843345,-0.8333032727241516,0.09363946318626404,35.12723922729492,043,True,False,True,False,True,True,True,False,True
HST F814W,F814W_075_7017134,150.50864532163894,2.378106502555296,-0.7826750874519348,0.09438855946063995,35.117183685302734,075,True,False,True,False,True,True,True,False,True
HST F814W,F814W_055_4527427,149.77641655054487,2.0961218630201164,-0.43883901834487915,0.09638660401105881,35.11213302612305,055,True,False,True,False,True,True,True,False,True
HST F814W,F814W_052_3912273,150.31150819183907,2.0367904874665954,-0.8253536224365234,0.09555274248123169,35.10932540893555,052,True,False,True,False,True,True,True,False,True
HST F814W,F814W_088_8243411,150.27350489590904,2.4924916992031405,-0.6422353386878967,0.09847241640090942,35.10813903808594,088,True,False,True,False,True,True,True,False,True
HST F814W,F814W_052_3877267,150.27659463146784,1.9980900676645814,-0.8667583465576172,0.09553055465221405,35.101173400878906,052,True,False,True,False,True,True,True,False,True
HST F814W,F814W_039_2265604,150.40225440505188,1.8647550908391093,-0.6773415207862854,0.09910415858030319,35.09931564331055,039,True,False,True,False,True,True,True,False,True
HST F814W,F814W_066_5822985,149.91426035737572,2.157521155235673,-0.9704577326774597,0.10687731206417084,35.080753326416016,066,True,False,True,False,True,True,True,False,True
HST F814W,F814W_042_2783433,150.03348519606155,1.8721674564882351,-0.848359227180481,0.10175798088312149,35.07125473022461,042,True,False,True,False,True,True,True,False,True
HST F814W,F814W_064_5478278,150.29921923521925,2.2293875763405127,-0.8165233135223389,0.09567452222108841,35.052833557128906,064,True,False,True,False,True,True,True,False,True
HST F814W,F814W_063_5327654,150.46814488865655,2.2225135602100954,0.03392734006047249,0.09376747906208038,35.04886245727539,063,True,False,True,False,True,True,True,False,True
HST F814W,F814W_063_5356444,150.54591705545621,2.2774167645880294,-0.05250740051269531,0.09373651444911957,35.037288665771484,063,True,False,True,False,True,True,True,False,True
HST F814W,F814W_089_8470587,150.06674165370657,2.5164125070141155,-0.5921818017959595,0.10202492028474808,35.03241729736328,089,True,False,True,False,True,True,True,False,True
HST F814W,F814W_075_7001623,150.51518342187023,2.347482431709651,-0.43127310276031494,0.09414558857679367,35.02678680419922,075,True,False,True,False,True,True,True,False,True
HST F814W,F814W_088_8304350,150.2925672380637,2.5619073342404852,-0.6136575937271118,0.09823781996965408,35.024497985839844,088,True,False,True,False,True,True,True,False,True
HST F814W,F814W_042_2758136,150.03956955440037,1.8590947964669007,-0.8588547706604004,0.10161514580249786,35.02202606201172,042,True,False,True,False,True,True,True,False,True
HST F814W,F814W_055_4597391,149.87694789917384,2.1178767623536583,-0.3646925091743469,0.09612870961427689,35.018184661865234,055,True,False,True,False,True,True,True,False,True
HST F814W,F814W_076_7118131,150.26792625432282,2.3823157409237683,-0.609332799911499,0.0920189619064331,34.98794937133789,076,True,False,True,False,True,True,True,False,True
HST F814W,F814W_076_7166660,150.2259510910237,2.4569470185242066,-0.7999700307846069,0.09200629591941833,34.98313522338867,076,True,False,True,False,True,True,True,False,True
HST F814W,F814W_064_5392518,150.30892825287447,2.17480192854623,-0.8396338224411011,0.09548114985227585,34.98198699951172,064,True,False,True,False,True,True,True,False,True
HST F814W,F814W_041_2555194,150.11670656236618,1.8264780381309778,-0.8095517754554749,0.09315865486860275,34.98028564453125,041,True,False,True,False,True,True,True,False,True
HST F814W,F814W_063_5320039,150.47201593059984,2.2090635286729037,-0.7344331741333008,0.09357596188783646,34.97727584838867,063,True,False,True,False,True,True,True,False,True
HST F814W,F814W_066_6039534,149.97856792978754,2.285722226835625,-0.9412038922309875,0.10647860169410706,34.94988250732422,066,True,False,True,False,True,True,True,False,True
HST F814W,F814W_076_7158467,150.31331474502142,2.4424149378978206,-0.4195105731487274,0.09191546589136124,34.9485969543457,076,True,False,True,False,True,True,True,False,True
HST F814W,F814W_076_7109454,150.28064399598426,2.368953502334719,-0.6907391548156738,0.0918860137462616,34.937400817871094,076,True,False,True,False,True,True,True,False,True
HST F814W,F814W_055_4456134,149.7526542791175,2.014897095723848,-0.8260191082954407,0.09589792788028717,34.93411636352539,055,True,False,True,False,True,True,True,False,True
HST F814W,F814W_077_7236341,150.1546407262085,2.3990628283446487,-0.7500945329666138,0.09273537248373032,34.926395416259766,077,True,False,True,False,True,True,True,False,True
HST F814W,F814W_075_6991325,150.5586430652585,2.3275764766905316,-0.08552917093038559,0.09386993944644928,34.92422866821289,075,True,False,True,False,True,True,True,False,True
HST F814W,F814W_040_2477059,150.23898311207833,1.9291155058370533,-0.7585605382919312,0.09040164947509766,34.92332458496094,040,True,False,True,False,True,True,True,False,True
HST F814W,F814W_066_5798562,149.99100549124856,2.149472678233084,-0.8679509162902832,0.10638579726219177,34.9194221496582,066,True,False,True,False,True,True,True,False,True
HST F814W,F814W_078_7436838,150.04192494925283,2.3983256439848892,-0.829670786857605,0.09812156856060028,34.89932632446289,078,True,False,True,False,True,True,True,False,True
HST F814W,F814W_074_6961151,150.5775583380312,2.453491200765109,-0.9395825862884521,0.11029050499200821,34.89855194091797,074,True,False,True,False,True,True,True,False,True
HST F814W,F814W_042_2757003,150.03833893148345,1.8585606312883634,-0.852808952331543,0.10124412178993225,34.89414978027344,042,True,False,True,False,True,True,True,False,True
HST F814W,F814W_041_2547972,150.17602914351957,1.8156604615153475,-0.3874013125896454,0.09288603812456131,34.87792205810547,041,True,False,True,False,True,True,True,False,True
HST F814W,F814W_052_3926069,150.27969353181322,2.0411014663599136,-0.15281471610069275,0.09490729868412018,34.872169494628906,052,True,False,True,False,True,True,True,False,True
HST F814W,F814W_055_4451008,149.88533296497152,2.0025202559643667,-0.22620093822479248,0.09571363031864166,34.86697769165039,055,True,False,True,False,True,True,True,False,True
HST F814W,F814W_043_2924664,149.87501186954466,1.910931444735322,-0.37231865525245667,0.09286922961473465,34.83829879760742,043,True,False,True,False,True,True,True,False,True
HST F814W,F814W_063_5345822,150.52643316128393,2.256072902495245,-0.8104960918426514,0.09315072745084763,34.818328857421875,063,True,False,True,False,True,True,True,False,True
HST F814W,F814W_029_1212837,150.1295886984874,1.787619999442529,-0.8274177312850952,0.12498214095830917,34.795223236083984,029,True,False,True,False,True,True,True,False,True
HST F814W,F814W_040_2382269,150.33854759290722,1.7940196186267385,-0.812102198600769,0.09005365520715714,34.78889083862305,040,True,False,True,False,True,True,True,False,True
HST F814W,F814W_043_2937408,149.75076486259297,1.9307595888955287,-0.5926743149757385,0.09272079914808273,34.78261947631836,043,True,False,True,False,True,True,True,False,True
HST F814W,F814W_078_7335225,150.01190356092658,2.318371440220511,-0.6526999473571777,0.09776324033737183,34.77187728881836,078,True,False,True,False,True,True,True,False,True
HST F814W,F814W_079_7483183,149.88628024769707,2.3268554818388467,-0.562798261642456,0.09550227969884872,34.769107818603516,079,True,False,True,False,True,True,True,False,True
HST F814W,F814W_079_7482396,149.87975461092782,2.3249080756013054,-0.8456361293792725,0.09543991088867188,34.746402740478516,079,True,False,True,False,True,True,True,False,True
HST F814W,F814W_040_2411211,150.33515701717178,1.8442870499714226,-0.45801249146461487,0.08992138504981995,34.73779296875,040,True,False,True,False,True,True,True,False,True
HST F814W,F814W_074_6930024,150.58305448895135,2.4375371212496897,-0.7068103551864624,0.1097530722618103,34.728492736816406,074,True,False,True,False,True,True,True,False,True
HST F814W,F814W_077_7236664,150.1546538889123,2.399387734482671,-0.7469035387039185,0.0921924039721489,34.721900939941406,077,True,False,True,False,True,True,True,False,True
HST F814W,F814W_041_2610683,150.07506529707217,1.9151469153442544,-0.8179617524147034,0.09246591478586197,34.72016906738281,041,True,False,True,False,True,True,True,False,True
HST F814W,F814W_063_5339655,150.5222272953053,2.2439116257954006,-0.7787057161331177,0.09283367544412613,34.69982147216797,063,True,False,True,False,True,True,True,False,True
HST F814W,F814W_075_6980256,150.55331042898607,2.2968896824387532,-0.6877377033233643,0.09325074404478073,34.6938591003418,075,True,False,True,False,True,True,True,False,True
HST F814W,F814W_043_2943064,149.81688039533412,1.9398116438940112,-0.8167575597763062,0.09245900809764862,34.684410095214844,043,True,False,True,False,True,True,True,False,True
HST F814W,F814W_053_4263033,150.16968550720213,2.028475748908079,0.667725682258606,0.10001393407583237,34.6712646484375,053,True,False,True,False,True,True,True,False,True
HST F814W,F814W_040_2386169,150.3694445636859,1.8013070075090185,0.04889240115880966,0.08973496407270432,34.665775299072266,040,True,False,True,False,True,True,True,False,True
HST F814W,F814W_102_10342030,149.92727106942343,2.6602281437059854,-0.5118178725242615,0.09859094023704529,34.65744400024414,102,True,False,True,False,True,True,True,False,True
HST F814W,F814W_042_2709893,150.00329390848876,1.8330357338780332,-0.6945821642875671,0.10055296123027802,34.655941009521484,042,True,False,True,False,True,True,True,False,True
HST F814W,F814W_078_7437211,150.04063223195834,2.3987149887849406,-0.8754180669784546,0.09739060699939728,34.639339447021484,078,True,False,True,False,True,True,True,False,True
HST F814W,F814W_075_7027294,150.43910071902428,2.396411723371383,-0.7945627570152283,0.09309390932321548,34.6355094909668,075,True,False,True,False,True,True,True,False,True
HST F814W,F814W_042_2744847,149.95924437092214,1.8514223502955098,-0.6895011067390442,0.10044781118631363,34.61969757080078,042,True,False,True,False,True,True,True,False,True
HST F814W,F814W_052_3997528,150.3796623297799,2.0626965894855958,-0.8409091234207153,0.09421148151159286,34.61650085449219,052,True,False,True,False,True,True,True,False,True
HST F814W,F814W_089_8485821,150.21731075500028,2.54968931711592,-0.8160189390182495,0.10078658908605576,34.60721206665039,089,True,False,True,False,True,True,True,False,True
HST F814W,F814W_075_7011143,150.552875361175,2.3662369742096336,-0.17127053439617157,0.09298593550920486,34.5953369140625,075,True,False,True,False,True,True,True,False,True
HST F814W,F814W_063_5322366,150.52029468538433,2.211953106241738,-0.22021082043647766,0.0925539955496788,34.595279693603516,063,True,False,True,False,True,True,True,False,True
HST F814W,F814W_075_7032024,150.55970069283939,2.403946331374248,-0.7830021381378174,0.09297513961791992,34.5913200378418,075,True,False,True,False,True,True,True,False,True
HST F814W,F814W_077_7256439,150.07170531489086,2.4309166900509362,-0.7135432362556458,0.09183340519666672,34.586692810058594,077,True,False,True,False,True,True,True,False,True
HST F814W,F814W_054_4425406,149.95138177164523,2.1175466521546276,-0.830248236656189,0.0925830751657486,34.58290481567383,054,True,False,True,False,True,True,True,False,True
HST F814W,F814W_087_8140562,150.47548479606616,2.4882693766847446,-0.5106334686279297,0.0922790989279747,34.579952239990234,087,True,False,True,False,True,True,True,False,True
HST F814W,F814W_063_5300801,150.50903760849621,2.179225139275332,0.010469482280313969,0.09246020019054413,34.56022262573242,063,True,False,True,False,True,True,True,False,True
HST F814W,F814W_063_5320004,150.47164635283715,2.2090392359588225,-0.7177467346191406,0.09245476126670837,34.558189392089844,063,True,False,True,False,True,True,True,False,True
HST F814W,F814W_051_3702859,150.39814383897865,2.059559694366577,-0.8849930763244629,0.09663722664117813,34.53841018676758,051,True,False,True,False,True,True,True,False,True
HST F814W,F814W_054_4346689,149.92950403084828,1.9991542799934228,-0.771731436252594,0.09243439137935638,34.527366638183594,054,True,False,True,False,True,True,True,False,True
HST F814W,F814W_075_7045180,150.407238712516,2.4259470935596226,-0.7784333825111389,0.0927681177854538,34.51429748535156,075,True,False,True,False,True,True,True,False,True
HST F814W,F814W_042_2750922,149.96514294141426,1.855059552689277,-0.3921222984790802,0.10013995319604874,34.51359558105469,042,True,False,True,False,True,True,True,False,True
HST F814W,F814W_041_2545302,150.14297921842106,1.811471124743919,-0.5098339319229126,0.09185266494750977,34.489898681640625,041,True,False,True,False,True,True,True,False,True
HST F814W,F814W_052_3874975,150.36864443957526,1.9934312318566896,-0.807186484336853,0.09384508430957794,34.481876373291016,052,True,False,True,False,True,True,True,False,True
HST F814W,F814W_091_8751987,149.86378970190486,2.5162138612190557,-0.8433389067649841,0.0966845378279686,34.481407165527344,091,True,False,True,False,True,True,True,False,True
HST F814W,F814W_074_6815416,150.5632127217817,2.376043547916146,-0.8448915481567383,0.10896244645118713,34.47832107543945,074,True,False,True,False,True,True,True,False,True
HST F814W,F814W_064_5372461,150.2578324239566,2.1301455226019157,-0.5208309888839722,0.09403333067893982,34.451541900634766,064,True,False,True,False,True,True,True,False,True
HST F814W,F814W_043_2937385,149.75065620574594,1.9307218881168144,-0.529578685760498,0.09183108061552048,34.448856353759766,043,True,False,True,False,True,True,True,False,True
HST F814W,F814W_076_7086087,150.23391431770284,2.327208274821013,-0.09910396486520767,0.09056068956851959,34.43347930908203,076,True,False,True,False,True,True,True,False,True
HST F814W,F814W_067_6069601,149.82615623760583,2.134860144756313,-0.8149874806404114,0.09617367386817932,34.428932189941406,067,True,False,True,False,True,True,True,False,True
HST F814W,F814W_076_7141272,150.26798086132357,2.4200519559027627,-0.7400617599487305,0.09054868668317795,34.42891311645508,076,True,False,True,False,True,True,True,False,True
HST F814W,F814W_075_7025853,150.43851364009205,2.3947586839543873,-0.8355593681335449,0.09251868724822998,34.4214973449707,075,True,False,True,False,True,True,True,False,True
HST F814W,F814W_075_7005970,150.42344747837117,2.355409711412154,-0.6265294551849365,0.09251862019300461,34.42147445678711,075,True,False,True,False,True,True,True,False,True
HST F814W,F814W_077_7283894,150.22595192935194,2.4569658982517724,-0.7905349135398865,0.09139245748519897,34.420623779296875,077,True,False,True,False,True,True,True,False,True
HST F814W,F814W_041_2549372,150.07687024241602,1.8176947888961905,0.0917307659983635,0.0916571095585823,34.41646957397461,041,True,False,True,False,True,True,True,False,True
HST F814W,F814W_075_7035511,150.5338737079355,2.4088179274089527,0.018224716186523438,0.0925009697675705,34.4149055480957,075,True,False,True,False,True,True,True,False,True
HST F814W,F814W_040_2413635,150.3740967070694,1.8481399214894767,-0.49582746624946594,0.08907756954431534,34.41181564331055,040,True,False,True,False,True,True,True,False,True
HST F814W,F814W_053_4084305,150.19706336685496,1.9620565711857085,-0.8476548194885254,0.09925474971532822,34.4080810546875,053,True,False,True,False,True,True,True,False,True
HST F814W,F814W_029_1178020,150.19391055668896,1.7648544967963038,-0.3304990530014038,0.12357020378112793,34.402137756347656,029,True,False,True,False,True,True,True,False,True
HST F814W,F814W_041_2507514,150.1600482962319,1.7921517791126471,-0.7938860654830933,0.09161268919706345,34.3997917175293,041,True,False,True,False,True,True,True,False,True
HST F814W,F814W_063_5350051,150.47050075731957,2.265990819291215,-0.7773922681808472,0.09202491492033005,34.397518157958984,063,True,False,True,False,True,True,True,False,True
HST F814W,F814W_079_7538729,149.8831930028821,2.4172145269026064,-0.5091834664344788,0.09446835517883301,34.39269256591797,079,True,False,True,False,True,True,True,False,True
HST F814W,F814W_041_2555439,150.1155299886084,1.8268096319037173,-0.7185162305831909,0.09154361486434937,34.37385177612305,041,True,False,True,False,True,True,True,False,True
HST F814W,F814W_067_6076445,149.8685286913872,2.1429180651230517,-0.37272000312805176,0.09601173549890518,34.3709602355957,067,True,False,True,False,True,True,True,False,True
HST F814W,F814W_053_4308731,150.20115359613146,2.1267322871673953,-0.8521279096603394,0.09914246201515198,34.36915588378906,053,True,False,True,False,True,True,True,False,True
HST F814W,F814W_040_2380493,150.29878085063137,1.7911936707425875,-0.3399294316768646,0.08895362913608551,34.36393737792969,040,True,False,True,False,True,True,True,False,True
HST F814W,F814W_088_8236103,150.27949989512376,2.4752946243006475,-0.8114988803863525,0.09638271480798721,34.363101959228516,088,True,False,True,False,True,True,True,False,True
HST F814W,F814W_067_6094759,149.84814073456567,2.185480577356944,-0.8032450675964355,0.09598961472511292,34.36304473876953,067,True,False,True,False,True,True,True,False,True
HST F814W,F814W_074_6895074,150.5888315127778,2.419243301791059,-1.0050283670425415,0.10859748721122742,34.36283874511719,074,True,False,True,False,True,True,True,False,True
HST F814W,F814W_077_7216243,150.1471262154782,2.362159531333004,-0.72467041015625,0.0912313461303711,34.35994338989258,077,True,False,True,False,True,True,True,False,True
HST F814W,F814W_052_4039986,150.3637454276701,2.0746317788044837,-0.8503818511962891,0.09350502490997314,34.35692596435547,052,True,False,True,False,True,True,True,False,True
HST F814W,F814W_063_5319804,150.46903295654386,2.2088421728658774,-0.7564352750778198,0.09187477827072144,34.341400146484375,063,True,False,True,False,True,True,True,False,True
HST F814W,F814W_087_8125678,150.40704902640869,2.4598339754705387,-0.543444037437439,0.09164207428693771,34.34123992919922,087,True,False,True,False,True,True,True,False,True
HST F814W,F814W_078_7457626,149.9978278831797,2.4416595877978,-0.7859503030776978,0.09652770310640335,34.332427978515625,078,True,False,True,False,True,True,True,False,True
HST F814W,F814W_063_5335671,150.50217001139066,2.2368071698340297,-0.6203574538230896,0.09183978289365768,34.32831954956055,063,True,False,True,False,True,True,True,False,True
HST F814W,F814W_053_4309441,150.2016901282444,2.1269962868181076,-0.8440954089164734,0.0990021750330925,34.32052230834961,053,True,False,True,False,True,True,True,False,True
HST F814W,F814W_065_5702066,150.14174682227855,2.223229077480374,-0.8947867155075073,0.12605153024196625,34.316070556640625,065,True,False,True,False,True,True,True,False,True
HST F814W,F814W_088_8236124,150.2794894651994,2.475334926007528,-0.8405789136886597,0.09623973816633224,34.31212615966797,088,True,False,True,False,True,True,True,False,True
HST F814W,F814W_079_7481869,149.88102088828916,2.3241557577459924,-0.775710940361023,0.09419762343168259,34.29412841796875,079,True,False,True,False,True,True,True,False,True
HST F814W,F814W_065_5702107,150.14172278952674,2.2232660977396597,-0.9315811395645142,0.12595641613006592,34.29017639160156,065,True,False,True,False,True,True,True,False,True
HST F814W,F814W_074_6920813,150.5946720458289,2.4328851771781492,-0.9885845184326172,0.10832028836011887,34.27512741088867,074,True,False,True,False,True,True,True,False,True
HST F814W,F814W_079_7481826,149.880911357526,2.324108130681305,-0.8320244550704956,0.09407184273004532,34.24833679199219,079,True,False,True,False,True,True,True,False,True
HST F814W,F814W_091_8728704,149.85002369247863,2.4732682786858833,-0.5998233556747437,0.09598170965909958,34.230751037597656,091,True,False,True,False,True,True,True,False,True
HST F814W,F814W_028_0859586,150.34666974606748,1.7258058774095186,-0.7221810817718506,0.09901676326990128,34.22611999511719,028,True,False,True,False,True,True,True,False,True
HST F814W,F814W_042_2721154,149.99980337517331,1.8394253380323293,-0.17729434370994568,0.09930410236120224,34.22551727294922,042,True,False,True,False,True,True,True,False,True
HST F814W,F814W_087_8144580,150.45418144353434,2.495948430850946,-0.7565024495124817,0.09132683277130127,34.223106384277344,087,True,False,True,False,True,True,True,False,True
HST F814W,F814W_063_5279370,150.4974334541686,2.1363404212158086,-0.8123630285263062,0.09153895825147629,34.21587371826172,063,True,False,True,False,True,True,True,False,True
HST F814W,F814W_053_4177134,150.15344710161102,1.9955231887603446,-0.5528851747512817,0.09869914501905441,34.21547317504883,053,True,False,True,False,True,True,True,False,True
HST F814W,F814W_042_2815142,149.98181100855214,1.9115811534470224,-0.7770200967788696,0.09924403578042984,34.20481491088867,042,True,False,True,False,True,True,True,False,True
HST F814W,F814W_054_4416408,150.0443962956348,2.1023601337913758,-0.7490575909614563,0.09155512601137161,34.19893264770508,054,True,False,True,False,True,True,True,False,True
HST F814W,F814W_087_8139628,150.41850702904128,2.486590523418267,-0.7831223011016846,0.09122089296579361,34.18341064453125,087,True,False,True,False,True,True,True,False,True
HST F814W,F814W_075_7031719,150.5594867334178,2.4036469017223054,-0.7636520862579346,0.09186676144599915,34.178951263427734,075,True,False,True,False,True,True,True,False,True
HST F814W,F814W_065_5659674,150.21011000782136,2.19018553881935,-1.0656567811965942,0.12554264068603516,34.17753219604492,065,True,False,True,False,True,True,True,False,True
HST F814W,F814W_075_7021148,150.46171038336877,2.385981316464164,-0.590803861618042,0.0918588861823082,34.176021575927734,075,True,False,True,False,True,True,True,False,True
HST F814W,F814W_075_6979608,150.55466059318604,2.29539121043076,0.22844986617565155,0.09184832125902176,34.172088623046875,075,True,False,True,False,True,True,True,False,True
HST F814W,F814W_051_3811439,150.48905715662804,2.100148220991943,-0.8255323767662048,0.09560635685920715,34.16997528076172,051,True,False,True,False,True,True,True,False,True
HST F814W,F814W_078_7301699,149.9374638093969,2.294617099988919,-0.6363939046859741,0.09605205804109573,34.16325378417969,078,True,False,True,False,True,True,True,False,True
HST F814W,F814W_090_8668453,150.008273177078,2.5501690809951643,-0.7676452994346619,0.09410720318555832,34.14897918701172,090,True,False,True,False,True,True,True,False,True
HST F814W,F814W_066_5801110,149.99058517462868,2.150480320718617,-0.8663522601127625,0.10402381420135498,34.14413833618164,066,True,False,True,False,True,True,True,False,True
HST F814W,F814W_090_8673129,150.01409059927417,2.5568692909402073,-0.6029490232467651,0.09407199919223785,34.13620376586914,090,True,False,True,False,True,True,True,False,True
HST F814W,F814W_076_7142372,150.26603989350593,2.4208790117495917,-0.7677450180053711,0.08977565169334412,34.134986877441406,076,True,False,True,False,True,True,True,False,True
HST F814W,F814W_063_5331793,150.53311308978502,2.230735239855584,-0.3081927001476288,0.09130348265171051,34.12785720825195,063,True,False,True,False,True,True,True,False,True
HST F814W,F814W_076_7156740,150.37806900511933,2.4398445974727534,-0.720047116279602,0.08974696695804596,34.124080657958984,076,True,False,True,False,True,True,True,False,True
HST F814W,F814W_074_6893927,150.58938979270891,2.41866461179114,-0.95579594373703,0.10773162543773651,34.08885955810547,074,True,False,True,False,True,True,True,False,True
HST F814W,F814W_076_7117664,150.26544042816988,2.3814242187807375,-0.48954513669013977,0.089645616710186,34.08554458618164,076,True,False,True,False,True,True,True,False,True
HST F814W,F814W_077_7263097,150.14439105373444,2.4428195515479794,-0.6291580200195312,0.09050025045871735,34.0845947265625,077,True,False,True,False,True,True,True,False,True
HST F814W,F814W_052_3997254,150.3798016568084,2.0626366064919046,-0.7722140550613403,0.09275393933057785,34.08095169067383,052,True,False,True,False,True,True,True,False,True
HST F814W,F814W_053_4307451,150.20261938451003,2.126284730055913,-0.8669320344924927,0.09828423708677292,34.07164001464844,053,True,False,True,False,True,True,True,False,True
HST F814W,F814W_040_2466244,150.3074781721191,1.9125216798103781,-0.7302209138870239,0.08816636353731155,34.05980682373047,040,True,False,True,False,True,True,True,False,True
HST F814W,F814W_043_2911607,149.87345507371515,1.883702646080307,-0.762130856513977,0.09077861160039902,34.054039001464844,043,True,False,True,False,True,True,True,False,True
HST F814W,F814W_043_2928709,149.85656143074138,1.9174610852963339,-0.7510161995887756,0.09076212346553802,34.047855377197266,043,True,False,True,False,True,True,True,False,True
HST F814W,F814W_088_8237405,150.37060509548394,2.4786456909345995,-0.8122683763504028,0.09546484053134918,34.03585433959961,088,True,False,True,False,True,True,True,False,True
HST F814W,F814W_067_6094891,149.84903878262492,2.1856719135593936,-0.7669976949691772,0.09502267092466354,34.01688766479492,067,True,False,True,False,True,True,True,False,True
HST F814W,F814W_074_6833378,150.58210058748293,2.3851975607247065,-0.8148653507232666,0.10748452693223953,34.01067352294922,074,True,False,True,False,True,True,True,False,True
HST F814W,F814W_074_6903209,150.57445788791924,2.4237535158228622,-0.9122134447097778,0.10738760232925415,33.980003356933594,074,True,False,True,False,True,True,True,False,True
HST F814W,F814W_041_2561368,150.16058146151312,1.8376884019816924,-0.8004844188690186,0.0904882624745369,33.977577209472656,041,True,False,True,False,True,True,True,False,True
HST F814W,F814W_090_8670660,150.0300081846355,2.5527657041460876,-0.7251328825950623,0.09361817687749863,33.971527099609375,090,True,False,True,False,True,True,True,False,True
HST F814W,F814W_075_6981793,150.55543487796288,2.3006018355058084,-0.4021296203136444,0.09129655361175537,33.96680450439453,075,True,False,True,False,True,True,True,False,True
HST F814W,F814W_041_2503666,150.15850806901298,1.7914402048173566,-0.7760531306266785,0.0904458537697792,33.96165466308594,041,True,False,True,False,True,True,True,False,True
HST F814W,F814W_055_4614634,149.76316398942987,2.1223949291927124,-0.819781482219696,0.09320578724145889,33.95341110229492,055,True,False,True,False,True,True,True,False,True
HST F814W,F814W_065_5702763,150.2057913248367,2.2238083420277865,-0.8662164807319641,0.124696746468544,33.94724655151367,065,True,False,True,False,True,True,True,False,True
HST F814W,F814W_040_2453850,150.25178837770324,1.900344607875346,1.0060102939605713,0.08786483108997345,33.943321228027344,040,True,False,True,False,True,True,True,False,True
HST F814W,F814W_053_4283092,150.17110648226543,2.09095905729697,-0.7980322241783142,0.09791174530982971,33.942508697509766,053,True,False,True,False,True,True,True,False,True
HST F814W,F814W_051_3700721,150.39943655003316,2.055617065990905,-0.8426916599273682,0.09496500343084335,33.94075393676758,051,True,False,True,False,True,True,True,False,True
HST F814W,F814W_090_8682742,149.92575470556122,2.5743528921439487,-0.7170801758766174,0.0935095027089119,33.932090759277344,090,True,False,True,False,True,True,True,False,True
HST F814W,F814W_056_4639661,149.68715489260669,1.9632071513764524,-0.6170780658721924,0.09810324013233185,33.927547454833984,056,True,False,True,False,True,True,True,False,True
HST F814W,F814W_041_2574087,150.1238881039483,1.8591490168629503,-0.552348256111145,0.09033703058958054,33.92079162597656,041,True,False,True,False,True,True,True,False,True
HST F814W,F814W_063_5285213,150.49911960267858,2.1472105716488477,-0.7479865550994873,0.09072613716125488,33.91205596923828,063,True,False,True,False,True,True,True,False,True
HST F814W,F814W_063_5285416,150.49902918324543,2.1474980306413696,-0.7252629995346069,0.09067961573600769,33.8946647644043,063,True,False,True,False,True,True,True,False,True
HST F814W,F814W_074_6872852,150.57934748819585,2.407230823398812,-0.0874258503317833,0.10705185681581497,33.87376403808594,074,True,False,True,False,True,True,True,False,True
HST F814W,F814W_041_2552670,150.06232630502495,1.822412901181026,-0.601452112197876,0.09015145152807236,33.85110855102539,041,True,False,True,False,True,True,True,False,True
HST F814W,F814W_054_4326757,150.00008066267276,1.9788220562351002,-0.787710428237915,0.09055616706609726,33.82578659057617,054,True,False,True,False,True,True,True,False,True
HST F814W,F814W_028_1023487,150.2912558690085,1.7872672904006026,-0.7970162630081177,0.09784414619207382,33.82079315185547,028,True,False,True,False,True,True,True,False,True
HST F814W,F814W_042_2815884,150.01415483493798,1.9136669262930672,-0.648720383644104,0.09809624403715134,33.80922317504883,042,True,False,True,False,True,True,True,False,True
HST F814W,F814W_042_2702725,150.05192196148954,1.8196330815415604,-0.7278847694396973,0.09809210896492004,33.807796478271484,042,True,False,True,False,True,True,True,False,True
HST F814W,F814W_063_5319413,150.47095795995847,2.2084197506475163,-0.7569317817687988,0.09041786193847656,33.79682540893555,063,True,False,True,False,True,True,True,False,True
HST F814W,F814W_063_5346549,150.5333581256343,2.2574895009002542,-0.28989192843437195,0.09040813148021698,33.793190002441406,063,True,False,True,False,True,True,True,False,True
HST F814W,F814W_090_8677613,150.0503827087249,2.5651623470020066,0.515163004398346,0.09311682730913162,33.78960037231445,090,True,False,True,False,True,True,True,False,True
HST F814W,F814W_063_5335108,150.51469331485725,2.2358538668711336,-0.34616753458976746,0.09039749205112457,33.78921127319336,063,True,False,True,False,True,True,True,False,True
HST F814W,F814W_051_3675380,150.4194852540112,1.99185254088093,-0.7435157895088196,0.09454081952571869,33.789146423339844,051,True,False,True,False,True,True,True,False,True
HST F814W,F814W_055_4611844,149.76211113551022,2.121708765560433,-0.8250523805618286,0.09274169057607651,33.78434753417969,055,True,False,True,False,True,True,True,False,True
HST F814W,F814W_063_5333313,150.53739891723382,2.232826745539131,-0.722394585609436,0.09034805744886398,33.77073287963867,063,True,False,True,False,True,True,True,False,True
HST F814W,F814W_078_7426609,149.97660618248656,2.3823867626347743,-0.6847102642059326,0.0949203372001648,33.7607307434082,078,True,False,True,False,True,True,True,False,True
HST F814W,F814W_042_2829879,149.9616288557492,1.9575178821967074,-0.5816650390625,0.09795019775629044,33.758888244628906,042,True,False,True,False,True,True,True,False,True
HST F814W,F814W_074_6921535,150.59457018027626,2.4332169833759085,-0.9491413235664368,0.10668091475963593,33.75638961791992,074,True,False,True,False,True,True,True,False,True
HST F814W,F814W_076_7144961,150.2666453088867,2.4228258248498133,-0.7576298713684082,0.0887453481554985,33.74324035644531,076,True,False,True,False,True,True,True,False,True
HST F814W,F814W_087_8139761,150.4193919143994,2.4867790280984425,-0.7726016640663147,0.09004297852516174,33.742008209228516,087,True,False,True,False,True,True,True,False,True
HST F814W,F814W_063_5330223,150.52790026859054,2.2275854365771997,-0.2857246696949005,0.09023544937372208,33.72864532470703,063,True,False,True,False,True,True,True,False,True
HST F814W,F814W_074_6939735,150.57907634597365,2.4422556396390567,-0.783727765083313,0.10659164935350418,33.728145599365234,074,True,False,True,False,True,True,True,False,True
HST F814W,F814W_074_6921467,150.59453907674492,2.4331953320854827,-0.9851980805397034,0.10658717155456543,33.72672653198242,074,True,False,True,False,True,True,True,False,True
HST F814W,F814W_075_6986484,150.5620729091793,2.316009791408288,-0.7901164293289185,0.09064080566167831,33.722835540771484,075,True,False,True,False,True,True,True,False,True
HST F814W,F814W_028_0852559,150.336756801593,1.7165362615133248,-0.19956454634666443,0.09755869209766388,33.72212219238281,028,True,False,True,False,True,True,True,False,True
HST F814W,F814W_075_7006876,150.47666444580005,2.356981021739612,-0.6472153067588806,0.09063220024108887,33.71963119506836,075,True,False,True,False,True,True,True,False,True
HST F814W,F814W_066_6029128,149.93838884294837,2.268535995949251,-0.9202375411987305,0.1027199774980545,33.7161750793457,066,True,False,True,False,True,True,True,False,True
HST F814W,F814W_063_5327158,150.53075100206345,2.221393004365071,0.01750091277062893,0.09020068496465683,33.71564865112305,063,True,False,True,False,True,True,True,False,True
HST F814W,F814W_040_2480048,150.2830119144851,1.9321507310434591,-0.4948686957359314,0.08726700395345688,33.712371826171875,040,True,False,True,False,True,True,True,False,True
HST F814W,F814W_040_2414640,150.28139251162614,1.8497076130140666,-0.7353377938270569,0.08725947886705399,33.70946502685547,040,True,False,True,False,True,True,True,False,True
HST F814W,F814W_053_4157918,150.09340217421013,1.9900088504894582,-0.8556255102157593,0.09723450243473053,33.707733154296875,053,True,False,True,False,True,True,True,False,True
HST F814W,F814W_067_6094776,149.84798401039876,2.185511335187287,-0.8205154538154602,0.09415283799171448,33.705501556396484,067,True,False,True,False,True,True,True,False,True
HST F814W,F814W_041_2634747,150.21028887435924,1.9552772586762979,0.6674969792366028,0.08975812047719955,33.70341491699219,041,True,False,True,False,True,True,True,False,True
HST F814W,F814W_052_4036274,150.36277543348712,2.0736830421217456,-0.6992899179458618,0.09172244369983673,33.70194625854492,052,True,False,True,False,True,True,True,False,True
HST F814W,F814W_079_7512993,149.81409020992774,2.3888550067984924,-0.8171298503875732,0.09254037588834763,33.69078063964844,079,True,False,True,False,True,True,True,False,True
HST F814W,F814W_075_7027128,150.43855701001695,2.396184375369747,-0.7467854619026184,0.09054341912269592,33.68659973144531,075,True,False,True,False,True,True,True,False,True
HST F814W,F814W_028_1004636,150.33772602858554,1.7714066331514104,-0.4164484143257141,0.09744595736265182,33.68315505981445,028,True,False,True,False,True,True,True,False,True
HST F814W,F814W_065_5713994,150.10117539627666,2.2320321863578814,-0.8077844381332397,0.12363515049219131,33.65823745727539,065,True,False,True,False,True,True,True,False,True
HST F814W,F814W_066_5798106,149.99078660737658,2.1492469265503154,-0.8993417024612427,0.1024666503071785,33.63302230834961,066,True,False,True,False,True,True,True,False,True
HST F814W,F814W_074_6743179,150.56608625115325,2.33595745413863,-0.7600296139717102,0.1062493845820427,33.619842529296875,074,True,False,True,False,True,True,True,False,True
HST F814W,F814W_088_8233330,150.3150541085352,2.468700293539475,-0.5590788125991821,0.09427490830421448,33.611610412597656,088,True,False,True,False,True,True,True,False,True
HST F814W,F814W_078_7415377,150.0587713560187,2.3577087513449673,-0.7589989900588989,0.09447945654392242,33.603919982910156,078,True,False,True,False,True,True,True,False,True
HST F814W,F814W_088_8235862,150.28031676423498,2.474864308643285,-0.8390125632286072,0.09424499422311783,33.60094451904297,088,True,False,True,False,True,True,True,False,True
HST F814W,F814W_040_2485522,150.3281737685354,1.9403141257697645,-0.5538360476493835,0.0869767814874649,33.60025405883789,040,True,False,True,False,True,True,True,False,True
HST F814W,F814W_075_7017148,150.5075456131657,2.3781299580771718,-0.742641031742096,0.0902823656797409,33.5894775390625,075,True,False,True,False,True,True,True,False,True
HST F814W,F814W_074_6941555,150.61001350227988,2.44315566377784,-0.9555915594100952,0.10613613575696945,33.584007263183594,074,True,False,True,False,True,True,True,False,True
HST F814W,F814W_051_3674230,150.41358527994626,1.9886069453765494,-0.753947377204895,0.09396236389875412,33.58240509033203,051,True,False,True,False,True,True,True,False,True
HST F814W,F814W_076_7156715,150.37805835181925,2.4398014855076755,-0.7109442949295044,0.08830254524946213,33.57487487792969,076,True,False,True,False,True,True,True,False,True
HST F814W,F814W_063_5350607,150.5351528128158,2.266868697007983,-0.5323601365089417,0.089820995926857,33.573726654052734,063,True,False,True,False,True,True,True,False,True
HST F814W,F814W_077_7226423,150.18886891984567,2.3822950397892404,-0.6168813705444336,0.0890679731965065,33.545166015625,077,True,False,True,False,True,True,True,False,True
HST F814W,F814W_051_3738063,150.48033533149194,2.0756388937183794,-0.6282020211219788,0.09383729100227356,33.53770446777344,051,True,False,True,False,True,True,True,False,True
HST F814W,F814W_063_5332960,150.5317552013801,2.2323444918722615,-0.649627149105072,0.08971760421991348,33.53507995605469,063,True,False,True,False,True,True,True,False,True
HST F814W,F814W_063_5353608,150.53429137101054,2.2722180634363816,-0.6693350076675415,0.08971046656370163,33.532413482666016,063,True,False,True,False,True,True,True,False,True
HST F814W,F814W_053_4276997,150.22500982809697,2.0729349289206285,-0.5784245133399963,0.09671705961227417,33.52835464477539,053,True,False,True,False,True,True,True,False,True
HST F814W,F814W_066_5983739,149.9173325195612,2.240718028322611,-0.33158326148986816,0.102138951420784,33.52546310424805,066,True,False,True,False,True,True,True,False,True
HST F814W,F814W_043_2953229,149.75559650095798,1.9608790055659688,-0.665992021560669,0.08935409039258957,33.5196533203125,043,True,False,True,False,True,True,True,False,True
HST F814W,F814W_052_3888007,150.3583381968546,2.020467373462815,-0.8043655753135681,0.09120284765958786,33.51102828979492,052,True,False,True,False,True,True,True,False,True
HST F814W,F814W_074_6902256,150.59676750465547,2.423206637386349,-0.9639403223991394,0.10589844733476639,33.50879669189453,074,True,False,True,False,True,True,True,False,True
HST F814W,F814W_052_3998023,150.3795430736478,2.062838420024919,-0.7783203721046448,0.09119199216365814,33.50703811645508,052,True,False,True,False,True,True,True,False,True
HST F814W,F814W_028_1018958,150.34603742165498,1.7767939027077269,-0.3427898585796356,0.0969233363866806,33.502506256103516,028,True,False,True,False,True,True,True,False,True
HST F814W,F814W_063_5273046,150.43526273720383,2.126326339920678,-0.3775544762611389,0.08959478884935379,33.489173889160156,063,True,False,True,False,True,True,True,False,True
HST F814W,F814W_067_6215905,149.8189626865317,2.2651371571569565,-0.45576587319374084,0.09351452440023422,33.476993560791016,067,True,False,True,False,True,True,True,False,True
HST F814W,F814W_063_5289505,150.49771815622717,2.1562175840572144,-0.5039385557174683,0.08955547958612442,33.47447967529297,063,True,False,True,False,True,True,True,False,True
HST F814W,F814W_077_7256052,150.07140489811044,2.430461104902938,-0.5922158360481262,0.08886396139860153,33.46833038330078,077,True,False,True,False,True,True,True,False,True
HST F814W,F814W_043_2950586,149.7840002810987,1.958107241869988,-0.7277556657791138,0.08918935060501099,33.457855224609375,043,True,False,True,False,True,True,True,False,True
HST F814W,F814W_090_8682813,149.92563072744227,2.574451452884078,-0.5590596795082092,0.09219521284103394,33.455169677734375,090,True,False,True,False,True,True,True,False,True
HST F814W,F814W_053_4276289,150.09100164001376,2.070950768216063,-0.7368440628051758,0.09643504023551941,33.43058776855469,053,True,False,True,False,True,True,True,False,True
HST F814W,F814W_067_6099858,149.7422311983735,2.195599732543453,-0.4164454936981201,0.09335923939943314,33.42140197753906,067,True,False,True,False,True,True,True,False,True
HST F814W,F814W_065_5629070,150.09111592306323,2.159595854432892,-0.5335931777954102,0.12273268401622772,33.41255187988281,065,True,False,True,False,True,True,True,False,True
HST F814W,F814W_053_4308563,150.20125774248734,2.1266934631953984,-0.8294203877449036,0.09636443853378296,33.40611267089844,053,True,False,True,False,True,True,True,False,True
HST F814W,F814W_074_6768658,150.58014782303192,2.349998737622061,-0.5704818964004517,0.10553332418203354,33.39326477050781,074,True,False,True,False,True,True,True,False,True
HST F814W,F814W_055_4589023,149.8016072469373,2.1155791847011955,-0.7572497129440308,0.09165134280920029,33.387149810791016,055,True,False,True,False,True,True,True,False,True
HST F814W,F814W_054_4352486,150.0411422360174,2.0038423943407806,-0.7865589261054993,0.08935564011335373,33.377349853515625,054,True,False,True,False,True,True,True,False,True
HST F814W,F814W_074_6857146,150.57991096271033,2.397059890326729,-0.8099666833877563,0.10548168420791626,33.37692642211914,074,True,False,True,False,True,True,True,False,True
HST F814W,F814W_051_3809048,150.4864391991671,2.099442235100091,-0.8174192309379578,0.0933355912566185,33.358394622802734,051,True,False,True,False,True,True,True,False,True
HST F814W,F814W_063_5365175,150.43237460406868,2.290213149276071,-0.7472083568572998,0.0892382264137268,33.35589599609375,063,True,False,True,False,True,True,True,False,True
HST F814W,F814W_056_4738657,149.72406938239445,2.0876914328008427,-0.8086600303649902,0.09638376533985138,33.33289337158203,056,True,False,True,False,True,True,True,False,True
HST F814W,F814W_063_5347950,150.5296246873738,2.260636932561976,-0.39921289682388306,0.08917602151632309,33.332645416259766,063,True,False,True,False,True,True,True,False,True
HST F814W,F814W_063_5321125,150.46903807177858,2.2100853284278736,-0.7825232744216919,0.08915460854768753,33.324642181396484,063,True,False,True,False,True,True,True,False,True
HST F814W,F814W_028_0901879,150.27608251507988,1.7400609652446248,-0.8393205404281616,0.09640326350927353,33.32273483276367,028,True,False,True,False,True,True,True,False,True
HST F814W,F814W_074_6899773,150.59167953851312,2.421896792333191,-0.7932841777801514,0.1052556112408638,33.305389404296875,074,True,False,True,False,True,True,True,False,True
HST F814W,F814W_091_8751578,149.86315844572314,2.5157535971216607,-0.8227166533470154,0.09337381273508072,33.30067443847656,091,True,False,True,False,True,True,True,False,True
HST F814W,F814W_067_6246854,149.85491041195507,2.2824938058411965,-0.4797399342060089,0.09300093352794647,33.29313278198242,067,True,False,True,False,True,True,True,False,True
HST F814W,F814W_051_3669445,150.42002732338983,1.9755247479713416,-0.7539795637130737,0.09314935654401779,33.29183578491211,051,True,False,True,False,True,True,True,False,True
HST F814W,F814W_089_8431994,150.10953945696448,2.4858233153463685,-0.8538926839828491,0.09692341834306717,33.28071212768555,089,True,False,True,False,True,True,True,False,True
HST F814W,F814W_063_5291223,150.50864692953238,2.1603899740530883,-0.7744958400726318,0.08903252333402634,33.27900695800781,063,True,False,True,False,True,True,True,False,True
HST F814W,F814W_051_3747819,150.47434679312687,2.07890430821862,-0.6263190507888794,0.09308970719575882,33.27051544189453,051,True,False,True,False,True,True,True,False,True
HST F814W,F814W_053_4298763,150.18401302478136,2.1229304571985246,-0.6853375434875488,0.09589983522891998,33.245052337646484,053,True,False,True,False,True,True,True,False,True
HST F814W,F814W_040_2462537,150.3210905530805,1.9087730795825117,-0.22218313813209534,0.08604656904935837,33.240901947021484,040,True,False,True,False,True,True,True,False,True
HST F814W,F814W_076_7069398,150.27537543359344,2.301506159055634,-0.45237186551094055,0.08739261329174042,33.2288932800293,076,True,False,True,False,True,True,True,False,True
HST F814W,F814W_042_2737835,150.01501544259872,1.8474359670251734,-0.8644436597824097,0.09640952944755554,33.22789001464844,042,True,False,True,False,True,True,True,False,True
HST F814W,F814W_063_5340555,150.52976654849436,2.2456389222471427,-0.7000808715820312,0.08888361603021622,33.223350524902344,063,True,False,True,False,True,True,True,False,True
HST F814W,F814W_028_1023521,150.29089740923254,1.7873599787260634,-0.756417989730835,0.0960877314209938,33.21366882324219,028,True,False,True,False,True,True,True,False,True
HST F814W,F814W_087_8127769,150.40996691098422,2.463482028873686,-0.46505022048950195,0.08853864669799805,33.17828369140625,087,True,False,True,False,True,True,True,False,True
HST F814W,F814W_040_2491240,150.343597469076,1.9478249850414233,-0.5236362814903259,0.0858839675784111,33.1780891418457,040,True,False,True,False,True,True,True,False,True
HST F814W,F814W_064_5478497,150.29926638145164,2.2294541961085685,-0.7610976696014404,0.09054623544216156,33.173954010009766,064,True,False,True,False,True,True,True,False,True
HST F814W,F814W_065_5770190,150.18759405111214,2.276338348460096,-1.0868397951126099,0.12182639539241791,33.16582489013672,065,True,False,True,False,True,True,True,False,True
HST F814W,F814W_043_2929081,149.8563766409538,1.9178580405426595,-0.6811100244522095,0.08840002119541168,33.16175079345703,043,True,False,True,False,True,True,True,False,True
HST F814W,F814W_074_6747736,150.5692668602804,2.3384166254745966,-0.771578848361969,0.10472061485052109,33.136104583740234,074,True,False,True,False,True,True,True,False,True
HST F814W,F814W_043_2943252,149.76517625144788,1.9400269645655646,-0.7108784914016724,0.08829543739557266,33.122520446777344,043,True,False,True,False,True,True,True,False,True
HST F814W,F814W_088_8254359,150.30380179144265,2.5192591031042455,-0.43721532821655273,0.09286265075206757,33.10810089111328,088,True,False,True,False,True,True,True,False,True
HST F814W,F814W_040_2402183,150.35600594990387,1.830505200128864,-0.26798921823501587,0.0856572762131691,33.09051513671875,040,True,False,True,False,True,True,True,False,True
HST F814W,F814W_090_8613977,150.02402532103392,2.461195840255412,-0.5210628509521484,0.09118077903985977,33.087059020996094,090,True,False,True,False,True,True,True,False,True
HST F814W,F814W_063_5320575,150.47144181499385,2.2095897706455623,-0.7359375953674316,0.08846793323755264,33.06797409057617,063,True,False,True,False,True,True,True,False,True
HST F814W,F814W_066_5929981,149.942875949829,2.207976995359237,-0.5734142065048218,0.10071614384651184,33.058448791503906,066,True,False,True,False,True,True,True,False,True
HST F814W,F814W_063_5291671,150.44135360813078,2.161217654535868,-0.685786247253418,0.08844082802534103,33.05784225463867,063,True,False,True,False,True,True,True,False,True
HST F814W,F814W_079_7494570,149.895926579554,2.351359206143231,-0.38306981325149536,0.0907922014594078,33.05432891845703,079,True,False,True,False,True,True,True,False,True
HST F814W,F814W_065_5753535,150.1695436325855,2.2638433826343527,-0.9120943546295166,0.12140107899904251,33.0500373840332,065,True,False,True,False,True,True,True,False,True
HST F814W,F814W_052_3951036,150.38671228526817,2.0488055645681365,0.5720047354698181,0.08993178606033325,33.04399490356445,052,True,False,True,False,True,True,True,False,True
HST F814W,F814W_051_3699999,150.44695015824288,2.053904980229429,-0.7476174831390381,0.0924350917339325,33.036556243896484,051,True,False,True,False,True,True,True,False,True
HST F814W,F814W_051_3666475,150.4137767806186,1.9680454738611906,-0.007632893975824118,0.09241198003292084,33.02829360961914,051,True,False,True,False,True,True,True,False,True
HST F814W,F814W_028_0859437,150.32405772498578,1.725749402112111,-0.39830589294433594,0.09549771994352341,33.009727478027344,028,True,False,True,False,True,True,True,False,True
HST F814W,F814W_074_6905516,150.5786865487418,2.4249704713380504,-0.7575163245201111,0.10431692004203796,33.008365631103516,074,True,False,True,False,True,True,True,False,True
HST F814W,F814W_078_7437163,150.03995234166243,2.398653306341884,-0.8284481763839722,0.09276918321847916,32.99562072753906,078,True,False,True,False,True,True,True,False,True
HST F814W,F814W_075_7033511,150.55938668706375,2.405411613437292,-0.7397511601448059,0.08868131786584854,32.99380874633789,075,True,False,True,False,True,True,True,False,True
HST F814W,F814W_075_6986196,150.46416862393616,2.3151415089033938,-0.2831469178199768,0.08861523121595383,32.96921920776367,075,True,False,True,False,True,True,True,False,True
HST F814W,F814W_079_7559894,149.8327425156204,2.4457477159999645,-0.467214435338974,0.09054956585168839,32.96599578857422,079,True,False,True,False,True,True,True,False,True
HST F814W,F814W_028_1021757,150.29556874501722,1.7813250959605234,-0.6949747204780579,0.09530799835920334,32.944149017333984,028,True,False,True,False,True,True,True,False,True
HST F814W,F814W_076_7166974,150.22711203292656,2.457314476684271,-0.6936508417129517,0.08662089705467224,32.93547058105469,076,True,False,True,False,True,True,True,False,True
HST F814W,F814W_075_7047153,150.4164441793093,2.4301831770487268,-0.7721478343009949,0.08850512653589249,32.92825698852539,075,True,False,True,False,True,True,True,False,True
HST F814W,F814W_040_2457111,150.3749071435821,1.9035188029203536,-0.1597343534231186,0.08522983640432358,32.92538833618164,040,True,False,True,False,True,True,True,False,True
HST F814W,F814W_077_7215662,150.14583223741698,2.361504413290532,-0.7035211324691772,0.08741147816181183,32.921287536621094,077,True,False,True,False,True,True,True,False,True
HST F814W,F814W_078_7451407,150.01808681769583,2.4303854814206964,-0.8303325772285461,0.09255363047122955,32.91895294189453,078,True,False,True,False,True,True,True,False,True
HST F814W,F814W_074_6919384,150.59451543278317,2.4322058239767386,-0.8943697214126587,0.10401664674282074,32.913352966308594,074,True,False,True,False,True,True,True,False,True
HST F814W,F814W_029_1185978,150.1876401952807,1.7700200401224178,-0.6460264921188354,0.11818696558475494,32.90343475341797,029,True,False,True,False,True,True,True,False,True
HST F814W,F814W_090_8715672,149.92746165703986,2.6231264049503014,-0.6680678725242615,0.09066906571388245,32.901371002197266,090,True,False,True,False,True,True,True,False,True
HST F814W,F814W_053_4243131,150.1919198504194,2.0134569837161878,-0.6724931001663208,0.09488186240196228,32.89215850830078,053,True,False,True,False,True,True,True,False,True
HST F814W,F814W_052_3887530,150.35679958692424,2.0198799947634947,-0.7515864968299866,0.08948355168104172,32.87929916381836,052,True,False,True,False,True,True,True,False,True
HST F814W,F814W_078_7446392,149.99487235527758,2.419952049265072,-0.7451080679893494,0.09242015331983566,32.87147903442383,078,True,False,True,False,True,True,True,False,True
HST F814W,F814W_063_5313025,150.46644472488475,2.199253046224864,-0.7123190760612488,0.08794067800045013,32.87089157104492,063,True,False,True,False,True,True,True,False,True
HST F814W,F814W_053_4268024,150.18609621593993,2.0440989095202613,-0.6013935208320618,0.09476444870233536,32.85145568847656,053,True,False,True,False,True,True,True,False,True
HST F814W,F814W_089_8493183,150.07468554426342,2.556827891431404,-0.685231626033783,0.09562741219997406,32.83570098876953,089,True,False,True,False,True,True,True,False,True
HST F814W,F814W_028_1023148,150.29026158416295,1.7865272738605626,-0.8062820434570312,0.09497746080160141,32.82989501953125,028,True,False,True,False,True,True,True,False,True
HST F814W,F814W_040_2420748,150.3359018923933,1.8609825274964191,-0.09417739510536194,0.08497343212366104,32.82633590698242,040,True,False,True,False,True,True,True,False,True
HST F814W,F814W_090_8712876,149.94792369004787,2.6176721181255846,-0.6968504786491394,0.09042564779520035,32.81304168701172,090,True,False,True,False,True,True,True,False,True
HST F814W,F814W_051_3804035,150.48854647829236,2.0979711655486595,-0.7641839385032654,0.09179381281137466,32.8073616027832,051,True,False,True,False,True,True,True,False,True
HST F814W,F814W_052_4039200,150.36378593848858,2.074463073700386,-0.7583847641944885,0.08927556127309799,32.80287551879883,052,True,False,True,False,True,True,True,False,True
HST F814W,F814W_040_2477018,150.23898423249724,1.9290760373358096,-0.6881611943244934,0.08486651629209518,32.7850341796875,040,True,False,True,False,True,True,True,False,True
HST F814W,F814W_074_6920909,150.5946609656198,2.432925413418019,-0.9417217373847961,0.10359714180231094,32.780609130859375,074,True,False,True,False,True,True,True,False,True
HST F814W,F814W_054_4346977,149.9298641925685,1.9993835079163451,-0.7665219306945801,0.087732695043087,32.77112579345703,054,True,False,True,False,True,True,True,False,True
HST F814W,F814W_076_7169457,150.316769895593,2.461013973374288,-0.477654367685318,0.08610466867685318,32.73918533325195,076,True,False,True,False,True,True,True,False,True
HST F814W,F814W_077_7258144,150.07204131686458,2.432801516858141,-0.7024005055427551,0.08692624419927597,32.7385368347168,077,True,False,True,False,True,True,True,False,True
HST F814W,F814W_077_7237139,150.15287566757283,2.399826718138408,-0.6716287136077881,0.08692211657762527,32.73698425292969,077,True,False,True,False,True,True,True,False,True
HST F814W,F814W_040_2472847,150.39043184167056,1.922488350241257,-0.6021220088005066,0.08469804376363754,32.719947814941406,040,True,False,True,False,True,True,True,False,True
HST F814W,F814W_051_3699566,150.46698368793872,2.052852791509656,0.013959511183202267,0.0915113016963005,32.706390380859375,051,True,False,True,False,True,True,True,False,True
HST F814W,F814W_041_2606682,150.18501869422732,1.9096418095668224,-0.5689445734024048,0.08706321567296982,32.69150161743164,041,True,False,True,False,True,True,True,False,True
HST F814W,F814W_077_7215675,150.1474492865114,2.3615375076783574,-0.7080117464065552,0.08679889887571335,32.69057846069336,077,True,False,True,False,True,True,True,False,True
HST F814W,F814W_063_5345131,150.42063425775982,2.2546511572629986,-0.7033950686454773,0.08742683380842209,32.67882537841797,063,True,False,True,False,True,True,True,False,True
HST F814W,F814W_054_4373093,149.96470312424375,2.0324059737688693,-0.7226917743682861,0.08747730404138565,32.67572784423828,054,True,False,True,False,True,True,True,False,True
HST F814W,F814W_053_4146391,150.17383064555816,1.9866168659089194,-0.7722713947296143,0.09424228221178055,32.67043685913086,053,True,False,True,False,True,True,True,False,True
HST F814W,F814W_077_7236663,150.15469141340947,2.3993869440537217,-0.5746528506278992,0.08673050254583359,32.664817810058594,077,True,False,True,False,True,True,True,False,True
HST F814W,F814W_077_7259863,150.1551949344013,2.43618264829689,-0.13132672011852264,0.08668281883001328,32.64685821533203,077,True,False,True,False,True,True,True,False,True
HST F814W,F814W_076_7156612,150.37769421844553,2.43968687840221,-0.6836286187171936,0.0858544260263443,32.64403533935547,076,True,False,True,False,True,True,True,False,True
HST F814W,F814W_089_8390204,150.11634514992605,2.4641357881908097,-0.7728688716888428,0.09501278400421143,32.62465286254883,089,True,False,True,False,True,True,True,False,True
HST F814W,F814W_028_1023807,150.33945445503264,1.7886380794728878,0.056800030171871185,0.09437496960163116,32.62163543701172,028,True,False,True,False,True,True,True,False,True
HST F814W,F814W_077_7207138,150.22337352528427,2.350117204005835,0.49310290813446045,0.08661559224128723,32.62154006958008,077,True,False,True,False,True,True,True,False,True
HST F814W,F814W_043_2928292,149.8551898130163,1.9170452256190993,-0.7133886814117432,0.08693795651197433,32.613285064697266,043,True,False,True,False,True,True,True,False,True
HST F814W,F814W_067_6193144,149.87148915233962,2.2573216050203238,-0.6401268243789673,0.09105993062257767,32.5982780456543,067,True,False,True,False,True,True,True,False,True
HST F814W,F814W_087_8126689,150.52109328492816,2.4614876787733797,-0.5531913638114929,0.08698602020740509,32.596466064453125,087,True,False,True,False,True,True,True,False,True
HST F814W,F814W_076_7144445,150.26891055454243,2.42239551806488,-0.6846701502799988,0.08572442084550858,32.5946044921875,076,True,False,True,False,True,True,True,False,True
HST F814W,F814W_089_8487797,150.21630303639517,2.551519858500176,-0.648638904094696,0.09487295895814896,32.57664108276367,089,True,False,True,False,True,True,True,False,True
HST F814W,F814W_041_2541967,150.20221343025622,1.8086772139732992,-0.5666818618774414,0.0867488831281662,32.57347106933594,041,True,False,True,False,True,True,True,False,True
HST F814W,F814W_044_3155475,149.71066314336565,1.945004482032862,-0.39494428038597107,0.09374548494815826,32.564453125,044,True,False,True,False,True,True,True,False,True
HST F814W,F814W_040_2397221,150.3762262913695,1.822518789943284,-0.5613903999328613,0.0842934176325798,32.563636779785156,040,True,False,True,False,True,True,True,False,True
HST F814W,F814W_077_7280303,150.22643641395328,2.4559415480704287,-0.6585119962692261,0.08643005788326263,32.55166244506836,077,True,False,True,False,True,True,True,False,True
HST F814W,F814W_042_2812081,149.9648920842599,1.9026784652502482,-0.4019254744052887,0.09443610161542892,32.5477409362793,042,True,False,True,False,True,True,True,False,True
HST F814W,F814W_091_8751566,149.86309183121315,2.5157408772008316,-0.7819027304649353,0.09126047790050507,32.54697799682617,091,True,False,True,False,True,True,True,False,True
HST F814W,F814W_064_5478539,150.2992276330758,2.229464454768669,-0.6740511655807495,0.08882023394107819,32.541587829589844,064,True,False,True,False,True,True,True,False,True
HST F814W,F814W_077_7211310,150.12260732641485,2.355705512983867,-0.2939841151237488,0.08637214452028275,32.529850006103516,077,True,False,True,False,True,True,True,False,True
HST F814W,F814W_053_4309645,150.2017729448511,2.127070826300357,-0.7965893149375916,0.09383383393287659,32.52884292602539,053,True,False,True,False,True,True,True,False,True
HST F814W,F814W_077_7240735,150.18263902398778,2.4043634236664913,0.7828152775764465,0.08636213093996048,32.52607727050781,077,True,False,True,False,True,True,True,False,True
HST F814W,F814W_077_7257376,150.07056061506898,2.4318072132466737,-0.691196084022522,0.08634473383426666,32.519527435302734,077,True,False,True,False,True,True,True,False,True
HST F814W,F814W_075_7040801,150.53779287885038,2.417937395605479,-0.6761956810951233,0.08739221841096878,32.514198303222656,075,True,False,True,False,True,True,True,False,True
HST F814W,F814W_055_4467132,149.8829915303548,2.0454522820305714,-0.1436539590358734,0.08924117684364319,32.5091667175293,055,True,False,True,False,True,True,True,False,True
HST F814W,F814W_051_3700052,150.44699978587047,2.054035240382444,-0.7942342162132263,0.09093964844942093,32.502079010009766,051,True,False,True,False,True,True,True,False,True
HST F814W,F814W_089_8392794,150.11566953998113,2.465310357719541,-0.7768046259880066,0.0945940688252449,32.48087692260742,089,True,False,True,False,True,True,True,False,True
HST F814W,F814W_028_0995288,150.33246728144422,1.7689285865248052,-0.12253277003765106,0.09392111748456955,32.464759826660156,028,True,False,True,False,True,True,True,False,True
HST F814W,F814W_088_8234178,150.24251223293808,2.471120578104793,-0.7450645565986633,0.09105739742517471,32.4644775390625,088,True,False,True,False,True,True,True,False,True
HST F814W,F814W_067_6094635,149.79502247082686,2.1852785172368563,-0.7711284160614014,0.09067923575639725,32.46199417114258,067,True,False,True,False,True,True,True,False,True
HST F814W,F814W_040_2385371,150.37888297404683,1.7997202721548995,-0.6949771046638489,0.08402027934789658,32.45812225341797,040,True,False,True,False,True,True,True,False,True
HST F814W,F814W_039_2374045,150.4209197231906,1.9458247585906419,-0.703048050403595,0.09163623303174973,32.454429626464844,039,True,False,True,False,True,True,True,False,True
HST F814W,F814W_079_7503650,149.82374466832243,2.3692213335607755,-0.7612982392311096,0.08911935240030289,32.44530487060547,079,True,False,True,False,True,True,True,False,True
HST F814W,F814W_053_4204563,150.0709593926554,2.0030123726465137,-0.7182320952415466,0.09357869625091553,32.44039535522461,053,True,False,True,False,True,True,True,False,True
HST F814W,F814W_063_5341107,150.52030964404378,2.246688127153986,-0.4564758539199829,0.08678846806287766,32.440216064453125,063,True,False,True,False,True,True,True,False,True
HST F814W,F814W_055_4468254,149.77887378401527,2.048204866073877,-0.7103132009506226,0.08904004096984863,32.43589401245117,055,True,False,True,False,True,True,True,False,True
HST F814W,F814W_063_5328653,150.50609192270662,2.2245001722798383,-0.46327534317970276,0.08676224946975708,32.43041229248047,063,True,False,True,False,True,True,True,False,True
HST F814W,F814W_052_4034388,150.3628192728769,2.073169297492591,-0.6404882073402405,0.08825164288282394,32.42665481567383,052,True,False,True,False,True,True,True,False,True
HST F814W,F814W_088_8242452,150.37969827964787,2.490046303877716,-0.7659998536109924,0.09094487875699997,32.42436218261719,088,True,False,True,False,True,True,True,False,True
HST F814W,F814W_074_6933930,150.6107568327477,2.439571065568483,-0.7900480031967163,0.10245241969823837,32.418392181396484,074,True,False,True,False,True,True,True,False,True
HST F814W,F814W_053_4273738,150.1462345009373,2.0641488871544293,-0.6397936344146729,0.09346764534711838,32.40189743041992,053,True,False,True,False,True,True,True,False,True
HST F814W,F814W_052_4041182,150.36287569256842,2.0749399992847093,-0.6774243116378784,0.08816653490066528,32.395381927490234,052,True,False,True,False,True,True,True,False,True
HST F814W,F814W_064_5392324,150.29968174446492,2.1744771570480044,-0.2986923158168793,0.08839790523052216,32.38685607910156,064,True,False,True,False,True,True,True,False,True
HST F814W,F814W_055_4587268,149.81560390937778,2.11509329376376,-0.6125645041465759,0.08890219777822495,32.38568115234375,055,True,False,True,False,True,True,True,False,True
HST F814W,F814W_051_3709906,150.42448860878284,2.065536285035123,-0.8106034398078918,0.09061116725206375,32.38467788696289,051,True,False,True,False,True,True,True,False,True
HST F814W,F814W_043_2944981,149.73129564705084,1.9435639138537717,-0.27286919951438904,0.08632446080446243,32.383140563964844,043,True,False,True,False,True,True,True,False,True
HST F814W,F814W_102_10358130,149.92893273715637,2.6942767390190987,-0.7855850458145142,0.09209849685430527,32.37517166137695,102,True,False,True,False,True,True,True,False,True
HST F814W,F814W_040_2383079,150.32945850179536,1.7954233782098714,-0.32131457328796387,0.08380316942930222,32.37424850463867,040,True,False,True,False,True,True,True,False,True
HST F814W,F814W_075_7032068,150.55991437277942,2.403991442433007,-0.6809961199760437,0.08699074387550354,32.364830017089844,075,True,False,True,False,True,True,True,False,True
HST F814W,F814W_076_7145198,150.26741951602023,2.423139282834891,-0.7429686188697815,0.08510132879018784,32.357688903808594,076,True,False,True,False,True,True,True,False,True
HST F814W,F814W_075_6981462,150.54329509154718,2.2999806865538885,-0.43213415145874023,0.08693402260541916,32.343727111816406,075,True,False,True,False,True,True,True,False,True
HST F814W,F814W_090_8713570,150.0130885474913,2.618941157019121,-0.7060377597808838,0.0891302078962326,32.342960357666016,090,True,False,True,False,True,True,True,False,True
HST F814W,F814W_076_7160790,150.31054529027958,2.4465135501001556,-0.4362228512763977,0.08505555242300034,32.34028625488281,076,True,False,True,False,True,True,True,False,True
HST F814W,F814W_067_6070737,149.8260415459303,2.1355252209333813,-0.7608616948127747,0.09033358097076416,32.3382568359375,067,True,False,True,False,True,True,True,False,True
HST F814W,F814W_056_4647097,149.67482179031862,1.982000245718126,-0.6439682841300964,0.09347423166036606,32.3266716003418,056,True,False,True,False,True,True,True,False,True
HST F814W,F814W_043_2928026,149.85609907439417,1.9168032581232681,-0.7491098642349243,0.08615271002054214,32.31871032714844,043,True,False,True,False,True,True,True,False,True
HST F814W,F814W_028_0970339,150.26260071615084,1.7616414003300809,-0.11656676232814789,0.09349830448627472,32.318607330322266,028,True,False,True,False,True,True,True,False,True
HST F814W,F814W_090_8669283,150.00227624296016,2.5508535147000915,0.9475882053375244,0.08905620872974396,32.31610870361328,090,True,False,True,False,True,True,True,False,True
HST F814W,F814W_079_7526467,149.89486744118608,2.4021575788310447,-0.6468994617462158,0.08872459083795547,32.30158233642578,079,True,False,True,False,True,True,True,False,True
HST F814W,F814W_076_7145018,150.26688901123114,2.422890778718222,-0.7089409232139587,0.08494740724563599,32.299163818359375,076,True,False,True,False,True,True,True,False,True
HST F814W,F814W_040_2479415,150.239201147935,1.931238403236706,-0.6935696601867676,0.0836077630519867,32.29875946044922,040,True,False,True,False,True,True,True,False,True
HST F814W,F814W_075_6975911,150.55093953653179,2.2913540669707997,-0.1365097463130951,0.08680255711078644,32.29481506347656,075,True,False,True,False,True,True,True,False,True
HST F814W,F814W_078_7434595,150.0419051699868,2.3961420360155183,-0.7270066738128662,0.09079620987176895,32.29388427734375,078,True,False,True,False,True,True,True,False,True
HST F814W,F814W_044_3157319,149.71835769946725,1.9492701885177428,-0.2889466881752014,0.09294658154249191,32.28693771362305,044,True,False,True,False,True,True,True,False,True
HST F814W,F814W_039_2368569,150.40311958914126,1.9307068666569567,-0.7401793003082275,0.09114718437194824,32.281227111816406,039,True,False,True,False,True,True,True,False,True
HST F814W,F814W_040_2484327,150.28337732977496,1.9388060739164583,-0.642805814743042,0.08351978659629822,32.264774322509766,040,True,False,True,False,True,True,True,False,True
HST F814W,F814W_078_7435031,150.04216504814036,2.3965274375250725,-0.6998178362846375,0.09070995450019836,32.26320266723633,078,True,False,True,False,True,True,True,False,True
HST F814W,F814W_078_7365562,149.94929237591904,2.3332875295632953,-0.35173580050468445,0.0906945988535881,32.25774383544922,078,True,False,True,False,True,True,True,False,True
HST F814W,F814W_079_7476920,149.79761847953338,2.3124557563342636,-0.7089745402336121,0.08860055357217789,32.25642776489258,079,True,False,True,False,True,True,True,False,True
HST F814W,F814W_043_2911059,149.8759322495468,1.882796107858814,-0.3649952709674835,0.08597971498966217,32.253814697265625,043,True,False,True,False,True,True,True,False,True
HST F814W,F814W_074_6894003,150.58941022920456,2.418695104500461,-0.8842048048973083,0.10192488133907318,32.251468658447266,074,True,False,True,False,True,True,True,False,True
HST F814W,F814W_088_8240309,150.3655925835534,2.4847310112926575,-0.7371014952659607,0.0904310792684555,32.241180419921875,088,True,False,True,False,True,True,True,False,True
HST F814W,F814W_077_7216587,150.1469259759762,2.3627040788546045,-0.5311418175697327,0.08560458570718765,32.24076843261719,077,True,False,True,False,True,True,True,False,True
HST F814W,F814W_039_2368924,150.40284245203722,1.9316176564932612,-0.7284479141235352,0.09101544320583344,32.23456954956055,039,True,False,True,False,True,True,True,False,True
HST F814W,F814W_088_8235646,150.28069001291988,2.4744890305126432,-0.7408801317214966,0.09036247432231903,32.21672058105469,088,True,False,True,False,True,True,True,False,True
HST F814W,F814W_075_6988039,150.55638049918147,2.3197573204106363,-0.6766050457954407,0.08659105002880096,32.21612548828125,075,True,False,True,False,True,True,True,False,True
HST F814W,F814W_088_8245554,150.33974334728808,2.498574507171758,-0.26409292221069336,0.09029880166053772,32.19401931762695,088,True,False,True,False,True,True,True,False,True
HST F814W,F814W_052_3894289,150.28628167363797,2.0305471589101542,-0.3598889410495758,0.08759435266256332,32.185142517089844,052,True,False,True,False,True,True,True,False,True
HST F814W,F814W_041_2506223,150.16024571924527,1.7919046559706622,-0.6951102614402771,0.08570098876953125,32.179996490478516,041,True,False,True,False,True,True,True,False,True
HST F814W,F814W_041_2618847,150.1355274267205,1.927219728062402,-0.4827451705932617,0.08569537103176117,32.177886962890625,041,True,False,True,False,True,True,True,False,True
HST F814W,F814W_078_7341215,150.00642496927705,2.3213090714809175,-0.6836467981338501,0.09045922011137009,32.17402267456055,078,True,False,True,False,True,True,True,False,True
HST F814W,F814W_077_7243426,150.2195014063668,2.407795780943473,-0.7311587929725647,0.08539649099111557,32.16239547729492,077,True,False,True,False,True,True,True,False,True
HST F814W,F814W_075_7043375,150.4240207101063,2.422149056520175,-0.7351671457290649,0.08643191307783127,32.156917572021484,075,True,False,True,False,True,True,True,False,True
HST F814W,F814W_063_5296262,150.494972388389,2.1709351614444445,0.006270699668675661,0.08597487956285477,32.1361083984375,063,True,False,True,False,True,True,True,False,True
HST F814W,F814W_076_7156938,150.37732160965072,2.440081584864703,-0.7035932540893555,0.0845034196972847,32.13035202026367,076,True,False,True,False,True,True,True,False,True
HST F814W,F814W_076_7073735,150.34177595458874,2.3085125760476144,-0.6347341537475586,0.08448637276887894,32.12386703491211,076,True,False,True,False,True,True,True,False,True
HST F814W,F814W_055_4520387,149.785277627735,2.0937498325705453,-0.6416308283805847,0.08818276971578598,32.12360382080078,055,True,False,True,False,True,True,True,False,True
HST F814W,F814W_028_1020871,150.35794374643876,1.779612274664489,-0.5015862584114075,0.0929054543375969,32.113685607910156,028,True,False,True,False,True,True,True,False,True
HST F814W,F814W_088_8252125,150.3343308696166,2.513510633725742,-0.6128138899803162,0.09007343649864197,32.113670349121094,088,True,False,True,False,True,True,True,False,True
HST F814W,F814W_076_7144984,150.26664409768594,2.422849937494511,-0.700728178024292,0.08445148915052414,32.11060333251953,076,True,False,True,False,True,True,True,False,True
HST F814W,F814W_075_6981920,150.51625520384152,2.300805417765024,-0.7463157176971436,0.08630398660898209,32.10932540893555,075,True,False,True,False,True,True,True,False,True
HST F814W,F814W_041_2600161,150.10556166091106,1.899838966857231,-0.3835664689540863,0.08547785133123398,32.09621047973633,041,True,False,True,False,True,True,True,False,True
HST F814W,F814W_063_5328829,150.4185845895,2.22479117373319,-0.35172465443611145,0.08585118502378464,32.08987045288086,063,True,False,True,False,True,True,True,False,True
HST F814W,F814W_063_5295563,150.5004612633115,2.169553267750313,-0.6254132986068726,0.08582885563373566,32.08152389526367,063,True,False,True,False,True,True,True,False,True
HST F814W,F814W_053_4308746,150.20117644530112,2.1267366641555254,-0.7656452655792236,0.09254266321659088,32.081241607666016,053,True,False,True,False,True,True,True,False,True
HST F814W,F814W_063_5305911,150.4945653493133,2.1878103938590288,-0.6509177684783936,0.08581335097551346,32.07572937011719,063,True,False,True,False,True,True,True,False,True
HST F814W,F814W_063_5279372,150.49437618083888,2.1363298682159577,-0.3940287232398987,0.08579383790493011,32.06843566894531,063,True,False,True,False,True,True,True,False,True
HST F814W,F814W_043_2928658,149.8565898318362,1.9174102857048445,-0.7137887477874756,0.08547115325927734,32.06303787231445,043,True,False,True,False,True,True,True,False,True
HST F814W,F814W_089_8486072,150.21714874285382,2.5498970691636433,-0.8092341423034668,0.09336388111114502,32.058467864990234,089,True,False,True,False,True,True,True,False,True
HST F814W,F814W_077_7189216,150.08519923492025,2.3197917796922467,0.7319421768188477,0.08511731028556824,32.0572509765625,077,True,False,True,False,True,True,True,False,True
HST F814W,F814W_074_6848386,150.58711947766682,2.3928608787467964,-0.6295580267906189,0.10130071640014648,32.0539665222168,074,True,False,True,False,True,True,True,False,True
HST F814W,F814W_074_6808917,150.5819254796076,2.3726260770477112,-0.46258169412612915,0.10128724575042725,32.049705505371094,074,True,False,True,False,True,True,True,False,True
HST F814W,F814W_043_2941980,149.766031588199,1.93886392270292,-0.6605004668235779,0.08542276173830032,32.044883728027344,043,True,False,True,False,True,True,True,False,True
HST F814W,F814W_066_6033371,149.9194621127961,2.275284864376823,-0.5697177648544312,0.09760226309299469,32.03636932373047,066,True,False,True,False,True,True,True,False,True
HST F814W,F814W_054_4424879,149.92356786914954,2.1166937459782447,-0.4792458415031433,0.08565594255924225,31.99538803100586,054,True,False,True,False,True,True,True,False,True
HST F814W,F814W_039_2284363,150.40074867244604,1.8692709295225916,-0.3134332597255707,0.09032194316387177,31.988954544067383,039,True,False,True,False,True,True,True,False,True
HST F814W,F814W_043_2941190,149.81756902012032,1.9381087643847306,-0.6654572486877441,0.08527321368455887,31.98878288269043,043,True,False,True,False,True,True,True,False,True
HST F814W,F814W_067_6098815,149.73968008647793,2.193405284284547,-0.4938208758831024,0.0893545001745224,31.987756729125977,067,True,False,True,False,True,True,True,False,True
HST F814W,F814W_067_6212784,149.87890218155968,2.264072466365394,-0.48349860310554504,0.0893239751458168,31.976829528808594,067,True,False,True,False,True,True,True,False,True
HST F814W,F814W_088_8247489,150.26764412606207,2.503193606010698,-0.7878357172012329,0.08967166393995285,31.970426559448242,088,True,False,True,False,True,True,True,False,True
HST F814W,F814W_040_2396142,150.27360219168074,1.820661938272991,-0.45350518822669983,0.08272595703601837,31.958106994628906,040,True,False,True,False,True,True,True,False,True
HST F814W,F814W_063_5333909,150.51037538991395,2.2336941940308135,-0.7210859060287476,0.0854591652750969,31.943340301513672,063,True,False,True,False,True,True,True,False,True
HST F814W,F814W_055_4474725,149.86301409428495,2.0644984817191765,-0.701508641242981,0.08765213936567307,31.9303035736084,055,True,False,True,False,True,True,True,False,True
HST F814W,F814W_076_7149123,150.29442347754048,2.428466537536624,0.5675722360610962,0.0839681625366211,31.92683219909668,076,True,False,True,False,True,True,True,False,True
HST F814W,F814W_064_5395488,150.3614521838623,2.1816381242179,-0.6220225691795349,0.08712773025035858,31.92149543762207,064,True,False,True,False,True,True,True,False,True
HST F814W,F814W_040_2472799,150.39034507128463,1.9224179890220439,-0.6394730806350708,0.08260532468557358,31.9115047454834,040,True,False,True,False,True,True,True,False,True
HST F814W,F814W_055_4475518,149.81256042185248,2.0660432261849953,-0.7334861755371094,0.0875977873802185,31.910503387451172,055,True,False,True,False,True,True,True,False,True
HST F814W,F814W_090_8682726,149.92572334821637,2.574316341367103,-0.5603576302528381,0.0879218801856041,31.904491424560547,090,True,False,True,False,True,True,True,False,True
HST F814W,F814W_075_7027171,150.43867945075297,2.3962568543755154,-0.7530339956283569,0.08574841171503067,31.90262222290039,075,True,False,True,False,True,True,True,False,True
HST F814W,F814W_066_6031829,150.04614025659964,2.2727902986151323,-0.8086300492286682,0.09718340635299683,31.898883819580078,066,True,False,True,False,True,True,True,False,True
HST F814W,F814W_075_7010118,150.55603667795307,2.3638304440269433,-0.5676381587982178,0.08571439236402512,31.88996696472168,075,True,False,True,False,True,True,True,False,True
HST F814W,F814W_076_7125904,150.22928005849545,2.395157849312376,-0.6674321889877319,0.08386542648077011,31.88776969909668,076,True,False,True,False,True,True,True,False,True
HST F814W,F814W_052_3997852,150.3793643066788,2.062795668682559,-0.6203075647354126,0.08678404241800308,31.887407302856445,052,True,False,True,False,True,True,True,False,True
HST F814W,F814W_067_6094727,149.8481735097494,2.1854319794093597,-0.7662605047225952,0.08907295018434525,31.886966705322266,067,True,False,True,False,True,True,True,False,True
HST F814W,F814W_077_7247927,150.1270683761527,2.41508722669166,-0.2585790157318115,0.08466231822967529,31.885889053344727,077,True,False,True,False,True,True,True,False,True
HST F814W,F814W_089_8590844,150.11605767232982,2.6002885883303843,-0.7716140747070312,0.09284257888793945,31.879467010498047,089,True,False,True,False,True,True,True,False,True
HST F814W,F814W_054_4353523,149.97745828956744,2.0046354710138385,-0.6428075432777405,0.0853295624256134,31.87347412109375,054,True,False,True,False,True,True,True,False,True
HST F814W,F814W_077_7243450,150.2188569572987,2.407839049899322,-0.7300094366073608,0.08462686091661453,31.872533798217773,077,True,False,True,False,True,True,True,False,True
HST F814W,F814W_079_7482369,149.87972592715647,2.3248736331861326,-0.7399864196777344,0.08753538876771927,31.868637084960938,079,True,False,True,False,True,True,True,False,True
HST F814W,F814W_064_5401868,150.2311514452352,2.197796340530552,-0.2984665632247925,0.08698158711194992,31.867952346801758,064,True,False,True,False,True,True,True,False,True
HST F814W,F814W_043_2937365,149.7506553858286,1.9306787094417068,-0.45500820875167847,0.08493669331073761,31.8625431060791,043,True,False,True,False,True,True,True,False,True
HST F814W,F814W_040_2403008,150.35298179295557,1.83184113013257,0.27104198932647705,0.08247799426317215,31.862316131591797,040,True,False,True,False,True,True,True,False,True
HST F814W,F814W_052_3872428,150.36099799831038,1.988200935550779,-0.7592166066169739,0.08669796586036682,31.85578155517578,052,True,False,True,False,True,True,True,False,True
HST F814W,F814W_051_3806074,150.48799661150528,2.0985496187127515,-0.7013232707977295,0.08912881463766098,31.854881286621094,051,True,False,True,False,True,True,True,False,True
HST F814W,F814W_054_4416145,150.04356944046364,2.10196597267611,-0.695198118686676,0.08526799082756042,31.850475311279297,054,True,False,True,False,True,True,True,False,True
HST F814W,F814W_090_8613102,150.0173345551856,2.459255561668682,-0.459359347820282,0.08776046335697174,31.845918655395508,090,True,False,True,False,True,True,True,False,True
HST F814W,F814W_053_4282824,150.10525873614887,2.0901959625828885,-0.7206536531448364,0.09185385704040527,31.842456817626953,053,True,False,True,False,True,True,True,False,True
HST F814W,F814W_052_4038991,150.36378352772346,2.074387179973928,-0.7263259887695312,0.08665749430656433,31.840909957885742,052,True,False,True,False,True,True,True,False,True
HST F814W,F814W_075_7016882,150.50705655100992,2.377779530124711,-0.7088896632194519,0.08557537943124771,31.838247299194336,075,True,False,True,False,True,True,True,False,True
HST F814W,F814W_064_5478729,150.299147371626,2.2295200226966028,-0.6349348425865173,0.08689259737730026,31.835350036621094,064,True,False,True,False,True,True,True,False,True
HST F814W,F814W_051_3727867,150.4495880177898,2.072041919537648,-0.39539870619773865,0.08905946463346481,31.830097198486328,051,True,False,True,False,True,True,True,False,True
HST F814W,F814W_053_4256574,150.13585989924047,2.019548072448104,-0.477237343788147,0.09178684651851654,31.81922721862793,053,True,False,True,False,True,True,True,False,True
HST F814W,F814W_052_4067458,150.32457444562556,2.0982012421138307,-0.5663414001464844,0.08659518510103226,31.818016052246094,052,True,False,True,False,True,True,True,False,True
HST F814W,F814W_089_8485078,150.2166799986516,2.5490348749949554,-0.7437704801559448,0.09264297038316727,31.810928344726562,089,True,False,True,False,True,True,True,False,True
HST F814W,F814W_039_2373563,150.41989033962813,1.9446838694552258,-0.6960261464118958,0.08980768173933029,31.806819915771484,039,True,False,True,False,True,True,True,False,True
HST F814W,F814W_051_3811066,150.48874144558215,2.100043497280938,-0.7121169567108154,0.08898605406284332,31.80385971069336,051,True,False,True,False,True,True,True,False,True
HST F814W,F814W_063_5321604,150.4700252971215,2.210621330424604,-0.6491643786430359,0.08507156372070312,31.7984619140625,063,True,False,True,False,True,True,True,False,True
HST F814W,F814W_067_6089304,149.7889175137233,2.17302632789335,0.3495901823043823,0.08882219344377518,31.797199249267578,067,True,False,True,False,True,True,True,False,True
HST F814W,F814W_053_4257310,150.16070122432686,2.019934286989912,-0.7529202699661255,0.09172090888023376,31.796367645263672,053,True,False,True,False,True,True,True,False,True
HST F814W,F814W_074_6847732,150.57544367527757,2.3925473564382247,-0.5146530270576477,0.10047087073326111,31.791383743286133,074,True,False,True,False,True,True,True,False,True
HST F814W,F814W_042_2706194,150.02454431988005,1.827664710936313,-0.7787901163101196,0.0922388955950737,31.79046630859375,042,True,False,True,False,True,True,True,False,True
HST F814W,F814W_041_2514940,150.12467528078196,1.793894486403209,0.01665390655398369,0.08465022593736649,31.785444259643555,041,True,False,True,False,True,True,True,False,True
HST F814W,F814W_088_8249523,150.2683964663165,2.5057714446007346,-0.7475630044937134,0.08915155380964279,31.78499412536621,088,True,False,True,False,True,True,True,False,True
HST F814W,F814W_067_6175043,149.88631616841116,2.250877620728087,-0.5163960456848145,0.08877873420715332,31.781641006469727,067,True,False,True,False,True,True,True,False,True
HST F814W,F814W_075_6984229,150.5565532952837,2.308178789458223,0.15357719361782074,0.08539595454931259,31.77149200439453,075,True,False,True,False,True,True,True,False,True
HST F814W,F814W_054_4369234,149.90061936502102,2.0257939941006606,0.8814382553100586,0.08503027260303497,31.76167869567871,054,True,False,True,False,True,True,True,False,True
HST F814W,F814W_074_6893542,150.5823667516813,2.418443082764615,-0.6822359561920166,0.1003694087266922,31.759279251098633,074,True,False,True,False,True,True,True,False,True
HST F814W,F814W_074_6903794,150.57445906686615,2.424038373443075,-0.7966648936271667,0.10036899149417877,31.759145736694336,074,True,False,True,False,True,True,True,False,True
HST F814W,F814W_029_1186752,150.1889370736038,1.7705439994937349,-1.016958475112915,0.11407168954610825,31.757736206054688,029,True,False,True,False,True,True,True,False,True
HST F814W,F814W_052_4037684,150.3638232182741,2.0740600706823042,-0.6991904973983765,0.08642139285802841,31.75415802001953,052,True,False,True,False,True,True,True,False,True
HST F814W,F814W_056_4695365,149.71274602187958,2.0408212018621583,-0.7736676335334778,0.09178555756807327,31.7426700592041,056,True,False,True,False,True,True,True,False,True
HST F814W,F814W_089_8486071,150.21718957260393,2.54990316111143,-0.7608233690261841,0.09244300425052643,31.742265701293945,089,True,False,True,False,True,True,True,False,True
HST F814W,F814W_079_7467536,149.7754435132253,2.292231458137691,-0.403036504983902,0.08708138018846512,31.70334815979004,079,True,False,True,False,True,True,True,False,True
HST F814W,F814W_089_8486826,150.21680863119374,2.550658915164652,-0.7169681787490845,0.09231521189212799,31.69838523864746,089,True,False,True,False,True,True,True,False,True
HST F814W,F814W_054_4346794,149.93113287211497,1.9992497629565071,-0.7110723257064819,0.08485756069421768,31.697166442871094,054,True,False,True,False,True,True,True,False,True
HST F814W,F814W_079_7505567,149.8073216240792,2.373182735169115,-0.645088255405426,0.0870271846652031,31.683616638183594,079,True,False,True,False,True,True,True,False,True
HST F814W,F814W_041_2547986,150.21186410982517,1.8156649723384082,-0.6674879789352417,0.08435920625925064,31.67616844177246,041,True,False,True,False,True,True,True,False,True
HST F814W,F814W_053_4280946,150.13725079508703,2.085101147955331,-0.7111544013023376,0.09135768562555313,31.670452117919922,053,True,False,True,False,True,True,True,False,True
HST F814W,F814W_065_5726328,150.13350860503104,2.24131513478996,-0.8796626925468445,0.11633039265871048,31.66960334777832,065,True,False,True,False,True,True,True,False,True
HST F814W,F814W_078_7458724,150.0053653796511,2.443127600422158,-0.3974654972553253,0.08904019743204117,31.669313430786133,078,True,False,True,False,True,True,True,False,True
HST F814W,F814W_040_2490183,150.39480536459234,1.9465842895992567,-0.6440103650093079,0.08196830749511719,31.665416717529297,040,True,False,True,False,True,True,True,False,True
HST F814W,F814W_051_3750261,150.45486709759427,2.0797192602122583,-0.7592812180519104,0.08858568966388702,31.660768508911133,051,True,False,True,False,True,True,True,False,True
HST F814W,F814W_053_4192280,150.09040769743356,1.9998299200316787,-0.7873150706291199,0.09130355715751648,31.651687622070312,053,True,False,True,False,True,True,True,False,True
HST F814W,F814W_041_2592663,150.11918104294838,1.8867396774358531,-0.6665533185005188,0.08428449928760529,31.648117065429688,041,True,False,True,False,True,True,True,False,True
HST F814W,F814W_054_4351686,150.04231001925837,2.003300893498713,-0.7308478355407715,0.0847136378288269,31.64340591430664,054,True,False,True,False,True,True,True,False,True
HST F814W,F814W_041_2572424,150.1192616415208,1.8567325035705875,-0.37359103560447693,0.08425918221473694,31.63861083984375,041,True,False,True,False,True,True,True,False,True
HST F814W,F814W_040_2442418,150.39474700783683,1.88913876992121,-0.6607482433319092,0.08183738589286804,31.614839553833008,040,True,False,True,False,True,True,True,False,True
HST F814W,F814W_091_8751741,149.8634814850053,2.5159130161019534,-0.7428511381149292,0.08859580755233765,31.596656799316406,091,True,False,True,False,True,True,True,False,True
HST F814W,F814W_041_2609840,150.074508215699,1.9142211602780588,-0.5430781841278076,0.08413927257061005,31.593585968017578,041,True,False,True,False,True,True,True,False,True
HST F814W,F814W_063_5353260,150.54381913457047,2.2715803687339697,0.09021152555942535,0.08451784402132034,31.591489791870117,063,True,False,True,False,True,True,True,False,True
HST F814W,F814W_052_3872395,150.361147547495,1.9881266902497594,-0.6839061379432678,0.0859765037894249,31.59069061279297,052,True,False,True,False,True,True,True,False,True
HST F814W,F814W_087_8128152,150.51486568466325,2.464127059658682,0.5039831399917603,0.08427872508764267,31.581954956054688,087,True,False,True,False,True,True,True,False,True
HST F814W,F814W_040_2414613,150.28118919086907,1.8496550950317479,-0.5950433611869812,0.08171910047531128,31.56914520263672,040,True,False,True,False,True,True,True,False,True
HST F814W,F814W_055_4454976,149.88462228800472,2.011315425478138,-0.7508558630943298,0.08660801500082016,31.549945831298828,055,True,False,True,False,True,True,True,False,True
HST F814W,F814W_075_7050703,150.51381851979332,2.43666414766414,-0.05553571879863739,0.08475311845541,31.532325744628906,075,True,False,True,False,True,True,True,False,True
HST F814W,F814W_043_2952193,149.75436648997072,1.9599590482807079,-0.6808590292930603,0.08405466377735138,31.531665802001953,043,True,False,True,False,True,True,True,False,True
HST F814W,F814W_028_0950552,150.36002265698116,1.755740617878217,0.01168382354080677,0.09122134000062943,31.531553268432617,028,True,False,True,False,True,True,True,False,True
HST F814W,F814W_066_6028639,149.93835632263958,2.2680587976616846,-0.785289466381073,0.09606032073497772,31.530250549316406,066,True,False,True,False,True,True,True,False,True
HST F814W,F814W_089_8470106,150.08778686184465,2.514749197458967,-0.42711693048477173,0.09181448072195053,31.52644920349121,089,True,False,True,False,True,True,True,False,True
HST F814W,F814W_063_5317247,150.51403832642416,2.2050200492434855,-0.3185427486896515,0.08433180302381516,31.521949768066406,063,True,False,True,False,True,True,True,False,True
HST F814W,F814W_063_5314102,150.52028152276318,2.200373433185902,-0.609978973865509,0.08431018888950348,31.513870239257812,063,True,False,True,False,True,True,True,False,True
HST F814W,F814W_088_8316187,150.24499433177832,2.567886835468045,-0.5982632040977478,0.08835097402334213,31.49956512451172,088,True,False,True,False,True,True,True,False,True
HST F814W,F814W_042_2723592,150.00048555252874,1.8406543146462297,-0.7039874196052551,0.0913412794470787,31.48110008239746,042,True,False,True,False,True,True,True,False,True
HST F814W,F814W_089_8473720,150.08483944716255,2.5274997586586725,-0.49947065114974976,0.09165564924478531,31.47191047668457,089,True,False,True,False,True,True,True,False,True
HST F814W,F814W_064_5595517,150.38868970752105,2.2864814183327353,-0.34837955236434937,0.08588840812444687,31.467437744140625,064,True,False,True,False,True,True,True,False,True
HST F814W,F814W_066_6042270,150.0087130031515,2.2915763047922715,-0.7976499199867249,0.09586388617753983,31.46577262878418,066,True,False,True,False,True,True,True,False,True
HST F814W,F814W_043_2932380,149.7677934460339,1.9227900709510923,-0.12634466588497162,0.08387823402881622,31.46548080444336,043,True,False,True,False,True,True,True,False,True
HST F814W,F814W_043_2916379,149.85129492095618,1.8932212100991337,0.006764192134141922,0.08386928588151932,31.46212387084961,043,True,False,True,False,True,True,True,False,True
HST F814W,F814W_063_5279332,150.49764174866084,2.136279433514384,-0.6454611420631409,0.08415356278419495,31.455326080322266,063,True,False,True,False,True,True,True,False,True
HST F814W,F814W_055_4454293,149.88278003824078,2.0100433208865454,-0.7044074535369873,0.08629351854324341,31.435379028320312,055,True,False,True,False,True,True,True,False,True
HST F814W,F814W_074_6961172,150.57768085880937,2.4535088659915805,-0.7485008835792542,0.09932968020439148,31.43028450012207,074,True,False,True,False,True,True,True,False,True
HST F814W,F814W_051_3700801,150.40088564340778,2.0557426526488105,-0.7280640602111816,0.08791793882846832,31.42211151123047,051,True,False,True,False,True,True,True,False,True
HST F814W,F814W_075_6986930,150.56245888073158,2.3169604533059687,-0.6979486346244812,0.08443815261125565,31.415142059326172,075,True,False,True,False,True,True,True,False,True
HST F814W,F814W_040_2423950,150.3114772885058,1.867077224103403,-0.4275386929512024,0.08127862215042114,31.398983001708984,040,True,False,True,False,True,True,True,False,True
HST F814W,F814W_041_2528654,150.18258941553887,1.801137116500853,-0.6928339600563049,0.08359576761722565,31.389503479003906,041,True,False,True,False,True,True,True,False,True
HST F814W,F814W_052_3884589,150.27239311215922,2.0151286111597413,0.9419950246810913,0.08542853593826294,31.38934898376465,052,True,False,True,False,True,True,True,False,True
HST F814W,F814W_028_1020290,150.35729652842085,1.7783351124092441,0.06730850040912628,0.09077426791191101,31.377017974853516,028,True,False,True,False,True,True,True,False,True
HST F814W,F814W_074_6930140,150.5831197925166,2.437584996630978,-0.7515490651130676,0.09914614260196686,31.372207641601562,074,True,False,True,False,True,True,True,False,True
HST F814W,F814W_078_7422150,150.02805679277787,2.373972110659219,-0.7368305921554565,0.08820202946662903,31.371198654174805,078,True,False,True,False,True,True,True,False,True
HST F814W,F814W_074_6832887,150.58209933990878,2.3849582892812564,-0.7260036468505859,0.09906990081071854,31.34808349609375,074,True,False,True,False,True,True,True,False,True
HST F814W,F814W_063_5321528,150.46946408534603,2.2105181780610055,-0.6626999378204346,0.08384544402360916,31.34015655517578,063,True,False,True,False,True,True,True,False,True
HST F814W,F814W_078_7463946,150.0309322179821,2.4542792123044586,-0.510323166847229,0.08810685575008392,31.33734893798828,078,True,False,True,False,True,True,True,False,True
HST F814W,F814W_075_7003755,150.5420546172517,2.3511084186448676,-0.3573893904685974,0.08422645181417465,31.336380004882812,075,True,False,True,False,True,True,True,False,True
HST F814W,F814W_053_4271645,150.21454608202959,2.057421725098681,-0.6219667792320251,0.09038788825273514,31.334257125854492,053,True,False,True,False,True,True,True,False,True
HST F814W,F814W_074_6919034,150.59409144659702,2.4320399505088384,-0.8261479139328003,0.0990024209022522,31.326730728149414,074,True,False,True,False,True,True,True,False,True
HST F814W,F814W_077_7246814,150.22767548755846,2.4133688732668555,-0.6436389088630676,0.08314679563045502,31.315105438232422,077,True,False,True,False,True,True,True,False,True
HST F814W,F814W_053_4242936,150.19197488963542,2.01339142610055,-0.5160540342330933,0.09033236652612686,31.31501007080078,053,True,False,True,False,True,True,True,False,True
HST F814W,F814W_088_8249263,150.2667601306749,2.505455961338345,-0.7336103916168213,0.08782758563756943,31.31296157836914,088,True,False,True,False,True,True,True,False,True
HST F814W,F814W_039_2373510,150.4194812953206,1.9445907331884036,-0.7592310905456543,0.0883985385298729,31.307750701904297,039,True,False,True,False,True,True,True,False,True
HST F814W,F814W_053_4309617,150.2017212899472,2.1270707315009103,-0.74273681640625,0.0903102457523346,31.307340621948242,053,True,False,True,False,True,True,True,False,True
HST F814W,F814W_039_2371133,150.4189270000577,1.9378842931225893,-0.709902286529541,0.08839704841375351,31.307222366333008,039,True,False,True,False,True,True,True,False,True
HST F814W,F814W_055_4617361,149.76214208994037,2.1230380253593455,-0.7011346817016602,0.08587465435266495,31.282793045043945,055,True,False,True,False,True,True,True,False,True
HST F814W,F814W_075_7057753,150.45241630561685,2.450444375121319,-0.6843823194503784,0.08405762165784836,31.2735652923584,075,True,False,True,False,True,True,True,False,True
HST F814W,F814W_075_7017142,150.50763369114833,2.378122397580643,-0.7024842500686646,0.08405020833015442,31.27080726623535,075,True,False,True,False,True,True,True,False,True
HST F814W,F814W_088_8241979,150.31070017809654,2.4887769270832867,-0.4033382534980774,0.08770060539245605,31.267690658569336,088,True,False,True,False,True,True,True,False,True
HST F814W,F814W_091_8723440,149.841785610674,2.4662121216338138,-0.48970910906791687,0.0876474678516388,31.258441925048828,091,True,False,True,False,True,True,True,False,True
HST F814W,F814W_063_5323518,150.517518999121,2.2139806642010686,-0.5932618379592896,0.0836140587925911,31.2536678314209,063,True,False,True,False,True,True,True,False,True
HST F814W,F814W_063_5330015,150.52276450884935,2.2270950272990544,-0.392069548368454,0.0836058259010315,31.250591278076172,063,True,False,True,False,True,True,True,False,True
HST F814W,F814W_040_2395375,150.36626616170267,1.8193728166425513,-0.35119637846946716,0.08086345344781876,31.238597869873047,040,True,False,True,False,True,True,True,False,True
HST F814W,F814W_054_4422629,150.0132092348073,2.1133468980792465,-0.48994389176368713,0.08362296968698502,31.236003875732422,054,True,False,True,False,True,True,True,False,True
HST F814W,F814W_078_7436985,150.03936823180192,2.398470105439214,-0.731038510799408,0.08781975507736206,31.235233306884766,078,True,False,True,False,True,True,True,False,True
HST F814W,F814W_077_7261624,150.09867255727733,2.439510395768982,-0.15186500549316406,0.08291860669851303,31.229164123535156,077,True,False,True,False,True,True,True,False,True
HST F814W,F814W_052_4036707,150.3633837032127,2.073796324683034,-0.6477376222610474,0.0849919393658638,31.228927612304688,052,True,False,True,False,True,True,True,False,True
HST F814W,F814W_089_8476952,150.18431161149877,2.5384125793760135,-0.48988428711891174,0.09093909710645676,31.225866317749023,089,True,False,True,False,True,True,True,False,True
HST F814W,F814W_039_2374030,150.42090898611127,1.945798377960263,-0.7430770993232727,0.08809871971607208,31.20156478881836,039,True,False,True,False,True,True,True,False,True
HST F814W,F814W_064_5478414,150.29922475438292,2.2294332785354043,-0.7434937357902527,0.08515329658985138,31.198110580444336,064,True,False,True,False,True,True,True,False,True
HST F814W,F814W_053_4159501,150.09327054621914,1.9904331084090112,-0.7368993759155273,0.08994961529970169,31.182323455810547,053,True,False,True,False,True,True,True,False,True
HST F814W,F814W_063_5369390,150.53866441237903,2.2937287139977838,-0.18903961777687073,0.0834052711725235,31.175626754760742,063,True,False,True,False,True,True,True,False,True
HST F814W,F814W_077_7255896,150.10445798350773,2.43017988602089,-0.5295966267585754,0.08273948729038239,31.16170310974121,077,True,False,True,False,True,True,True,False,True
HST F814W,F814W_063_5298824,150.42270701492905,2.1762143249116543,-0.7092442512512207,0.08335327357053757,31.156190872192383,063,True,False,True,False,True,True,True,False,True
HST F814W,F814W_090_8687530,150.02501142662769,2.5815332136955536,-0.5460952520370483,0.08585071563720703,31.152921676635742,090,True,False,True,False,True,True,True,False,True
HST F814W,F814W_063_5311785,150.52372600385215,2.1976893295417477,-0.6830892562866211,0.08334106206893921,31.151626586914062,063,True,False,True,False,True,True,True,False,True
HST F814W,F814W_075_7006594,150.47594101856205,2.3565973850762427,-0.6796533465385437,0.08371953666210175,31.147781372070312,075,True,False,True,False,True,True,True,False,True
HST F814W,F814W_053_4194376,150.09072659807933,2.000354153539722,-0.7439199090003967,0.08984876424074173,31.147361755371094,053,True,False,True,False,True,True,True,False,True
HST F814W,F814W_076_7090825,150.30705645966313,2.3352160039738554,-0.3033643066883087,0.08191732317209244,31.147050857543945,076,True,False,True,False,True,True,True,False,True
HST F814W,F814W_064_5573228,150.3829213401207,2.2565545579663224,-0.6463897824287415,0.08500561118125916,31.14400291442871,064,True,False,True,False,True,True,True,False,True
HST F814W,F814W_089_8569763,150.19118638531052,2.5905091988770343,-0.36121273040771484,0.09069864451885223,31.14330291748047,089,True,False,True,False,True,True,True,False,True
HST F814W,F814W_028_0858270,150.33935944558758,1.7251144345050333,-0.33526378870010376,0.09006085991859436,31.130422592163086,028,True,False,True,False,True,True,True,False,True
HST F814W,F814W_074_6870351,150.59026036178898,2.405864179028274,-0.3310672640800476,0.09838023036718369,31.129854202270508,074,True,False,True,False,True,True,True,False,True
HST F814W,F814W_041_2610501,150.0741312956006,1.914998629763104,-0.5309117436408997,0.08289389312267303,31.12595558166504,041,True,False,True,False,True,True,True,False,True
HST F814W,F814W_066_5943799,149.99419994948704,2.21957867089613,-0.5612512826919556,0.09479347616434097,31.114429473876953,066,True,False,True,False,True,True,True,False,True
HST F814W,F814W_041_2549581,150.13902326709984,1.8180468901556446,-0.6513881087303162,0.08284122496843338,31.10618019104004,041,True,False,True,False,True,True,True,False,True
HST F814W,F814W_076_7091385,150.36613200693907,2.3361910649052873,-0.434592068195343,0.08180933445692062,31.10599136352539,076,True,False,True,False,True,True,True,False,True
HST F814W,F814W_076_7140683,150.2672808412455,2.4194907484697366,-0.46350154280662537,0.08179925382137299,31.102157592773438,076,True,False,True,False,True,True,True,False,True
HST F814W,F814W_041_2610755,150.07515859078174,1.9152423578910052,-0.6497790813446045,0.08282884210348129,31.101530075073242,041,True,False,True,False,True,True,True,False,True
HST F814W,F814W_075_7056680,150.4022004482695,2.448477140999902,-0.5772618055343628,0.08356214314699173,31.089223861694336,075,True,False,True,False,True,True,True,False,True
HST F814W,F814W_040_2490198,150.3948303634465,1.9465891355815963,-0.5587807893753052,0.08047676086425781,31.089214324951172,040,True,False,True,False,True,True,True,False,True
HST F814W,F814W_075_7008715,150.56055159018013,2.360633589582863,-0.055739469826221466,0.08349655568599701,31.064821243286133,075,True,False,True,False,True,True,True,False,True
HST F814W,F814W_053_4308564,150.2011638081319,2.1266950959560624,-0.7639487981796265,0.08960223197937012,31.061899185180664,053,True,False,True,False,True,True,True,False,True
HST F814W,F814W_088_8247423,150.26745965025563,2.503094802227046,-0.7541858553886414,0.08712056279182434,31.060888290405273,088,True,False,True,False,True,True,True,False,True
HST F814W,F814W_028_0852223,150.3438418906729,1.715734869264255,-0.4145143926143646,0.08984405547380447,31.05548095703125,028,True,False,True,False,True,True,True,False,True
HST F814W,F814W_078_7400825,150.01144595309873,2.3489486695003317,0.23066964745521545,0.08731236308813095,31.054767608642578,078,True,False,True,False,True,True,True,False,True
HST F814W,F814W_063_5340563,150.5298116433127,2.245654639881163,-0.6778358221054077,0.08307629078626633,31.052658081054688,063,True,False,True,False,True,True,True,False,True
HST F814W,F814W_077_7194598,150.21782373023854,2.331412660889218,-0.5814991593360901,0.08244791626930237,31.051891326904297,077,True,False,True,False,True,True,True,False,True
HST F814W,F814W_075_7027190,150.43870704965295,2.3962762158468216,-0.6293518543243408,0.08344810456037521,31.046794891357422,075,True,False,True,False,True,True,True,False,True
HST F814W,F814W_040_2403092,150.38187894527476,1.831975719904345,-0.03744775056838989,0.08036298304796219,31.045259475708008,040,True,False,True,False,True,True,True,False,True
HST F814W,F814W_066_5922102,150.0243612623522,2.2010526378264004,-0.4386380910873413,0.094540536403656,31.031404495239258,066,True,False,True,False,True,True,True,False,True
HST F814W,F814W_063_5313005,150.46877785550484,2.1992417882453656,-0.6664074659347534,0.0829935148358345,31.021718978881836,063,True,False,True,False,True,True,True,False,True
HST F814W,F814W_066_6001640,149.99467088607705,2.2519607272883686,-0.8557030558586121,0.09450986236333847,31.021337509155273,066,True,False,True,False,True,True,True,False,True
HST F814W,F814W_076_7157128,150.37744608802262,2.4403249133428675,-0.6524598002433777,0.08156947791576385,31.01479148864746,076,True,False,True,False,True,True,True,False,True
HST F814W,F814W_040_2489534,150.37178132631357,1.945762207489284,-0.527631402015686,0.08027496933937073,31.011259078979492,040,True,False,True,False,True,True,True,False,True
HST F814W,F814W_074_6902907,150.57461853398476,2.423592905939193,-0.7853326797485352,0.0979994609951973,31.009370803833008,074,True,False,True,False,True,True,True,False,True
HST F814W,F814W_074_6850489,150.57657884909474,2.393874002218954,-0.8616268634796143,0.09797883778810501,31.002843856811523,074,True,False,True,False,True,True,True,False,True
HST F814W,F814W_078_7457940,149.99605824205727,2.442007421980057,-0.707589328289032,0.0871359333395958,30.992015838623047,078,True,False,True,False,True,True,True,False,True
HST F814W,F814W_078_7306903,149.9011338192457,2.303842129292245,-0.7373425960540771,0.08712588995695114,30.98844337463379,078,True,False,True,False,True,True,True,False,True
HST F814W,F814W_066_5827734,149.91435234924094,2.158958399294938,-0.751583456993103,0.09440609812736511,30.98727798461914,066,True,False,True,False,True,True,True,False,True
HST F814W,F814W_054_4351955,150.042250224636,2.0034858982032073,-0.6929486989974976,0.08294510841369629,30.982799530029297,054,True,False,True,False,True,True,True,False,True
HST F814W,F814W_054_4416366,150.04289082252112,2.1022927951605106,-0.678521990776062,0.08293066918849945,30.977407455444336,054,True,False,True,False,True,True,True,False,True
HST F814W,F814W_065_5726408,150.13345737040103,2.241387872977602,-1.034170150756836,0.11378171294927597,30.975753784179688,065,True,False,True,False,True,True,True,False,True
HST F814W,F814W_052_3885538,150.28582444463956,2.0173133583704415,-0.6807107925415039,0.08427900075912476,30.966970443725586,052,True,False,True,False,True,True,True,False,True
HST F814W,F814W_075_7026668,150.44020436588988,2.395685360143963,-0.6912690997123718,0.08314995467662811,30.935869216918945,075,True,False,True,False,True,True,True,False,True
HST F814W,F814W_040_2382153,150.33835668626335,1.79385263690578,-0.5664294362068176,0.08006951957941055,30.9318904876709,040,True,False,True,False,True,True,True,False,True
HST F814W,F814W_054_4392780,149.9424873066105,2.0610614938836718,-0.30659058690071106,0.08276519179344177,30.91559600830078,054,True,False,True,False,True,True,True,False,True
HST F814W,F814W_067_6230205,149.8151852769698,2.2704320170640875,-0.15054358541965485,0.08631335943937302,30.89906883239746,067,True,False,True,False,True,True,True,False,True
HST F814W,F814W_075_6981507,150.51652186798307,2.3001203408694395,-0.6723493933677673,0.08301787078380585,30.886728286743164,075,True,False,True,False,True,True,True,False,True
HST F814W,F814W_078_7337819,150.0566538088658,2.3196183275998488,0.9063950777053833,0.08682995289564133,30.88318634033203,078,True,False,True,False,True,True,True,False,True
HST F814W,F814W_090_8613882,150.00167272963378,2.460992696408797,-0.5180911421775818,0.08507350087165833,30.870891571044922,090,True,False,True,False,True,True,True,False,True
HST F814W,F814W_089_8432212,150.10950310281115,2.4859124425902577,-0.7592552304267883,0.0898611843585968,30.855743408203125,089,True,False,True,False,True,True,True,False,True
HST F814W,F814W_063_5318277,150.52130605176805,2.206730484059344,-0.6119686961174011,0.08252941071987152,30.848243713378906,063,True,False,True,False,True,True,True,False,True
HST F814W,F814W_074_6885702,150.59710282896728,2.414091239609991,-0.058882877230644226,0.09736049920320511,30.807188034057617,074,True,False,True,False,True,True,True,False,True
HST F814W,F814W_075_6988189,150.5568497496902,2.3199955474505685,-0.5960935950279236,0.08276703208684921,30.79340362548828,075,True,False,True,False,True,True,True,False,True
HST F814W,F814W_075_7013110,150.48530484659156,2.370966652499373,-0.37236109375953674,0.0827535018324852,30.78837013244629,075,True,False,True,False,True,True,True,False,True
HST F814W,F814W_054_4351771,150.04233715222765,2.00336866322602,-0.6624020338058472,0.08240535855293274,30.781185150146484,054,True,False,True,False,True,True,True,False,True
HST F814W,F814W_075_7041308,150.53699428236473,2.418575002743821,-0.5179982781410217,0.08272949606180191,30.779438018798828,075,True,False,True,False,True,True,True,False,True
HST F814W,F814W_066_5920164,150.04933814364432,2.1995410290262543,-0.6959075331687927,0.09374567866325378,30.770505905151367,066,True,False,True,False,True,True,True,False,True
HST F814W,F814W_029_1216118,150.15947736595277,1.790907162724641,-0.9594881534576416,0.11051034182310104,30.766250610351562,029,True,False,True,False,True,True,True,False,True
HST F814W,F814W_053_4309419,150.20165359776442,2.126991096793719,-0.7725381851196289,0.08872222155332565,30.7568302154541,053,True,False,True,False,True,True,True,False,True
HST F814W,F814W_074_6941268,150.61070152404983,2.4430153960240952,-0.8565915822982788,0.09719526767730713,30.75490379333496,074,True,False,True,False,True,True,True,False,True
HST F814W,F814W_055_4455718,149.75275158989425,2.0139387647035334,-0.6298695802688599,0.08439349383115768,30.74323081970215,055,True,False,True,False,True,True,True,False,True
HST F814W,F814W_054_4416391,150.04279996141108,2.1023396331577135,-0.5987944006919861,0.0823030099272728,30.74295425415039,054,True,False,True,False,True,True,True,False,True
HST F814W,F814W_042_2708076,150.01069799102964,1.8308876415185489,-0.7813190817832947,0.0891936719417572,30.74091911315918,042,True,False,True,False,True,True,True,False,True
HST F814W,F814W_042_2811435,150.03275459386947,1.900917858346014,-0.14658305048942566,0.08917608112096786,30.7348575592041,042,True,False,True,False,True,True,True,False,True
HST F814W,F814W_064_5482943,150.30808646702516,2.2308760076903487,-0.4734146296977997,0.08388522267341614,30.7335205078125,064,True,False,True,False,True,True,True,False,True
HST F814W,F814W_065_5610151,150.13546597275501,2.1394888159107266,-1.038067102432251,0.1128835529088974,30.73124122619629,065,True,False,True,False,True,True,True,False,True
HST F814W,F814W_056_4646841,149.66950860500165,1.9812814227005653,-0.6609073877334595,0.08884195238351822,30.724668502807617,056,True,False,True,False,True,True,True,False,True
HST F814W,F814W_090_8709898,150.03102496471433,2.6129961756356184,-0.5713651180267334,0.08464782685041428,30.716426849365234,090,True,False,True,False,True,True,True,False,True
HST F814W,F814W_043_2941505,149.81841842277436,1.938483103424003,-0.6825456619262695,0.08187634497880936,30.714506149291992,043,True,False,True,False,True,True,True,False,True
HST F814W,F814W_040_2383032,150.35618772329198,1.795343141466443,-0.4962525963783264,0.07950567454099655,30.714069366455078,040,True,False,True,False,True,True,True,False,True
HST F814W,F814W_066_5801220,149.99059810335825,2.1505216790713044,-0.7392019629478455,0.09356570988893509,30.71143341064453,066,True,False,True,False,True,True,True,False,True
HST F814W,F814W_042_2800298,149.97385804106176,1.880730709740786,-0.7045191526412964,0.08909586817026138,30.707210540771484,042,True,False,True,False,True,True,True,False,True
HST F814W,F814W_078_7437186,150.04156607880947,2.3986845961067274,-0.7071751356124878,0.08632995188236237,30.70534896850586,078,True,False,True,False,True,True,True,False,True
HST F814W,F814W_074_6921451,150.59447671818157,2.433187542060916,-0.8269026279449463,0.09702639281749725,30.701467514038086,074,True,False,True,False,True,True,True,False,True
HST F814W,F814W_078_7421942,150.02752146858344,2.3735810241515223,-0.688086211681366,0.08631743490695953,30.700897216796875,078,True,False,True,False,True,True,True,False,True
HST F814W,F814W_040_2382995,150.35618385564564,1.7953156421692684,-0.37956711649894714,0.07945665717124939,30.69513511657715,040,True,False,True,False,True,True,True,False,True
HST F814W,F814W_063_5338174,150.4027686543709,2.241212759407637,-0.2049172818660736,0.0820995643734932,30.687572479248047,063,True,False,True,False,True,True,True,False,True
HST F814W,F814W_075_6986997,150.56292686372237,2.317115561914047,-0.6333582997322083,0.08247502148151398,30.68476104736328,075,True,False,True,False,True,True,True,False,True
HST F814W,F814W_063_5291587,150.50702925856018,2.1610912079906117,-0.5724601745605469,0.08207827061414719,30.67961311340332,063,True,False,True,False,True,True,True,False,True
HST F814W,F814W_028_0906083,150.29206302185307,1.7414814275023651,0.07930272817611694,0.08874053508043289,30.674039840698242,028,True,False,True,False,True,True,True,False,True
HST F814W,F814W_039_2369016,150.4033110140403,1.9317978121351924,-0.7147856950759888,0.08660565316677094,30.672771453857422,039,True,False,True,False,True,True,True,False,True
HST F814W,F814W_088_8240355,150.36547516747612,2.4847932932591483,-0.7468101382255554,0.0860263928771019,30.670787811279297,088,True,False,True,False,True,True,True,False,True
HST F814W,F814W_077_7256700,150.10520678006424,2.4311507100556873,-0.6615538597106934,0.0814289003610611,30.66810417175293,077,True,False,True,False,True,True,True,False,True
HST F814W,F814W_075_7027320,150.5064337403922,2.396436686194067,-0.5609821677207947,0.08242902904748917,30.66765022277832,075,True,False,True,False,True,True,True,False,True
HST F814W,F814W_040_2412485,150.37533777877746,1.846349572907591,-0.6296079754829407,0.07935084402561188,30.65425682067871,040,True,False,True,False,True,True,True,False,True
HST F814W,F814W_091_8724638,149.84187804648084,2.4680314480119065,0.3016361892223358,0.08594372123479843,30.650819778442383,091,True,False,True,False,True,True,True,False,True
HST F814W,F814W_078_7462870,149.9539186108384,2.4519536033838216,-0.35030707716941833,0.086174376308918,30.650014877319336,078,True,False,True,False,True,True,True,False,True
HST F814W,F814W_076_7142416,150.2659802659706,2.4209117651245715,-0.627155065536499,0.08057227730751038,30.635629653930664,076,True,False,True,False,True,True,True,False,True
HST F814W,F814W_051_3805640,150.48818134474013,2.098412029355053,-0.6388062834739685,0.08570612221956253,30.631603240966797,051,True,False,True,False,True,True,True,False,True
HST F814W,F814W_075_7054514,150.40164120350363,2.4444942444822355,-0.6840909123420715,0.08233147114515305,30.6313533782959,075,True,False,True,False,True,True,True,False,True
HST F814W,F814W_051_3710326,150.42531700122223,2.065691736436007,-0.6892677545547485,0.08569246530532837,30.62672233581543,051,True,False,True,False,True,True,True,False,True
HST F814W,F814W_054_4353735,149.97759140087717,2.0048192686483213,-0.5729334354400635,0.08198439329862595,30.62394142150879,054,True,False,True,False,True,True,True,False,True
HST F814W,F814W_090_8714553,150.02829547374037,2.6207626099232932,-0.5350555777549744,0.08438480645418167,30.620983123779297,090,True,False,True,False,True,True,True,False,True
HST F814W,F814W_075_7030943,150.43145593168106,2.4027128665074877,-0.6783214211463928,0.08229169249534607,30.616554260253906,075,True,False,True,False,True,True,True,False,True
HST F814W,F814W_042_2708104,150.010702299231,1.8309296687545555,-0.7425503730773926,0.08881547302007675,30.610572814941406,042,True,False,True,False,True,True,True,False,True
HST F814W,F814W_028_0955694,150.3611303412486,1.7572988938765066,-0.33396631479263306,0.08854225277900696,30.605501174926758,028,True,False,True,False,True,True,True,False,True
HST F814W,F814W_075_6989146,150.5129196589165,2.32227287445929,-0.45220282673835754,0.08220763504505157,30.58527946472168,075,True,False,True,False,True,True,True,False,True
HST F814W,F814W_075_6987815,150.557230101319,2.319364873878736,-0.6057036519050598,0.08216060698032379,30.56778335571289,075,True,False,True,False,True,True,True,False,True
HST F814W,F814W_063_5313685,150.46819300832962,2.199938885614631,-0.6593791246414185,0.08176909387111664,30.564048767089844,063,True,False,True,False,True,True,True,False,True
HST F814W,F814W_063_5295425,150.5044486714324,2.169233219671763,-0.6482542157173157,0.08175802230834961,30.55990982055664,063,True,False,True,False,True,True,True,False,True
HST F814W,F814W_053_4285445,150.22399654975072,2.100005226452173,-0.7623178362846375,0.08813877403736115,30.554569244384766,053,True,False,True,False,True,True,True,False,True
HST F814W,F814W_051_3741028,150.47332062684865,2.076676631619283,-0.6100072264671326,0.08548872172832489,30.553903579711914,051,True,False,True,False,True,True,True,False,True
HST F814W,F814W_075_7002905,150.55875512588378,2.3495267804528126,-0.6086404323577881,0.08211760967969894,30.551786422729492,075,True,False,True,False,True,True,True,False,True
HST F814W,F814W_042_2706656,150.0254202871181,1.828311569649483,-0.7408528923988342,0.08864470571279526,30.551715850830078,042,True,False,True,False,True,True,True,False,True
HST F814W,F814W_063_5363047,150.521629674427,2.288167283218026,-0.3547706604003906,0.08172040432691574,30.545848846435547,063,True,False,True,False,True,True,True,False,True
HST F814W,F814W_052_3947261,150.29873000996466,2.047607543085345,-0.5689054131507874,0.08312946557998657,30.544591903686523,052,True,False,True,False,True,True,True,False,True
HST F814W,F814W_063_5338191,150.53423425137984,2.241229536967925,-0.34227484464645386,0.08169339597225189,30.53575325012207,063,True,False,True,False,True,True,True,False,True
HST F814W,F814W_042_2708153,150.01076805778573,1.8309892525558051,-0.7465931177139282,0.08859794586896896,30.535600662231445,042,True,False,True,False,True,True,True,False,True
HST F814W,F814W_028_0854755,150.33800576092338,1.7210827744380772,0.18369191884994507,0.08833836019039154,30.535022735595703,028,True,False,True,False,True,True,True,False,True
HST F814W,F814W_042_2764212,150.00220346545402,1.862117999187038,-0.4555414617061615,0.08859463036060333,30.53445816040039,042,True,False,True,False,True,True,True,False,True
HST F814W,F814W_054_4345569,149.92969139840173,1.998367209975679,-0.5417001843452454,0.08172772824764252,30.52806854248047,054,True,False,True,False,True,True,True,False,True
HST F814W,F814W_088_8244547,150.29672540485694,2.495816923305625,-0.002729864791035652,0.08561507612466812,30.524141311645508,088,True,False,True,False,True,True,True,False,True
HST F814W,F814W_051_3676423,150.43915277011885,1.995360360665001,-0.3687586784362793,0.08539144694805145,30.519136428833008,051,True,False,True,False,True,True,True,False,True
HST F814W,F814W_042_2756691,150.0388233602365,1.8584095472977487,-0.6570912599563599,0.08854442834854126,30.517154693603516,042,True,False,True,False,True,True,True,False,True
HST F814W,F814W_063_5336199,150.50540021898965,2.2378419381579224,-0.2274569571018219,0.0816255435347557,30.510391235351562,063,True,False,True,False,True,True,True,False,True
HST F814W,F814W_075_7015861,150.533186187555,2.376502207299965,-0.6475695967674255,0.08198359608650208,30.50192642211914,075,True,False,True,False,True,True,True,False,True
HST F814W,F814W_054_4347384,149.93040057686946,1.9997177791019511,-0.6028072237968445,0.08162882179021835,30.49112319946289,054,True,False,True,False,True,True,True,False,True
HST F814W,F814W_053_4257242,150.1606928121412,2.0199198179677578,-0.7076659798622131,0.08795333653688431,30.490285873413086,053,True,False,True,False,True,True,True,False,True
HST F814W,F814W_067_6102229,149.84707723072887,2.201405813166553,0.4527756869792938,0.08514759689569473,30.481740951538086,067,True,False,True,False,True,True,True,False,True
HST F814W,F814W_076_7143039,150.26967589981743,2.421363199871182,-0.5820672512054443,0.08014930784702301,30.47480583190918,076,True,False,True,False,True,True,True,False,True
HST F814W,F814W_063_5313260,150.43888264591698,2.1995107033853536,-0.4868467152118683,0.08152658492326736,30.47340202331543,063,True,False,True,False,True,True,True,False,True
HST F814W,F814W_075_7031609,150.55935222910801,2.403515896171326,-0.6584570407867432,0.08187773078680038,30.462539672851562,075,True,False,True,False,True,True,True,False,True
HST F814W,F814W_064_5528864,150.31498558244672,2.2443655662923705,-0.45929545164108276,0.08314502984285355,30.462331771850586,064,True,False,True,False,True,True,True,False,True
HST F814W,F814W_043_2952156,149.7543053172513,1.9599212272488098,-0.6128734350204468,0.08118776232004166,30.45619773864746,043,True,False,True,False,True,True,True,False,True
HST F814W,F814W_041_2523663,150.20911161806694,1.7981399328466605,-0.4207344651222229,0.08109176903963089,30.44927406311035,041,True,False,True,False,True,True,True,False,True
HST F814W,F814W_075_7047150,150.4148735489691,2.430171789995483,-0.6569692492485046,0.08184094727039337,30.448854446411133,075,True,False,True,False,True,True,True,False,True
HST F814W,F814W_078_7451843,150.01788780538087,2.430990404228455,-0.7417731881141663,0.08560693264007568,30.448190689086914,078,True,False,True,False,True,True,True,False,True
HST F814W,F814W_053_4156688,150.09199252589966,1.9896726125970683,-0.6296145915985107,0.08782660216093063,30.44635009765625,053,True,False,True,False,True,True,True,False,True
HST F814W,F814W_040_2411708,150.24572937049882,1.845033526020551,-0.2684231400489807,0.07881204783916473,30.44611358642578,040,True,False,True,False,True,True,True,False,True
HST F814W,F814W_056_4746374,149.71112502537673,2.0941763707104823,-0.6182482242584229,0.08803026378154755,30.443958282470703,056,True,False,True,False,True,True,True,False,True
HST F814W,F814W_088_8232848,150.38156967973416,2.467152973591628,-0.2952151298522949,0.08538635820150375,30.442596435546875,088,True,False,True,False,True,True,True,False,True
HST F814W,F814W_074_6859940,150.57301975007988,2.3984774165582565,-0.799673855304718,0.09620117396116257,30.440349578857422,074,True,False,True,False,True,True,True,False,True
HST F814W,F814W_065_5643958,150.09472832737237,2.1741196336190787,-0.4900420308113098,0.11178158968687057,30.431243896484375,065,True,False,True,False,True,True,True,False,True
HST F814W,F814W_087_8138674,150.4185012909307,2.4855273212043483,-0.6685351133346558,0.08119542896747589,30.426544189453125,087,True,False,True,False,True,True,True,False,True
HST F814W,F814W_078_7439000,150.041536179698,2.402103853397334,-0.6431224346160889,0.08551264554262161,30.414653778076172,078,True,False,True,False,True,True,True,False,True
HST F814W,F814W_077_7231448,150.09097900656974,2.3916422039371406,-0.6024916172027588,0.08074388653039932,30.410112380981445,077,True,False,True,False,True,True,True,False,True
HST F814W,F814W_051_3672740,150.4212650770051,1.9848499670163928,-0.6387447714805603,0.08507618308067322,30.40645980834961,051,True,False,True,False,True,True,True,False,True
HST F814W,F814W_077_7210788,150.10573022273798,2.355188706062313,-0.6157426834106445,0.0807279571890831,30.404111862182617,077,True,False,True,False,True,True,True,False,True
HST F814W,F814W_076_7131019,150.36363538371822,2.40414705880079,-0.476202130317688,0.07996022701263428,30.402912139892578,076,True,False,True,False,True,True,True,False,True
HST F814W,F814W_078_7437417,150.04049222241463,2.3989840937989677,-0.7286894917488098,0.08547250926494598,30.400379180908203,078,True,False,True,False,True,True,True,False,True
HST F814W,F814W_054_4423456,149.9438671568514,2.1146813851189554,-0.31416359543800354,0.08138098567724228,30.398548126220703,054,True,False,True,False,True,True,True,False,True
HST F814W,F814W_079_7505406,149.80714763296064,2.372963186537178,-0.6727268695831299,0.08344686776399612,30.380146026611328,079,True,False,True,False,True,True,True,False,True
HST F814W,F814W_055_4453192,149.88665703494195,2.0085223825864102,-0.6947171688079834,0.08339130878448486,30.378149032592773,055,True,False,True,False,True,True,True,False,True
HST F814W,F814W_052_4066992,150.32506718191843,2.097662705273455,-0.6986046433448792,0.08267344534397125,30.37703514099121,052,True,False,True,False,True,True,True,False,True
HST F814W,F814W_090_8645023,150.0330764194023,2.5139750925012274,-0.7030326724052429,0.08370520174503326,30.374372482299805,090,True,False,True,False,True,True,True,False,True
HST F814W,F814W_040_2413619,150.31885054286084,1.8481221410378748,-0.5704346299171448,0.07860240340232849,30.36512565612793,040,True,False,True,False,True,True,True,False,True
HST F814W,F814W_052_3886623,150.36078382710303,2.0189087285260032,-0.5517523884773254,0.08262519538402557,30.35930633544922,052,True,False,True,False,True,True,True,False,True
HST F814W,F814W_051_3827469,150.45979541249508,2.1053528407727105,-0.7296677827835083,0.08493848145008087,30.35724639892578,051,True,False,True,False,True,True,True,False,True
HST F814W,F814W_075_6979674,150.5506226173267,2.295507271532235,-0.2904725968837738,0.08159368485212326,30.356861114501953,075,True,False,True,False,True,True,True,False,True
HST F814W,F814W_054_4416403,150.04444112178854,2.102352176899413,-0.614311695098877,0.08124471455812454,30.347646713256836,054,True,False,True,False,True,True,True,False,True
HST F814W,F814W_052_3874762,150.36864648853893,1.9931247769575493,-0.5752925872802734,0.08256647735834122,30.337730407714844,052,True,False,True,False,True,True,True,False,True
HST F814W,F814W_074_6909867,150.5996982410068,2.4272995611268944,-0.7358366847038269,0.09587417542934418,30.33687973022461,074,True,False,True,False,True,True,True,False,True
HST F814W,F814W_074_6906070,150.5826275645582,2.4252768862219223,-0.8455708026885986,0.0958334356546402,30.32398796081543,074,True,False,True,False,True,True,True,False,True
HST F814W,F814W_063_5318238,150.48556926430516,2.206679692797292,-0.5509291887283325,0.08112317323684692,30.322612762451172,063,True,False,True,False,True,True,True,False,True
HST F814W,F814W_042_2822208,150.0077419182114,1.9355048514240807,-0.7167052030563354,0.08797366172075272,30.320438385009766,042,True,False,True,False,True,True,True,False,True
HST F814W,F814W_079_7525408,149.85554325099733,2.400873545525381,-0.6479977965354919,0.0832514837384224,30.30901336669922,079,True,False,True,False,True,True,True,False,True
HST F814W,F814W_053_4308848,150.2010634631906,2.1267765953747086,-0.7041495442390442,0.08742313086986542,30.306482315063477,053,True,False,True,False,True,True,True,False,True
HST F814W,F814W_065_5770202,150.18742354349865,2.276339512463911,-0.9781045913696289,0.111298106610775,30.29962158203125,065,True,False,True,False,True,True,True,False,True
HST F814W,F814W_076_7157118,150.37740375512942,2.440322512762505,-0.6203823685646057,0.07967948913574219,30.29616928100586,076,True,False,True,False,True,True,True,False,True
HST F814W,F814W_074_6871620,150.58550264701177,2.4065913737076694,-0.5270992517471313,0.09574373811483383,30.29560661315918,074,True,False,True,False,True,True,True,False,True
HST F814W,F814W_067_6095203,149.8491928174489,2.186129097390753,-0.6081349849700928,0.0846184715628624,30.292320251464844,067,True,False,True,False,True,True,True,False,True
HST F814W,F814W_052_3877291,150.2765201839799,1.9981147571299802,-0.6423515677452087,0.08244068175554276,30.2915096282959,052,True,False,True,False,True,True,True,False,True
HST F814W,F814W_064_5478614,150.29925088529203,2.2294710273685783,-0.6848081946372986,0.0826563835144043,30.283302307128906,064,True,False,True,False,True,True,True,False,True
HST F814W,F814W_042_2706727,150.02506680974545,1.8284069495906026,-0.7343270778656006,0.08785398304462433,30.279191970825195,042,True,False,True,False,True,True,True,False,True
HST F814W,F814W_089_8454495,150.15845053821664,2.496588102611694,-0.5956987142562866,0.0881812572479248,30.27890396118164,089,True,False,True,False,True,True,True,False,True
HST F814W,F814W_063_5360017,150.5494189745697,2.2834791561783323,-0.5444257259368896,0.08098723739385605,30.27180290222168,063,True,False,True,False,True,True,True,False,True
HST F814W,F814W_063_5297671,150.49029059729196,2.173908120185004,-0.556785523891449,0.08097311109304428,30.266521453857422,063,True,False,True,False,True,True,True,False,True
HST F814W,F814W_065_5750223,150.17750707911398,2.2611993560288237,-0.8568668961524963,0.11113052070140839,30.253997802734375,065,True,False,True,False,True,True,True,False,True
HST F814W,F814W_077_7215760,150.14741053448378,2.361605745300436,-0.6352081894874573,0.08032608032226562,30.252756118774414,077,True,False,True,False,True,True,True,False,True
HST F814W,F814W_028_0849529,150.3426407832736,1.7110673035007158,-0.1938944309949875,0.08748844265937805,30.241241455078125,028,True,False,True,False,True,True,True,False,True
HST F814W,F814W_063_5345220,150.41327348919833,2.2548030070404663,-0.2985096275806427,0.08090492337942123,30.24103355407715,063,True,False,True,False,True,True,True,False,True
HST F814W,F814W_074_6930122,150.58315541595965,2.4375791414918373,-0.7025724649429321,0.09554104506969452,30.231468200683594,074,True,False,True,False,True,True,True,False,True
HST F814W,F814W_066_6003506,149.92847441469692,2.2530518451130934,-0.13993659615516663,0.09210315346717834,30.231372833251953,066,True,False,True,False,True,True,True,False,True
HST F814W,F814W_075_7041346,150.53699981380527,2.418622313528937,-0.5910935401916504,0.0812373235821724,30.22427749633789,075,True,False,True,False,True,True,True,False,True
HST F814W,F814W_028_1022936,150.34063453031712,1.7858488447777627,-0.257402241230011,0.08738116919994354,30.204160690307617,028,True,False,True,False,True,True,True,False,True
HST F814W,F814W_066_5845295,150.02868097095043,2.166905604000721,-0.41330814361572266,0.0920184776186943,30.203580856323242,066,True,False,True,False,True,True,True,False,True
HST F814W,F814W_064_5392525,150.30897044889352,2.1748253239078346,-0.6068059206008911,0.08241540938615799,30.19501495361328,064,True,False,True,False,True,True,True,False,True
HST F814W,F814W_075_6996983,150.48363032501072,2.338725703138846,-0.3284493088722229,0.08114517480134964,30.189992904663086,075,True,False,True,False,True,True,True,False,True
HST F814W,F814W_043_2942247,149.8186118337593,1.9391098248095284,-0.6101051568984985,0.0804704874753952,30.187124252319336,043,True,False,True,False,True,True,True,False,True
HST F814W,F814W_043_2952641,149.7845075047845,1.9603426979280623,-0.6044379472732544,0.08046191930770874,30.183908462524414,043,True,False,True,False,True,True,True,False,True
HST F814W,F814W_043_2924872,149.78794328195286,1.9113588946365418,-0.38581258058547974,0.08045952767133713,30.183012008666992,043,True,False,True,False,True,True,True,False,True
HST F814W,F814W_063_5368947,150.55881176996917,2.293292552718582,-0.3564029932022095,0.08073747158050537,30.178443908691406,063,True,False,True,False,True,True,True,False,True
HST F814W,F814W_052_3886599,150.35895699811064,2.0188792905791813,-0.5740844011306763,0.08212752640247345,30.17644500732422,052,True,False,True,False,True,True,True,False,True
HST F814W,F814W_077_7256441,150.07163798612004,2.4309128792964017,-0.6054950952529907,0.08010994642972946,30.171354293823242,077,True,False,True,False,True,True,True,False,True
HST F814W,F814W_087_8139659,150.41829079561566,2.4866383126832035,-0.6328634023666382,0.08051437139511108,30.17133140563965,087,True,False,True,False,True,True,True,False,True
HST F814W,F814W_051_3816717,150.4835510910515,2.1018645542899503,-0.5652641654014587,0.08439772576093674,30.163978576660156,051,True,False,True,False,True,True,True,False,True
HST F814W,F814W_089_8485800,150.21734054903965,2.549679866904503,-0.678335428237915,0.08779479563236237,30.146203994750977,089,True,False,True,False,True,True,True,False,True
HST F814W,F814W_041_2535659,150.19155103067823,1.8052888507814457,-0.6318718194961548,0.08028453588485718,30.146163940429688,041,True,False,True,False,True,True,True,False,True
HST F814W,F814W_052_4074730,150.2848255741362,2.1122161611481514,-0.6459798812866211,0.08204343914985657,30.145549774169922,052,True,False,True,False,True,True,True,False,True
HST F814W,F814W_063_5299721,150.48545979138012,2.177881518651998,-0.6144792437553406,0.08062896877527237,30.13788604736328,063,True,False,True,False,True,True,True,False,True
HST F814W,F814W_075_7000273,150.55319776093745,2.3452364923110287,-0.45812833309173584,0.0809955894947052,30.134340286254883,075,True,False,True,False,True,True,True,False,True
HST F814W,F814W_053_4191968,150.09113176809245,1.9997429247280205,-0.7150847315788269,0.08686858415603638,30.114240646362305,053,True,False,True,False,True,True,True,False,True
HST F814W,F814W_075_7006724,150.47614159635208,2.356773317342244,-0.6580876708030701,0.08091015368700027,30.10255241394043,075,True,False,True,False,True,True,True,False,True
HST F814W,F814W_064_5396576,150.2952798530492,2.184558997814528,-0.2476004660129547,0.08213254064321518,30.091379165649414,064,True,False,True,False,True,True,True,False,True
HST F814W,F814W_078_7334009,149.9964537245193,2.3177402781564096,-0.26088666915893555,0.0845876932144165,30.08567237854004,078,True,False,True,False,True,True,True,False,True
HST F814W,F814W_040_2402983,150.36585869342477,1.8318021671983933,0.2626231908798218,0.07787760347127914,30.085124969482422,040,True,False,True,False,True,True,True,False,True
HST F814W,F814W_040_2414644,150.2814350384423,1.8497159868033954,-0.5873161554336548,0.07786048948764801,30.078514099121094,040,True,False,True,False,True,True,True,False,True
HST F814W,F814W_043_2950568,149.78394281460433,1.9580948285744244,-0.6089816093444824,0.08018016815185547,30.078214645385742,043,True,False,True,False,True,True,True,False,True
HST F814W,F814W_055_4546668,149.7478020276089,2.1027744181311974,0.44922107458114624,0.08255655318498611,30.07406234741211,055,True,False,True,False,True,True,True,False,True
HST F814W,F814W_079_7481837,149.87945420575033,2.3241068782427377,-0.6757889986038208,0.0825776606798172,30.063697814941406,079,True,False,True,False,True,True,True,False,True
HST F814W,F814W_055_4463137,149.7717051303853,2.0357922118217213,-0.14502374827861786,0.08252593129873276,30.06290626525879,055,True,False,True,False,True,True,True,False,True
HST F814W,F814W_066_5950869,150.00623212322293,2.223059710049987,-0.7529277205467224,0.09158861637115479,30.062484741210938,066,True,False,True,False,True,True,True,False,True
HST F814W,F814W_076_7084524,150.22932490494662,2.3248900758925175,-0.4420946538448334,0.0790606141090393,30.06085777282715,076,True,False,True,False,True,True,True,False,True
HST F814W,F814W_040_2397356,150.36967845054195,1.8227178297219835,-0.27965235710144043,0.07781101018190384,30.059398651123047,040,True,False,True,False,True,True,True,False,True
HST F814W,F814W_074_6953304,150.5949627765632,2.4489801948771683,-0.47354695200920105,0.09498554468154907,30.055694580078125,074,True,False,True,False,True,True,True,False,True
HST F814W,F814W_043_2928639,149.85509259274474,1.9173768398413076,-0.5810006856918335,0.08009622991085052,30.04672622680664,043,True,False,True,False,True,True,True,False,True
HST F814W,F814W_074_6713110,150.56936540839064,2.3201488473124536,-0.5006763935089111,0.09494540095329285,30.042993545532227,074,True,False,True,False,True,True,True,False,True
HST F814W,F814W_078_7436194,150.0422194343912,2.397725496665199,-0.691056489944458,0.08443629741668701,30.03182601928711,078,True,False,True,False,True,True,True,False,True
HST F814W,F814W_039_2369024,150.40327746918504,1.931806362421793,-0.7188339233398438,0.08478269726037979,30.027141571044922,039,True,False,True,False,True,True,True,False,True
HST F814W,F814W_063_5318936,150.52496784785268,2.2078430865460756,-0.6088635325431824,0.08033046126365662,30.026309967041016,063,True,False,True,False,True,True,True,False,True
HST F814W,F814W_077_7215825,150.1474409819924,2.3616947412991807,-0.6176834106445312,0.07970084995031357,30.01727867126465,077,True,False,True,False,True,True,True,False,True
HST F814W,F814W_029_1171143,150.2060337391181,1.7601009730060544,-0.6541051864624023,0.1078084409236908,30.0140380859375,029,True,False,True,False,True,True,True,False,True
