found_in,star_id,ra,dec,mag,peak,snr,tile,missing_jwst,missing_hst,in_jwst_fp,in_hst_fp,missing_euclid,in_euclid_fp,in_jwst_pix,in_hst_pix,real_orphan
HST F814W,F814W_052_4067347,150.32475299003445,2.0980936510608292,-6.459903240203857,43.997840881347656,16166.302734375,052,True,False,True,False,True,True,True,True,True
HST F814W,F814W_043_2942108,149.76643693391952,1.9389768926111206,-6.615814208984375,36.32625961303711,13627.173828125,043,True,False,True,False,True,True,True,True,True
HST F814W,F814W_051_3700981,150.4011546423576,2.0560085583969747,-6.463849067687988,30.000335693359375,10722.2021484375,051,True,False,True,False,True,True,True,True,True
HST F814W,F814W_065_5610910,150.1377837910954,2.140159421434962,-6.770761489868164,35.992252349853516,9798.4736328125,065,True,False,True,False,True,True,True,True,True
HST F814W,F814W_042_2759734,150.03621528540663,1.8598510896759708,-6.306451797485352,28.21238899230957,9723.5009765625,042,True,False,True,False,True,True,True,True,True
HST F814W,F814W_063_5320654,150.4679602835724,2.2096677204974036,-6.297204971313477,26.01309585571289,9723.30078125,063,True,False,True,False,True,True,True,True,True
HST F814W,F814W_077_7257322,150.073017105094,2.4317244342281468,-6.470931053161621,25.751054763793945,9698.4736328125,077,True,False,True,False,True,True,True,True,True
HST F814W,F814W_055_4434032,149.7534853215758,1.960959808592597,-6.5155720710754395,26.35379981994629,9600.27734375,055,True,False,True,False,True,True,True,True,True
HST F814W,F814W_076_7166274,150.2277270318369,2.4565097719831557,-6.076878547668457,25.190736770629883,9578.1591796875,076,True,False,True,False,True,True,True,True,True
HST F814W,F814W_063_5320189,150.4718853847575,2.2091943516351313,-5.922858715057373,25.0064640045166,9347.037109375,063,True,False,True,False,True,True,True,True,True
HST F814W,F814W_063_5320750,150.46749982021393,2.209744129955747,-6.245691776275635,23.995174407958984,8969.0322265625,063,True,False,True,False,True,True,True,True,True
HST F814W,F814W_043_2953292,149.75348654381665,1.960956183759591,-6.398189544677734,23.511552810668945,8819.9560546875,043,True,False,True,False,True,True,True,True,True
HST F814W,F814W_042_2734877,150.00980726571464,1.84617357527337,-6.233260631561279,25.57600975036621,8814.86328125,042,True,False,True,False,True,True,True,True,True
HST F814W,F814W_052_4067369,150.3244296780473,2.0981209236079255,-5.6750030517578125,22.79668426513672,8376.27734375,052,True,False,True,False,True,True,True,True,True
HST F814W,F814W_051_3700974,150.40124162497654,2.0560018047362005,-6.337468147277832,22.809947967529297,8152.337890625,051,True,False,True,False,True,True,True,True,True
HST F814W,F814W_063_5313451,150.46616729632737,2.199684043937273,-6.165738105773926,20.984922409057617,7843.84619140625,063,True,False,True,False,True,True,True,True,True
HST F814W,F814W_051_3702816,150.39987526661454,2.05948302990734,-6.1403889656066895,21.23799705505371,7590.51806640625,051,True,False,True,False,True,True,True,True,True
HST F814W,F814W_089_8390380,150.11743551843102,2.4642200322619847,-6.118289947509766,22.05264663696289,7572.24365234375,089,True,False,True,False,True,True,True,True,True
HST F814W,F814W_051_3701239,150.39805942659584,2.0564495042211703,-5.909820556640625,20.632925033569336,7374.263671875,051,True,False,True,False,True,True,True,True,True
HST F814W,F814W_088_8247756,150.27499314874566,2.503528962421239,-6.3045268058776855,20.604293823242188,7346.00048828125,088,True,False,True,False,True,True,True,True,True
HST F814W,F814W_065_5610884,150.13798222812187,2.1401321176565933,-6.3317341804504395,26.948070526123047,7336.30029296875,065,True,False,True,False,True,True,True,True,True
HST F814W,F814W_053_4280708,150.1388370487523,2.0846840461436416,-6.090746879577637,21.13288116455078,7326.01611328125,053,True,False,True,False,True,True,True,True,True
HST F814W,F814W_042_2731109,150.02179396072418,1.8446536954272494,-6.174784183502197,21.197622299194336,7305.8369140625,042,True,False,True,False,True,True,True,True,True
HST F814W,F814W_052_4038158,150.36385021591312,2.0741761455393526,-5.982041835784912,19.482023239135742,7158.35791015625,052,True,False,True,False,True,True,True,True,True
HST F814W,F814W_052_4038191,150.36393384827522,2.0741750826789707,-6.0068135261535645,18.687721252441406,6866.50439453125,052,True,False,True,False,True,True,True,True,True
HST F814W,F814W_053_4280813,150.13751275655716,2.084862587515011,-6.259828090667725,19.13455581665039,6633.26806640625,053,True,False,True,False,True,True,True,True,True
HST F814W,F814W_067_6095053,149.84943304860607,2.1859125164551516,-5.745471000671387,16.150089263916016,5781.5234375,067,True,False,True,False,True,True,True,True,True
HST F814W,F814W_054_4346499,149.9291374792086,1.999038179963628,-5.620492935180664,15.447933197021484,5770.3251953125,054,True,False,True,False,True,True,True,True,True
HST F814W,F814W_042_2759283,150.03750021514634,1.8596438308208352,-6.246146202087402,16.230302810668945,5593.83203125,042,True,False,True,False,True,True,True,True,True
HST F814W,F814W_077_7256949,150.0758051805107,2.431374965894791,-5.147018909454346,14.360595703125,5408.5498046875,077,True,False,True,False,True,True,True,True,True
HST F814W,F814W_088_8248221,150.27016129533334,2.504149333982044,-6.426487922668457,15.108985900878906,5386.77099609375,088,True,False,True,False,True,True,True,True,True
HST F814W,F814W_078_7435378,150.0426306941872,2.3968617032272466,-6.38880729675293,14.750561714172363,5246.396484375,078,True,False,True,False,True,True,True,True,True
HST F814W,F814W_054_4346062,149.9317751790699,1.998727001011396,-5.634503364562988,11.929682731628418,4456.1396484375,054,True,False,True,False,True,True,True,True,True
HST F814W,F814W_063_5363842,150.44648302882703,2.2890954265230303,-4.511514663696289,11.897744178771973,4447.1962890625,063,True,False,True,False,True,True,True,True,True
HST F814W,F814W_042_2735054,150.00931602932692,1.8462487340273794,-5.78334379196167,12.425050735473633,4282.33837890625,042,True,False,True,False,True,True,True,True,True
HST F814W,F814W_063_5320127,150.47189006119442,2.2091341059093215,-5.360441207885742,11.434175491333008,4273.92138671875,063,True,False,True,False,True,True,True,True,True
HST F814W,F814W_088_8247830,150.27405764366014,2.50363490675083,-5.869553565979004,11.970184326171875,4267.70166015625,088,True,False,True,False,True,True,True,True,True
HST F814W,F814W_088_8247941,150.27268532570835,2.5037836705339966,-5.803764343261719,11.909990310668945,4246.24072265625,088,True,False,True,False,True,True,True,True,True
HST F814W,F814W_088_8247358,150.27885168482382,2.5029837568301865,-4.824551582336426,11.755558967590332,4191.181640625,088,True,False,True,False,True,True,True,True,True
HST F814W,F814W_055_4431815,149.7904022203774,1.9583333131323777,-5.602064609527588,10.93807601928711,3984.570068359375,055,True,False,True,False,True,True,True,True,True
HST F814W,F814W_089_8390509,150.11714319393766,2.464267762991149,-5.674429416656494,11.481301307678223,3942.34814453125,089,True,False,True,False,True,True,True,True,True
HST F814W,F814W_042_2732613,150.0204195048098,1.8452682864534478,-5.681976795196533,11.340531349182129,3908.554931640625,042,True,False,True,False,True,True,True,True,True
HST F814W,F814W_040_2477819,150.2419760156178,1.9298329292786256,-5.581586837768555,9.608088493347168,3711.728759765625,040,True,False,True,False,True,True,True,True,True
HST F814W,F814W_089_8485486,150.21739669216674,2.549402049335206,-5.235958576202393,10.672194480895996,3664.524169921875,089,True,False,True,False,True,True,True,True,True
HST F814W,F814W_052_3877394,150.27616982173683,1.9982710834162611,-5.120187759399414,9.923409461975098,3646.197998046875,052,True,False,True,False,True,True,True,True,True
HST F814W,F814W_040_2478701,150.2365543679318,1.9305653991931349,-5.429588317871094,9.253802299499512,3574.863525390625,040,True,False,True,False,True,True,True,True,True
HST F814W,F814W_053_4280727,150.13836542502625,2.0847403758143908,-5.410467147827148,9.5391263961792,3306.875,053,True,False,True,False,True,True,True,True,True
HST F814W,F814W_043_2942070,149.7666400517047,1.938941747132141,-4.681508541107178,8.413209915161133,3156.071533203125,043,True,False,True,False,True,True,True,True,True
HST F814W,F814W_054_4357576,149.89201220706406,2.0083165866448107,-4.985359191894531,8.36567497253418,3124.8623046875,054,True,False,True,False,True,True,True,True,True
HST F814W,F814W_042_2730953,150.02210026380786,1.8446087753088887,-5.503507137298584,8.7903413772583,3029.622802734375,042,True,False,True,False,True,True,True,True,True
HST F814W,F814W_054_4346063,149.9317227972272,1.9987185642891172,-5.422523021697998,7.924602508544922,2960.106689453125,054,True,False,True,False,True,True,True,True,True
HST F814W,F814W_042_2730984,150.0219678199208,1.8446255767052508,-5.438604831695557,8.393043518066406,2892.692626953125,042,True,False,True,False,True,True,True,True,True
HST F814W,F814W_042_2731083,150.0215717348161,1.8446628710750224,-5.098672866821289,8.022940635681152,2765.13525390625,042,True,False,True,False,True,True,True,True,True
HST F814W,F814W_042_2730936,150.02213661855512,1.8446016852309732,-5.248613357543945,7.363885879516602,2537.98974609375,042,True,False,True,False,True,True,True,True,True
HST F814W,F814W_052_4067367,150.32466462710985,2.0980984153761892,-5.089725971221924,6.730275630950928,2472.93212890625,052,True,False,True,False,True,True,True,True,True
HST F814W,F814W_042_2730859,150.02241811615485,1.8445676031549094,-5.100357532501221,6.936739444732666,2390.772216796875,042,True,False,True,False,True,True,True,True,True
HST F814W,F814W_066_5798897,149.9919860989786,2.1495783752362043,-4.855360507965088,7.104966640472412,2332.090576171875,066,True,False,True,False,True,True,True,True,True
HST F814W,F814W_067_6095026,149.84977362871393,2.185869816119072,-4.69188117980957,6.487174034118652,2322.324462890625,067,True,False,True,False,True,True,True,True,True
HST F814W,F814W_089_8391879,150.11270162390892,2.4648851158446834,-4.192730903625488,6.761070728302002,2321.556884765625,089,True,False,True,False,True,True,True,True,True
HST F814W,F814W_066_5799958,149.98886212675163,2.1500163224704036,-4.93408727645874,6.7910075187683105,2229.03857421875,066,True,False,True,False,True,True,True,True,True
HST F814W,F814W_042_2730860,150.0223758677455,1.8445558378891167,-4.906639575958252,6.249051570892334,2153.758056640625,042,True,False,True,False,True,True,True,True,True
HST F814W,F814W_089_8391753,150.11322472619273,2.4648074541193234,-4.964189529418945,6.215845108032227,2134.34228515625,089,True,False,True,False,True,True,True,True,True
HST F814W,F814W_042_2730289,150.02453789360746,1.8443017575150906,-4.877591609954834,5.7536187171936035,1983.00537109375,042,True,False,True,False,True,True,True,True,True
HST F814W,F814W_052_4066990,150.32823451416604,2.0976544512739492,-4.048281669616699,5.387272357940674,1979.467041015625,052,True,False,True,False,True,True,True,True,True
HST F814W,F814W_040_2477207,150.24566677182642,1.929291146223623,-4.182353496551514,5.044809818267822,1948.875244140625,040,True,False,True,False,True,True,True,True,True
HST F814W,F814W_042_2730551,150.0235024161062,1.8444143376879654,-4.748043060302734,5.219576835632324,1798.9459228515625,042,True,False,True,False,True,True,True,True,True
HST F814W,F814W_077_7282312,150.2278380679646,2.4565186004312043,-4.858719825744629,4.640713691711426,1747.8056640625,077,True,False,True,False,True,True,True,True,True
HST F814W,F814W_067_6095021,149.84983792914215,2.18586260103509,-3.5049147605895996,4.8227620124816895,1726.486572265625,067,True,False,True,False,True,True,True,True,True
HST F814W,F814W_042_2730254,150.02463857195136,1.8442728982968675,-4.590685844421387,4.8435959815979,1669.36279296875,042,True,False,True,False,True,True,True,True,True
HST F814W,F814W_055_4454534,149.87613019861797,2.010353076965446,-3.845684051513672,4.533501148223877,1651.483642578125,055,True,False,True,False,True,True,True,True,True
HST F814W,F814W_055_4454134,149.88043902181394,2.0097934168673652,-4.517292499542236,4.47670841217041,1630.794921875,055,True,False,True,False,True,True,True,True,True
HST F814W,F814W_042_2730723,150.02284190983303,1.8445116503162533,-4.7436933517456055,4.708621978759766,1622.843505859375,042,True,False,True,False,True,True,True,True,True
HST F814W,F814W_079_7524723,149.85415604864704,2.400196310190476,-3.789769172668457,4.205560207366943,1531.100341796875,079,True,False,True,False,True,True,True,True,True
HST F814W,F814W_079_7524724,149.85412813522754,2.4002002110078204,-3.5043585300445557,4.035417079925537,1469.1571044921875,079,True,False,True,False,True,True,True,True,True
HST F814W,F814W_055_4454423,149.8771193892508,2.010189170935678,-3.2847986221313477,3.9166393280029297,1426.7705078125,055,True,False,True,False,True,True,True,True,True
HST F814W,F814W_055_4452748,149.89538492446323,2.0077943055992624,-3.347266674041748,3.896120309829712,1419.295654296875,055,True,False,True,False,True,True,True,True,True
HST F814W,F814W_055_4454426,149.87707739158583,2.010195044392143,-3.3686330318450928,3.4018707275390625,1239.248291015625,055,True,False,True,False,True,True,True,True,True
HST F814W,F814W_088_8247373,150.27903762779172,2.5030117032907477,-2.704525947570801,3.061619520187378,1091.552001953125,088,True,False,True,False,True,True,True,True,True
HST F814W,F814W_043_2936225,149.77155199511694,1.9286076512567425,-3.6577508449554443,2.352926015853882,882.6598510742188,043,True,False,True,False,True,True,True,True,True
HST F814W,F814W_076_7159018,150.37285278805524,2.4433418420528312,-3.9691081047058105,2.2065742015838623,838.9956665039062,076,True,False,True,False,True,True,True,True,True
HST F814W,F814W_040_2392468,150.22705541204834,1.8140280326408516,-3.8051726818084717,1.8277308940887451,706.0760498046875,040,True,False,True,False,True,True,True,True,True
HST F814W,F814W_040_2380983,150.28652654686337,1.7919880356484355,-3.00358510017395,1.6988953351974487,656.3052368164062,040,True,False,True,False,True,True,True,True,True
HST F814W,F814W_041_2571067,150.0769719400615,1.8545321896628377,-3.0942225456237793,1.4247075319290161,534.9656372070312,041,True,False,True,False,True,True,True,True,True
HST F814W,F814W_052_3911905,150.3114032649337,2.0366987045728875,-3.4212136268615723,1.426009178161621,523.9642333984375,052,True,False,True,False,True,True,True,True,True
HST F814W,F814W_076_7093665,150.30092486083112,2.340391317540332,-3.2686994075775146,1.349293828010559,513.0358276367188,076,True,False,True,False,True,True,True,True,True
HST F814W,F814W_042_2729977,150.02915757154037,1.8441476459675106,-2.06900691986084,1.4859563112258911,512.1401977539062,042,True,False,True,False,True,True,True,True,True
HST F814W,F814W_079_7482276,149.79686643947915,2.3247107409211862,-2.849717617034912,1.3893823623657227,505.8265075683594,079,True,False,True,False,True,True,True,True,True
HST F814W,F814W_053_4270432,150.12266677386117,2.052931443878516,-3.4556751251220703,1.3846814632415771,480.0196838378906,053,True,False,True,False,True,True,True,True,True
HST F814W,F814W_052_4064160,150.27296184904858,2.0922535952522234,-3.2115488052368164,1.175452709197998,431.90130615234375,052,True,False,True,False,True,True,True,True,True
HST F814W,F814W_041_2558931,150.18234225920557,1.8327942364769685,-2.7498176097869873,1.1378039121627808,427.2357482910156,041,True,False,True,False,True,True,True,True,True
HST F814W,F814W_042_2725655,150.0223440576798,1.8417630534852194,-3.357231855392456,1.1999541521072388,413.5685119628906,042,True,False,True,False,True,True,True,True,True
HST F814W,F814W_051_3667879,150.39640459824886,1.9714088424087657,-3.0654098987579346,1.0779547691345215,385.26397705078125,051,True,False,True,False,True,True,True,True,True
HST F814W,F814W_041_2554348,150.16517982227435,1.8250665754230648,-2.485201597213745,0.9836714863777161,369.3603210449219,041,True,False,True,False,True,True,True,True,True
HST F814W,F814W_088_8255833,150.26587264313684,2.523030904138718,-3.0051283836364746,1.027355670928955,366.28070068359375,088,True,False,True,False,True,True,True,True,True
HST F814W,F814W_076_7109105,150.2790214518719,2.3684080624360813,-2.9861021041870117,0.9579327702522278,364.23040771484375,076,True,False,True,False,True,True,True,True,True
HST F814W,F814W_054_4330432,149.9605676962208,1.9828764452513394,-2.993095874786377,0.9414973258972168,351.6810607910156,054,True,False,True,False,True,True,True,True,True
HST F814W,F814W_041_2621847,150.09238320144655,1.9320548781337157,-2.883871078491211,0.9088886976242065,341.280029296875,041,True,False,True,False,True,True,True,True,True
HST F814W,F814W_041_2524982,150.18443560999975,1.7989329852891374,-2.675366163253784,0.8599278330802917,322.8956298828125,041,True,False,True,False,True,True,True,True,True
HST F814W,F814W_055_4454519,149.87596293579952,2.010344475070791,-1.8746228218078613,0.8540038466453552,311.1002502441406,055,True,False,True,False,True,True,True,True,True
HST F814W,F814W_090_8646946,150.00343328051267,2.517395793811504,-2.384965181350708,0.8414711356163025,305.3472900390625,090,True,False,True,False,True,True,True,True,True
HST F814W,F814W_055_4431659,149.79201302088475,1.9580825133879893,-1.2128452062606812,0.7856301069259644,286.1927490234375,055,True,False,True,False,True,True,True,True,True
HST F814W,F814W_042_2810428,149.9208248800818,1.8981402212862233,-2.4494469165802,0.8037644624710083,277.02032470703125,042,True,False,True,False,True,True,True,True,True
HST F814W,F814W_090_8704770,149.91421019396995,2.6056278320925483,-2.878934144973755,0.7510764598846436,272.5455017089844,090,True,False,True,False,True,True,True,True,True
HST F814W,F814W_090_8637306,149.9029827019219,2.499799873923012,-2.802468776702881,0.748872697353363,271.7458190917969,090,True,False,True,False,True,True,True,True,True
HST F814W,F814W_042_2729167,150.02903137340272,1.8437349040306683,-2.0718953609466553,0.7360216379165649,253.67250061035156,042,True,False,True,False,True,True,True,True,True
HST F814W,F814W_077_7206457,150.07700635106227,2.349160041893324,-2.7636144161224365,0.6558513641357422,247.00958251953125,077,True,False,True,False,True,True,True,True,True
HST F814W,F814W_067_6219681,149.7855268588573,2.266499034736465,-2.7122089862823486,0.6897571086883545,246.92413330078125,067,True,False,True,False,True,True,True,True,True
HST F814W,F814W_090_8635535,149.98820401304513,2.4969964022587265,-2.5392630100250244,0.6777580976486206,245.9402313232422,090,True,False,True,False,True,True,True,True,True
HST F814W,F814W_089_8428890,150.0939730392242,2.4843364150638343,-2.5185933113098145,0.6547765135765076,224.83139038085938,089,True,False,True,False,True,True,True,True,True
HST F814W,F814W_089_8609520,150.09722295393226,2.6164821060604426,-2.539492130279541,0.6055512428283691,207.92884826660156,089,True,False,True,False,True,True,True,True,True
HST F814W,F814W_054_4423376,150.00380928058382,2.114556674038107,-2.4920754432678223,0.5559054613113403,207.64947509765625,054,True,False,True,False,True,True,True,True,True
HST F814W,F814W_043_2945318,149.7884988840253,1.9444482095375593,-2.3716368675231934,0.5508326292037964,206.6354217529297,043,True,False,True,False,True,True,True,True,True
HST F814W,F814W_042_2729168,150.02900871761014,1.843743687562051,-2.109041452407837,0.5962126851081848,205.48684692382812,042,True,False,True,False,True,True,True,True,True
HST F814W,F814W_077_7212252,150.09629610306095,2.3568219970200994,-2.5116097927093506,0.5391973853111267,203.07484436035156,077,True,False,True,False,True,True,True,True,True
HST F814W,F814W_029_1209558,150.1924937266495,1.7845618120187987,-2.6129708290100098,0.7171809673309326,199.66429138183594,029,True,False,True,False,True,True,True,True,True
HST F814W,F814W_064_5448705,150.2870858652837,2.2196898988881646,-2.4666025638580322,0.5441752672195435,199.3726806640625,064,True,False,True,False,True,True,True,True,True
HST F814W,F814W_040_2470285,150.36165204899459,1.9185674556834942,-2.311279058456421,0.5042470693588257,194.7971649169922,040,True,False,True,False,True,True,True,True,True
HST F814W,F814W_077_7191896,150.0775101431546,2.3265792586111673,-2.3193893432617188,0.5051169991493225,190.23934936523438,077,True,False,True,False,True,True,True,True,True
HST F814W,F814W_089_8492082,150.11726995505512,2.5559826994204786,-2.5030670166015625,0.5505428314208984,189.04055786132812,089,True,False,True,False,True,True,True,True,True
HST F814W,F814W_041_2546279,150.172621371121,1.8130200429724534,-2.306572198867798,0.498287558555603,187.10276794433594,041,True,False,True,False,True,True,True,True,True
HST F814W,F814W_041_2563819,150.17201885707442,1.8420903872026388,-2.242384433746338,0.49445366859436035,185.66317749023438,041,True,False,True,False,True,True,True,True,True
HST F814W,F814W_052_3864542,150.28399410450916,1.9675759038882334,-2.2430944442749023,0.4958319365978241,182.18551635742188,052,True,False,True,False,True,True,True,True,True
HST F814W,F814W_075_7055637,150.49174195240184,2.4463211049240368,-2.0705957412719727,0.4515100121498108,167.98391723632812,075,True,False,True,False,True,True,True,True,True
HST F814W,F814W_067_6116223,149.88147088401706,2.227778901718991,-2.0464043617248535,0.45144468545913696,161.6113739013672,067,True,False,True,False,True,True,True,True,True
HST F814W,F814W_042_2819689,149.96436386528026,1.9276935032190043,-2.209953784942627,0.45996853709220886,158.52981567382812,042,True,False,True,False,True,True,True,True,True
HST F814W,F814W_051_3703042,150.39710695542482,2.0598450771213144,-0.9799171090126038,0.42593109607696533,152.22894287109375,051,True,False,True,False,True,True,True,True,True
HST F814W,F814W_052_3898409,150.2553328948413,2.0323294548846773,-2.06259822845459,0.414059579372406,152.1395721435547,052,True,False,True,False,True,True,True,True,True
HST F814W,F814W_090_8656585,149.91362488829327,2.5345144537967705,-2.050119400024414,0.4124140739440918,149.6540069580078,090,True,False,True,False,True,True,True,True,True
HST F814W,F814W_075_7045650,150.42966953423633,2.4272195508026737,-2.0369646549224854,0.399126797914505,148.49478149414062,075,True,False,True,False,True,True,True,True,True
HST F814W,F814W_065_5659375,150.11885169615445,2.1899575640299993,-2.5192432403564453,0.543751060962677,148.02993774414062,065,True,False,True,False,True,True,True,True,True
HST F814W,F814W_042_2735962,150.0065384370058,1.846595275341327,-1.2371195554733276,0.4262199401855469,146.8982391357422,042,True,False,True,False,True,True,True,True,True
HST F814W,F814W_090_8647122,150.0220935900998,2.517785925099673,-2.1391992568969727,0.40026792883872986,145.24649047851562,090,True,False,True,False,True,True,True,True,True
HST F814W,F814W_054_4430943,149.94141288820745,2.127194015959055,-2.096724271774292,0.38079991936683655,142.24163818359375,054,True,False,True,False,True,True,True,True,True
HST F814W,F814W_077_7298606,150.09082993003707,2.4614987332889764,-2.0770139694213867,0.37664926052093506,141.8552703857422,077,True,False,True,False,True,True,True,True,True
HST F814W,F814W_066_6005869,149.91286246071203,2.254427857864689,-2.3147618770599365,0.4281339645385742,140.52806091308594,066,True,False,True,False,True,True,True,True,True
HST F814W,F814W_042_2817096,150.02844526158657,1.9175731657902844,-2.1650168895721436,0.4029555022716522,138.88006591796875,042,True,False,True,False,True,True,True,True,True
HST F814W,F814W_077_7270653,150.14123933599396,2.4522329634024347,-1.7627226114273071,0.3559528887271881,134.06051635742188,077,True,False,True,False,True,True,True,True,True
HST F814W,F814W_090_8634700,149.9853154602605,2.495875423185038,-1.8954871892929077,0.3660423755645752,132.82696533203125,090,True,False,True,False,True,True,True,True,True
HST F814W,F814W_065_5664608,150.14878409761792,2.194356135726162,-2.07000994682312,0.4842222332954407,131.8238983154297,065,True,False,True,False,True,True,True,True,True
HST F814W,F814W_065_5635290,150.16964830303993,2.16546345417876,-2.220848560333252,0.4756888449192047,129.5007781982422,065,True,False,True,False,True,True,True,True,True
HST F814W,F814W_063_5364151,150.4442025740598,2.2893833786783695,-0.5731027722358704,0.3368370831012726,125.90459442138672,063,True,False,True,False,True,True,True,True,True
HST F814W,F814W_063_5340644,150.4854290848682,2.245814722611178,-1.7368271350860596,0.33303382992744446,124.48300170898438,063,True,False,True,False,True,True,True,True,True
HST F814W,F814W_067_6064075,149.81105028452188,2.1313378944156507,-1.832374930381775,0.34390342235565186,123.11298370361328,067,True,False,True,False,True,True,True,True,True
HST F814W,F814W_052_3875109,150.3693051883234,1.9935886546320882,-1.8096225261688232,0.3268338739871979,120.08988189697266,052,True,False,True,False,True,True,True,True,True
HST F814W,F814W_078_7300946,150.0325662047728,2.293590641946273,-1.9924871921539307,0.33701249957084656,119.86669921875,078,True,False,True,False,True,True,True,True,True
HST F814W,F814W_054_4368232,149.90352909614836,2.0237988260273885,-1.9191116094589233,0.31952518224716187,119.35345458984375,054,True,False,True,False,True,True,True,True,True
HST F814W,F814W_079_7545239,149.89033915568066,2.4249579497093183,-1.7986361980438232,0.32311031222343445,117.63339233398438,079,True,False,True,False,True,True,True,True,True
HST F814W,F814W_090_8712107,150.04459197386524,2.616344794240298,-1.8883476257324219,0.3229045569896698,117.17340087890625,090,True,False,True,False,True,True,True,True,True
HST F814W,F814W_063_5365289,150.43775132371402,2.2902805734803615,-1.0245940685272217,0.31148087978363037,116.42683410644531,063,True,False,True,False,True,True,True,True,True
HST F814W,F814W_053_4283099,150.17114829615036,2.090999672530743,-1.8880481719970703,0.3242080509662628,112.39137268066406,053,True,False,True,False,True,True,True,True,True
HST F814W,F814W_055_4456019,149.80082442576077,2.0146244728333094,-1.955189824104309,0.3081032633781433,112.23719787597656,055,True,False,True,False,True,True,True,True,True
HST F814W,F814W_055_4620645,149.80821046486074,2.1238856127902097,-1.807751178741455,0.3065856695175171,111.68436431884766,055,True,False,True,False,True,True,True,True,True
HST F814W,F814W_078_7459685,149.96175934686386,2.4450288224002357,-1.7195758819580078,0.3116929233074188,110.86117553710938,078,True,False,True,False,True,True,True,True,True
HST F814W,F814W_053_4280882,150.09058051834776,2.084995323574824,-1.7240633964538574,0.3184620141983032,110.39942169189453,053,True,False,True,False,True,True,True,True,True
HST F814W,F814W_089_8593255,150.15173785807755,2.601285325376617,-1.2388637065887451,0.32079771161079407,110.15269470214844,089,True,False,True,False,True,True,True,True,True
HST F814W,F814W_040_2479682,150.2331757911873,1.9315762382404278,-1.871321201324463,0.2827514111995697,109.23052978515625,040,True,False,True,False,True,True,True,True,True
HST F814W,F814W_087_8126276,150.41180989780014,2.4608226732786918,-1.9093416929244995,0.28857582807540894,108.13866424560547,087,True,False,True,False,True,True,True,True,True
HST F814W,F814W_055_4465097,149.82201300826245,2.04048503758711,-1.7551934719085693,0.292343407869339,106.49613189697266,055,True,False,True,False,True,True,True,True,True
HST F814W,F814W_102_10338740,149.97986043829223,2.653857951011234,-0.8140509128570557,0.30227237939834595,106.25711059570312,102,True,False,True,False,True,True,True,True,True
HST F814W,F814W_090_8655525,149.89689890517323,2.5327953391064733,-1.5375208854675293,0.2847437858581543,103.32588195800781,090,True,False,True,False,True,True,True,True,True
HST F814W,F814W_042_2710047,150.04134381759758,1.833151303207949,-1.6733455657958984,0.29722753167152405,102.44053649902344,042,True,False,True,False,True,True,True,True,True
HST F814W,F814W_078_7395100,149.91020347732083,2.3465104147846656,-1.8198816776275635,0.28640052676200867,101.86531829833984,078,True,False,True,False,True,True,True,True,True
HST F814W,F814W_041_2616554,150.1029374494031,1.923726692516196,-1.6656030416488647,0.2654991149902344,99.69267272949219,041,True,False,True,False,True,True,True,True,True
HST F814W,F814W_088_8255009,150.3538570097767,2.521164688958629,-1.8056427240371704,0.2791464030742645,99.52340698242188,088,True,False,True,False,True,True,True,True,True
HST F814W,F814W_055_4434015,149.75533556953377,1.9609472489673474,-2.001300096511841,0.27234646677970886,99.21156311035156,055,True,False,True,False,True,True,True,True,True
HST F814W,F814W_041_2503919,150.15977051115814,1.7914748034751953,-1.8520981073379517,0.2641306519508362,99.17882537841797,041,True,False,True,False,True,True,True,True,True
HST F814W,F814W_063_5321303,150.46998216593494,2.2102362487434797,-1.9841620922088623,0.26421719789505005,98.76038360595703,063,True,False,True,False,True,True,True,True,True
HST F814W,F814W_053_4280659,150.13569969999614,2.084607484973083,-2.051245927810669,0.28482145071029663,98.73744201660156,053,True,False,True,False,True,True,True,True,True
HST F814W,F814W_067_6136730,149.8170718032595,2.2360324514111345,-1.2258275747299194,0.27518877387046814,98.51403045654297,067,True,False,True,False,True,True,True,True,True
HST F814W,F814W_064_5478330,150.2990315719768,2.2293980243632388,-1.9647762775421143,0.2688615918159485,98.50439453125,064,True,False,True,False,True,True,True,True,True
HST F814W,F814W_075_7017417,150.42473621876988,2.3787041533386972,-1.9450091123580933,0.2644507586956024,98.38867950439453,075,True,False,True,False,True,True,True,True,True
HST F814W,F814W_078_7439534,149.92170764192284,2.4031396450037863,-1.5460851192474365,0.27485114336013794,97.75749969482422,078,True,False,True,False,True,True,True,True,True
HST F814W,F814W_054_4401442,149.97667513717386,2.0747099799241844,-1.0787712335586548,0.26021406054496765,97.19874572753906,054,True,False,True,False,True,True,True,True,True
HST F814W,F814W_055_4482233,149.73562855993487,2.078296430848095,-1.9440019130706787,0.2667582035064697,97.17584228515625,055,True,False,True,False,True,True,True,True,True
HST F814W,F814W_054_4321769,149.96793468514176,1.9722813131179455,-1.7059550285339355,0.2591562271118164,96.80360412597656,054,True,False,True,False,True,True,True,True,True
HST F814W,F814W_063_5321246,150.47052192424118,2.2101911504052665,-1.9382259845733643,0.2587657868862152,96.72273254394531,063,True,False,True,False,True,True,True,True,True
HST F814W,F814W_028_1022187,150.3183057506254,1.7827062894135883,-1.1598621606826782,0.27822345495224,96.1706771850586,028,True,False,True,False,True,True,True,True,True
HST F814W,F814W_063_5319712,150.47087355215206,2.208737375358531,-1.883628487586975,0.25619807839393616,95.7629623413086,063,True,False,True,False,True,True,True,True,True
HST F814W,F814W_028_0904836,150.30651196610216,1.7410617202180103,-1.245884895324707,0.2767837643623352,95.67303466796875,028,True,False,True,False,True,True,True,True,True
HST F814W,F814W_042_2736133,150.0158601649231,1.8466715108185598,-2.0153841972351074,0.2774300277233124,95.61725616455078,042,True,False,True,False,True,True,True,True,True
HST F814W,F814W_089_8392829,150.11561955119652,2.4653465990883623,-2.0252363681793213,0.27749961614608765,95.2853775024414,089,True,False,True,False,True,True,True,True,True
HST F814W,F814W_075_7016969,150.50808739267066,2.377895901159153,-1.9652011394500732,0.25383543968200684,94.43925476074219,075,True,False,True,False,True,True,True,True,True
HST F814W,F814W_077_7257901,150.07195933622194,2.432470530108531,-1.8921105861663818,0.2502175569534302,94.23802185058594,077,True,False,True,False,True,True,True,True,True
HST F814W,F814W_042_2735938,150.01588433489042,1.84660755802422,-2.0445027351379395,0.27296343445777893,94.07782745361328,042,True,False,True,False,True,True,True,True,True
HST F814W,F814W_041_2610685,150.07496139865555,1.9151680141989178,-1.8218756914138794,0.24995891749858856,93.85746002197266,041,True,False,True,False,True,True,True,True,True
HST F814W,F814W_054_4406312,149.97069743127255,2.0831589280443623,-1.9204356670379639,0.25064679980278015,93.62504577636719,054,True,False,True,False,True,True,True,True,True
HST F814W,F814W_067_6079330,149.87218418520533,2.1487637243688154,-1.7873847484588623,0.2614319920539856,93.58927917480469,067,True,False,True,False,True,True,True,True,True
HST F814W,F814W_054_4406334,149.97072856015419,2.083190457374781,-1.8620978593826294,0.24943578243255615,93.17269134521484,054,True,False,True,False,True,True,True,True,True
HST F814W,F814W_089_8488778,150.12349078697818,2.5526345081287976,-1.7582231760025024,0.27116134762763977,93.10899353027344,089,True,False,True,False,True,True,True,True,True
HST F814W,F814W_042_2723928,150.0278474687844,1.8408268943359674,-2.0266685485839844,0.26848477125167847,92.53424072265625,042,True,False,True,False,True,True,True,True,True
HST F814W,F814W_028_1022595,150.30148745618672,1.7843167026041278,-1.6084420680999756,0.26742637157440186,92.43855285644531,028,True,False,True,False,True,True,True,True,True
HST F814W,F814W_076_7144636,150.2675779530331,2.4225464376069343,-1.9099677801132202,0.24224653840065002,92.1082992553711,076,True,False,True,False,True,True,True,True,True
HST F814W,F814W_053_4280772,150.13562437596903,2.0847889629970138,-1.9980913400650024,0.2655620574951172,92.06089782714844,053,True,False,True,False,True,True,True,True,True
HST F814W,F814W_090_8656509,149.99346838342154,2.5344143144022104,-1.6244258880615234,0.2531120181083679,91.84756469726562,090,True,False,True,False,True,True,True,True,True
HST F814W,F814W_065_5610391,150.13574799978355,2.1397064370169545,-2.2725515365600586,0.3371371328830719,91.78168487548828,065,True,False,True,False,True,True,True,True,True
HST F814W,F814W_041_2561433,150.1604064915422,1.8377716752286253,-1.8977688550949097,0.243366539478302,91.382080078125,041,True,False,True,False,True,True,True,True,True
HST F814W,F814W_077_7257265,150.07239340586898,2.431672998936861,-1.8784724473953247,0.24202844500541687,91.15380096435547,077,True,False,True,False,True,True,True,True,True
HST F814W,F814W_079_7503535,149.82271230724234,2.3690538908814673,-1.875601053237915,0.24745476245880127,90.08979797363281,079,True,False,True,False,True,True,True,True,True
HST F814W,F814W_074_6955974,150.57286087128685,2.450244374834303,-1.6390882730484009,0.2841959297657013,89.92638397216797,074,True,False,True,False,True,True,True,True,True
HST F814W,F814W_053_4261290,150.11794408144465,2.0235243867862884,-1.471271276473999,0.2570389211177826,89.1062240600586,053,True,False,True,False,True,True,True,True,True
HST F814W,F814W_055_4456010,149.80080045886237,2.0145989561579194,-1.8349275588989258,0.24413752555847168,88.93548583984375,055,True,False,True,False,True,True,True,True,True
HST F814W,F814W_041_2536025,150.20961523091734,1.8054491585237507,-1.0302873849868774,0.23684488236904144,88.9332504272461,041,True,False,True,False,True,True,True,True,True
HST F814W,F814W_090_8694592,150.04825652440934,2.5916714655976354,-1.399456262588501,0.2445286363363266,88.73287963867188,090,True,False,True,False,True,True,True,True,True
HST F814W,F814W_063_5306757,150.45268715480378,2.189306838021552,-1.5379559993743896,0.23704876005649567,88.60523223876953,063,True,False,True,False,True,True,True,True,True
HST F814W,F814W_055_4456070,149.75252235740098,2.0147387663058867,-1.8554307222366333,0.2428186982870102,88.4550552368164,055,True,False,True,False,True,True,True,True,True
HST F814W,F814W_076_7138985,150.3721628580582,2.4171248817989133,-0.6438502073287964,0.2325112521648407,88.40669250488281,076,True,False,True,False,True,True,True,True,True
HST F814W,F814W_040_2420155,150.32990488444085,1.859665838566083,-1.610112190246582,0.2271401733160019,87.74718475341797,040,True,False,True,False,True,True,True,True,True
HST F814W,F814W_063_5319711,150.4709050507405,2.2087311749363128,-1.771139144897461,0.23374836146831512,87.37159729003906,063,True,False,True,False,True,True,True,True,True
HST F814W,F814W_052_3887800,150.3578190769143,2.020228490298941,-1.8452860116958618,0.23744197189807892,87.24425506591797,052,True,False,True,False,True,True,True,True,True
HST F814W,F814W_089_8387472,150.21510934209473,2.462736802651618,-1.7117512226104736,0.2524023950099945,86.66770935058594,089,True,False,True,False,True,True,True,True,True
HST F814W,F814W_075_7016481,150.50716758600217,2.3772182540775924,-1.8441963195800781,0.23207445442676544,86.34310150146484,075,True,False,True,False,True,True,True,True,True
HST F814W,F814W_078_7301999,150.050962328138,2.295296412965749,-1.4281775951385498,0.24273614585399628,86.33502197265625,078,True,False,True,False,True,True,True,True,True
HST F814W,F814W_043_2953025,149.75398099758763,1.9606928241018153,-1.845090389251709,0.22984983026981354,86.2242202758789,043,True,False,True,False,True,True,True,True,True
HST F814W,F814W_078_7435323,150.03930167983842,2.3968235568948737,-1.8783047199249268,0.24177436530590057,85.9929428100586,078,True,False,True,False,True,True,True,True,True
HST F814W,F814W_052_4067089,150.32677752982144,2.0977705319654825,-1.8835781812667847,0.2338695228099823,85.9316177368164,052,True,False,True,False,True,True,True,True,True
HST F814W,F814W_090_8689601,150.02891246092645,2.5847130215501064,-1.8653297424316406,0.23629608750343323,85.74551391601562,090,True,False,True,False,True,True,True,True,True
HST F814W,F814W_078_7389237,149.95711919424662,2.3439316965839248,-1.436802864074707,0.24041809141635895,85.51055145263672,078,True,False,True,False,True,True,True,True,True
HST F814W,F814W_052_3887772,150.35771614272065,2.02017923486226,-1.7579615116119385,0.232627272605896,85.47516632080078,052,True,False,True,False,True,True,True,True,True
HST F814W,F814W_040_2419114,150.35683292589377,1.8577307130168514,-1.5356444120407104,0.2212056964635849,85.45462036132812,040,True,False,True,False,True,True,True,True,True
HST F814W,F814W_090_8618972,149.95785480680516,2.470619643931935,-1.5433177947998047,0.235168918967247,85.33649444580078,090,True,False,True,False,True,True,True,True,True
HST F814W,F814W_042_2775641,149.93955106725306,1.8681460938597723,-1.0703072547912598,0.24748052656650543,85.29505157470703,042,True,False,True,False,True,True,True,True,True
HST F814W,F814W_051_3700947,150.40081225190843,2.055964805104171,-1.8527023792266846,0.23703226447105408,84.71598052978516,051,True,False,True,False,True,True,True,True,True
HST F814W,F814W_075_7016671,150.50716946888636,2.377503449294343,-1.8373054265975952,0.22692981362342834,84.42903900146484,075,True,False,True,False,True,True,True,True,True
HST F814W,F814W_075_7017348,150.4246655593808,2.3785688289454567,-1.8021368980407715,0.22685810923576355,84.4023666381836,075,True,False,True,False,True,True,True,True,True
HST F814W,F814W_063_5298130,150.45516746431295,2.174743279465842,-1.407247543334961,0.22393593192100525,83.703857421875,063,True,False,True,False,True,True,True,True,True
HST F814W,F814W_041_2549994,150.20957707489896,1.8185446541250105,-1.5416926145553589,0.22245202958583832,83.52885437011719,041,True,False,True,False,True,True,True,True,True
HST F814W,F814W_053_4280826,150.13558532990913,2.084905816824634,-1.8546886444091797,0.24057461321353912,83.39863586425781,053,True,False,True,False,True,True,True,True,True
HST F814W,F814W_042_2758914,150.03790537737876,1.859436027659011,-1.8917893171310425,0.24093930423259735,83.04059600830078,042,True,False,True,False,True,True,True,True,True
HST F814W,F814W_076_7157292,150.28108147778616,2.440540860775982,-1.4283037185668945,0.2180326133966446,82.90155029296875,076,True,False,True,False,True,True,True,True,True
HST F814W,F814W_065_5644297,150.18919899184314,2.174462590197539,-1.666723370552063,0.30433401465415955,82.85140991210938,065,True,False,True,False,True,True,True,True,True
HST F814W,F814W_052_3909285,150.36838707217365,2.0359253341621404,-1.5008504390716553,0.22541218996047974,82.82410430908203,052,True,False,True,False,True,True,True,True,True
HST F814W,F814W_076_7144579,150.26731335171908,2.422496557519977,-1.798630952835083,0.2173272669315338,82.63335418701172,076,True,False,True,False,True,True,True,True,True
HST F814W,F814W_088_8255016,150.35389560596298,2.5211781823648844,-1.512952446937561,0.23146215081214905,82.52265167236328,088,True,False,True,False,True,True,True,True,True
HST F814W,F814W_043_2953230,149.75537991425296,1.9608748737867072,-1.7448582649230957,0.2177141308784485,81.67172241210938,043,True,False,True,False,True,True,True,True,True
HST F814W,F814W_076_7144252,150.26835080013566,2.422223285906267,-1.7822027206420898,0.21401257812976837,81.3730239868164,076,True,False,True,False,True,True,True,True,True
HST F814W,F814W_076_7091040,150.33613728200092,2.3355796163616724,-1.3761208057403564,0.21371962130069733,81.26163482666016,076,True,False,True,False,True,True,True,True,True
HST F814W,F814W_042_2735377,150.01609378958082,1.8463655466031714,-1.8624563217163086,0.23510465025901794,81.0296630859375,042,True,False,True,False,True,True,True,True,True
HST F814W,F814W_089_8503031,150.15271300855912,2.561916294247957,-0.30587542057037354,0.23422983288764954,80.42778015136719,089,True,False,True,False,True,True,True,True,True
HST F814W,F814W_076_7144688,150.26709452384065,2.422582997904869,-1.7342290878295898,0.21107620000839233,80.25653839111328,076,True,False,True,False,True,True,True,True,True
HST F814W,F814W_063_5321297,150.47071012625796,2.2102234372947405,-1.707160472869873,0.21469368040561676,80.2492446899414,063,True,False,True,False,True,True,True,True,True
HST F814W,F814W_040_2419085,150.356828392037,1.8576879421088461,-1.4486628770828247,0.20734822750091553,80.10130310058594,040,True,False,True,False,True,True,True,True,True
HST F814W,F814W_042_2757564,150.03915646961752,1.8588409059259379,-1.846766471862793,0.23215317726135254,80.0124282836914,042,True,False,True,False,True,True,True,True,True
HST F814W,F814W_075_7017003,150.5075977577443,2.3779231874078253,-1.771349310874939,0.21486176550388336,79.93913269042969,075,True,False,True,False,True,True,True,True,True
HST F814W,F814W_042_2827332,150.02940825948528,1.9500659423334987,-1.090582251548767,0.23180530965328217,79.89253234863281,042,True,False,True,False,True,True,True,True,True
HST F814W,F814W_087_8139582,150.41907988581818,2.4865580815764927,-1.7659276723861694,0.21316811442375183,79.88096618652344,087,True,False,True,False,True,True,True,True,True
HST F814W,F814W_063_5319719,150.47100182546748,2.208741389302196,-1.739530086517334,0.21370422840118408,79.87940216064453,063,True,False,True,False,True,True,True,True,True
HST F814W,F814W_040_2470764,150.3772937115355,1.9193644482446057,-1.232772946357727,0.20673881471157074,79.86587524414062,040,True,False,True,False,True,True,True,True,True
HST F814W,F814W_040_2440753,150.30788997539074,1.887387532718484,-1.1969696283340454,0.206315279006958,79.70226287841797,040,True,False,True,False,True,True,True,True,True
HST F814W,F814W_055_4433976,149.75537940926938,1.9608755145230945,-1.7455837726593018,0.21862775087356567,79.64266967773438,055,True,False,True,False,True,True,True,True,True
HST F814W,F814W_043_2952944,149.7553279502662,1.9606026234287397,-1.7506600618362427,0.21162965893745422,79.38923645019531,043,True,False,True,False,True,True,True,True,True
HST F814W,F814W_076_7142777,150.26627550653058,2.421178605942809,-1.7160648107528687,0.20719006657600403,78.77893829345703,076,True,False,True,False,True,True,True,True,True
HST F814W,F814W_063_5319663,150.47071860803675,2.2086649201735105,-1.6671600341796875,0.21068991720676422,78.75270080566406,063,True,False,True,False,True,True,True,True,True
HST F814W,F814W_051_3701096,150.40089377351867,2.056186897430812,-1.7637994289398193,0.219626784324646,78.4952163696289,051,True,False,True,False,True,True,True,True,True
HST F814W,F814W_065_5610321,150.13579765918587,2.13964230784618,-2.0951075553894043,0.2853781580924988,77.69090270996094,065,True,False,True,False,True,True,True,True,True
HST F814W,F814W_042_2828465,149.9167572565096,1.953272576417939,-1.7745064496994019,0.2254139631986618,77.68973541259766,042,True,False,True,False,True,True,True,True,True
HST F814W,F814W_054_4345528,149.93051501671067,1.9983430971516465,-1.6960296630859375,0.2075488418340683,77.52650451660156,054,True,False,True,False,True,True,True,True,True
HST F814W,F814W_077_7192684,150.07282354323152,2.328359532728831,-0.9152558445930481,0.2053486704826355,77.33930206298828,077,True,False,True,False,True,True,True,True,True
HST F814W,F814W_079_7503179,149.82385367588475,2.36856523466316,-1.7370400428771973,0.21239052712917328,77.32411193847656,079,True,False,True,False,True,True,True,True,True
HST F814W,F814W_079_7503120,149.8238170105865,2.3685120705296185,-1.7348523139953613,0.21085847914218903,76.76634979248047,079,True,False,True,False,True,True,True,True,True
HST F814W,F814W_043_2953115,149.7538803245475,1.9607619403556091,-1.712817907333374,0.20448027551174164,76.70726776123047,043,True,False,True,False,True,True,True,True,True
HST F814W,F814W_063_5321386,150.46981949375854,2.2103377015151757,-1.681018352508545,0.20513038337230682,76.67462921142578,063,True,False,True,False,True,True,True,True,True
HST F814W,F814W_065_5611231,150.13670721511545,2.1404709042316714,-2.0622506141662598,0.28110840916633606,76.52851104736328,065,True,False,True,False,True,True,True,True,True
HST F814W,F814W_089_8390994,150.11620955231564,2.4645212297549244,-1.7736499309539795,0.22212441265583038,76.27112579345703,089,True,False,True,False,True,True,True,True,True
HST F814W,F814W_075_7017007,150.50857372664424,2.377937216933075,-1.7121951580047607,0.20446047186851501,76.06934356689453,075,True,False,True,False,True,True,True,True,True
HST F814W,F814W_075_6981346,150.41248546171917,2.299712185051801,-1.3462125062942505,0.20418724417686462,75.96768951416016,075,True,False,True,False,True,True,True,True,True
HST F814W,F814W_075_7017111,150.5081269317121,2.3780701517974303,-1.7110264301300049,0.20399069786071777,75.89456176757812,075,True,False,True,False,True,True,True,True,True
HST F814W,F814W_055_4456016,149.75228125491083,2.014595662698897,-1.7416459321975708,0.20619463920593262,75.11347961425781,055,True,False,True,False,True,True,True,True,True
HST F814W,F814W_052_3868299,150.24277208437152,1.9787045863810397,-1.623161792755127,0.20406582951545715,74.98072814941406,052,True,False,True,False,True,True,True,True,True
HST F814W,F814W_040_2419067,150.35697083758447,1.8576693770101118,-1.4385261535644531,0.19288085401058197,74.51236724853516,040,True,False,True,False,True,True,True,True,True
HST F814W,F814W_088_8236039,150.27978487396146,2.47516177830247,-1.6765862703323364,0.20875832438468933,74.42811584472656,088,True,False,True,False,True,True,True,True,True
HST F814W,F814W_076_7166826,150.22663610135103,2.457149610776793,-1.5877360105514526,0.19515836238861084,74.20417785644531,076,True,False,True,False,True,True,True,True,True
HST F814W,F814W_042_2805626,149.9298190375597,1.8856180203740445,-0.02069256827235222,0.215230792760849,74.18006896972656,042,True,False,True,False,True,True,True,True,True
HST F814W,F814W_075_7016489,150.50893913572736,2.3772451275126287,-1.6835402250289917,0.1981946974992752,73.73816680908203,075,True,False,True,False,True,True,True,True,True
HST F814W,F814W_077_7256825,150.07197158966852,2.43127696305998,-1.6394330263137817,0.19544818997383118,73.61054229736328,077,True,False,True,False,True,True,True,True,True
HST F814W,F814W_053_4280724,150.135575588053,2.084723290042218,-1.7588138580322266,0.21212157607078552,73.53498840332031,053,True,False,True,False,True,True,True,True,True
HST F814W,F814W_052_3877234,150.27677763796927,1.9980509920295213,-1.6689127683639526,0.19997482001781464,73.47754669189453,052,True,False,True,False,True,True,True,True,True
HST F814W,F814W_067_6161880,149.83078456827104,2.245910044056702,-1.4610040187835693,0.20490993559360504,73.35511016845703,067,True,False,True,False,True,True,True,True,True
HST F814W,F814W_042_2812640,150.05929198808514,1.9044310233342596,-1.351973533630371,0.21269141137599945,73.30486297607422,042,True,False,True,False,True,True,True,True,True
HST F814W,F814W_079_7488391,149.81993829002377,2.339412361594574,-1.62359619140625,0.20129354298114777,73.2840805053711,079,True,False,True,False,True,True,True,True,True
HST F814W,F814W_054_4348730,149.98627593013788,2.000815359802401,-0.9219253659248352,0.19591686129570007,73.18156433105469,054,True,False,True,False,True,True,True,True,True
HST F814W,F814W_040_2479143,150.2399751039968,1.9309632237001788,-1.5945348739624023,0.18935923278331757,73.15192413330078,040,True,False,True,False,True,True,True,True,True
HST F814W,F814W_089_8417427,150.07860623851732,2.4786629839034933,-1.5415149927139282,0.21269705891609192,73.03404235839844,089,True,False,True,False,True,True,True,True,True
HST F814W,F814W_041_2505064,150.16007512628607,1.7916940448316483,-1.5821014642715454,0.19430668652057648,72.96051788330078,041,True,False,True,False,True,True,True,True,True
HST F814W,F814W_040_2419148,150.3569017072155,1.8577663954238073,-1.5089023113250732,0.188645139336586,72.87606048583984,040,True,False,True,False,True,True,True,True,True
HST F814W,F814W_054_4405827,149.98229531037722,2.082518310312529,-1.5403188467025757,0.19458025693893433,72.68229675292969,054,True,False,True,False,True,True,True,True,True
HST F814W,F814W_055_4434009,149.75537955739765,1.9609363198276508,-1.6794592142105103,0.1993444710969925,72.61807250976562,055,True,False,True,False,True,True,True,True,True
HST F814W,F814W_040_2382969,150.31223196326775,1.7952461111332159,-1.093246579170227,0.18792133033275604,72.59644317626953,040,True,False,True,False,True,True,True,True,True
HST F814W,F814W_054_4346896,149.93040632513677,1.9993306161766426,-1.630119800567627,0.19426396489143372,72.56415557861328,054,True,False,True,False,True,True,True,True,True
HST F814W,F814W_087_8139073,150.41940476835558,2.48598071831493,-1.6394414901733398,0.1934943050146103,72.50855255126953,087,True,False,True,False,True,True,True,True,True
HST F814W,F814W_063_5319602,150.47068952376463,2.208618435477508,-1.648175835609436,0.19382795691490173,72.449951171875,063,True,False,True,False,True,True,True,True,True
HST F814W,F814W_089_8510463,150.1304853206598,2.5652274554343473,-1.4051663875579834,0.21032115817070007,72.21823120117188,089,True,False,True,False,True,True,True,True,True
HST F814W,F814W_041_2506853,150.1599796082817,1.792021989658259,-1.5988743305206299,0.1922195851802826,72.17682647705078,041,True,False,True,False,True,True,True,True,True
HST F814W,F814W_063_5364974,150.439211501703,2.2900633713521206,-0.27100586891174316,0.19227908551692963,71.87100982666016,063,True,False,True,False,True,True,True,True,True
HST F814W,F814W_075_7052001,150.4317718038751,2.4397623916545528,-1.461527943611145,0.19302357733249664,71.81425476074219,075,True,False,True,False,True,True,True,True,True
HST F814W,F814W_053_4146770,150.10824632048974,1.9867312397110621,-1.5082356929779053,0.2063714563846588,71.5416259765625,053,True,False,True,False,True,True,True,True,True
HST F814W,F814W_088_8235805,150.28007635560672,2.4747577656590107,-1.7113639116287231,0.20024558901786804,71.3930892944336,088,True,False,True,False,True,True,True,True,True
HST F814W,F814W_042_2759166,150.03957217216364,1.8595681272903053,-1.6931135654449463,0.20650583505630493,71.17298126220703,042,True,False,True,False,True,True,True,True,True
HST F814W,F814W_064_5516243,150.31670717714235,2.2407243484667374,-1.514168381690979,0.19374673068523407,70.98412322998047,064,True,False,True,False,True,True,True,True,True
HST F814W,F814W_052_3879381,150.28482578127162,2.002153967962295,-1.4514880180358887,0.19316649436950684,70.97593688964844,052,True,False,True,False,True,True,True,True,True
HST F814W,F814W_051_3700679,150.3998382976693,2.0555462197345356,-1.6154627799987793,0.19805902242660522,70.78683471679688,051,True,False,True,False,True,True,True,True,True
HST F814W,F814W_055_4482255,149.73561612606062,2.07832641566191,-1.6576451063156128,0.19411925971508026,70.71461486816406,055,True,False,True,False,True,True,True,True,True
HST F814W,F814W_063_5321346,150.46993000781654,2.2102820773341327,-1.6070462465286255,0.1891809105873108,70.71295928955078,063,True,False,True,False,True,True,True,True,True
HST F814W,F814W_040_2392446,150.227171071871,1.8139769863235555,-1.5803430080413818,0.18210838735103607,70.35082244873047,040,True,False,True,False,True,True,True,True,True
HST F814W,F814W_079_7502907,149.82225252487285,2.368207343790893,-1.6746060848236084,0.19322316348552704,70.34593200683594,079,True,False,True,False,True,True,True,True,True
HST F814W,F814W_075_7049271,150.5003533424441,2.43374885941259,-0.7217216491699219,0.18896716833114624,70.3050765991211,075,True,False,True,False,True,True,True,True,True
HST F814W,F814W_041_2505925,150.16005077888315,1.7918538627870464,-1.593053936958313,0.1866024285554886,70.06763458251953,041,True,False,True,False,True,True,True,True,True
HST F814W,F814W_052_3887801,150.35779099563507,2.0202254102168555,-1.624563455581665,0.19065888226032257,70.05455780029297,052,True,False,True,False,True,True,True,True,True
HST F814W,F814W_077_7280418,150.1288299718241,2.4559811915139447,-1.212174415588379,0.1859351396560669,70.02769470214844,077,True,False,True,False,True,True,True,True,True
HST F814W,F814W_067_6210884,149.8188976365931,2.263394591300827,-1.2403271198272705,0.1954270601272583,69.96036529541016,067,True,False,True,False,True,True,True,True,True
HST F814W,F814W_028_1007872,150.29543094501443,1.7722897603098602,-0.8044082522392273,0.2020203322172165,69.83031463623047,028,True,False,True,False,True,True,True,True,True
HST F814W,F814W_054_4394668,150.00468841521567,2.0639797439419616,-1.0888092517852783,0.18671400845050812,69.74398803710938,054,True,False,True,False,True,True,True,True,True
HST F814W,F814W_055_4433926,149.75546291456538,1.9608210576185718,-1.602957010269165,0.19049425423145294,69.39408111572266,055,True,False,True,False,True,True,True,True,True
HST F814W,F814W_043_2953401,149.753938614864,1.961067833406635,-1.5922527313232422,0.18495160341262817,69.38142395019531,043,True,False,True,False,True,True,True,True,True
HST F814W,F814W_066_5961966,149.92033659949269,2.228974715274999,-1.5550397634506226,0.2112027406692505,69.32389068603516,066,True,False,True,False,True,True,True,True,True
HST F814W,F814W_079_7503441,149.8236640464528,2.3689163182747874,-1.6167479753494263,0.18867148458957672,68.68882751464844,079,True,False,True,False,True,True,True,True,True
HST F814W,F814W_076_7133438,150.23392602874972,2.4083380306004187,-0.3202899098396301,0.18044701218605042,68.61054229736328,076,True,False,True,False,True,True,True,True,True
HST F814W,F814W_065_5771028,150.18846037615313,2.2770584858659286,-1.868443489074707,0.2516401410102844,68.50611877441406,065,True,False,True,False,True,True,True,True,True
HST F814W,F814W_077_7180106,150.06470664314352,2.3007028428370075,-1.4927890300750732,0.18170958757400513,68.43624877929688,077,True,False,True,False,True,True,True,True,True
HST F814W,F814W_075_7026536,150.44005481162483,2.3955031820280857,-1.5807645320892334,0.18392892181873322,68.43059539794922,075,True,False,True,False,True,True,True,True,True
HST F814W,F814W_042_2818990,150.04652609507605,1.9252107403231735,-1.3854628801345825,0.19848217070102692,68.4075927734375,042,True,False,True,False,True,True,True,True,True
HST F814W,F814W_079_7540563,149.83015088518115,2.4191781242563426,-1.1794869899749756,0.18746112287044525,68.24817657470703,079,True,False,True,False,True,True,True,True,True
HST F814W,F814W_079_7503664,149.82354917031086,2.369220909834741,-1.5967233180999756,0.1874607503414154,68.24803924560547,079,True,False,True,False,True,True,True,True,True
HST F814W,F814W_052_4038863,150.36356777337343,2.074346467176082,-1.556320309638977,0.18570902943611145,68.23580932617188,052,True,False,True,False,True,True,True,True,True
HST F814W,F814W_077_7188996,150.1919385313653,2.319339355060331,-1.020216464996338,0.18106777966022491,68.19452667236328,077,True,False,True,False,True,True,True,True,True
HST F814W,F814W_077_7257614,150.07246205858863,2.43208175090234,-1.5824027061462402,0.18065005540847778,68.0372085571289,077,True,False,True,False,True,True,True,True,True
HST F814W,F814W_054_4406247,149.9706979763593,2.083080844369799,-1.5577353239059448,0.1819424033164978,67.96163177490234,054,True,False,True,False,True,True,True,True,True
HST F814W,F814W_077_7257494,150.07246704802307,2.431928156607385,-1.5647730827331543,0.1803862750530243,67.93785858154297,077,True,False,True,False,True,True,True,True,True
HST F814W,F814W_088_8249708,150.38908438449903,2.506102013452151,-0.8862959742546082,0.18963298201560974,67.6093978881836,088,True,False,True,False,True,True,True,True,True
HST F814W,F814W_090_8689636,150.0288791493781,2.5847491259954873,-1.4900336265563965,0.18543580174446106,67.28968048095703,090,True,False,True,False,True,True,True,True,True
HST F814W,F814W_042_2759660,150.03795432695907,1.8598038875094645,-1.6681268215179443,0.19493702054023743,67.18574523925781,042,True,False,True,False,True,True,True,True,True
HST F814W,F814W_054_4345853,149.92971976517322,1.9985853164052496,-1.548305869102478,0.179777592420578,67.15300750732422,054,True,False,True,False,True,True,True,True,True
HST F814W,F814W_077_7235186,150.16642044616896,2.3975721914521637,-1.2305127382278442,0.17776912450790405,66.95217895507812,077,True,False,True,False,True,True,True,True,True
HST F814W,F814W_075_7016549,150.50887947579332,2.37731992226712,-1.5684651136398315,0.17952077090740204,66.7905502319336,075,True,False,True,False,True,True,True,True,True
HST F814W,F814W_042_2759991,150.03798403365664,1.8599576674072333,-1.6033830642700195,0.19331616163253784,66.62711334228516,042,True,False,True,False,True,True,True,True,True
HST F814W,F814W_063_5288546,150.4483867420955,2.1540271217327476,-1.0052896738052368,0.17789167165756226,66.49320983886719,063,True,False,True,False,True,True,True,True,True
HST F814W,F814W_064_5478521,150.2988512946601,2.229468716893813,-1.5302307605743408,0.18108950555324554,66.3468246459961,064,True,False,True,False,True,True,True,True,True
HST F814W,F814W_076_7156489,150.30444116774933,2.4395356422403545,-0.8044291734695435,0.17379263043403625,66.08038330078125,076,True,False,True,False,True,True,True,True,True
HST F814W,F814W_066_5927725,149.95092793208178,2.2057260008689097,-0.9026033282279968,0.20099735260009766,65.97413635253906,066,True,False,True,False,True,True,True,True,True
HST F814W,F814W_065_5778746,150.14686356096234,2.2871485991450524,-1.3390045166015625,0.24226261675357819,65.95319366455078,065,True,False,True,False,True,True,True,True,True
HST F814W,F814W_067_6066612,149.8828448842274,2.1329561927189924,-1.3754241466522217,0.1839768886566162,65.8613510131836,067,True,False,True,False,True,True,True,True,True
HST F814W,F814W_041_2552097,150.06241745880774,1.8216097350872555,-1.509186029434204,0.1753876507282257,65.85658264160156,041,True,False,True,False,True,True,True,True,True
HST F814W,F814W_075_7017412,150.4247797115882,2.3787030775744626,-1.5346405506134033,0.17659693956375122,65.70274353027344,075,True,False,True,False,True,True,True,True,True
HST F814W,F814W_040_2479311,150.23943507334997,1.9311278909851406,-1.4650402069091797,0.17001505196094513,65.67901611328125,040,True,False,True,False,True,True,True,True,True
HST F814W,F814W_029_1214544,150.20971892689442,1.7893534376178304,-1.2477846145629883,0.23554019629955292,65.57475280761719,029,True,False,True,False,True,True,True,True,True
HST F814W,F814W_075_7027189,150.43935462904275,2.3962744359191768,-1.494049310684204,0.17588895559310913,65.43933868408203,075,True,False,True,False,True,True,True,True,True
HST F814W,F814W_077_7257554,150.07242692199156,2.4320080856195845,-1.5055896043777466,0.17350929975509644,65.34782409667969,077,True,False,True,False,True,True,True,True,True
HST F814W,F814W_076_7142504,150.26630828664,2.420974732336475,-1.5300004482269287,0.1714123785495758,65.17534637451172,076,True,False,True,False,True,True,True,True,True
HST F814W,F814W_054_4345554,149.93042185293598,1.998355802051399,-1.5513564348220825,0.17388756573200226,64.952880859375,054,True,False,True,False,True,True,True,True,True
HST F814W,F814W_087_8154040,150.4092363473637,2.5113127405192612,-1.0317872762680054,0.17309920489788055,64.86585235595703,087,True,False,True,False,True,True,True,True,True
HST F814W,F814W_089_8541498,150.18871516412054,2.578625990040838,-1.4604272842407227,0.18857206404209137,64.75021362304688,089,True,False,True,False,True,True,True,True,True
HST F814W,F814W_089_8391322,150.1162310970712,2.4646703344634755,-1.5919411182403564,0.18842819333076477,64.70081329345703,089,True,False,True,False,True,True,True,True,True
HST F814W,F814W_063_5319765,150.47111246407718,2.2087992882430996,-1.4691120386123657,0.17279431223869324,64.58789825439453,063,True,False,True,False,True,True,True,True,True
HST F814W,F814W_075_7016909,150.5072698140816,2.3778119557346384,-1.4208762645721436,0.17334692180156708,64.49357604980469,075,True,False,True,False,True,True,True,True,True
HST F814W,F814W_075_7047687,150.41574941125717,2.4308590108461936,-1.5006834268569946,0.17306064069271088,64.3870620727539,075,True,False,True,False,True,True,True,True,True
HST F814W,F814W_102_10340614,150.01301019805135,2.657462899859374,-1.1872919797897339,0.18285658955574036,64.2791519165039,102,True,False,True,False,True,True,True,True,True
HST F814W,F814W_051_3703409,150.3991277073672,2.060459015565523,-1.405871033668518,0.1796756535768509,64.21656799316406,051,True,False,True,False,True,True,True,True,True
HST F814W,F814W_076_7166228,150.2275579467779,2.4564700245481808,-1.4890460968017578,0.1685246229171753,64.07734680175781,076,True,False,True,False,True,True,True,True,True
HST F814W,F814W_079_7506352,149.8793055025689,2.374701440282848,-1.3685407638549805,0.17560745775699615,63.93265914916992,079,True,False,True,False,True,True,True,True,True
HST F814W,F814W_054_4345477,149.9305318631534,1.99828646350724,-1.4938218593597412,0.1709674894809723,63.86213302612305,054,True,False,True,False,True,True,True,True,True
HST F814W,F814W_054_4406355,149.97095950263974,2.083215429661194,-1.4403098821640015,0.17088355123996735,63.830780029296875,054,True,False,True,False,True,True,True,True,True
HST F814W,F814W_078_7348930,150.03358396576664,2.325329003606021,-1.0763095617294312,0.17936386168003082,63.79512405395508,078,True,False,True,False,True,True,True,True,True
HST F814W,F814W_075_7055151,150.4019884884417,2.445385989191574,-1.5127944946289062,0.1713654100894928,63.75635528564453,075,True,False,True,False,True,True,True,True,True
HST F814W,F814W_067_6109100,149.86027640301944,2.220404323567987,-1.2894790172576904,0.1779412180185318,63.700660705566406,067,True,False,True,False,True,True,True,True,True
HST F814W,F814W_078_7435118,150.03929540334596,2.3966007728936956,-1.5698217153549194,0.17860977351665497,63.52691650390625,078,True,False,True,False,True,True,True,True,True
HST F814W,F814W_075_7016695,150.50709470584408,2.3775362411687198,-1.4734294414520264,0.17031297087669373,63.36479568481445,075,True,False,True,False,True,True,True,True,True
HST F814W,F814W_043_2942583,149.76453428821364,1.9394060551488048,-1.4535682201385498,0.1686459183692932,63.264625549316406,043,True,False,True,False,True,True,True,True,True
HST F814W,F814W_077_7182785,150.20361888281286,2.3058221180167133,-1.0625554323196411,0.16767343878746033,63.14989471435547,077,True,False,True,False,True,True,True,True,True
HST F814W,F814W_066_5936988,150.04091698409502,2.214847164728678,-0.27604180574417114,0.19227004051208496,63.10953903198242,066,True,False,True,False,True,True,True,True,True
HST F814W,F814W_042_2757565,150.0382252914784,1.8588347698683736,-1.5053592920303345,0.1830962896347046,63.104793548583984,042,True,False,True,False,True,True,True,True,True
HST F814W,F814W_043_2953592,149.7541886690257,1.96126379484872,-1.4739139080047607,0.16807663440704346,63.05106735229492,043,True,False,True,False,True,True,True,True,True
HST F814W,F814W_042_2741254,150.04840025409393,1.8492573827955439,-0.6092623472213745,0.18278342485427856,62.99696350097656,042,True,False,True,False,True,True,True,True,True
HST F814W,F814W_066_5924370,150.01162122826148,2.2028558158301985,-0.6143247485160828,0.191921204328537,62.99503707885742,066,True,False,True,False,True,True,True,True,True
HST F814W,F814W_040_2437208,150.2474286958278,1.8835508157505347,-1.1781255006790161,0.16301783919334412,62.97589874267578,040,True,False,True,False,True,True,True,True,True
HST F814W,F814W_079_7503462,149.8236510735558,2.3689493226364116,-1.4993104934692383,0.1725393682718277,62.815673828125,079,True,False,True,False,True,True,True,True,True
HST F814W,F814W_078_7449743,150.05784122600454,2.427227843089704,-1.3935505151748657,0.1765429526567459,62.79180145263672,078,True,False,True,False,True,True,True,True,True
HST F814W,F814W_054_4345819,149.9296939958413,1.9985633696975345,-1.449328899383545,0.16792233288288116,62.724666595458984,054,True,False,True,False,True,True,True,True,True
HST F814W,F814W_090_8667860,150.00864842888154,2.5496283538020266,-1.5095692873001099,0.1727362871170044,62.681365966796875,090,True,False,True,False,True,True,True,True,True
HST F814W,F814W_063_5319638,150.47074243201192,2.2086452941055223,-1.4665231704711914,0.16759097576141357,62.642967224121094,063,True,False,True,False,True,True,True,True,True
HST F814W,F814W_078_7415499,149.90196944634883,2.3579632177922765,-1.1418064832687378,0.1759810894727707,62.59196090698242,078,True,False,True,False,True,True,True,True,True
HST F814W,F814W_075_7025999,150.4385781532729,2.3949000305147,-1.4602363109588623,0.1682184487581253,62.58552932739258,075,True,False,True,False,True,True,True,True,True
HST F814W,F814W_078_7436091,150.04178707723366,2.3976338972356284,-1.533717393875122,0.1758662462234497,62.55111312866211,078,True,False,True,False,True,True,True,True,True
HST F814W,F814W_077_7212858,150.1037177914439,2.3576765167279885,-1.3168866634368896,0.16562987864017487,62.38024139404297,077,True,False,True,False,True,True,True,True,True
HST F814W,F814W_051_3701089,150.4009689653014,2.05618153745857,-1.4913707971572876,0.17449955642223358,62.36661911010742,051,True,False,True,False,True,True,True,True,True
HST F814W,F814W_065_5611622,150.13665953044057,2.1408238890557,-1.8247140645980835,0.22898206114768982,62.33771514892578,065,True,False,True,False,True,True,True,True,True
HST F814W,F814W_028_0905073,150.31470775213842,1.7411401593728542,-1.2584246397018433,0.18025533854961395,62.307029724121094,028,True,False,True,False,True,True,True,True,True
HST F814W,F814W_064_5589323,150.28820331881036,2.276755898415825,-1.4845731258392334,0.16984690725803375,62.227806091308594,064,True,False,True,False,True,True,True,True,True
HST F814W,F814W_075_7027085,150.43880708001325,2.3961422685968317,-1.4915896654129028,0.16701741516590118,62.13868713378906,075,True,False,True,False,True,True,True,True,True
HST F814W,F814W_040_2464405,150.25324094246835,1.9106711176772868,-1.060320258140564,0.16046293079853058,61.98890686035156,040,True,False,True,False,True,True,True,True,True
HST F814W,F814W_052_4039282,150.36354025094633,2.0744662532993923,-1.424613118171692,0.16861985623836517,61.956668853759766,052,True,False,True,False,True,True,True,True,True
HST F814W,F814W_090_8636842,149.8933896049606,2.498986962157977,-1.1627999544143677,0.16997727751731873,61.68019485473633,090,True,False,True,False,True,True,True,True,True
HST F814W,F814W_040_2392412,150.22713550374135,1.8139180822022098,-1.4312028884887695,0.15955910086631775,61.63974380493164,040,True,False,True,False,True,True,True,True,True
HST F814W,F814W_090_8659898,150.02773260008996,2.539165945552833,-1.501240849494934,0.16985894739627838,61.63725662231445,090,True,False,True,False,True,True,True,True,True
HST F814W,F814W_087_8153663,150.40805959879398,2.5107357205951226,-1.1231801509857178,0.16416415572166443,61.517601013183594,087,True,False,True,False,True,True,True,True,True
HST F814W,F814W_043_2919337,149.87382689877268,1.9001644489862397,-1.3804893493652344,0.16394834220409393,61.502410888671875,043,True,False,True,False,True,True,True,True,True
HST F814W,F814W_055_4434283,149.75418796871887,1.9612640454406909,-1.4763095378875732,0.16849127411842346,61.37873840332031,055,True,False,True,False,True,True,True,True,True
HST F814W,F814W_077_7212549,150.05889395146798,2.3572651564354357,-1.4227920770645142,0.16236954927444458,61.152320861816406,077,True,False,True,False,True,True,True,True,True
HST F814W,F814W_101_10070804,150.06927950095516,2.6343798269588925,-1.258415699005127,0.18861328065395355,61.14027786254883,101,True,False,True,False,True,True,True,True,True
HST F814W,F814W_063_5319575,150.47085704342953,2.2085948445868437,-1.3821203708648682,0.16345956921577454,61.09870910644531,063,True,False,True,False,True,True,True,True,True
HST F814W,F814W_067_6094184,149.79563799194148,2.184687862030209,-1.506111741065979,0.17066624760627747,61.0963134765625,067,True,False,True,False,True,True,True,True,True
HST F814W,F814W_078_7447025,149.94898057981126,2.421304940694796,-1.3327527046203613,0.17144657671451569,60.979148864746094,078,True,False,True,False,True,True,True,True,True
HST F814W,F814W_041_2561351,150.16036064035774,1.8376580375729297,-1.3841865062713623,0.16221879422664642,60.91178512573242,041,True,False,True,False,True,True,True,True,True
HST F814W,F814W_077_7178381,150.09317491223388,2.2980682764106874,-0.8967253565788269,0.1616806834936142,60.892879486083984,077,True,False,True,False,True,True,True,True,True
HST F814W,F814W_063_5320057,150.47138547936999,2.209089191497959,-1.4168355464935303,0.1626441776752472,60.79393005371094,063,True,False,True,False,True,True,True,True,True
HST F814W,F814W_053_4287627,150.1776165602632,2.1066203703247717,-1.192023754119873,0.17519642412662506,60.734352111816406,053,True,False,True,False,True,True,True,True,True
HST F814W,F814W_042_2757567,150.03810537169105,1.8588393867916517,-1.4982627630233765,0.17588599026203156,60.6197395324707,042,True,False,True,False,True,True,True,True,True
HST F814W,F814W_075_7014204,150.50580096635792,2.373282479553791,-1.107476830482483,0.16200506687164307,60.27384567260742,075,True,False,True,False,True,True,True,True,True
HST F814W,F814W_054_4360467,149.96296085373137,2.0120580220897897,-0.9718053936958313,0.16120612621307373,60.21593475341797,054,True,False,True,False,True,True,True,True,True
HST F814W,F814W_040_2407881,150.29858247712974,1.838946577096928,0.27858439087867737,0.15577436983585358,60.17765426635742,040,True,False,True,False,True,True,True,True,True
HST F814W,F814W_043_2942556,149.7643131296476,1.9393613657964857,-1.4258489608764648,0.16035506129264832,60.15445327758789,043,True,False,True,False,True,True,True,True,True
HST F814W,F814W_077_7213389,150.1204551487948,2.3584403842301445,0.1950375884771347,0.1595551073551178,60.09233474731445,077,True,False,True,False,True,True,True,True,True
HST F814W,F814W_043_2953058,149.75382073334904,1.960716258607619,-1.4094489812850952,0.1601032316684723,60.05998229980469,043,True,False,True,False,True,True,True,True,True
HST F814W,F814W_063_5319673,150.47077115683436,2.2086870426482847,-1.4549732208251953,0.16046568751335144,59.97964096069336,063,True,False,True,False,True,True,True,True,True
HST F814W,F814W_052_3912155,150.31147234240913,2.0367616185113837,-1.4075003862380981,0.16321344673633575,59.97016906738281,052,True,False,True,False,True,True,True,True,True
HST F814W,F814W_055_4468327,149.77886963433693,2.0483346064962094,-1.3237684965133667,0.16381016373634338,59.67348098754883,055,True,False,True,False,True,True,True,True,True
HST F814W,F814W_051_3700949,150.3993584924552,2.0559684811467953,-1.4723533391952515,0.16693437099456787,59.66279983520508,051,True,False,True,False,True,True,True,True,True
HST F814W,F814W_043_2941577,149.78290222657688,1.9385143286879214,-1.282067894935608,0.15895189344882965,59.62807846069336,043,True,False,True,False,True,True,True,True,True
HST F814W,F814W_052_3887946,150.35792234107925,2.0203793510237666,-1.4258320331573486,0.16223637759685516,59.61116027832031,052,True,False,True,False,True,True,True,True,True
HST F814W,F814W_088_8263203,150.26627470460397,2.537809602851548,-1.2771809101104736,0.16696502268314362,59.527645111083984,088,True,False,True,False,True,True,True,True,True
HST F814W,F814W_077_7257469,150.07251127763902,2.4319038583144814,-1.4185309410095215,0.1579650491476059,59.49348068237305,077,True,False,True,False,True,True,True,True,True
HST F814W,F814W_076_7142270,150.26630528243464,2.4208263955227443,-1.3987551927566528,0.156355619430542,59.45038604736328,076,True,False,True,False,True,True,True,True,True
HST F814W,F814W_043_2942608,149.76442266229827,1.939419670745162,-1.4209153652191162,0.15828140079975128,59.37655258178711,043,True,False,True,False,True,True,True,True,True
HST F814W,F814W_054_4406200,149.97072353620962,2.083018648302353,-1.3954323530197144,0.15868514776229858,59.27426528930664,054,True,False,True,False,True,True,True,True,True
HST F814W,F814W_042_2807958,149.93854669806595,1.891608032429084,-1.4982564449310303,0.1719132512807846,59.250518798828125,042,True,False,True,False,True,True,True,True,True
HST F814W,F814W_063_5312877,150.47057518498073,2.19912367338025,-0.5352530479431152,0.15797074139118195,59.04706954956055,063,True,False,True,False,True,True,True,True,True
HST F814W,F814W_041_2571355,150.16128007276257,1.8549650643012938,-1.1681429147720337,0.157164067029953,59.01377868652344,041,True,False,True,False,True,True,True,True,True
HST F814W,F814W_054_4346069,149.929644932856,1.9987125598754552,-1.3726080656051636,0.15744942426681519,58.812679290771484,054,True,False,True,False,True,True,True,True,True
HST F814W,F814W_088_8240062,150.29801140021175,2.4841820000800885,-1.0201915502548218,0.16494885087013245,58.8088264465332,088,True,False,True,False,True,True,True,True,True
HST F814W,F814W_053_4280894,150.13544302529164,2.084998428846195,-1.517619013786316,0.16963078081607819,58.8049430847168,053,True,False,True,False,True,True,True,True,True
HST F814W,F814W_075_7017331,150.42466563312698,2.3785315983802318,-1.4054709672927856,0.15805096924304962,58.80272674560547,075,True,False,True,False,True,True,True,True,True
HST F814W,F814W_051_3711915,150.4252397946103,2.0662700357159185,-1.475646734237671,0.16430790722370148,58.72409439086914,051,True,False,True,False,True,True,True,True,True
HST F814W,F814W_043_2941725,149.7645698022246,1.93865807792402,-1.401041030883789,0.15648512542247772,58.70271301269531,043,True,False,True,False,True,True,True,True,True
HST F814W,F814W_067_6093528,149.79491407915484,2.1835749646925984,-1.3046343326568604,0.16384769976139069,58.65536117553711,067,True,False,True,False,True,True,True,True,True
HST F814W,F814W_088_8242473,150.37992025386148,2.490120434955642,-1.4792722463607788,0.1644236445426941,58.62157440185547,088,True,False,True,False,True,True,True,True,True
HST F814W,F814W_076_7097736,150.38747655310988,2.3481890129323855,-1.3710063695907593,0.15406350791454315,58.57886505126953,076,True,False,True,False,True,True,True,True,True
HST F814W,F814W_075_7041104,150.53641594593665,2.418293153895382,-1.342774748802185,0.15742380917072296,58.569393157958984,075,True,False,True,False,True,True,True,True,True
HST F814W,F814W_042_2757703,150.03924317812346,1.858904860006294,-1.4787230491638184,0.1698097288608551,58.52553176879883,042,True,False,True,False,True,True,True,True,True
HST F814W,F814W_053_4266212,150.14463589067782,2.038256926717102,-1.3491806983947754,0.1687023788690567,58.483097076416016,053,True,False,True,False,True,True,True,True,True
HST F814W,F814W_077_7264362,150.21188478774957,2.444816997788743,-1.1750589609146118,0.15515261888504028,58.43424987792969,077,True,False,True,False,True,True,True,True,True
HST F814W,F814W_066_5969338,150.0310171475788,2.2328280746847677,-1.0703059434890747,0.17799167335033417,58.42289352416992,066,True,False,True,False,True,True,True,True,True
HST F814W,F814W_053_4278502,150.10025268805575,2.07819151874852,-1.1095809936523438,0.16832704842090607,58.35298538208008,053,True,False,True,False,True,True,True,True,True
HST F814W,F814W_076_7166328,150.22597932935332,2.4565909041804126,-1.3230986595153809,0.153403639793396,58.32796859741211,076,True,False,True,False,True,True,True,True,True
HST F814W,F814W_089_8485057,150.2164076491402,2.549014958777298,-1.425788402557373,0.16965386271476746,58.254249572753906,089,True,False,True,False,True,True,True,True,True
HST F814W,F814W_088_8248263,150.26665436258298,2.504193537763656,-1.4297734498977661,0.16332578659057617,58.23015594482422,088,True,False,True,False,True,True,True,True,True
HST F814W,F814W_075_7016493,150.50707444121772,2.377237941222929,-1.4039266109466553,0.1561879813671112,58.10960388183594,075,True,False,True,False,True,True,True,True,True
HST F814W,F814W_079_7508187,149.88767270762875,2.3783514255144134,-0.9984205961227417,0.1595819741487503,58.098331451416016,079,True,False,True,False,True,True,True,True,True
HST F814W,F814W_043_2950649,149.78422239886876,1.9582148830218398,-1.3998322486877441,0.15480715036392212,58.073246002197266,043,True,False,True,False,True,True,True,True,True
HST F814W,F814W_052_3868508,150.24160516920446,1.9790136782364176,-1.334288239479065,0.15796542167663574,58.041866302490234,052,True,False,True,False,True,True,True,True,True
HST F814W,F814W_041_2506984,150.16005780269342,1.7920443658226637,-1.408674955368042,0.15450486540794373,58.0152702331543,041,True,False,True,False,True,True,True,True,True
HST F814W,F814W_075_7016659,150.50702194648576,2.377491780768463,-1.3492518663406372,0.1558147370815277,57.97073745727539,075,True,False,True,False,True,True,True,True,True
HST F814W,F814W_052_3887817,150.35835222525728,2.0202304943358245,-1.4018933773040771,0.15764766931533813,57.925113677978516,052,True,False,True,False,True,True,True,True,True
HST F814W,F814W_043_2953103,149.7537945545328,1.9607539793903723,-1.3929896354675293,0.1541978269815445,57.844669342041016,043,True,False,True,False,True,True,True,True,True
HST F814W,F814W_064_5576208,150.30148642799062,2.259069663915544,-0.983360767364502,0.15747880935668945,57.696434020996094,064,True,False,True,False,True,True,True,True,True
HST F814W,F814W_088_8248101,150.27047741240534,2.504007272578883,-1.4308815002441406,0.1617766171693802,57.67783737182617,088,True,False,True,False,True,True,True,True,True
HST F814W,F814W_053_4285492,150.2239565097091,2.100107751491038,-1.4528967142105103,0.16613762080669403,57.59398651123047,053,True,False,True,False,True,True,True,True,True
HST F814W,F814W_088_8242430,150.30912908567274,2.49001272899241,-1.1308940649032593,0.16109110414981842,57.433433532714844,088,True,False,True,False,True,True,True,True,True
HST F814W,F814W_087_8129814,150.49198169610256,2.4671784445989817,-0.947275698184967,0.1526901125907898,57.2179069519043,087,True,False,True,False,True,True,True,True,True
HST F814W,F814W_054_4406319,149.97084993880154,2.0831671777329883,-1.3930636644363403,0.1531333476305008,57.200477600097656,054,True,False,True,False,True,True,True,True,True
HST F814W,F814W_065_5645385,150.08313316152493,2.1755374811627366,-1.3998032808303833,0.21007677912712097,57.19097137451172,065,True,False,True,False,True,True,True,True,True
HST F814W,F814W_090_8709414,150.0325985423112,2.612475589405264,-1.4039437770843506,0.15740250051021576,57.11714553833008,090,True,False,True,False,True,True,True,True,True
HST F814W,F814W_052_3887856,150.3576614920484,2.0202821951351138,-1.379915714263916,0.15537135303020477,57.08871841430664,052,True,False,True,False,True,True,True,True,True
HST F814W,F814W_075_7016978,150.50738330240648,2.377894293975537,-1.3937714099884033,0.15342488884925842,57.081600189208984,075,True,False,True,False,True,True,True,True,True
HST F814W,F814W_076_7166269,150.2260064793947,2.4564997581052332,-1.2777959108352661,0.15002311766147614,57.042606353759766,076,True,False,True,False,True,True,True,True,True
HST F814W,F814W_064_5477749,150.29856765732802,2.229246837484055,-1.2938846349716187,0.15500624477863312,56.79054641723633,064,True,False,True,False,True,True,True,True,True
HST F814W,F814W_052_3955494,150.26459492172307,2.050267152546079,-1.1338849067687988,0.15446051955223083,56.75404739379883,052,True,False,True,False,True,True,True,True,True
HST F814W,F814W_088_8236012,150.27999312419138,2.4751184249642124,-1.4172043800354004,0.15917178988456726,56.749141693115234,088,True,False,True,False,True,True,True,True,True
HST F814W,F814W_089_8485832,150.2169610702154,2.549700550082276,-1.3794047832489014,0.16513100266456604,56.701229095458984,089,True,False,True,False,True,True,True,True,True
HST F814W,F814W_051_3701522,150.40007736905426,2.056872666239348,-1.4183595180511475,0.15862208604812622,56.69196701049805,051,True,False,True,False,True,True,True,True,True
HST F814W,F814W_088_8236036,150.2798181799933,2.4751548794502525,-1.3840876817703247,0.1589488834142685,56.66967010498047,088,True,False,True,False,True,True,True,True,True
HST F814W,F814W_052_3877846,150.27741951177936,1.9989264641641398,-1.3468387126922607,0.15405568480491638,56.60529708862305,052,True,False,True,False,True,True,True,True,True
HST F814W,F814W_076_7144916,150.26774335644896,2.422779032042525,-1.3059463500976562,0.1487545520067215,56.560264587402344,076,True,False,True,False,True,True,True,True,True
HST F814W,F814W_067_6108339,149.79233056938122,2.2182457468255525,-1.089885950088501,0.15783384442329407,56.502479553222656,067,True,False,True,False,True,True,True,True,True
HST F814W,F814W_075_7055217,150.40211513683596,2.445509623842684,-1.184074878692627,0.15162889659404755,56.41340255737305,075,True,False,True,False,True,True,True,True,True
HST F814W,F814W_052_3877328,150.38147393266027,1.9981656703847344,-1.207726240158081,0.15345796942710876,56.385677337646484,052,True,False,True,False,True,True,True,True,True
HST F814W,F814W_055_4433921,149.75551388629185,1.9608196683999903,-1.3910369873046875,0.15459111332893372,56.31512451171875,055,True,False,True,False,True,True,True,True,True
HST F814W,F814W_040_2479312,150.23939325373217,1.931132141953721,-1.3146171569824219,0.14562244713306427,56.25583267211914,040,True,False,True,False,True,True,True,True,True
HST F814W,F814W_051_3701516,150.40022969145102,2.0568655836409584,-1.4050452709197998,0.1573023498058319,56.22029113769531,051,True,False,True,False,True,True,True,True,True
HST F814W,F814W_064_5385949,150.24959334212048,2.1609925698265187,-1.2350428104400635,0.15325342118740082,56.148353576660156,064,True,False,True,False,True,True,True,True,True
HST F814W,F814W_055_4468255,149.77873648439316,2.048213609757121,-1.3754537105560303,0.15412428975105286,56.14506912231445,055,True,False,True,False,True,True,True,True,True
HST F814W,F814W_065_5612578,150.13601724102588,2.141753064015936,-1.6592289209365845,0.20609797537326813,56.1077880859375,065,True,False,True,False,True,True,True,True,True
HST F814W,F814W_053_4281377,150.13663970670422,2.085705653757192,-1.3510383367538452,0.1613234430551529,55.92508316040039,053,True,False,True,False,True,True,True,True,True
HST F814W,F814W_055_4472597,149.85105624708441,2.0588684940481428,-0.8393417596817017,0.15340088307857513,55.88154220581055,055,True,False,True,False,True,True,True,True,True
HST F814W,F814W_055_4433904,149.75379009906487,1.9607939651234836,-1.3143651485443115,0.15329937636852264,55.844566345214844,055,True,False,True,False,True,True,True,True,True
HST F814W,F814W_075_7026553,150.44008837054776,2.395513378906796,-1.3658274412155151,0.15004593133926392,55.824459075927734,075,True,False,True,False,True,True,True,True,True
HST F814W,F814W_056_4639341,149.66908267890443,1.9623091750238286,-0.07950033992528915,0.16132768988609314,55.792781829833984,056,True,False,True,False,True,True,True,True,True
HST F814W,F814W_064_5478080,150.29869378473856,2.2293111281827014,-1.3505363464355469,0.15212802588939667,55.73603439331055,064,True,False,True,False,True,True,True,True,True
HST F814W,F814W_043_2941702,149.7645241053233,1.9386336227965302,-1.2424333095550537,0.14843226969242096,55.681819915771484,043,True,False,True,False,True,True,True,True,True
HST F814W,F814W_051_3708139,150.3977091251621,2.0647985524694628,-1.2481427192687988,0.15570050477981567,55.64778518676758,051,True,False,True,False,True,True,True,True,True
HST F814W,F814W_078_7435292,150.03920717922003,2.396771005046567,-1.4278143644332886,0.15621858835220337,55.56294631958008,078,True,False,True,False,True,True,True,True,True
HST F814W,F814W_079_7473262,149.80912288442227,2.3042025606777536,-0.9273683428764343,0.15242744982242584,55.493614196777344,079,True,False,True,False,True,True,True,True,True
HST F814W,F814W_075_7054637,150.40166841287643,2.444688178109206,-1.358518123626709,0.14891718327999115,55.404510498046875,075,True,False,True,False,True,True,True,True,True
HST F814W,F814W_051_3700649,150.40015764122765,2.055493738910389,-1.389136791229248,0.1549607813358307,55.38340759277344,051,True,False,True,False,True,True,True,True,True
HST F814W,F814W_052_4040654,150.36291112407136,2.074807533072703,-1.344252586364746,0.1506253331899643,55.34486770629883,052,True,False,True,False,True,True,True,True,True
HST F814W,F814W_077_7243314,150.21888734687306,2.407647912723053,-1.3456337451934814,0.1468014419078827,55.28899383544922,077,True,False,True,False,True,True,True,True,True
HST F814W,F814W_076_7095028,150.2280411429853,2.34295139609625,-1.0378012657165527,0.14539512991905212,55.282928466796875,076,True,False,True,False,True,True,True,True,True
HST F814W,F814W_075_7017057,150.5083108471697,2.3779998789744154,-1.3538365364074707,0.14853248000144958,55.261383056640625,075,True,False,True,False,True,True,True,True,True
HST F814W,F814W_028_0920085,150.29624791481538,1.7461116640358172,-1.192443609237671,0.15959344804286957,55.16504669189453,028,True,False,True,False,True,True,True,True,True
HST F814W,F814W_041_2621694,150.1664644980035,1.9318156570641383,-0.9397815465927124,0.14687800407409668,55.15144729614258,041,True,False,True,False,True,True,True,True,True
HST F814W,F814W_090_8715849,149.96502860147777,2.6235116406763734,-1.1345683336257935,0.15195371210575104,55.13992691040039,090,True,False,True,False,True,True,True,True,True
HST F814W,F814W_090_8704850,149.91418880543003,2.605724209974351,-1.350932240486145,0.15195226669311523,55.139400482177734,090,True,False,True,False,True,True,True,True,True
HST F814W,F814W_063_5367230,150.42734596567098,2.2918629176250014,-1.316576600074768,0.1473141312599182,55.06378936767578,063,True,False,True,False,True,True,True,True,True
HST F814W,F814W_079_7524370,149.85478670331347,2.399827607704155,-1.3862396478652954,0.15102067589759827,54.98145294189453,079,True,False,True,False,True,True,True,True,True
HST F814W,F814W_041_2501512,150.15976367663595,1.791073063342962,-1.2901833057403564,0.14630505442619324,54.936309814453125,041,True,False,True,False,True,True,True,True,True
HST F814W,F814W_077_7191098,150.09852921119466,2.324569311418776,-0.5060737133026123,0.14584676921367645,54.929439544677734,077,True,False,True,False,True,True,True,True,True
HST F814W,F814W_053_4292849,150.16175940871437,2.119902110725311,-0.5418680310249329,0.15808197855949402,54.80138397216797,053,True,False,True,False,True,True,True,True,True
HST F814W,F814W_043_2953143,149.75552667418802,1.960801747324316,-1.3059700727462769,0.14596930146217346,54.75788116455078,043,True,False,True,False,True,True,True,True,True
HST F814W,F814W_065_5715572,150.2160852440685,2.233240250705056,-1.4041821956634521,0.2005404233932495,54.59480667114258,065,True,False,True,False,True,True,True,True,True
HST F814W,F814W_088_8247629,150.26744944732184,2.5033706329735756,-1.3941441774368286,0.15307915210723877,54.57695007324219,088,True,False,True,False,True,True,True,True,True
HST F814W,F814W_079_7503577,149.82279700651347,2.3691255136943474,-1.3594496250152588,0.14987029135227203,54.56263732910156,079,True,False,True,False,True,True,True,True,True
HST F814W,F814W_028_0907035,150.2803293717484,1.7417755143322948,-0.5858778357505798,0.1578494906425476,54.56222915649414,028,True,False,True,False,True,True,True,True,True
HST F814W,F814W_067_6095217,149.8490222750159,2.186149892039678,-1.336303472518921,0.15234504640102386,54.537559509277344,067,True,False,True,False,True,True,True,True,True
HST F814W,F814W_051_3711318,150.42523833110826,2.066045081205474,-1.3866961002349854,0.152545765042305,54.5202751159668,051,True,False,True,False,True,True,True,True,True
HST F814W,F814W_075_7043145,150.4242363852758,2.421811851138219,-1.3404247760772705,0.14630424976348877,54.432369232177734,075,True,False,True,False,True,True,True,True,True
HST F814W,F814W_063_5312891,150.47045270683773,2.1991372519586316,0.10284297168254852,0.14534172415733337,54.326534271240234,063,True,False,True,False,True,True,True,True,True
HST F814W,F814W_041_2572462,150.08517911477685,1.8567780636101259,-1.317887783050537,0.14461424946784973,54.301429748535156,041,True,False,True,False,True,True,True,True,True
HST F814W,F814W_078_7303296,150.05183310866784,2.2994008509227295,-1.147823452949524,0.15242347121238708,54.21311950683594,078,True,False,True,False,True,True,True,True,True
HST F814W,F814W_053_4243846,150.1472522931593,2.0137310828414265,-1.1601828336715698,0.15634727478027344,54.20002365112305,053,True,False,True,False,True,True,True,True,True
HST F814W,F814W_052_4037766,150.36348883764055,2.074077741453394,-1.1988921165466309,0.14738765358924866,54.155235290527344,052,True,False,True,False,True,True,True,True,True
HST F814W,F814W_040_2477169,150.23908023084218,1.9292519212327766,-1.2726085186004639,0.14011743664741516,54.12917709350586,040,True,False,True,False,True,True,True,True,True
HST F814W,F814W_079_7541628,149.89122790427305,2.420341454359648,-0.8244217038154602,0.14866548776626587,54.1240119934082,079,True,False,True,False,True,True,True,True,True
HST F814W,F814W_077_7257930,150.07096898149263,2.432525737194675,-1.3151378631591797,0.14355763792991638,54.067298889160156,077,True,False,True,False,True,True,True,True,True
HST F814W,F814W_043_2942790,149.7646790557719,1.9395544354437424,-1.3235106468200684,0.14388376474380493,53.975528717041016,043,True,False,True,False,True,True,True,True,True
HST F814W,F814W_077_7227923,150.20508520290701,2.3850856288970586,-0.6120730042457581,0.14327353239059448,53.960296630859375,077,True,False,True,False,True,True,True,True,True
HST F814W,F814W_052_4074787,150.28488192699905,2.1122884201799272,-1.31852126121521,0.1466764360666275,53.8939094543457,052,True,False,True,False,True,True,True,True,True
HST F814W,F814W_065_5669928,150.09846466277665,2.1989221033526536,-0.9815117120742798,0.19793155789375305,53.88457489013672,065,True,False,True,False,True,True,True,True,True
HST F814W,F814W_066_5798878,149.9916743822307,2.149578113848053,-1.3778263330459595,0.16413000226020813,53.873023986816406,066,True,False,True,False,True,True,True,True,True
HST F814W,F814W_075_7041115,150.5362974199279,2.418318002330033,-1.1471933126449585,0.14477339386940002,53.862815856933594,075,True,False,True,False,True,True,True,True,True
HST F814W,F814W_042_2736943,150.01556287788782,1.8470294143360182,-1.3924696445465088,0.15609271824359894,53.797916412353516,042,True,False,True,False,True,True,True,True,True
HST F814W,F814W_075_7016936,150.50729658367808,2.377851831295387,-1.3209614753723145,0.1445673257112503,53.78614807128906,075,True,False,True,False,True,True,True,True,True
HST F814W,F814W_077_7212441,150.05882555649816,2.3571177630278357,-1.2497828006744385,0.14277486503124237,53.77248764038086,077,True,False,True,False,True,True,True,True,True
HST F814W,F814W_090_8659664,150.0279599489485,2.5389251657328815,-1.311625361442566,0.14806462824344635,53.72868347167969,090,True,False,True,False,True,True,True,True,True
HST F814W,F814W_065_5633876,150.16292725583668,2.1642090784735637,-0.8840312957763672,0.19723853468894958,53.69590759277344,065,True,False,True,False,True,True,True,True,True
HST F814W,F814W_076_7064379,150.29586428603892,2.291308699062373,-1.1122899055480957,0.1412164568901062,53.694091796875,076,True,False,True,False,True,True,True,True,True
HST F814W,F814W_078_7435981,150.04189646082315,2.397529347210404,-1.3671623468399048,0.150898739695549,53.67081069946289,078,True,False,True,False,True,True,True,True,True
HST F814W,F814W_053_4280869,150.13539207177607,2.0849751466836777,-1.3644887208938599,0.15475678443908691,53.648658752441406,053,True,False,True,False,True,True,True,True,True
HST F814W,F814W_075_7017153,150.50793438020767,2.3781300432726415,-1.2892497777938843,0.1441403180360794,53.627281188964844,075,True,False,True,False,True,True,True,True,True
HST F814W,F814W_074_6918654,150.5674419405738,2.4318540338626145,-0.9055611491203308,0.1694181263446808,53.607940673828125,074,True,False,True,False,True,True,True,True,True
HST F814W,F814W_075_7043312,150.42410339538938,2.4220566820770033,-1.3074463605880737,0.1438693255186081,53.526458740234375,075,True,False,True,False,True,True,True,True,True
HST F814W,F814W_063_5326591,150.4838871608337,2.219821423428678,-0.8369767069816589,0.14316606521606445,53.5133056640625,063,True,False,True,False,True,True,True,True,True
HST F814W,F814W_076_7149552,150.26560610235353,2.4290572675139672,0.34169894456863403,0.14030463993549347,53.34739303588867,076,True,False,True,False,True,True,True,True,True
HST F814W,F814W_052_4038865,150.36342708938508,2.074357084682602,-1.236722707748413,0.14506927132606506,53.303382873535156,052,True,False,True,False,True,True,True,True,True
HST F814W,F814W_076_7160576,150.27033016968358,2.446043235449479,0.21163392066955566,0.13987937569618225,53.185699462890625,076,True,False,True,False,True,True,True,True,True
HST F814W,F814W_041_2597174,150.21623178974772,1.8944379506513787,-1.0730291604995728,0.141497403383255,53.13107681274414,041,True,False,True,False,True,True,True,True,True
HST F814W,F814W_054_4405689,149.9840978675815,2.0823704572530692,-0.7117248773574829,0.14182202517986298,52.975318908691406,054,True,False,True,False,True,True,True,True,True
HST F814W,F814W_090_8647297,149.9581120869387,2.51813675017089,0.30036288499832153,0.14597579836845398,52.970703125,090,True,False,True,False,True,True,True,True,True
HST F814W,F814W_090_8714855,150.01550267849467,2.6214207738742,-0.9954371452331543,0.1459549069404602,52.96311950683594,090,True,False,True,False,True,True,True,True,True
HST F814W,F814W_064_5477912,150.29921434444077,2.2292859987162483,-1.3230879306793213,0.14449737966060638,52.94034957885742,064,True,False,True,False,True,True,True,True,True
HST F814W,F814W_075_7015495,150.53306231223291,2.3761283729188647,-1.3087716102600098,0.14218546450138092,52.89997863769531,075,True,False,True,False,True,True,True,True,True
HST F814W,F814W_078_7388880,149.91762365488796,2.3437491230122305,-1.063481092453003,0.14856229722499847,52.83979797363281,078,True,False,True,False,True,True,True,True,True
HST F814W,F814W_041_2515195,150.20286825613968,1.7939814326884538,-0.6279294490814209,0.14069116115570068,52.82834243774414,041,True,False,True,False,True,True,True,True,True
HST F814W,F814W_051_3702968,150.39963986780543,2.059743719623468,-1.3159747123718262,0.14771881699562073,52.795108795166016,051,True,False,True,False,True,True,True,True,True
HST F814W,F814W_087_8139032,150.41953607839602,2.4859343704222048,-1.2538336515426636,0.14071033895015717,52.72869873046875,087,True,False,True,False,True,True,True,True,True
HST F814W,F814W_065_5645448,150.08315405774175,2.1755823017533817,-1.4379441738128662,0.19360223412513733,52.70596694946289,065,True,False,True,False,True,True,True,True,True
HST F814W,F814W_052_4037077,150.3633810278849,2.0739051288900856,-1.2642669677734375,0.14319749176502228,52.61562728881836,052,True,False,True,False,True,True,True,True,True
HST F814W,F814W_052_4066915,150.32652081609135,2.097578852860521,-1.2658296823501587,0.1430787593126297,52.57200241088867,052,True,False,True,False,True,True,True,True,True
HST F814W,F814W_089_8468541,150.11135135558035,2.509400214872998,-1.3335607051849365,0.15287169814109802,52.491737365722656,089,True,False,True,False,True,True,True,True,True
HST F814W,F814W_089_8543605,150.08974180801394,2.57956241191133,-0.8915542960166931,0.15280181169509888,52.467742919921875,089,True,False,True,False,True,True,True,True,True
HST F814W,F814W_075_7055169,150.40195576859534,2.445424683111615,-1.3042969703674316,0.14095598459243774,52.44255447387695,075,True,False,True,False,True,True,True,True,True
HST F814W,F814W_042_2745544,150.0074701324185,1.851849979197252,-0.5009394884109497,0.15206727385520935,52.4105339050293,042,True,False,True,False,True,True,True,True,True
HST F814W,F814W_064_5491487,150.3869857739321,2.2334834254420093,-1.1299787759780884,0.14290787279605865,52.357994079589844,064,True,False,True,False,True,True,True,True,True
HST F814W,F814W_077_7212519,150.05889400260617,2.3572062620506937,-1.2604326009750366,0.13881272077560425,52.28024673461914,077,True,False,True,False,True,True,True,True,True
HST F814W,F814W_066_5783388,149.99169365551398,2.13529207153665,-1.0832451581954956,0.159117192029953,52.2276496887207,066,True,False,True,False,True,True,True,True,True
HST F814W,F814W_067_6245525,149.81677550780714,2.2787136492382944,-1.0486254692077637,0.1458606719970703,52.21623611450195,067,True,False,True,False,True,True,True,True,True
HST F814W,F814W_090_8709862,150.0326055226009,2.612965684460295,-1.289980411529541,0.14382010698318481,52.18845748901367,090,True,False,True,False,True,True,True,True,True
HST F814W,F814W_079_7524319,149.85476177148414,2.399782047325753,-1.3166072368621826,0.14252910017967224,51.88996124267578,079,True,False,True,False,True,True,True,True,True
HST F814W,F814W_043_2942884,149.76477478146026,1.9396373784602468,-1.2478269338607788,0.13830922544002533,51.884334564208984,043,True,False,True,False,True,True,True,True,True
HST F814W,F814W_076_7166409,150.22597324422225,2.456694548255384,-1.2400001287460327,0.13645194470882416,51.88249969482422,076,True,False,True,False,True,True,True,True,True
HST F814W,F814W_090_8709484,150.03269989616985,2.6125458886646973,-1.3177571296691895,0.1428867131471634,51.849754333496094,090,True,False,True,False,True,True,True,True,True
HST F814W,F814W_040_2398583,150.22686473609926,1.8246656624929039,-0.8580577373504639,0.13420310616493225,51.84439468383789,040,True,False,True,False,True,True,True,True,True
HST F814W,F814W_055_4482079,149.73498338527574,2.0781879856061654,-1.134405493736267,0.1422567218542099,51.8218994140625,055,True,False,True,False,True,True,True,True,True
HST F814W,F814W_051_3702929,150.3996456349638,2.0596678736338343,-1.2887368202209473,0.14486925303936005,51.776668548583984,051,True,False,True,False,True,True,True,True,True
HST F814W,F814W_090_8682518,149.89417229854666,2.573930247209573,-0.8461206555366516,0.14236097037792206,51.65897750854492,090,True,False,True,False,True,True,True,True,True
HST F814W,F814W_053_4280888,150.1354074875838,2.0850034748287807,-1.353410243988037,0.1489793211221695,51.645816802978516,053,True,False,True,False,True,True,True,True,True
HST F814W,F814W_042_2760999,150.03881829262414,1.860429187734498,-1.274768352508545,0.14981664717197418,51.63484573364258,042,True,False,True,False,True,True,True,True,True
HST F814W,F814W_077_7282644,150.22591828742074,2.456620921549422,-1.2500025033950806,0.13690602779388428,51.56214141845703,077,True,False,True,False,True,True,True,True,True
HST F814W,F814W_041_2623768,150.12112862022732,1.935129061296506,-1.1656172275543213,0.1372016817331314,51.518070220947266,041,True,False,True,False,True,True,True,True,True
HST F814W,F814W_089_8474776,150.08709888169938,2.53173187357883,-0.8356369137763977,0.14947111904621124,51.32407760620117,089,True,False,True,False,True,True,True,True,True
HST F814W,F814W_042_2734966,150.01624555232402,1.8462031836923571,-1.3633822202682495,0.14883257448673248,51.29568099975586,042,True,False,True,False,True,True,True,True,True
HST F814W,F814W_066_6012335,149.91312526278418,2.258219305862665,0.23228248953819275,0.1561659276485443,51.25894546508789,066,True,False,True,False,True,True,True,True,True
HST F814W,F814W_043_2950719,149.78398618127943,1.9583135632833415,-1.2340857982635498,0.13661132752895355,51.247398376464844,043,True,False,True,False,True,True,True,True,True
HST F814W,F814W_079_7502855,149.82218580175228,2.368173704077979,-1.279493808746338,0.1403655707836151,51.102294921875,079,True,False,True,False,True,True,True,True,True
HST F814W,F814W_088_8240339,150.36553235650237,2.4847688875638236,-1.2158925533294678,0.14325058460235596,51.072792053222656,088,True,False,True,False,True,True,True,True,True
HST F814W,F814W_065_5645431,150.0829853329541,2.1755703392220895,-1.3596000671386719,0.18757028877735138,51.063838958740234,065,True,False,True,False,True,True,True,True,True
HST F814W,F814W_041_2611421,150.1019854432337,1.916076901993996,-0.7789554595947266,0.13597549498081207,51.057647705078125,041,True,False,True,False,True,True,True,True,True
HST F814W,F814W_089_8423482,150.08560238266682,2.4817078079522656,-1.1004127264022827,0.14867009222507477,51.04902648925781,089,True,False,True,False,True,True,True,True,True
HST F814W,F814W_076_7096735,150.25484665138364,2.3462167401346754,-0.9685324430465698,0.13419896364212036,51.02585983276367,076,True,False,True,False,True,True,True,True,True
HST F814W,F814W_056_4640452,149.71478190498553,1.965209955088436,-1.1616660356521606,0.1471598595380783,50.89305114746094,056,True,False,True,False,True,True,True,True,True
HST F814W,F814W_041_2561241,150.16026420911908,1.8374862003992614,-1.2111670970916748,0.13551485538482666,50.884681701660156,041,True,False,True,False,True,True,True,True,True
HST F814W,F814W_042_2760421,150.0381210193007,1.8601505701069656,-1.343541145324707,0.14757166802883148,50.861106872558594,042,True,False,True,False,True,True,True,True,True
HST F814W,F814W_089_8606706,150.09972820588555,2.6102237912408777,-0.8028411865234375,0.1480693519115448,50.842750549316406,089,True,False,True,False,True,True,True,True,True
HST F814W,F814W_076_7144845,150.2671193397835,2.422719996198233,-1.2249395847320557,0.13360413908958435,50.7996940612793,076,True,False,True,False,True,True,True,True,True
HST F814W,F814W_065_5754115,150.21035593975054,2.264279348531922,-1.5896273851394653,0.18654873967170715,50.785736083984375,065,True,False,True,False,True,True,True,True,True
HST F814W,F814W_075_7026413,150.40863973972986,2.3953672616738246,-1.185457468032837,0.13620315492153168,50.67426681518555,075,True,False,True,False,True,True,True,True,True
HST F814W,F814W_051_3700661,150.3997946769683,2.0555114869095017,-1.2816336154937744,0.14171941578388214,50.65090560913086,051,True,False,True,False,True,True,True,True,True
HST F814W,F814W_041_2535649,150.16419286002213,1.8052599985700244,-1.1289130449295044,0.13487227261066437,50.64339828491211,041,True,False,True,False,True,True,True,True,True
HST F814W,F814W_054_4329972,149.97984647129744,1.9824312516819274,-1.2016875743865967,0.1354646235704422,50.60061264038086,054,True,False,True,False,True,True,True,True,True
HST F814W,F814W_043_2941639,149.7645536754404,1.9385759489393164,-1.2156562805175781,0.13477537035942078,50.55867004394531,043,True,False,True,False,True,True,True,True,True
HST F814W,F814W_077_7194337,150.21781601854312,2.331088583236187,-1.247579574584961,0.13418766856193542,50.5383415222168,077,True,False,True,False,True,True,True,True,True
HST F814W,F814W_063_5321418,150.47054175851886,2.210380204564962,-1.2303597927093506,0.13516120612621307,50.521209716796875,063,True,False,True,False,True,True,True,True,True
HST F814W,F814W_051_3701554,150.40013545269116,2.056911856037667,-1.2964500188827515,0.14129802584648132,50.500301361083984,051,True,False,True,False,True,True,True,True,True
HST F814W,F814W_063_5313802,150.46794921430748,2.2000612307643785,-1.172593116760254,0.1350647360086441,50.48515319824219,063,True,False,True,False,True,True,True,True,True
HST F814W,F814W_088_8242848,150.3228909049852,2.491054518343694,-0.6787475943565369,0.14151610434055328,50.454402923583984,088,True,False,True,False,True,True,True,True,True
HST F814W,F814W_087_8142753,150.4341867575487,2.4928567928752767,-0.5920087099075317,0.1346174031496048,50.44548034667969,087,True,False,True,False,True,True,True,True,True
HST F814W,F814W_042_2759694,150.0396554181291,1.859833005700486,-1.3254883289337158,0.14626584947109222,50.41105270385742,042,True,False,True,False,True,True,True,True,True
HST F814W,F814W_052_4037958,150.3634930172218,2.074139694672769,-1.260209321975708,0.13690251111984253,50.30263900756836,052,True,False,True,False,True,True,True,True,True
HST F814W,F814W_040_2477187,150.2394082934275,1.9292637136643054,-1.1759254932403564,0.1300770789384842,50.250457763671875,040,True,False,True,False,True,True,True,True,True
HST F814W,F814W_055_4460453,149.8332946343694,2.0289980962652088,-1.1735985279083252,0.13750416040420532,50.090614318847656,055,True,False,True,False,True,True,True,True,True
HST F814W,F814W_063_5328336,150.43487273215254,2.22395693682196,-0.8910590410232544,0.13400250673294067,50.08810806274414,063,True,False,True,False,True,True,True,True,True
HST F814W,F814W_051_3701242,150.40091644895827,2.056470221423057,-1.3058862686157227,0.13993807137012482,50.01424789428711,051,True,False,True,False,True,True,True,True,True
HST F814W,F814W_077_7243308,150.21942065431116,2.407631035230811,-1.2287510633468628,0.13279563188552856,50.01406478881836,077,True,False,True,False,True,True,True,True,True
HST F814W,F814W_076_7165860,150.22678876140586,2.456037106151474,-1.1610352993011475,0.13146543502807617,49.98650360107422,076,True,False,True,False,True,True,True,True,True
HST F814W,F814W_076_7142271,150.26621072564907,2.4208317850991987,-1.237473964691162,0.13138112425804138,49.954444885253906,076,True,False,True,False,True,True,True,True,True
HST F814W,F814W_090_8646417,149.98341243126407,2.516310262015108,-0.9920395612716675,0.13754287362098694,49.91061782836914,090,True,False,True,False,True,True,True,True,True
HST F814W,F814W_043_2950670,149.7840275647347,1.9582242191177666,-1.1991406679153442,0.13296976685523987,49.88132858276367,043,True,False,True,False,True,True,True,True,True
HST F814W,F814W_066_5929992,149.90974545940176,2.207982360162075,-0.8327529430389404,0.15193261206150055,49.86942672729492,066,True,False,True,False,True,True,True,True,True
HST F814W,F814W_066_5943719,149.9942342882988,2.219538203448098,-1.1197458505630493,0.15182390809059143,49.83374786376953,066,True,False,True,False,True,True,True,True,True
HST F814W,F814W_065_5610322,150.13547889053842,2.1396357495674363,-1.5534216165542603,0.18305180966854095,49.833736419677734,065,True,False,True,False,True,True,True,True,True
HST F814W,F814W_077_7226780,150.2212328702329,2.3830702765986334,-0.8158988952636719,0.1320400834083557,49.72950744628906,077,True,False,True,False,True,True,True,True,True
HST F814W,F814W_055_4431787,149.78398583910734,1.9583144157707633,-1.230979561805725,0.13647860288619995,49.71702194213867,055,True,False,True,False,True,True,True,True,True
HST F814W,F814W_077_7210296,150.0999133501303,2.3545759711545458,-1.0912121534347534,0.13139134645462036,49.48517608642578,077,True,False,True,False,True,True,True,True,True
HST F814W,F814W_077_7257561,150.07246883734032,2.4320180803041045,-1.2307199239730835,0.1312144249677658,49.41854476928711,077,True,False,True,False,True,True,True,True,True
HST F814W,F814W_063_5319549,150.47089960161568,2.208555984277575,-1.1425907611846924,0.1320977509021759,49.376136779785156,063,True,False,True,False,True,True,True,True,True
HST F814W,F814W_042_2757276,150.03909856177444,1.8587011827641973,-1.263386607170105,0.14325231313705444,49.3724250793457,042,True,False,True,False,True,True,True,True,True
HST F814W,F814W_066_5980072,149.94201276818637,2.2386929001196774,-0.9391312599182129,0.1504126340150833,49.37051773071289,066,True,False,True,False,True,True,True,True,True
HST F814W,F814W_052_4078204,150.23156549761035,2.1189454852414022,-0.9082102179527283,0.13429902493953705,49.34602737426758,052,True,False,True,False,True,True,True,True,True
HST F814W,F814W_053_4280692,150.13545780931824,2.0846573981996785,-1.3274145126342773,0.1420791894197464,49.253787994384766,053,True,False,True,False,True,True,True,True,True
HST F814W,F814W_077_7233735,150.15664563241054,2.395310561649491,-0.899956464767456,0.13075491786003113,49.2454833984375,077,True,False,True,False,True,True,True,True,True
HST F814W,F814W_051_3702759,150.39962065059268,2.0594030147604627,-1.2553156614303589,0.13771912455558777,49.22119140625,051,True,False,True,False,True,True,True,True,True
HST F814W,F814W_063_5313831,150.46794366716003,2.2000903493609667,-1.2081353664398193,0.13149964809417725,49.1525764465332,063,True,False,True,False,True,True,True,True,True
HST F814W,F814W_078_7301896,150.04486270668139,2.295040519909954,-1.0018647909164429,0.1380719393491745,49.108646392822266,078,True,False,True,False,True,True,True,True,True
HST F814W,F814W_078_7428795,149.89807292485293,2.386098204513652,-0.7734237909317017,0.13805165886878967,49.10143280029297,078,True,False,True,False,True,True,True,True,True
HST F814W,F814W_052_4067624,150.32567448602433,2.0984534855149977,-1.2312473058700562,0.13359960913658142,49.08903884887695,052,True,False,True,False,True,True,True,True,True
HST F814W,F814W_054_4429328,149.97997041108792,2.124292022136205,-1.1585909128189087,0.13134139776229858,49.060447692871094,054,True,False,True,False,True,True,True,True,True
HST F814W,F814W_089_8390053,150.1162024413592,2.4640482793535834,-1.1621835231781006,0.14263097941875458,48.97536849975586,089,True,False,True,False,True,True,True,True,True
HST F814W,F814W_043_2942570,149.76423162172142,1.9393765012503459,-1.175668478012085,0.13038691878318787,48.912418365478516,043,True,False,True,False,True,True,True,True,True
HST F814W,F814W_075_6994894,150.39709116671986,2.3349050080451286,-0.8816360831260681,0.13141876459121704,48.89423751831055,075,True,False,True,False,True,True,True,True,True
HST F814W,F814W_077_7257756,150.07252149768962,2.4322587355668057,-1.1764659881591797,0.12973837554454803,48.86262893676758,077,True,False,True,False,True,True,True,True,True
HST F814W,F814W_079_7503692,149.82328567006417,2.3692713088304367,-1.2000362873077393,0.13416793942451477,48.845951080322266,079,True,False,True,False,True,True,True,True,True
HST F814W,F814W_042_2730410,150.01462686917182,1.8443491909335812,-1.3029998540878296,0.141617551445961,48.808998107910156,042,True,False,True,False,True,True,True,True,True
HST F814W,F814W_089_8478740,150.1544601493624,2.5416821524847437,-1.2143102884292603,0.14209352433681488,48.79082489013672,089,True,False,True,False,True,True,True,True,True
HST F814W,F814W_055_4455775,149.7527208758481,2.014071741233681,-1.1693490743637085,0.13388967514038086,48.7739143371582,055,True,False,True,False,True,True,True,True,True
HST F814W,F814W_090_8635819,149.89586884023254,2.4973688686860487,-0.9373056888580322,0.13430017232894897,48.73392868041992,090,True,False,True,False,True,True,True,True,True
HST F814W,F814W_089_8473811,150.08510299056928,2.5277930415554306,-1.049394130706787,0.14187872409820557,48.71706771850586,089,True,False,True,False,True,True,True,True,True
HST F814W,F814W_051_3702963,150.39966600502257,2.0597331927127063,-1.19172203540802,0.13629883527755737,48.71357727050781,051,True,False,True,False,True,True,True,True,True
HST F814W,F814W_043_2950738,149.78386920370252,1.9583289529818688,-1.177018404006958,0.12983547151088715,48.70555114746094,043,True,False,True,False,True,True,True,True,True
HST F814W,F814W_087_8129347,150.52288633201573,2.4662840023585164,-0.9670063853263855,0.12989772856235504,48.67686462402344,087,True,False,True,False,True,True,True,True,True
HST F814W,F814W_051_3702857,150.39824017186965,2.059562322154284,-1.2568066120147705,0.1361735612154007,48.66880416870117,051,True,False,True,False,True,True,True,True,True
HST F814W,F814W_077_7251062,150.1025258719951,2.4207249435132034,-1.1111681461334229,0.12919382750988007,48.65753936767578,077,True,False,True,False,True,True,True,True,True
HST F814W,F814W_043_2943014,149.8168625247422,1.939761479701614,-1.1763372421264648,0.12966488301753998,48.64155578613281,043,True,False,True,False,True,True,True,True,True
HST F814W,F814W_052_3872842,150.2325944593346,1.9891559111836588,-0.7626000046730042,0.13232381641864777,48.620269775390625,052,True,False,True,False,True,True,True,True,True
HST F814W,F814W_090_8689430,150.04012789683657,2.5844865967295356,-0.8418071866035461,0.13397878408432007,48.617305755615234,090,True,False,True,False,True,True,True,True,True
HST F814W,F814W_052_3882016,150.38835358981498,2.0085546133424956,-0.9661137461662292,0.1322459727525711,48.59166717529297,052,True,False,True,False,True,True,True,True,True
HST F814W,F814W_051_3702910,150.3996450778151,2.0596498727604056,-1.2504913806915283,0.1358015388250351,48.53584289550781,051,True,False,True,False,True,True,True,True,True
HST F814W,F814W_077_7258000,150.07222024189423,2.432612951639799,-1.2130913734436035,0.12885615229606628,48.53036117553711,077,True,False,True,False,True,True,True,True,True
HST F814W,F814W_090_8709400,150.03262568667117,2.6124573955550727,-1.2158563137054443,0.13368865847587585,48.512027740478516,090,True,False,True,False,True,True,True,True,True
HST F814W,F814W_052_4039202,150.3636648034659,2.074444424267544,-1.0723271369934082,0.1319289207458496,48.47517013549805,052,True,False,True,False,True,True,True,True,True
HST F814W,F814W_077_7257980,150.07089847413377,2.4325828302274837,-1.1342886686325073,0.12865784764289856,48.45567321777344,077,True,False,True,False,True,True,True,True,True
HST F814W,F814W_043_2942791,149.76451316368414,1.9395585837729186,-1.1892216205596924,0.1291654109954834,48.45418930053711,043,True,False,True,False,True,True,True,True,True
HST F814W,F814W_079_7503474,149.82379858791123,2.3689649946858027,-1.169138789176941,0.13300172984600067,48.4213752746582,079,True,False,True,False,True,True,True,True,True
HST F814W,F814W_052_4067309,150.3266775173786,2.098031496567852,-1.1919294595718384,0.13171888887882233,48.39799880981445,052,True,False,True,False,True,True,True,True,True
HST F814W,F814W_054_4345418,149.93042470718572,1.9982563493919208,-1.1749805212020874,0.12930786609649658,48.30085754394531,054,True,False,True,False,True,True,True,True,True
HST F814W,F814W_055_4466956,149.8061663589993,2.044920628002605,-0.9397869110107422,0.13253436982631683,48.28019714355469,055,True,False,True,False,True,True,True,True,True
HST F814W,F814W_077_7257263,150.1046868136339,2.4316574682867453,-1.135955572128296,0.12816749513149261,48.27099609375,077,True,False,True,False,True,True,True,True,True
HST F814W,F814W_077_7274749,150.20886081565874,2.453989322767327,-1.1529110670089722,0.12810343503952026,48.24686813354492,077,True,False,True,False,True,True,True,True,True
HST F814W,F814W_054_4406198,149.9708149117432,2.0830267784179637,-1.150345802307129,0.129135861992836,48.23660659790039,054,True,False,True,False,True,True,True,True,True
HST F814W,F814W_029_1195533,150.18099993833252,1.7761768694954714,0.1756991744041443,0.1731344759464264,48.20090866088867,029,True,False,True,False,True,True,True,True,True
HST F814W,F814W_078_7435896,150.04184881914014,2.397469018237562,-1.2463719844818115,0.13496805727481842,48.004676818847656,078,True,False,True,False,True,True,True,True,True
HST F814W,F814W_042_2802507,149.92903086436914,1.8819734463120934,-0.1782636195421219,0.13922934234142303,47.98589324951172,042,True,False,True,False,True,True,True,True,True
HST F814W,F814W_063_5297279,150.4695333256168,2.173094997474143,-0.9948703050613403,0.12837709486484528,47.98541259765625,063,True,False,True,False,True,True,True,True,True
HST F814W,F814W_076_7144446,150.26838338911028,2.4223840296105985,-1.1952846050262451,0.12615489959716797,47.96730422973633,076,True,False,True,False,True,True,True,True,True
HST F814W,F814W_075_6985183,150.41174266328935,2.3115429169868262,-0.987777590751648,0.12890343368053436,47.958412170410156,075,True,False,True,False,True,True,True,True,True
HST F814W,F814W_042_2760903,150.03874843974805,1.8603766637865469,-1.1623289585113525,0.13905549049377441,47.92597579956055,042,True,False,True,False,True,True,True,True,True
HST F814W,F814W_056_4694610,149.7132208227232,2.0403315011522856,-1.2520707845687866,0.13855239748954773,47.91628646850586,056,True,False,True,False,True,True,True,True,True
HST F814W,F814W_063_5345160,150.4207307450584,2.2547117725985073,-1.1155861616134644,0.12812860310077667,47.89252853393555,063,True,False,True,False,True,True,True,True,True
HST F814W,F814W_052_4004106,150.358280940228,2.064523627576068,-0.928533673286438,0.13028956949710846,47.87281799316406,052,True,False,True,False,True,True,True,True,True
HST F814W,F814W_079_7524775,149.8561394603534,2.4002271240081217,-1.1948530673980713,0.1313476711511612,47.81918716430664,079,True,False,True,False,True,True,True,True,True
HST F814W,F814W_063_5321383,150.470666337356,2.2103268148947137,-1.1910223960876465,0.12770460546016693,47.734046936035156,063,True,False,True,False,True,True,True,True,True
HST F814W,F814W_051_3700619,150.40017875449288,2.055442442176476,-1.2301746606826782,0.13351941108703613,47.7202033996582,051,True,False,True,False,True,True,True,True,True
HST F814W,F814W_052_3870558,150.36666670008353,1.9835830610759757,-0.7979246973991394,0.12985847890377045,47.714420318603516,052,True,False,True,False,True,True,True,True,True
HST F814W,F814W_077_7242068,150.1401963195346,2.406083608771163,-0.7979080677032471,0.12657789885997772,47.67231369018555,077,True,False,True,False,True,True,True,True,True
HST F814W,F814W_067_6094224,149.79573152640472,2.184743891017047,-1.1875636577606201,0.13316664099693298,47.671939849853516,067,True,False,True,False,True,True,True,True,True
HST F814W,F814W_089_8564524,150.19876587207773,2.5883493579960324,-1.0162934064865112,0.13867156207561493,47.615821838378906,089,True,False,True,False,True,True,True,True,True
HST F814W,F814W_052_3872337,150.3610773136513,1.9880345986817463,-1.193697214126587,0.12932178378105164,47.51721954345703,052,True,False,True,False,True,True,True,True,True
HST F814W,F814W_042_2757717,150.03937764365145,1.858904328776192,-1.2472383975982666,0.13736864924430847,47.344600677490234,042,True,False,True,False,True,True,True,True,True
HST F814W,F814W_064_5524421,150.30688473563805,2.2431404867873437,-0.8233946561813354,0.1290942281484604,47.2970085144043,064,True,False,True,False,True,True,True,True,True
HST F814W,F814W_052_4067071,150.3251597355535,2.0977521777264587,-1.1918033361434937,0.12871655821800232,47.29484176635742,052,True,False,True,False,True,True,True,True,True
HST F814W,F814W_090_8699115,149.9986528273483,2.5979270950181474,-0.9991247057914734,0.13030433654785156,47.2839469909668,090,True,False,True,False,True,True,True,True,True
HST F814W,F814W_063_5321550,150.46978516642994,2.2105381534517905,-1.1538760662078857,0.12642702460289001,47.25650405883789,063,True,False,True,False,True,True,True,True,True
HST F814W,F814W_040_2410270,150.3277750560102,1.8427160652954375,-0.7794928550720215,0.12207861989736557,47.16054916381836,040,True,False,True,False,True,True,True,True,True
HST F814W,F814W_066_6026168,149.90549811484797,2.2659814893978543,-1.1913092136383057,0.14362472295761108,47.14249801635742,066,True,False,True,False,True,True,True,True,True
HST F814W,F814W_041_2610919,150.07468373396003,1.9154077719556766,-1.1686159372329712,0.12545274198055267,47.1064453125,041,True,False,True,False,True,True,True,True,True
HST F814W,F814W_079_7509519,149.8803374560589,2.381870001066714,-0.7188354730606079,0.12938031554222107,47.10293960571289,079,True,False,True,False,True,True,True,True,True
HST F814W,F814W_088_8289902,150.30726780042107,2.553450299632218,-0.6938981413841248,0.13210485875606537,47.09903335571289,088,True,False,True,False,True,True,True,True,True
HST F814W,F814W_067_6085709,149.85598539208536,2.1638478542246133,-1.0322291851043701,0.13155008852481842,47.09323501586914,067,True,False,True,False,True,True,True,True,True
HST F814W,F814W_067_6086897,149.7463262373075,2.166982112338647,-0.7884360551834106,0.13106508553028107,46.91960906982422,067,True,False,True,False,True,True,True,True,True
HST F814W,F814W_087_8138880,150.41947798571647,2.485774256071842,-1.1117498874664307,0.1251250058412552,46.88837432861328,087,True,False,True,False,True,True,True,True,True
HST F814W,F814W_090_8709948,150.03259109837697,2.6130607142879025,-1.1737467050552368,0.12917250394821167,46.87323760986328,090,True,False,True,False,True,True,True,True,True
HST F814W,F814W_067_6210586,149.81390019729196,2.263290842412747,-1.1613339185714722,0.1308203935623169,46.83201217651367,067,True,False,True,False,True,True,True,True,True
HST F814W,F814W_065_5610901,150.13732666905108,2.140149614333298,-1.4025330543518066,0.17195653915405273,46.813175201416016,065,True,False,True,False,True,True,True,True,True
HST F814W,F814W_063_5313040,150.4686480425719,2.199267078800934,-1.0298206806182861,0.1251802146434784,46.79046630859375,063,True,False,True,False,True,True,True,True,True
HST F814W,F814W_076_7144387,150.26860962622132,2.4223503785563336,-1.0684916973114014,0.12305209785699844,46.78753662109375,076,True,False,True,False,True,True,True,True,True
HST F814W,F814W_089_8506057,150.18054227011677,2.563302744600283,-1.2526835203170776,0.13602377474308014,46.70664596557617,089,True,False,True,False,True,True,True,True,True
HST F814W,F814W_051_3684212,150.41116029304777,2.0149223581543123,0.18065758049488068,0.13063988089561462,46.6910514831543,051,True,False,True,False,True,True,True,True,True
HST F814W,F814W_064_5588007,150.30296303294205,2.274369511774939,-1.1145685911178589,0.12740477919578552,46.678035736083984,064,True,False,True,False,True,True,True,True,True
HST F814W,F814W_066_5798077,149.99042334990762,2.149238355854952,-1.2552978992462158,0.1421365588903427,46.654029846191406,066,True,False,True,False,True,True,True,True,True
HST F814W,F814W_087_8130948,150.45609299613542,2.469151861963563,-0.7127878665924072,0.1244300976395607,46.627967834472656,087,True,False,True,False,True,True,True,True,True
HST F814W,F814W_075_7047017,150.4162962600635,2.429996496659237,-1.1724358797073364,0.12530380487442017,46.61917495727539,075,True,False,True,False,True,True,True,True,True
HST F814W,F814W_041_2506938,150.16013631380793,1.7920385215298065,-1.1144930124282837,0.12397762387990952,46.55255126953125,041,True,False,True,False,True,True,True,True,True
HST F814W,F814W_089_8485120,150.21623526960883,2.5490764850780816,-1.2385963201522827,0.1354154497385025,46.497764587402344,089,True,False,True,False,True,True,True,True,True
HST F814W,F814W_056_4708501,149.72410298725762,2.0504636943883283,-0.950063943862915,0.13444462418556213,46.49567413330078,056,True,False,True,False,True,True,True,True,True
HST F814W,F814W_063_5348650,150.4981328024494,2.262291104300154,-0.7075560688972473,0.12427517771720886,46.452178955078125,063,True,False,True,False,True,True,True,True,True
HST F814W,F814W_067_6094949,149.84783967984822,2.1857522084501118,-1.2113488912582397,0.129657581448555,46.415740966796875,067,True,False,True,False,True,True,True,True,True
HST F814W,F814W_089_8471784,150.09627268981941,2.520081475498888,-0.9023070335388184,0.13510283827781677,46.39042282104492,089,True,False,True,False,True,True,True,True,True
HST F814W,F814W_055_4431432,149.7842809355411,1.9575899613776446,-0.5843813419342041,0.12716886401176453,46.32563018798828,055,True,False,True,False,True,True,True,True,True
HST F814W,F814W_041_2604547,150.08274690586035,1.9068260006181204,-0.47525840997695923,0.12309381365776062,46.22068786621094,041,True,False,True,False,True,True,True,True,True
HST F814W,F814W_040_2390195,150.30036737521814,1.8097864634855447,-0.4216521978378296,0.11960010230541229,46.203067779541016,040,True,False,True,False,True,True,True,True,True
HST F814W,F814W_052_3868215,150.24274093774432,1.9786025031393837,-1.116141438484192,0.12568825483322144,46.1821403503418,052,True,False,True,False,True,True,True,True,True
HST F814W,F814W_067_6097615,149.8254834446134,2.190613571039811,-1.1824342012405396,0.12898516654968262,46.175025939941406,067,True,False,True,False,True,True,True,True,True
HST F814W,F814W_064_5378285,150.35209091292924,2.1449738294087646,-0.933837354183197,0.12592357397079468,46.13535690307617,064,True,False,True,False,True,True,True,True,True
HST F814W,F814W_090_8709707,150.03278115888,2.6128057436409575,-1.1544462442398071,0.1271199882030487,46.12843322753906,090,True,False,True,False,True,True,True,True,True
HST F814W,F814W_051_3701580,150.4001989802088,2.056973765797752,-1.1542893648147583,0.1290094554424286,46.108333587646484,051,True,False,True,False,True,True,True,True,True
HST F814W,F814W_040_2477087,150.23944329764532,1.9291600190480616,-1.0655615329742432,0.11914148926734924,46.02589797973633,040,True,False,True,False,True,True,True,True,True
HST F814W,F814W_077_7257391,150.07064055255523,2.431818234648193,-1.118637204170227,0.12214760482311249,46.00375747680664,077,True,False,True,False,True,True,True,True,True
HST F814W,F814W_052_4039480,150.3636429685684,2.0745244232857147,-1.0514949560165405,0.1250898391008377,45.96226119995117,052,True,False,True,False,True,True,True,True,True
HST F814W,F814W_077_7226055,150.06766325172148,2.381535501400009,-0.7121524214744568,0.12199684232473373,45.94697952270508,077,True,False,True,False,True,True,True,True,True
HST F814W,F814W_043_2949651,149.79287381467904,1.9562093661598696,-0.2804635763168335,0.1224774718284607,45.9453239440918,043,True,False,True,False,True,True,True,True,True
HST F814W,F814W_077_7257919,150.07230388088234,2.432506087659273,-1.1328063011169434,0.1219605877995491,45.93332290649414,077,True,False,True,False,True,True,True,True,True
HST F814W,F814W_067_6087323,149.76891560283502,2.1680544607634236,-1.1568324565887451,0.12827958166599274,45.92243576049805,067,True,False,True,False,True,True,True,True,True
HST F814W,F814W_066_5794203,149.957702166817,2.147104482195365,-1.0564543008804321,0.13983887434005737,45.89985275268555,066,True,False,True,False,True,True,True,True,True
HST F814W,F814W_043_2938523,149.8919461351526,1.9329449038264799,-0.25729408860206604,0.12234886735677719,45.89707946777344,043,True,False,True,False,True,True,True,True,True
HST F814W,F814W_051_3700612,150.3999260542457,2.0554129872571245,-1.0951449871063232,0.12835615873336792,45.87484359741211,051,True,False,True,False,True,True,True,True,True
HST F814W,F814W_051_3699771,150.40768812142332,2.0534216153913896,-1.0597373247146606,0.12827123701572418,45.84449005126953,051,True,False,True,False,True,True,True,True,True
HST F814W,F814W_052_3867927,150.36997740432193,1.9780959470051733,-0.7898303270339966,0.12463689595460892,45.795833587646484,052,True,False,True,False,True,True,True,True,True
HST F814W,F814W_054_4321798,149.9679638630216,1.9723380620575217,-0.7795659303665161,0.12240713089704514,45.72319793701172,054,True,False,True,False,True,True,True,True,True
HST F814W,F814W_054_4428424,150.02534955580896,2.122750114145499,0.19516600668430328,0.12235677242279053,45.70438766479492,054,True,False,True,False,True,True,True,True,True
HST F814W,F814W_055_4455816,149.7529210605897,2.0141845305862134,-1.0909453630447388,0.1253717988729477,45.67098617553711,055,True,False,True,False,True,True,True,True,True
HST F814W,F814W_066_5792688,149.98038708646044,2.1460653483968466,-1.198140263557434,0.13898169994354248,45.618499755859375,066,True,False,True,False,True,True,True,True,True
HST F814W,F814W_079_7503719,149.82361289435264,2.369305752173096,-1.1548120975494385,0.12526825070381165,45.60587692260742,079,True,False,True,False,True,True,True,True,True
HST F814W,F814W_077_7281995,150.22591690867046,2.456438975751364,-1.1318714618682861,0.12106077373027802,45.59443283081055,077,True,False,True,False,True,True,True,True,True
HST F814W,F814W_066_5961873,149.92036129801838,2.228931693104863,-1.1599773168563843,0.1388796865940094,45.58501434326172,066,True,False,True,False,True,True,True,True,True
HST F814W,F814W_063_5321515,150.46983496473587,2.2105001947415883,-1.07217538356781,0.12194151431322098,45.579891204833984,063,True,False,True,False,True,True,True,True,True
HST F814W,F814W_044_3157129,149.70163024973363,1.948739812504508,-0.862368643283844,0.1311849057674408,45.569820404052734,044,True,False,True,False,True,True,True,True,True
HST F814W,F814W_102_10336861,150.00631945580557,2.6504187986214056,0.1810484528541565,0.12956631183624268,45.546146392822266,102,True,False,True,False,True,True,True,True,True
HST F814W,F814W_042_2808800,150.01777283845263,1.8941669918425328,-0.9304493069648743,0.1319495588541031,45.476890563964844,042,True,False,True,False,True,True,True,True,True
HST F814W,F814W_052_3872296,150.36108365821937,1.987968671114287,-1.156584620475769,0.12367668747901917,45.44301986694336,052,True,False,True,False,True,True,True,True,True
HST F814W,F814W_064_5478331,150.2986925580969,2.2294031851349168,-1.0953530073165894,0.12401877343654633,45.43748474121094,064,True,False,True,False,True,True,True,True,True
HST F814W,F814W_090_8682791,149.92559961409705,2.5744178805140576,-0.8450442552566528,0.12517836689949036,45.42387008666992,090,True,False,True,False,True,True,True,True,True
HST F814W,F814W_055_4456000,149.8006841084459,2.014591682853416,-1.1081374883651733,0.12461920827627182,45.396827697753906,055,True,False,True,False,True,True,True,True,True
HST F814W,F814W_065_5629958,150.11268309467465,2.1605099825042378,-0.11667092144489288,0.166636124253273,45.36475372314453,065,True,False,True,False,True,True,True,True,True
HST F814W,F814W_075_7031160,150.4313027715078,2.4030034618223173,-1.1293636560440063,0.1218278557062149,45.325950622558594,075,True,False,True,False,True,True,True,True,True
HST F814W,F814W_051_3700634,150.39979691490078,2.05546128400055,-1.1697514057159424,0.1267804354429245,45.311676025390625,051,True,False,True,False,True,True,True,True,True
HST F814W,F814W_054_4408269,150.0052261380161,2.0868801971233517,-0.7836527228355408,0.1210954338312149,45.23323440551758,054,True,False,True,False,True,True,True,True,True
HST F814W,F814W_066_5992369,150.03095875038844,2.2465056290670433,-1.0337440967559814,0.13778653740882874,45.2262077331543,066,True,False,True,False,True,True,True,True,True
HST F814W,F814W_078_7436062,150.04190690478214,2.3976125498494993,-1.1879338026046753,0.12710824608802795,45.20914077758789,078,True,False,True,False,True,True,True,True,True
HST F814W,F814W_078_7299418,150.0087099102849,2.2915480251229123,-1.0547378063201904,0.12701112031936646,45.174598693847656,078,True,False,True,False,True,True,True,True,True
HST F814W,F814W_052_3888026,150.35806063789695,2.0204916126976737,-1.1307226419448853,0.12277865409851074,45.11305236816406,052,True,False,True,False,True,True,True,True,True
HST F814W,F814W_063_5300075,150.40984656242497,2.17836316871586,0.4623644948005676,0.1206563264131546,45.09950637817383,063,True,False,True,False,True,True,True,True,True
HST F814W,F814W_053_4285672,150.22298169345143,2.1004338257818214,-1.047688603401184,0.13003121316432953,45.07718276977539,053,True,False,True,False,True,True,True,True,True
HST F814W,F814W_053_4275709,150.2215008281356,2.0696137202905205,-0.7376288175582886,0.1299891471862793,45.06260299682617,053,True,False,True,False,True,True,True,True,True
HST F814W,F814W_063_5321411,150.46951738228174,2.210363578493992,-1.1267203092575073,0.12051195651292801,45.0455436706543,063,True,False,True,False,True,True,True,True,True
HST F814W,F814W_077_7193875,150.21712012766116,2.330555820173168,-1.1048552989959717,0.11941821128129959,44.97580337524414,077,True,False,True,False,True,True,True,True,True
HST F814W,F814W_043_2950778,149.78375743509528,1.9583906474330508,-1.1143075227737427,0.1196877583861351,44.89881134033203,043,True,False,True,False,True,True,True,True,True
HST F814W,F814W_043_2942832,149.76440099410866,1.9395987118735987,-1.0546625852584839,0.11964983493089676,44.88458251953125,043,True,False,True,False,True,True,True,True,True
HST F814W,F814W_042_2757035,150.03847007398792,1.8585791096991615,-1.2041887044906616,0.12999552488327026,44.80342483520508,042,True,False,True,False,True,True,True,True,True
HST F814W,F814W_054_4329982,149.97987574382833,1.9824399392437055,-1.053911566734314,0.11975487321615219,44.73249053955078,054,True,False,True,False,True,True,True,True,True
HST F814W,F814W_065_5764172,150.20507881693632,2.2714785553567007,-1.0569486618041992,0.16416777670383453,44.69277572631836,065,True,False,True,False,True,True,True,True,True
HST F814W,F814W_077_7218658,150.11844216669002,2.3661067135696663,0.3807365596294403,0.11841380596160889,44.59751892089844,077,True,False,True,False,True,True,True,True,True
HST F814W,F814W_052_3963780,150.28410898628803,2.052856491706319,-1.0028119087219238,0.12137200683355331,44.5962028503418,052,True,False,True,False,True,True,True,True,True
HST F814W,F814W_041_2570844,150.1893179574846,1.8541281063465047,0.6253871917724609,0.11869886517524719,44.57041931152344,041,True,False,True,False,True,True,True,True,True
HST F814W,F814W_040_2477179,150.23934225766172,1.9292633115452738,-1.0798070430755615,0.11536191403865814,44.565799713134766,040,True,False,True,False,True,True,True,True,True
HST F814W,F814W_090_8682818,149.9257090913972,2.5744543290304756,-0.9808001518249512,0.12280306965112686,44.56193923950195,090,True,False,True,False,True,True,True,True,True
HST F814W,F814W_041_2506230,150.15821228265898,1.7919005210907701,-1.0156209468841553,0.11812060326337814,44.35328674316406,041,True,False,True,False,True,True,True,True,True
HST F814W,F814W_076_7144887,150.26710724726854,2.422750473867406,-1.088286280632019,0.11660569161176682,44.33645248413086,076,True,False,True,False,True,True,True,True,True
HST F814W,F814W_055_4456078,149.75249406440327,2.014760544806453,-1.1336876153945923,0.12166524678468704,44.32074737548828,055,True,False,True,False,True,True,True,True,True
HST F814W,F814W_089_8485374,150.2170300547694,2.549307346975634,-1.0502443313598633,0.12905889749526978,44.31510925292969,089,True,False,True,False,True,True,True,True,True
HST F814W,F814W_052_3868521,150.2414982559679,1.9790307290544693,-1.0719375610351562,0.1204889714717865,44.27174377441406,052,True,False,True,False,True,True,True,True,True
HST F814W,F814W_052_4037887,150.36353639227661,2.0741051669109214,-1.0824679136276245,0.12047272175550461,44.26577377319336,052,True,False,True,False,True,True,True,True,True
HST F814W,F814W_090_8682999,149.98646927066542,2.5748474995301565,-1.080965518951416,0.12198648601770401,44.265625,090,True,False,True,False,True,True,True,True,True
HST F814W,F814W_075_7060894,150.53517475475016,2.4559805944738393,-0.7452479600906372,0.11874203383922577,44.17787170410156,075,True,False,True,False,True,True,True,True,True
HST F814W,F814W_065_5739788,150.20672873577263,2.2527283359655206,0.18549278378486633,0.1621270775794983,44.1372184753418,065,True,False,True,False,True,True,True,True,True
HST F814W,F814W_067_6210739,149.81407887781185,2.263340748657217,-1.1356829404830933,0.12326746433973312,44.1281623840332,067,True,False,True,False,True,True,True,True,True
HST F814W,F814W_090_8689403,150.02887780496374,2.5844766775078383,-1.0925217866897583,0.12159845978021622,44.124820709228516,090,True,False,True,False,True,True,True,True,True
HST F814W,F814W_090_8669214,150.00909721668998,2.550798047806587,-1.0713622570037842,0.12157616764307022,44.116729736328125,090,True,False,True,False,True,True,True,True,True
HST F814W,F814W_089_8485822,150.21710674460738,2.5497017593583466,-1.140146017074585,0.12840120494365692,44.08927536010742,089,True,False,True,False,True,True,True,True,True
HST F814W,F814W_052_4008873,150.36673158553378,2.0659105561091873,-0.2219773232936859,0.11996639519929886,44.07973098754883,052,True,False,True,False,True,True,True,True,True
HST F814W,F814W_054_4345707,149.92971247487196,1.9984748683264382,-1.0823127031326294,0.1178421601653099,44.018028259277344,054,True,False,True,False,True,True,True,True,True
HST F814W,F814W_043_2941480,149.73836720188487,1.9384247606406853,-0.9793905019760132,0.11730611324310303,44.005374908447266,043,True,False,True,False,True,True,True,True,True
HST F814W,F814W_078_7380926,149.9547442865941,2.3401511813929683,-0.8157305717468262,0.12370001524686813,43.99692153930664,078,True,False,True,False,True,True,True,True,True
HST F814W,F814W_067_6208723,149.81505908955816,2.2626612750650863,0.13724400103092194,0.12279587239027023,43.95933532714844,067,True,False,True,False,True,True,True,True,True
HST F814W,F814W_028_1023747,150.29937874887534,1.7883063813149034,-0.8525487184524536,0.12712180614471436,43.94090270996094,028,True,False,True,False,True,True,True,True,True
HST F814W,F814W_043_2943201,149.76523334556077,1.9399564551016146,-1.0379908084869385,0.11700879782438278,43.89384460449219,043,True,False,True,False,True,True,True,True,True
HST F814W,F814W_052_3887285,150.35895671493418,2.019591020231427,-1.120369553565979,0.11935927718877792,43.856658935546875,052,True,False,True,False,True,True,True,True,True
HST F814W,F814W_042_2761053,150.038828941419,1.860451168198763,-1.1633957624435425,0.12713146209716797,43.816314697265625,042,True,False,True,False,True,True,True,True,True
HST F814W,F814W_052_4066994,150.32665974623538,2.09766859568237,-1.0591628551483154,0.11924628913402557,43.81513977050781,052,True,False,True,False,True,True,True,True,True
HST F814W,F814W_075_7017092,150.5075423210732,2.3780460262180707,-1.0552449226379395,0.11761317402124405,43.75788116455078,075,True,False,True,False,True,True,True,True,True
HST F814W,F814W_051_3700616,150.39983182723634,2.055435000630867,-1.1425100564956665,0.12240222841501236,43.746891021728516,051,True,False,True,False,True,True,True,True,True
HST F814W,F814W_052_3876751,150.27712686682523,1.9972777407376463,-1.0888025760650635,0.1190490648150444,43.74267578125,052,True,False,True,False,True,True,True,True,True
HST F814W,F814W_052_4067258,150.32674715015483,2.0979662372144827,-1.12975013256073,0.11900967359542847,43.72819900512695,052,True,False,True,False,True,True,True,True,True
HST F814W,F814W_041_2561616,150.1594229568311,1.8380300831242142,-1.0430374145507812,0.11644519865512848,43.724185943603516,041,True,False,True,False,True,True,True,True,True
HST F814W,F814W_054_4429331,149.98002455704184,2.1242986023985435,-1.0394282341003418,0.11700905114412308,43.70683288574219,054,True,False,True,False,True,True,True,True,True
HST F814W,F814W_042_2757067,150.03880705801433,1.8585979551993177,-1.1247189044952393,0.1267029047012329,43.66861343383789,042,True,False,True,False,True,True,True,True,True
HST F814W,F814W_075_7037657,150.42539238633546,2.4132367704647204,-0.9817628860473633,0.11735083162784576,43.660274505615234,075,True,False,True,False,True,True,True,True,True
HST F814W,F814W_089_8390301,150.1162763696049,2.46419139665414,-1.173664927482605,0.12713640928268433,43.65497970581055,089,True,False,True,False,True,True,True,True,True
HST F814W,F814W_090_8674278,150.00080672287714,2.558819193045913,-0.8068522214889526,0.12016821652650833,43.6058235168457,090,True,False,True,False,True,True,True,True,True
HST F814W,F814W_077_7257189,150.10479069092727,2.431602359396262,-1.003202199935913,0.11575999110937119,43.59803009033203,077,True,False,True,False,True,True,True,True,True
HST F814W,F814W_028_0994996,150.32535815538753,1.768843289327341,-1.1513776779174805,0.12593890726566315,43.532020568847656,028,True,False,True,False,True,True,True,True,True
HST F814W,F814W_043_2919353,149.8738217411773,1.900198838282424,-0.9727689027786255,0.11599650979042053,43.514102935791016,043,True,False,True,False,True,True,True,True,True
HST F814W,F814W_088_8251266,150.3117615825555,2.511171466118463,-0.7665109634399414,0.12203999608755112,43.5106315612793,088,True,False,True,False,True,True,True,True,True
HST F814W,F814W_052_4055278,150.24652631156414,2.079050628882236,-0.8922080993652344,0.11833008378744125,43.47849655151367,052,True,False,True,False,True,True,True,True,True
HST F814W,F814W_041_2505309,150.16023359076578,1.791722832772265,-1.0421793460845947,0.11571142077445984,43.44866180419922,041,True,False,True,False,True,True,True,True,True
HST F814W,F814W_041_2572969,150.21840825241065,1.8575381607810784,-0.04524778574705124,0.11557657271623611,43.39802551269531,041,True,False,True,False,True,True,True,True,True
HST F814W,F814W_063_5321448,150.47055310201836,2.210411231542174,-1.0849032402038574,0.11589819192886353,43.320987701416016,063,True,False,True,False,True,True,True,True,True
HST F814W,F814W_076_7156650,150.3778010855044,2.4397360099448253,-1.061880111694336,0.1137690618634224,43.25789260864258,076,True,False,True,False,True,True,True,True,True
HST F814W,F814W_075_7047791,150.4155480063104,2.4310520347196163,-1.0910029411315918,0.11621886491775513,43.23912811279297,075,True,False,True,False,True,True,True,True,True
HST F814W,F814W_075_7015367,150.5329021826401,2.3759335225202753,-1.0855481624603271,0.11621196568012238,43.2365608215332,075,True,False,True,False,True,True,True,True,True
HST F814W,F814W_054_4340944,149.95997306925756,1.993676468398959,-0.5648834705352783,0.11571916937828064,43.22501754760742,054,True,False,True,False,True,True,True,True,True
HST F814W,F814W_065_5753398,150.1695613315438,2.2637644433153015,-1.1543076038360596,0.158640056848526,43.18791961669922,065,True,False,True,False,True,True,True,True,True
HST F814W,F814W_041_2561622,150.15937916103448,1.8380386084118916,-0.9614006280899048,0.11484037339687347,43.12158966064453,041,True,False,True,False,True,True,True,True,True
HST F814W,F814W_077_7212648,150.05888751108648,2.357419081535469,-1.0635380744934082,0.11442195624113083,43.094093322753906,077,True,False,True,False,True,True,True,True,True
HST F814W,F814W_079_7555778,149.8613127226802,2.439602781440135,0.12230370193719864,0.11833326518535614,43.08108901977539,079,True,False,True,False,True,True,True,True,True
HST F814W,F814W_102_10329048,149.98346325069141,2.6339338217787294,-0.8851414322853088,0.12246478348970413,43.04976272583008,102,True,False,True,False,True,True,True,True,True
HST F814W,F814W_076_7144970,150.2670769144764,2.4228297563725207,-1.0401713848114014,0.11319431662559509,43.03936004638672,076,True,False,True,False,True,True,True,True,True
HST F814W,F814W_077_7260930,150.21684428976462,2.4380938321851695,-0.8386467695236206,0.11420369148254395,43.01188659667969,077,True,False,True,False,True,True,True,True,True
HST F814W,F814W_077_7197242,150.0840216339328,2.3360983247721423,-0.8923659324645996,0.11417256295681,43.00016403198242,077,True,False,True,False,True,True,True,True,True
HST F814W,F814W_041_2552096,150.0625338886308,1.8216112725126186,-0.9702381491661072,0.11443322896957397,42.968711853027344,041,True,False,True,False,True,True,True,True,True
HST F814W,F814W_051_3702967,150.39969045305673,2.059746729788554,-1.0962340831756592,0.11999273300170898,42.8857307434082,051,True,False,True,False,True,True,True,True,True
HST F814W,F814W_066_5912027,150.00321758537578,2.195264681915084,-1.0490013360977173,0.13062039017677307,42.8740348815918,066,True,False,True,False,True,True,True,True,True
HST F814W,F814W_079_7511309,149.82167031579493,2.3860459270107075,-0.9965322017669678,0.11766694486141205,42.838504791259766,079,True,False,True,False,True,True,True,True,True
HST F814W,F814W_088_8242421,150.37982477444982,2.4899843545944536,-1.0290536880493164,0.1200566440820694,42.80351257324219,088,True,False,True,False,True,True,True,True,True
HST F814W,F814W_090_8659551,150.02815386513666,2.538787244465186,-1.1042053699493408,0.11789841204881668,42.78217315673828,090,True,False,True,False,True,True,True,True,True
HST F814W,F814W_076_7144589,150.26835328927805,2.4225105280404806,-1.0612040758132935,0.11226078122854233,42.68440628051758,076,True,False,True,False,True,True,True,True,True
HST F814W,F814W_043_2953428,149.75274516272478,1.9610901488429229,0.05034707114100456,0.11367058753967285,42.641571044921875,043,True,False,True,False,True,True,True,True,True
HST F814W,F814W_063_5321416,150.47076267981933,2.210368124145043,-1.059993863105774,0.11398714035749435,42.606666564941406,063,True,False,True,False,True,True,True,True,True
HST F814W,F814W_063_5301728,150.4767763050423,2.180700403717994,-0.7926883697509766,0.11372017860412598,42.50687789916992,063,True,False,True,False,True,True,True,True,True
HST F814W,F814W_053_4280540,150.13561754698156,2.0844162351620095,-1.0890440940856934,0.1225336343050003,42.47804260253906,053,True,False,True,False,True,True,True,True,True
HST F814W,F814W_041_2585185,150.184234811031,1.8752370461947017,-0.747209906578064,0.11301282048225403,42.435359954833984,041,True,False,True,False,True,True,True,True,True
HST F814W,F814W_041_2555892,150.0723815659359,1.8275509498162572,-0.6519043445587158,0.11301062256097794,42.434532165527344,041,True,False,True,False,True,True,True,True,True
HST F814W,F814W_044_3157245,149.71561111647424,1.949052538772864,-0.36168450117111206,0.12212937325239182,42.424190521240234,044,True,False,True,False,True,True,True,True,True
HST F814W,F814W_087_8138507,150.4187248739245,2.485171334925991,-0.9009435176849365,0.11318570375442505,42.41433334350586,087,True,False,True,False,True,True,True,True,True
HST F814W,F814W_075_7056738,150.40196308401622,2.448575446937505,-1.0465716123580933,0.11391587555408478,42.38230514526367,075,True,False,True,False,True,True,True,True,True
HST F814W,F814W_075_7017456,150.4248045051816,2.378786289433268,-1.0522139072418213,0.11356481909751892,42.25169372558594,075,True,False,True,False,True,True,True,True,True
HST F814W,F814W_067_6094093,149.79575585339234,2.184546161681781,-1.0787822008132935,0.11800995469093323,42.24604034423828,067,True,False,True,False,True,True,True,True,True
HST F814W,F814W_075_7056813,150.40211330280155,2.4486884973810077,-1.0488412380218506,0.1133304238319397,42.164485931396484,075,True,False,True,False,True,True,True,True,True
HST F814W,F814W_077_7257934,150.07229127110494,2.432535546392875,-1.0353059768676758,0.11192148923873901,42.1523551940918,077,True,False,True,False,True,True,True,True,True
HST F814W,F814W_088_8237577,150.38349386971146,2.4790217285778673,-0.9958232045173645,0.1180436760187149,42.08583450317383,088,True,False,True,False,True,True,True,True,True
HST F814W,F814W_052_4068324,150.33528157508226,2.09971836919058,-0.6309995651245117,0.11445071548223495,42.05308532714844,052,True,False,True,False,True,True,True,True,True
HST F814W,F814W_054_4347112,149.9299564209747,1.9994931315115902,-1.01179039478302,0.11251123249530792,42.0267448425293,054,True,False,True,False,True,True,True,True,True
HST F814W,F814W_088_8237565,150.38351310515597,2.479005528563286,-0.9796562790870667,0.11787037551403046,42.0240478515625,088,True,False,True,False,True,True,True,True,True
HST F814W,F814W_089_8481379,150.21215314852674,2.544842816371834,-0.808757483959198,0.12231957167387009,42.00101852416992,089,True,False,True,False,True,True,True,True,True
HST F814W,F814W_064_5378314,150.35205378866738,2.1450401491937146,-0.8305125832557678,0.11449892073869705,41.94963836669922,064,True,False,True,False,True,True,True,True,True
HST F814W,F814W_076_7165906,150.22628598329618,2.456096342238124,-0.9733301401138306,0.11024041473865509,41.91621017456055,076,True,False,True,False,True,True,True,True,True
HST F814W,F814W_052_3872161,150.36075789233868,1.9876942871520065,-1.0595951080322266,0.11404391378164291,41.90361022949219,052,True,False,True,False,True,True,True,True,True
HST F814W,F814W_079_7503007,149.8244315403041,2.368338074451603,-0.9233484268188477,0.114911288022995,41.835262298583984,079,True,False,True,False,True,True,True,True,True
HST F814W,F814W_042_2828422,149.9166922617624,1.9531561490654483,-1.13130784034729,0.12132416665554047,41.81481170654297,042,True,False,True,False,True,True,True,True,True
HST F814W,F814W_043_2942706,149.76434379853583,1.9394780993058822,-1.011842966079712,0.1114659458398819,41.814537048339844,043,True,False,True,False,True,True,True,True,True
HST F814W,F814W_088_8236102,150.2795893233147,2.4752870309119617,-1.0792491436004639,0.11719348281621933,41.78271484375,088,True,False,True,False,True,True,True,True,True
HST F814W,F814W_090_8661471,149.8954570025142,2.541452316691019,-0.924088716506958,0.11512991040945053,41.777557373046875,090,True,False,True,False,True,True,True,True,True
HST F814W,F814W_065_5611724,150.1367180846566,2.1408984334770285,-1.3553271293640137,0.1534545123577118,41.776214599609375,065,True,False,True,False,True,True,True,True,True
HST F814W,F814W_053_4280737,150.1353803829274,2.084734360076569,-1.0839687585830688,0.12042871862649918,41.74834060668945,053,True,False,True,False,True,True,True,True,True
HST F814W,F814W_051_3703056,150.3996497792579,2.0598793761873737,-1.0063813924789429,0.11676297336816788,41.731407165527344,051,True,False,True,False,True,True,True,True,True
HST F814W,F814W_042_2717359,150.03015926383046,1.8374732917638132,-0.808792769908905,0.1209074854850769,41.671199798583984,042,True,False,True,False,True,True,True,True,True
HST F814W,F814W_065_5770618,150.18888534326706,2.276699822913686,-1.3590818643569946,0.15301287174224854,41.655982971191406,065,True,False,True,False,True,True,True,True,True
HST F814W,F814W_078_7435921,150.04194914555188,2.3974833708334273,-1.0485135316848755,0.11686346679925919,41.565338134765625,078,True,False,True,False,True,True,True,True,True
HST F814W,F814W_077_7243470,150.21927717709053,2.4078563194466387,-0.9997138381004333,0.1103484183549881,41.559898376464844,077,True,False,True,False,True,True,True,True,True
HST F814W,F814W_053_4285488,150.22406584578206,2.100087887291868,-1.0241931676864624,0.11985288560390472,41.54872131347656,053,True,False,True,False,True,True,True,True,True
HST F814W,F814W_089_8390352,150.11631574479156,2.4642080894171285,-1.140504240989685,0.12087809294462204,41.50605392456055,089,True,False,True,False,True,True,True,True,True
HST F814W,F814W_090_8709744,150.03283931231533,2.6128544428478575,-0.9704543352127075,0.11429040133953094,41.47291946411133,090,True,False,True,False,True,True,True,True,True
HST F814W,F814W_043_2938796,149.75310635292882,1.9334401695441543,-0.4862326979637146,0.11050780117511749,41.45510482788086,043,True,False,True,False,True,True,True,True,True
HST F814W,F814W_051_3700633,150.40049646742216,2.0554650741023166,-1.0879027843475342,0.11593646556138992,41.43600845336914,051,True,False,True,False,True,True,True,True,True
HST F814W,F814W_063_5314297,150.39430474556363,2.2006397752311897,-0.599707305431366,0.11082432419061661,41.42445373535156,063,True,False,True,False,True,True,True,True,True
HST F814W,F814W_042_2737547,150.0151374445348,1.8472994234010403,-1.0452138185501099,0.12015040963888168,41.41027069091797,042,True,False,True,False,True,True,True,True,True
HST F814W,F814W_053_4285506,150.2240694518468,2.10011666294412,-1.0743964910507202,0.11939187347888947,41.3889045715332,053,True,False,True,False,True,True,True,True,True
HST F814W,F814W_054_4418249,149.98978879515946,2.105450676890961,-0.4239925742149353,0.11076496541500092,41.37445831298828,054,True,False,True,False,True,True,True,True,True
HST F814W,F814W_067_6105376,149.81466415783413,2.2099275156853033,-0.8515418767929077,0.11554121971130371,41.362266540527344,067,True,False,True,False,True,True,True,True,True
HST F814W,F814W_075_7035441,150.5449894805084,2.4086824301199994,-0.7603064775466919,0.11117173731327057,41.361351013183594,075,True,False,True,False,True,True,True,True,True
HST F814W,F814W_055_4433879,149.75372951046825,1.9607648515440799,-1.0470848083496094,0.11348305642604828,41.34010314941406,055,True,False,True,False,True,True,True,True,True
HST F814W,F814W_076_7144993,150.2670591447182,2.4228597626753476,-1.009507417678833,0.10865333676338196,41.31276321411133,076,True,False,True,False,True,True,True,True,True
HST F814W,F814W_063_5338948,150.44479102343334,2.2426418952511944,-0.6565456390380859,0.11047935485839844,41.295509338378906,063,True,False,True,False,True,True,True,True,True
HST F814W,F814W_077_7208720,150.10223715901213,2.3523286330543507,-0.969765841960907,0.10955736041069031,41.261966705322266,077,True,False,True,False,True,True,True,True,True
HST F814W,F814W_042_2757670,150.03800630398783,1.8588817840089407,-1.098407506942749,0.1196080893278122,41.223358154296875,042,True,False,True,False,True,True,True,True,True
HST F814W,F814W_054_4347164,149.92997572370382,1.9995247330770534,-0.9370100498199463,0.11027044802904129,41.18973922729492,054,True,False,True,False,True,True,True,True,True
HST F814W,F814W_090_8709716,150.03281593242895,2.612820133211032,-1.0405755043029785,0.11350224167108536,41.186920166015625,090,True,False,True,False,True,True,True,True,True
HST F814W,F814W_076_7144693,150.26861221714296,2.422596923182017,-1.0081077814102173,0.10828184336423874,41.171512603759766,076,True,False,True,False,True,True,True,True,True
HST F814W,F814W_055_4433574,149.75379824087875,1.9604614534990905,-0.9926232099533081,0.1129111722111702,41.13177490234375,055,True,False,True,False,True,True,True,True,True
HST F814W,F814W_090_8682757,149.92559623134423,2.574371194426025,-0.8250764012336731,0.11332660913467407,41.12318801879883,090,True,False,True,False,True,True,True,True,True
HST F814W,F814W_089_8580603,150.12820721999535,2.595695931023342,-0.9797364473342896,0.11975289136171341,41.119693756103516,089,True,False,True,False,True,True,True,True,True
HST F814W,F814W_077_7243410,150.21940065629155,2.4077828086027213,-0.9886276721954346,0.10902893543243408,41.062950134277344,077,True,False,True,False,True,True,True,True,True
HST F814W,F814W_088_8249559,150.26816735092544,2.505821351552695,-1.0354938507080078,0.11496808379888535,40.98929977416992,088,True,False,True,False,True,True,True,True,True
HST F814W,F814W_079_7502519,149.82278181703873,2.367716979796215,-1.0162485837936401,0.11244402825832367,40.93701934814453,079,True,False,True,False,True,True,True,True,True
HST F814W,F814W_063_5330614,150.43028328776603,2.2283519034407973,-0.7205660343170166,0.10946840047836304,40.91762924194336,063,True,False,True,False,True,True,True,True,True
HST F814W,F814W_052_4067155,150.32507216068345,2.0978598543501628,-0.9472891092300415,0.11131837218999863,40.902156829833984,052,True,False,True,False,True,True,True,True,True
HST F814W,F814W_052_4057199,150.31220402133894,2.0799198042760323,-0.9356570243835449,0.11123482137918472,40.871456146240234,052,True,False,True,False,True,True,True,True,True
HST F814W,F814W_090_8646559,149.9487796218559,2.516526632886606,-0.6377129554748535,0.1126326471567154,40.871368408203125,090,True,False,True,False,True,True,True,True,True
HST F814W,F814W_063_5321505,150.47007953431475,2.2104826808391635,-1.0019006729125977,0.10933376848697662,40.867305755615234,063,True,False,True,False,True,True,True,True,True
HST F814W,F814W_029_1214897,150.14651022845368,1.7896834290955619,-0.8670436143875122,0.1467779129743576,40.863197326660156,029,True,False,True,False,True,True,True,True,True
HST F814W,F814W_052_4074756,150.2848610431543,2.112253233878248,-0.9464236497879028,0.11115487664937973,40.84208297729492,052,True,False,True,False,True,True,True,True,True
HST F814W,F814W_090_8659642,150.0281321133959,2.5388950678786895,-1.0381759405136108,0.1122240498661995,40.72309875488281,090,True,False,True,False,True,True,True,True,True
HST F814W,F814W_054_4346090,149.92955923698082,1.9987177705886283,-0.9446979761123657,0.10894522815942764,40.694725036621094,054,True,False,True,False,True,True,True,True,True
HST F814W,F814W_052_3887320,150.358983378216,2.019662267341915,-0.9582602977752686,0.11073817312717438,40.688968658447266,052,True,False,True,False,True,True,True,True,True
HST F814W,F814W_055_4448950,149.81133758859815,1.9970854861207568,-0.36229151487350464,0.1115846037864685,40.64852523803711,055,True,False,True,False,True,True,True,True,True
HST F814W,F814W_054_4345545,149.92980151557475,1.9983543849731746,-0.9599802494049072,0.10879894345998764,40.640079498291016,054,True,False,True,False,True,True,True,True,True
HST F814W,F814W_063_5321349,150.4693521297659,2.2102985636424437,-0.9912168383598328,0.10857348889112473,40.583126068115234,063,True,False,True,False,True,True,True,True,True
HST F814W,F814W_090_8646376,149.98341544915516,2.5162656389578664,-0.8424402475357056,0.11182851344347,40.579566955566406,090,True,False,True,False,True,True,True,True,True
HST F814W,F814W_087_8144590,150.45413060443772,2.495967083212075,-0.9620762467384338,0.10826502740383148,40.570396423339844,087,True,False,True,False,True,True,True,True,True
HST F814W,F814W_088_8235998,150.28007662959885,2.4751015795935842,-1.0555990934371948,0.113704614341259,40.53883743286133,088,True,False,True,False,True,True,True,True,True
HST F814W,F814W_066_5974367,150.00286320244425,2.235477152069732,-0.5254482626914978,0.12345116585493088,40.520851135253906,066,True,False,True,False,True,True,True,True,True
HST F814W,F814W_043_2941807,149.76434231468738,1.938727542895257,-0.9766697883605957,0.10794828087091446,40.49494552612305,043,True,False,True,False,True,True,True,True,True
HST F814W,F814W_077_7256709,150.10514311638673,2.4311670178603393,-0.916839599609375,0.10744868963956833,40.46778869628906,077,True,False,True,False,True,True,True,True,True
HST F814W,F814W_089_8506015,150.18056909372345,2.5632757017128673,-1.0953500270843506,0.1177840530872345,40.44365310668945,089,True,False,True,False,True,True,True,True,True
HST F814W,F814W_055_4431788,149.78385024402937,1.9583108098253046,-1.024951457977295,0.11086759716272354,40.387332916259766,055,True,False,True,False,True,True,True,True,True
HST F814W,F814W_056_4736186,149.70649815264233,2.08244053698303,-0.6706774234771729,0.11668016761541367,40.35210037231445,056,True,False,True,False,True,True,True,True,True
HST F814W,F814W_063_5339575,150.48032678018433,2.243799343425328,-0.6255224347114563,0.10789812356233597,40.330684661865234,063,True,False,True,False,True,True,True,True,True
HST F814W,F814W_064_5457496,150.3146250370339,2.222546661813329,-0.5061157941818237,0.11006395518779755,40.32477569580078,064,True,False,True,False,True,True,True,True,True
HST F814W,F814W_041_2529815,150.18736969122426,1.80177359534389,-0.873493492603302,0.10736432671546936,40.314395904541016,041,True,False,True,False,True,True,True,True,True
HST F814W,F814W_043_2941416,149.7651908250742,1.9383719713505452,-0.944111704826355,0.10743381828069687,40.30195617675781,043,True,False,True,False,True,True,True,True,True
HST F814W,F814W_077_7243266,150.2187641863314,2.4075880839800377,-0.9537819027900696,0.10697081685066223,40.287811279296875,077,True,False,True,False,True,True,True,True,True
HST F814W,F814W_042_2737646,150.01505676551756,1.8473480212087425,-1.0185792446136475,0.11685505509376526,40.274513244628906,042,True,False,True,False,True,True,True,True,True
HST F814W,F814W_042_2737253,150.01521612188856,1.8471717473993843,-1.082998514175415,0.11685412377119064,40.274192810058594,042,True,False,True,False,True,True,True,True,True
HST F814W,F814W_042_2734874,150.01635745006251,1.8461834642067962,-0.9728727340698242,0.11684975028038025,40.27268600463867,042,True,False,True,False,True,True,True,True,True
HST F814W,F814W_089_8592195,150.1148691478047,2.6008353057009828,-1.0238144397735596,0.11715440452098846,40.227447509765625,089,True,False,True,False,True,True,True,True,True
HST F814W,F814W_042_2736942,150.0156565886574,1.847035189269852,-1.0698332786560059,0.1166691705584526,40.21044921875,042,True,False,True,False,True,True,True,True,True
HST F814W,F814W_040_2392429,150.22722096359195,1.8139534838163007,-0.9474161863327026,0.10404833406209946,40.19521713256836,040,True,False,True,False,True,True,True,True,True
HST F814W,F814W_075_7043087,150.42437872419893,2.4217180064799524,-0.9808964133262634,0.10781309008598328,40.11176681518555,075,True,False,True,False,True,True,True,True,True
HST F814W,F814W_053_4287419,150.22406526232018,2.1056067902255853,-0.8826303482055664,0.11557844281196594,40.066925048828125,053,True,False,True,False,True,True,True,True,True
HST F814W,F814W_079_7503275,149.82390455416692,2.368699283834186,-0.9802454113960266,0.10995806753635406,40.03196716308594,079,True,False,True,False,True,True,True,True,True
HST F814W,F814W_043_2953402,149.75366702062752,1.9610537614897843,-0.884611964225769,0.10668289661407471,40.020259857177734,043,True,False,True,False,True,True,True,True,True
HST F814W,F814W_075_7054738,150.40137950065747,2.4448405947790897,-0.9700326919555664,0.10752911120653152,40.0061149597168,075,True,False,True,False,True,True,True,True,True
HST F814W,F814W_078_7455045,150.038432371184,2.437119745294259,-0.8308086395263672,0.11242173612117767,39.98552703857422,078,True,False,True,False,True,True,True,True,True
HST F814W,F814W_054_4347082,149.92996853301145,1.9994640847335756,-0.9765910506248474,0.10702028125524521,39.97568893432617,054,True,False,True,False,True,True,True,True,True
HST F814W,F814W_067_6121468,149.83333785024087,2.230160942391731,-0.6544914841651917,0.11165063083171844,39.969486236572266,067,True,False,True,False,True,True,True,True,True
HST F814W,F814W_052_4067699,150.32561584477452,2.0985629974797213,-0.9903002977371216,0.10872667282819748,39.94987487792969,052,True,False,True,False,True,True,True,True,True
HST F814W,F814W_067_6095005,149.84775623419313,2.185845653611663,-1.0157315731048584,0.11150164902210236,39.9161491394043,067,True,False,True,False,True,True,True,True,True
HST F814W,F814W_055_4454919,149.88466955257533,2.011162440320809,-0.9799541234970093,0.10954758524894714,39.906471252441406,055,True,False,True,False,True,True,True,True,True
HST F814W,F814W_079_7468725,149.853611827174,2.294555255968694,-0.626558780670166,0.10957120358943939,39.89112091064453,079,True,False,True,False,True,True,True,True,True
HST F814W,F814W_067_6246528,149.83743915302975,2.281616483790847,-0.5432117581367493,0.11130039393901825,39.8441047668457,067,True,False,True,False,True,True,True,True,True
HST F814W,F814W_041_2610785,150.0737464589737,1.9152639700129481,-0.8509528636932373,0.10605765134096146,39.82374954223633,041,True,False,True,False,True,True,True,True,True
HST F814W,F814W_063_5321598,150.46976465260997,2.2106082904577042,-0.9056335687637329,0.10651452839374542,39.813514709472656,063,True,False,True,False,True,True,True,True,True
HST F814W,F814W_089_8393601,150.11568561896803,2.465724690104948,-0.961260199546814,0.11586866527795792,39.78596115112305,089,True,False,True,False,True,True,True,True,True
HST F814W,F814W_041_2637009,150.21815743973616,1.9591782532393704,-0.8122855424880981,0.1059327945113182,39.7768669128418,041,True,False,True,False,True,True,True,True,True
HST F814W,F814W_042_2737789,150.01506817529045,1.847427718402895,-1.0276657342910767,0.1153876781463623,39.76877975463867,042,True,False,True,False,True,True,True,True,True
HST F814W,F814W_090_8667949,150.00852126278514,2.5496898153972185,-0.9742537140846252,0.10942724347114563,39.70820999145508,090,True,False,True,False,True,True,True,True,True
HST F814W,F814W_065_5754398,150.21040685037417,2.264477277658772,-1.2691781520843506,0.1458049714565277,39.6937141418457,065,True,False,True,False,True,True,True,True,True
HST F814W,F814W_078_7457827,149.96711789711253,2.441871015387414,-0.6772541999816895,0.11159761995077133,39.69240951538086,078,True,False,True,False,True,True,True,True,True
HST F814W,F814W_075_7054553,150.40171533901028,2.444570349475434,-0.9900065660476685,0.10662379860877991,39.66929244995117,075,True,False,True,False,True,True,True,True,True
HST F814W,F814W_052_3875050,150.36854686861608,1.9935118764620257,-0.9777399897575378,0.10785160958766937,39.62834930419922,052,True,False,True,False,True,True,True,True,True
HST F814W,F814W_066_5798775,149.9910912878485,2.1495383039485496,-1.0378773212432861,0.12071160972118378,39.621639251708984,066,True,False,True,False,True,True,True,True,True
HST F814W,F814W_053_4280642,150.13547363917428,2.084587435737511,-1.0649014711380005,0.11428391188383102,39.61815643310547,053,True,False,True,False,True,True,True,True,True
HST F814W,F814W_089_8390014,150.11614377771215,2.4640522892721304,-1.0587276220321655,0.11533497273921967,39.60270690917969,089,True,False,True,False,True,True,True,True,True
HST F814W,F814W_076_7147278,150.23303702178842,2.4260360921818647,-0.8116480112075806,0.10414385795593262,39.59814453125,076,True,False,True,False,True,True,True,True,True
HST F814W,F814W_067_6155532,149.80734017418237,2.2433769908415004,0.27629154920578003,0.11057008802890778,39.582664489746094,067,True,False,True,False,True,True,True,True,True
HST F814W,F814W_052_4038663,150.36373223135755,2.074311139264196,-0.9688201546669006,0.10762517899274826,39.54515075683594,052,True,False,True,False,True,True,True,True,True
HST F814W,F814W_056_4695345,149.71406873865052,2.040817447746786,-1.0399123430252075,0.11428546905517578,39.523929595947266,056,True,False,True,False,True,True,True,True,True
HST F814W,F814W_042_2737729,150.01507165461294,1.8473885803427512,-0.9973304271697998,0.11464770138263702,39.51374435424805,042,True,False,True,False,True,True,True,True,True
HST F814W,F814W_043_2916010,149.87697732574188,1.8924913927405405,-0.48983004689216614,0.10529386252164841,39.49918746948242,043,True,False,True,False,True,True,True,True,True
HST F814W,F814W_078_7439986,149.93518993833322,2.4041652014360206,-0.758994460105896,0.11103902012109756,39.49373245239258,078,True,False,True,False,True,True,True,True,True
HST F814W,F814W_079_7511275,149.84266572880233,2.385984301033394,-0.6864047646522522,0.10843165218830109,39.47624969482422,079,True,False,True,False,True,True,True,True,True
HST F814W,F814W_076_7165873,150.22630595330082,2.456062487164987,-0.8949354887008667,0.1038069799542427,39.470054626464844,076,True,False,True,False,True,True,True,True,True
HST F814W,F814W_079_7511330,149.82164852966307,2.386080679014811,-0.9729672074317932,0.10835236310958862,39.447383880615234,079,True,False,True,False,True,True,True,True,True
HST F814W,F814W_065_5753468,150.16956621568326,2.2638090394157575,-1.0608569383621216,0.14486205577850342,39.43701934814453,065,True,False,True,False,True,True,True,True,True
HST F814W,F814W_043_2950689,149.78389860630207,1.9582546287102844,-0.9509201049804688,0.10509268939495087,39.42372131347656,043,True,False,True,False,True,True,True,True,True
HST F814W,F814W_066_5892142,149.95652272770658,2.186529759121007,-0.6491861343383789,0.12009948492050171,39.420719146728516,066,True,False,True,False,True,True,True,True,True
HST F814W,F814W_054_4317141,149.97834783564633,1.9640871999439136,-0.788462221622467,0.10545020550489426,39.38921356201172,054,True,False,True,False,True,True,True,True,True
HST F814W,F814W_065_5636243,150.09284240196664,2.1662417726608196,-0.910991907119751,0.14468221366405487,39.388057708740234,065,True,False,True,False,True,True,True,True,True
HST F814W,F814W_053_4269732,150.09211726838132,2.050255640927142,-0.7901012897491455,0.11361019313335419,39.38460159301758,053,True,False,True,False,True,True,True,True,True
HST F814W,F814W_054_4430919,149.94135681942535,2.127128385025823,-0.8748602867126465,0.10531594604253769,39.33906555175781,054,True,False,True,False,True,True,True,True,True
HST F814W,F814W_041_2573697,150.16581725024338,1.8585872964352759,-0.7824914455413818,0.104684017598629,39.30796432495117,041,True,False,True,False,True,True,True,True,True
HST F814W,F814W_090_8709451,150.03278392216546,2.61252104203995,-0.9509530067443848,0.10823918133974075,39.277095794677734,090,True,False,True,False,True,True,True,True,True
HST F814W,F814W_067_6095025,149.84774230624666,2.18585733312301,-0.943490207195282,0.10955950617790222,39.220890045166016,067,True,False,True,False,True,True,True,True,True
HST F814W,F814W_077_7280437,150.2267561200863,2.455996777689647,-0.9235432744026184,0.10406176000833511,39.19218826293945,077,True,False,True,False,True,True,True,True,True
HST F814W,F814W_090_8654881,149.97291602249177,2.531725356946908,-0.5759192109107971,0.1080012395977974,39.19075393676758,090,True,False,True,False,True,True,True,True,True
HST F814W,F814W_041_2556414,150.0623174906733,1.8283892830717003,-0.5963577628135681,0.10430905967950821,39.167171478271484,041,True,False,True,False,True,True,True,True,True
HST F814W,F814W_041_2501278,150.15967911475886,1.7910285366818832,-0.9115630388259888,0.10420757532119751,39.12906265258789,041,True,False,True,False,True,True,True,True,True
HST F814W,F814W_043_2942694,149.7659790787705,1.9394867387674306,-0.9020944833755493,0.1042635589838028,39.11268615722656,043,True,False,True,False,True,True,True,True,True
HST F814W,F814W_077_7201883,150.0999913659349,2.3430343140331447,-0.81489497423172,0.10379864275455475,39.09309387207031,077,True,False,True,False,True,True,True,True,True
HST F814W,F814W_088_8299183,150.26436557958777,2.55898047317755,-0.8138138055801392,0.10945538431406021,39.023868560791016,088,True,False,True,False,True,True,True,True,True
HST F814W,F814W_041_2534099,150.18723021395513,1.8043527579517311,-0.5826420783996582,0.10390138626098633,39.01409149169922,041,True,False,True,False,True,True,True,True,True
HST F814W,F814W_087_8128365,150.43593927424638,2.4645546850283506,-0.653165340423584,0.10409285128116608,39.0069465637207,087,True,False,True,False,True,True,True,True,True
HST F814W,F814W_090_8683133,149.98632726233674,2.5750181235233884,-0.9575729966163635,0.10723686218261719,38.91337966918945,090,True,False,True,False,True,True,True,True,True
HST F814W,F814W_090_8714500,150.02824193882736,2.6206498193869168,-0.9896372556686401,0.10720179975032806,38.900657653808594,090,True,False,True,False,True,True,True,True,True
HST F814W,F814W_054_4345955,149.9295927703895,1.9986431419378212,-0.9544329643249512,0.10413781553506851,38.898990631103516,054,True,False,True,False,True,True,True,True,True
HST F814W,F814W_075_6980131,150.46031037611277,2.296587750167244,-0.902729332447052,0.10446461290121078,38.865970611572266,075,True,False,True,False,True,True,True,True,True
HST F814W,F814W_054_4346026,149.92956374232,1.9986990092274484,-0.9396732449531555,0.10403671860694885,38.861228942871094,054,True,False,True,False,True,True,True,True,True
HST F814W,F814W_041_2535265,150.22502868900014,1.8050360949389268,-0.8961783647537231,0.10333488136529922,38.80137252807617,041,True,False,True,False,True,True,True,True,True
HST F814W,F814W_053_4280467,150.1366369513565,2.0842991248688683,-1.0480189323425293,0.11176613718271255,38.74533462524414,053,True,False,True,False,True,True,True,True,True
HST F814W,F814W_067_6104123,149.85394450554625,2.206514786798012,-0.8666050434112549,0.10822830349206924,38.74433517456055,067,True,False,True,False,True,True,True,True,True
HST F814W,F814W_041_2555038,150.17300335773737,1.8262226190674493,-0.7402529716491699,0.10317976772785187,38.74312973022461,041,True,False,True,False,True,True,True,True,True
HST F814W,F814W_066_6007730,149.99527614169915,2.255547867687222,0.05268870294094086,0.11802501231431961,38.73980712890625,066,True,False,True,False,True,True,True,True,True
HST F814W,F814W_042_2727281,150.01418867959873,1.8426915385756577,-0.9648329615592957,0.1123608723282814,38.72557830810547,042,True,False,True,False,True,True,True,True,True
HST F814W,F814W_067_6075615,149.8360163395076,2.1413500904967435,-0.7315889000892639,0.10816147923469543,38.72041320800781,067,True,False,True,False,True,True,True,True,True
HST F814W,F814W_089_8484649,150.21645072175926,2.54862275858796,-0.9468981623649597,0.11272455751895905,38.70636749267578,089,True,False,True,False,True,True,True,True,True
HST F814W,F814W_041_2506184,150.16019763297342,1.7918753764997868,-0.9105551242828369,0.10300558805465698,38.67772674560547,041,True,False,True,False,True,True,True,True,True
HST F814W,F814W_055_4472587,149.81571171940348,2.0588321988540916,-0.7823567986488342,0.10606736689805984,38.6386833190918,055,True,False,True,False,True,True,True,True,True
HST F814W,F814W_041_2570081,150.15973797959126,1.8528168668835368,-0.4900929033756256,0.1028691828250885,38.62650680541992,041,True,False,True,False,True,True,True,True,True
HST F814W,F814W_089_8476280,150.21742293146622,2.5369630821584583,-0.7924901843070984,0.11246325820684433,38.616641998291016,089,True,False,True,False,True,True,True,True,True
HST F814W,F814W_090_8685870,149.99464052633445,2.5788504749768384,-0.7753469944000244,0.10636401921510696,38.596649169921875,090,True,False,True,False,True,True,True,True,True
HST F814W,F814W_042_2737447,150.01512360245954,1.847247593616611,-1.0287048816680908,0.11194998770952225,38.58396530151367,042,True,False,True,False,True,True,True,True,True
HST F814W,F814W_089_8485597,150.21706509213118,2.549499914937466,-0.9548028707504272,0.11230918765068054,38.56373977661133,089,True,False,True,False,True,True,True,True,True
HST F814W,F814W_077_7257228,150.07062786790004,2.4316323486289635,-0.867421567440033,0.10234637558460236,38.54613494873047,077,True,False,True,False,True,True,True,True,True
HST F814W,F814W_055_4432688,149.7544437040192,1.95952381128895,-0.7609258890151978,0.10574289411306381,38.52048110961914,055,True,False,True,False,True,True,True,True,True
HST F814W,F814W_077_7177439,150.20379575847312,2.2965534973947626,-0.47989872097969055,0.10227770358324051,38.52027130126953,077,True,False,True,False,True,True,True,True,True
HST F814W,F814W_075_7025949,150.43847388690887,2.394842081314323,-0.9111761450767517,0.10339999198913574,38.469879150390625,075,True,False,True,False,True,True,True,True,True
HST F814W,F814W_067_6205028,149.8728116264095,2.261395556914423,-0.9543646574020386,0.10745622962713242,38.46794128417969,067,True,False,True,False,True,True,True,True,True
HST F814W,F814W_075_7046974,150.41636606772244,2.4299380193688354,-0.9493815302848816,0.10331454873085022,38.438087463378906,075,True,False,True,False,True,True,True,True,True
HST F814W,F814W_102_10332827,150.01240555552036,2.642120141835495,-0.8972353339195251,0.10929132252931595,38.41892623901367,102,True,False,True,False,True,True,True,True,True
HST F814W,F814W_055_4452426,149.79718840298534,2.007029549481098,-0.27577048540115356,0.10541610419750214,38.40143966674805,055,True,False,True,False,True,True,True,True,True
HST F814W,F814W_041_2561212,150.1603173024546,1.8374557519242356,-0.8777343034744263,0.10225965827703476,38.39763641357422,041,True,False,True,False,True,True,True,True,True
HST F814W,F814W_075_7052752,150.51949815675982,2.441200324908495,-0.8758226037025452,0.1030883938074112,38.353946685791016,075,True,False,True,False,True,True,True,True,True
HST F814W,F814W_067_6248464,149.79442156382726,2.287378225864727,-0.7009101510047913,0.10707392543554306,38.33108139038086,067,True,False,True,False,True,True,True,True,True
HST F814W,F814W_089_8485095,150.21616709037065,2.5490454775542717,-1.0392341613769531,0.11161614954471588,38.32577133178711,089,True,False,True,False,True,True,True,True,True
HST F814W,F814W_052_3887487,150.35689390826565,2.0198430023454597,-0.960780918598175,0.10425081849098206,38.305294036865234,052,True,False,True,False,True,True,True,True,True
HST F814W,F814W_041_2561262,150.16040356954466,1.837529920780146,-0.9024959802627563,0.1019425317645073,38.278560638427734,041,True,False,True,False,True,True,True,True,True
HST F814W,F814W_067_6092953,149.7560289290728,2.181920307695926,-0.6370037794113159,0.10679583996534348,38.23153305053711,067,True,False,True,False,True,True,True,True,True
HST F814W,F814W_054_4423897,150.01011762176802,2.1154319354596187,-0.8721169233322144,0.10220281034708023,38.17620086669922,054,True,False,True,False,True,True,True,True,True
HST F814W,F814W_067_6094233,149.79577143747312,2.184749168809254,-0.9826263785362244,0.1066080778837204,38.16431427001953,067,True,False,True,False,True,True,True,True,True
HST F814W,F814W_075_7022836,150.48080470258606,2.3895416753559626,-0.8363543748855591,0.10253676027059555,38.148712158203125,075,True,False,True,False,True,True,True,True,True
HST F814W,F814W_043_2934245,149.7916003514649,1.9255288903282164,-0.43215614557266235,0.10166335105895996,38.137264251708984,043,True,False,True,False,True,True,True,True,True
HST F814W,F814W_075_7061267,150.39663251299854,2.4566930649813816,-0.5960409641265869,0.10239232331514359,38.094974517822266,075,True,False,True,False,True,True,True,True,True
HST F814W,F814W_067_6094148,149.79578974350486,2.1846021901584343,-0.9677976369857788,0.10636415332555771,38.07699203491211,067,True,False,True,False,True,True,True,True,True
HST F814W,F814W_078_7435351,150.03898370985334,2.396826663958916,-0.9688556790351868,0.10700778663158417,38.0599250793457,078,True,False,True,False,True,True,True,True,True
HST F814W,F814W_075_7016544,150.5090368164221,2.3773160121473706,-0.9053195118904114,0.10222630202770233,38.033206939697266,075,True,False,True,False,True,True,True,True,True
HST F814W,F814W_052_4067708,150.32567342104693,2.098582309252559,-0.9417901039123535,0.10338541865348816,37.98731994628906,052,True,False,True,False,True,True,True,True,True
HST F814W,F814W_076_7103325,150.3525560446228,2.358812132749192,-0.7543908357620239,0.0998784676194191,37.97633361816406,076,True,False,True,False,True,True,True,True,True
HST F814W,F814W_056_4701549,149.70226370642683,2.0454839184042806,-0.46637821197509766,0.1098027303814888,37.97364044189453,056,True,False,True,False,True,True,True,True,True
HST F814W,F814W_066_5798912,149.9911126600471,2.149598280684825,-1.0456702709197998,0.11565513908863068,37.96193313598633,066,True,False,True,False,True,True,True,True,True
HST F814W,F814W_078_7422031,150.02748902922343,2.373752732537796,-0.9620130062103271,0.10661906749010086,37.921669006347656,078,True,False,True,False,True,True,True,True,True
HST F814W,F814W_043_2952298,149.78513244721523,1.9600411392034485,-0.9315353035926819,0.10108628869056702,37.9207878112793,043,True,False,True,False,True,True,True,True,True
HST F814W,F814W_043_2950363,149.78426073073132,1.957715135854866,-0.7285188436508179,0.10105066746473312,37.90742492675781,043,True,False,True,False,True,True,True,True,True
HST F814W,F814W_052_3868328,150.24285986689054,1.9787447035021992,-0.9405298233032227,0.10311943292617798,37.88958740234375,052,True,False,True,False,True,True,True,True,True
HST F814W,F814W_054_4413681,149.94225383309558,2.097471176197185,-0.48876380920410156,0.10142384469509125,37.885231018066406,054,True,False,True,False,True,True,True,True,True
HST F814W,F814W_090_8669282,150.00904840685573,2.5508481231679734,-0.9455687999725342,0.10438795387744904,37.87958908081055,090,True,False,True,False,True,True,True,True,True
HST F814W,F814W_052_3887510,150.35689277461574,2.0198571583338993,-0.9355618953704834,0.10292010009288788,37.81634521484375,052,True,False,True,False,True,True,True,True,True
HST F814W,F814W_076_7143061,150.26912232311668,2.421382313057071,-0.8868846893310547,0.09942599385976791,37.804290771484375,076,True,False,True,False,True,True,True,True,True
HST F814W,F814W_090_8659611,150.02821379405358,2.538858518766224,-0.929273247718811,0.10416668653488159,37.79929733276367,090,True,False,True,False,True,True,True,True,True
HST F814W,F814W_041_2553619,150.18700909563967,1.8238908635309325,-0.45160892605781555,0.10063718259334564,37.78841018676758,041,True,False,True,False,True,True,True,True,True
HST F814W,F814W_066_5832504,150.00215944914245,2.160953267854759,-0.8413997292518616,0.11505633592605591,37.765384674072266,066,True,False,True,False,True,True,True,True,True
HST F814W,F814W_063_5327677,150.40416338984753,2.2225839021084575,-0.45298007130622864,0.10092490166425705,37.72419738769531,063,True,False,True,False,True,True,True,True,True
HST F814W,F814W_076_7144163,150.2630494948118,2.4221694190128913,-0.8496541380882263,0.09912950545549393,37.691558837890625,076,True,False,True,False,True,True,True,True,True
HST F814W,F814W_028_0945408,150.31835760209947,1.7542043674213288,-0.8789043426513672,0.10880155116319656,37.60832595825195,028,True,False,True,False,True,True,True,True,True
HST F814W,F814W_041_2506271,150.15814127022048,1.7919096252574,-0.8926632404327393,0.10013226419687271,37.598819732666016,041,True,False,True,False,True,True,True,True,True
HST F814W,F814W_065_5672358,150.10181650799942,2.2010131632570857,-0.9627442359924316,0.1380951702594757,37.594810485839844,065,True,False,True,False,True,True,True,True,True
HST F814W,F814W_077_7197893,150.09218029041497,2.3373136629351685,-0.7752377390861511,0.09980606287717819,37.58938980102539,077,True,False,True,False,True,True,True,True,True
HST F814W,F814W_067_6106725,149.81732458470353,2.2135379239950144,-0.8063493967056274,0.10499613732099533,37.58726119995117,067,True,False,True,False,True,True,True,True,True
HST F814W,F814W_054_4357226,149.8920113027313,2.007940877517731,-0.3266042172908783,0.10062526166439056,37.58693313598633,054,True,False,True,False,True,True,True,True,True
HST F814W,F814W_054_4346898,149.92968309486088,1.999325769466989,-0.8695138692855835,0.10057082772254944,37.56660079956055,054,True,False,True,False,True,True,True,True,True
HST F814W,F814W_041_2594612,150.22151967509873,1.8899055019958135,-0.5067172646522522,0.09998220950365067,37.54247283935547,041,True,False,True,False,True,True,True,True,True
HST F814W,F814W_028_1023216,150.29170006521912,1.7866588191640664,-0.9362654685974121,0.10856098681688309,37.52517318725586,028,True,False,True,False,True,True,True,True,True
HST F814W,F814W_077_7243477,150.21906712963374,2.4078746618275217,-0.9273474216461182,0.09963518381118774,37.52503204345703,077,True,False,True,False,True,True,True,True,True
HST F814W,F814W_076_7144762,150.26847050537054,2.4226581765546116,-0.8897149562835693,0.09868533909320831,37.52267837524414,076,True,False,True,False,True,True,True,True,True
HST F814W,F814W_079_7506370,149.87936272984902,2.374729533893301,-0.8424071073532104,0.10306347161531448,37.521881103515625,079,True,False,True,False,True,True,True,True,True
HST F814W,F814W_077_7257578,150.07256382697355,2.4320417646307035,-0.8616418242454529,0.09957059472799301,37.500709533691406,077,True,False,True,False,True,True,True,True,True
HST F814W,F814W_102_10346254,149.95454264316888,2.6693374931311498,-0.6326698064804077,0.10636039078235626,37.38862228393555,102,True,False,True,False,True,True,True,True,True
HST F814W,F814W_079_7479569,149.80201673293928,2.3186075098815135,-0.87965989112854,0.10265657305717468,37.373741149902344,079,True,False,True,False,True,True,True,True,True
HST F814W,F814W_063_5321471,150.46994507244264,2.210448053660812,-0.9049654006958008,0.09985081851482391,37.322723388671875,063,True,False,True,False,True,True,True,True,True
HST F814W,F814W_089_8583692,150.07927652284587,2.5971424948491553,-0.7916854619979858,0.10867371410131454,37.31542205810547,089,True,False,True,False,True,True,True,True,True
HST F814W,F814W_091_8754681,149.88287036642163,2.5197803373108227,-0.6003592014312744,0.10449899733066559,37.268341064453125,091,True,False,True,False,True,True,True,True,True
HST F814W,F814W_053_4298557,150.18384561324592,2.1228479940216585,-0.8765850067138672,0.1074661836028099,37.25469207763672,053,True,False,True,False,True,True,True,True,True
HST F814W,F814W_076_7144772,150.268655734459,2.422653216081411,-0.9062521457672119,0.09795022755861282,37.243167877197266,076,True,False,True,False,True,True,True,True,True
HST F814W,F814W_051_3703339,150.39905276443213,2.0603179344180957,-0.8711167573928833,0.10390560328960419,37.136146545410156,051,True,False,True,False,True,True,True,True,True
HST F814W,F814W_063_5321591,150.47020013109292,2.2106017009704946,-0.838283360004425,0.09934641420841217,37.134185791015625,063,True,False,True,False,True,True,True,True,True
HST F814W,F814W_090_8682801,149.92575181182886,2.5744315337682075,-0.6390443444252014,0.10227720439434052,37.11365509033203,090,True,False,True,False,True,True,True,True,True
HST F814W,F814W_089_8485596,150.21711584494292,2.5494959560452806,-0.9272278547286987,0.1080828458070755,37.1125373840332,089,True,False,True,False,True,True,True,True,True
HST F814W,F814W_089_8472463,150.1180959982146,2.5228048788385897,-0.7775082588195801,0.10800624638795853,37.08623504638672,089,True,False,True,False,True,True,True,True,True
HST F814W,F814W_054_4395136,149.98425976906987,2.0646763108352566,-0.6342756152153015,0.0992119312286377,37.05900955200195,054,True,False,True,False,True,True,True,True,True
HST F814W,F814W_055_4454880,149.88485800079704,2.0110374246690412,-0.9439234733581543,0.10169897228479385,37.04734420776367,055,True,False,True,False,True,True,True,True,True
HST F814W,F814W_042_2758524,150.0377418613504,1.8592683425996863,-0.9154614210128784,0.10747537016868591,37.041770935058594,042,True,False,True,False,True,True,True,True,True
HST F814W,F814W_066_5819582,150.04893930948194,2.156604090426561,-1.0016859769821167,0.11275127530097961,37.008785247802734,066,True,False,True,False,True,True,True,True,True
HST F814W,F814W_052_4067246,150.32682804321695,2.09794470963185,-0.7928741574287415,0.10071564465761185,37.006351470947266,052,True,False,True,False,True,True,True,True,True
HST F814W,F814W_079_7502520,149.82269027120844,2.367712443929476,-0.8638815879821777,0.10152178257703781,36.960601806640625,079,True,False,True,False,True,True,True,True,True
HST F814W,F814W_052_3868321,150.24320016858877,1.9787311015170295,-0.8622541427612305,0.10057707875967026,36.955440521240234,052,True,False,True,False,True,True,True,True,True
HST F814W,F814W_077_7243302,150.2187553852402,2.4076285055982063,-0.8314599990844727,0.09804431349039078,36.925872802734375,077,True,False,True,False,True,True,True,True,True
HST F814W,F814W_052_3887448,150.3590389103664,2.019797730116829,-0.8456403613090515,0.10049325227737427,36.92463684082031,052,True,False,True,False,True,True,True,True,True
HST F814W,F814W_051_3701035,150.3992107529595,2.056095384829808,-0.9628841280937195,0.10331322252750397,36.9244270324707,051,True,False,True,False,True,True,True,True,True
HST F814W,F814W_076_7166598,150.22599668646998,2.4569131939104136,-0.8331391215324402,0.0970146581530571,36.8874397277832,076,True,False,True,False,True,True,True,True,True
HST F814W,F814W_075_7018258,150.50861720457738,2.38040504288149,-0.7199824452400208,0.09912614524364471,36.879798889160156,075,True,False,True,False,True,True,True,True,True
HST F814W,F814W_054_4406447,149.9715686648563,2.08329757329099,-0.6287484169006348,0.09865099936723709,36.84947967529297,054,True,False,True,False,True,True,True,True,True
HST F814W,F814W_102_10353374,149.93460661726567,2.685209036188974,-0.6353552341461182,0.10468462109565735,36.79954147338867,102,True,False,True,False,True,True,True,True,True
HST F814W,F814W_075_7015767,150.5332086985321,2.376398208469536,-0.8434342741966248,0.09880511462688446,36.76035690307617,075,True,False,True,False,True,True,True,True,True
HST F814W,F814W_065_5611287,150.13685267847617,2.1405175900616795,-1.2041599750518799,0.13496580719947815,36.74287796020508,065,True,False,True,False,True,True,True,True,True
HST F814W,F814W_089_8485439,150.21699599748936,2.549378847530113,-0.855367124080658,0.10698937624692917,36.7370719909668,089,True,False,True,False,True,True,True,True,True
HST F814W,F814W_089_8563340,150.18169432488344,2.58788294149081,-0.7819673418998718,0.1069728285074234,36.731388092041016,089,True,False,True,False,True,True,True,True,True
HST F814W,F814W_067_6102007,149.7944027283145,2.2007401764727064,-0.6307072639465332,0.1025763526558876,36.72100830078125,067,True,False,True,False,True,True,True,True,True
HST F814W,F814W_079_7525735,149.84219001660495,2.4012181940543424,-0.6104620695114136,0.10078142583370209,36.691062927246094,079,True,False,True,False,True,True,True,True,True
HST F814W,F814W_067_6095144,149.84768709966045,2.1860154391844704,-0.9202601909637451,0.10248329490423203,36.68769836425781,067,True,False,True,False,True,True,True,True,True
HST F814W,F814W_041_2555465,150.07730220918893,1.8268480457866665,-0.7797024250030518,0.09767503291368484,36.6761474609375,041,True,False,True,False,True,True,True,True,True
HST F814W,F814W_067_6235135,149.86979879139713,2.2724426857716375,-0.6396455764770508,0.10222697257995605,36.5959358215332,067,True,False,True,False,True,True,True,True,True
HST F814W,F814W_077_7257318,150.07062004605027,2.4317098861422513,-0.8763531446456909,0.09715241193771362,36.589962005615234,077,True,False,True,False,True,True,True,True,True
HST F814W,F814W_090_8668061,150.00841528843236,2.549805052703956,-0.9020575284957886,0.10082858055830002,36.58798599243164,090,True,False,True,False,True,True,True,True,True
HST F814W,F814W_076_7131658,150.34909993412788,2.405114573031278,-0.861177384853363,0.09618640691041946,36.57251739501953,076,True,False,True,False,True,True,True,True,True
HST F814W,F814W_089_8432511,150.10935517024078,2.48603938365912,-0.9113475680351257,0.1064850389957428,36.56389617919922,089,True,False,True,False,True,True,True,True,True
HST F814W,F814W_067_6094998,149.84771176675508,2.185836750908521,-0.8747409582138062,0.1020674929022789,36.53884506225586,067,True,False,True,False,True,True,True,True,True
HST F814W,F814W_053_4280904,150.13530701473286,2.0850307708499423,-0.9405369758605957,0.1053989976644516,36.5380744934082,053,True,False,True,False,True,True,True,True,True
HST F814W,F814W_063_5319962,150.46897915197906,2.2089852981444693,-0.8792101740837097,0.09772559255361557,36.52834701538086,063,True,False,True,False,True,True,True,True,True
HST F814W,F814W_063_5313881,150.46799261047047,2.2001230357900354,-0.8798879981040955,0.09764911979436874,36.499759674072266,063,True,False,True,False,True,True,True,True,True
HST F814W,F814W_075_7041412,150.53742459718958,2.4187035832131136,-0.8534839153289795,0.09801826626062393,36.467613220214844,075,True,False,True,False,True,True,True,True,True
HST F814W,F814W_090_8682776,149.92576335255268,2.5743844755765313,-0.6212821006774902,0.10048577189445496,36.463592529296875,090,True,False,True,False,True,True,True,True,True
HST F814W,F814W_076_7136712,150.2836700914757,2.4133921552076587,-0.572633683681488,0.09589293599128723,36.460933685302734,076,True,False,True,False,True,True,True,True,True
HST F814W,F814W_088_8247494,150.26756831674157,2.5032132755869694,-0.9092125296592712,0.10225769132375717,36.45769500732422,088,True,False,True,False,True,True,True,True,True
HST F814W,F814W_067_6095055,149.8477424655414,2.185922412184044,-0.8647757172584534,0.10183089226484299,36.45414352416992,067,True,False,True,False,True,True,True,True,True
HST F814W,F814W_042_2757807,150.0395892212667,1.8589460844954626,-0.9543540477752686,0.10574612021446228,36.44578170776367,042,True,False,True,False,True,True,True,True,True
HST F814W,F814W_077_7282166,150.22582811416845,2.4564801930627564,-0.8720166087150574,0.09675106406211853,36.438804626464844,077,True,False,True,False,True,True,True,True,True
HST F814W,F814W_089_8592139,150.11479540829703,2.600817272638959,-0.9312036037445068,0.10610411316156387,36.43309783935547,089,True,False,True,False,True,True,True,True,True
HST F814W,F814W_075_7040357,150.42290662195646,2.4174055574169193,-0.8365838527679443,0.09780528396368027,36.388370513916016,075,True,False,True,False,True,True,True,True,True
HST F814W,F814W_090_8710024,150.03267044563677,2.613158517132643,-0.8635678887367249,0.10023780167102814,36.37361145019531,090,True,False,True,False,True,True,True,True,True
HST F814W,F814W_051_3701497,150.39953915271533,2.056819588915038,-0.8781511187553406,0.1017589345574379,36.36892318725586,051,True,False,True,False,True,True,True,True,True
HST F814W,F814W_052_3886753,150.35897885059737,2.0190358150966987,-0.8529465794563293,0.09890277683734894,36.34024429321289,052,True,False,True,False,True,True,True,True,True
HST F814W,F814W_079_7476907,149.7976351950301,2.3124407131718163,-0.8828206062316895,0.09965192526578903,36.27985382080078,079,True,False,True,False,True,True,True,True,True
HST F814W,F814W_053_4285446,150.2234750532209,2.1000015513342842,-0.8534125089645386,0.10465195775032043,36.27910232543945,053,True,False,True,False,True,True,True,True,True
HST F814W,F814W_055_4455862,149.7532024020507,2.01426978349719,-0.8309963941574097,0.0994623526930809,36.23257827758789,055,True,False,True,False,True,True,True,True,True
HST F814W,F814W_051_3703097,150.3996930473642,2.059943437966746,-0.8903360366821289,0.10130881518125534,36.208045959472656,051,True,False,True,False,True,True,True,True,True
HST F814W,F814W_028_0904404,150.27798682010197,1.7409254247939492,0.4288097620010376,0.10473070293664932,36.20119857788086,028,True,False,True,False,True,True,True,True,True
HST F814W,F814W_040_2434719,150.31345992346365,1.8803692068444053,-0.6617802977561951,0.0936812162399292,36.19026565551758,040,True,False,True,False,True,True,True,True,True
HST F814W,F814W_078_7422083,150.0274643986641,2.373824759835148,-0.8999412059783936,0.10172182321548462,36.17984390258789,078,True,False,True,False,True,True,True,True,True
HST F814W,F814W_076_7065794,150.2985190089012,2.293920037711437,-0.5967329144477844,0.09511546045541763,36.16531753540039,076,True,False,True,False,True,True,True,True,True
HST F814W,F814W_041_2561393,150.15973758825322,1.8376990260877866,-0.8100489377975464,0.09628067165613174,36.1525764465332,041,True,False,True,False,True,True,True,True,True
HST F814W,F814W_075_7031200,150.41089174045246,2.403069743573038,-0.5767750144004822,0.09716913104057312,36.15169143676758,075,True,False,True,False,True,True,True,True,True
HST F814W,F814W_065_5642195,150.2244375111974,2.1722862574747293,-0.971816897392273,0.1326911598443985,36.12363052368164,065,True,False,True,False,True,True,True,True,True
HST F814W,F814W_064_5478332,150.29857626783587,2.229398007488901,-0.8864026069641113,0.09857642650604248,36.11602020263672,064,True,False,True,False,True,True,True,True,True
HST F814W,F814W_090_8668113,150.00847994003854,2.5498389028266546,-0.8855242729187012,0.09951137751340866,36.110008239746094,090,True,False,True,False,True,True,True,True,True
HST F814W,F814W_075_7017214,150.50766514170493,2.3782159077376384,-0.8391985297203064,0.09704475104808807,36.10541534423828,075,True,False,True,False,True,True,True,True,True
HST F814W,F814W_052_4041181,150.36291171189364,2.0749397658146282,-0.7947577238082886,0.09814728796482086,36.062652587890625,052,True,False,True,False,True,True,True,True,True
HST F814W,F814W_063_5319917,150.4714393987894,2.208950672172705,-0.8298705816268921,0.0964786484837532,36.062255859375,063,True,False,True,False,True,True,True,True,True
HST F814W,F814W_055_4563622,149.87095573653795,2.1081621525646286,-0.8228150010108948,0.09895629435777664,36.0482292175293,055,True,False,True,False,True,True,True,True,True
HST F814W,F814W_088_8243769,150.29335180630827,2.493617518659269,-0.5719813108444214,0.10103613138198853,36.02217483520508,088,True,False,True,False,True,True,True,True,True
HST F814W,F814W_052_3872319,150.36118039939754,1.98800339312799,-0.8419156670570374,0.09802316874265671,36.01704406738281,052,True,False,True,False,True,True,True,True,True
HST F814W,F814W_090_8703560,149.94173166003281,2.6037385378102416,-0.6533850431442261,0.09924261271953583,36.012481689453125,090,True,False,True,False,True,True,True,True,True
HST F814W,F814W_063_5294077,150.39388763577526,2.166266395871261,-0.7393718361854553,0.09633787721395493,36.009639739990234,063,True,False,True,False,True,True,True,True,True
HST F814W,F814W_090_8712700,149.94787872760315,2.6174136470644482,-0.805182158946991,0.0991622805595398,35.983333587646484,090,True,False,True,False,True,True,True,True,True
HST F814W,F814W_067_6141733,149.88889350206347,2.2380286786318524,0.05234094336628914,0.10050652176141739,35.980037689208984,067,True,False,True,False,True,True,True,True,True
HST F814W,F814W_052_3887477,150.35903208245873,2.019822177286074,-0.8459761738777161,0.09790638834238052,35.97413635253906,052,True,False,True,False,True,True,True,True,True
HST F814W,F814W_041_2549560,150.0707074749559,1.8180125291085782,-0.6049860119819641,0.09579961001873016,35.97194290161133,041,True,False,True,False,True,True,True,True,True
HST F814W,F814W_075_7016864,150.5070896249176,2.3777587288121262,-0.8506178855895996,0.09657318145036697,35.929969787597656,075,True,False,True,False,True,True,True,True,True
HST F814W,F814W_076_7148990,150.27156455453158,2.4282516485020644,-0.8450141549110413,0.09443919360637665,35.90818405151367,076,True,False,True,False,True,True,True,True,True
HST F814W,F814W_088_8241240,150.2999063044001,2.486907466957132,-0.8936866521835327,0.10066264867782593,35.889015197753906,088,True,False,True,False,True,True,True,True,True
HST F814W,F814W_063_5336216,150.43327958669022,2.237888589156876,-0.6473222970962524,0.0960150733590126,35.888980865478516,063,True,False,True,False,True,True,True,True,True
HST F814W,F814W_042_2807337,149.90716517704283,1.8898796149924417,-0.4744689166545868,0.10412908345460892,35.88846206665039,042,True,False,True,False,True,True,True,True,True
HST F814W,F814W_052_3889073,150.29289091409663,2.023158000837073,-0.775885820388794,0.09763927757740021,35.87599182128906,052,True,False,True,False,True,True,True,True,True
HST F814W,F814W_052_3874822,150.36728592997318,1.9932039501502905,-0.7781080007553101,0.09763418138027191,35.87411880493164,052,True,False,True,False,True,True,True,True,True
HST F814W,F814W_063_5313768,150.4679913654238,2.200023461134407,-0.7828079462051392,0.09589029848575592,35.84233856201172,063,True,False,True,False,True,True,True,True,True
HST F814W,F814W_063_5307627,150.4344207070413,2.190838958530905,-0.6564361453056335,0.09587076306343079,35.83503723144531,063,True,False,True,False,True,True,True,True,True
HST F814W,F814W_063_5329935,150.41836512287128,2.2269423357963842,-0.5762273073196411,0.09572292864322662,35.779781341552734,063,True,False,True,False,True,True,True,True,True
HST F814W,F814W_078_7435459,150.03894892276756,2.396933415204448,-0.9115146994590759,0.1005852147936821,35.77558135986328,078,True,False,True,False,True,True,True,True,True
HST F814W,F814W_090_8709868,150.03281914758608,2.612975870646027,-0.8332648277282715,0.09858862310647964,35.77516555786133,090,True,False,True,False,True,True,True,True,True
HST F814W,F814W_063_5331259,150.48735851040553,2.2297372669109854,-0.5240026712417603,0.09568019211292267,35.7638053894043,063,True,False,True,False,True,True,True,True,True
HST F814W,F814W_088_8235584,150.2801644868518,2.4743635027064808,-0.9000329971313477,0.10030346363782883,35.760955810546875,088,True,False,True,False,True,True,True,True,True
HST F814W,F814W_090_8668675,150.0084822662811,2.550337410630905,-0.8111604452133179,0.09853101521730423,35.7542610168457,090,True,False,True,False,True,True,True,True,True
HST F814W,F814W_055_4437974,149.88857495359142,1.9712461786429665,-0.7541322112083435,0.0981360375881195,35.74942398071289,055,True,False,True,False,True,True,True,True,True
HST F814W,F814W_075_7027256,150.48250725579913,2.396352840379444,-0.5100488662719727,0.09594622999429703,35.696712493896484,075,True,False,True,False,True,True,True,True,True
HST F814W,F814W_075_7047742,150.41516036626916,2.4309701079220325,-0.84266197681427,0.09589970856904984,35.679405212402344,075,True,False,True,False,True,True,True,True,True
HST F814W,F814W_090_8682824,149.92567398095193,2.574464284247552,-0.7366513013839722,0.09819775819778442,35.633331298828125,090,True,False,True,False,True,True,True,True,True
HST F814W,F814W_067_6095323,149.84720727746847,2.1862609398238386,-0.7565176486968994,0.09938681870698929,35.57919692993164,067,True,False,True,False,True,True,True,True,True
HST F814W,F814W_055_4563815,149.870960518016,2.108215993827552,-0.8516133427619934,0.09753508865833282,35.5305061340332,055,True,False,True,False,True,True,True,True,True
HST F814W,F814W_065_5611222,150.13688513038593,2.140465086232622,-1.1549122333526611,0.13046644628047943,35.51797866821289,065,True,False,True,False,True,True,True,True,True
HST F814W,F814W_089_8591369,150.114763377715,2.600501874549695,-0.9477292895317078,0.10343657433986664,35.51713943481445,089,True,False,True,False,True,True,True,True,True
HST F814W,F814W_052_4067191,150.32502178156344,2.0978872370952555,-0.8225929737091064,0.09650421887636185,35.45893096923828,052,True,False,True,False,True,True,True,True,True
HST F814W,F814W_076_7166902,150.22657195439717,2.4572334683970802,-0.8154027462005615,0.09324660152196884,35.45473098754883,076,True,False,True,False,True,True,True,True,True
HST F814W,F814W_075_7017238,150.50786170490815,2.378250714194378,-0.845794141292572,0.09526782482862473,35.444313049316406,075,True,False,True,False,True,True,True,True,True
HST F814W,F814W_065_5770240,150.1876058867924,2.276376547648379,-1.1918150186538696,0.13016383349895477,35.43559646606445,065,True,False,True,False,True,True,True,True,True
HST F814W,F814W_089_8432447,150.10934537115497,2.4860277851809225,-0.9251540303230286,0.10315354913473129,35.41995620727539,089,True,False,True,False,True,True,True,True,True
HST F814W,F814W_052_3875065,150.3686617840822,1.993530270722894,-0.8060975074768066,0.09639454632997513,35.41863250732422,052,True,False,True,False,True,True,True,True,True
HST F814W,F814W_075_7060856,150.5351586106376,2.4559054728097256,-0.6083380579948425,0.09518128633499146,35.41211700439453,075,True,False,True,False,True,True,True,True,True
HST F814W,F814W_043_2952175,149.75446674318195,1.959942029551445,-0.6970436573028564,0.09439098834991455,35.40916061401367,043,True,False,True,False,True,True,True,True,True
HST F814W,F814W_079_7467486,149.8837804752018,2.292176171221884,-0.5189732313156128,0.09720464795827866,35.38888168334961,079,True,False,True,False,True,True,True,True,True
HST F814W,F814W_055_4480644,149.83224862771058,2.076455977169033,-0.3560517430305481,0.09706280380487442,35.358463287353516,055,True,False,True,False,True,True,True,True,True
HST F814W,F814W_065_5611723,150.13675488607814,2.140901625122352,-1.1740835905075073,0.12987446784973145,35.35681915283203,065,True,False,True,False,True,True,True,True,True
HST F814W,F814W_063_5321138,150.46905733231645,2.210087529220457,-0.8207606673240662,0.09456134587526321,35.34559631347656,063,True,False,True,False,True,True,True,True,True
HST F814W,F814W_087_8139694,150.4184819119534,2.486686727010274,-0.7616020441055298,0.09429635107517242,35.33588409423828,087,True,False,True,False,True,True,True,True,True
HST F814W,F814W_066_5803311,149.97607827515805,2.151406862192768,-0.7187073826789856,0.10765063762664795,35.3345832824707,066,True,False,True,False,True,True,True,True,True
HST F814W,F814W_040_2479891,150.25655697621715,1.9319078286603275,-0.5039314031600952,0.09145986288785934,35.33212661743164,040,True,False,True,False,True,True,True,True,True
HST F814W,F814W_055_4455820,149.7529403097647,2.0141850394163376,-0.8805466890335083,0.09688736498355865,35.294551849365234,055,True,False,True,False,True,True,True,True,True
HST F814W,F814W_054_4405946,149.98243136344848,2.082673643037532,-0.8222002387046814,0.09444908052682877,35.27992248535156,054,True,False,True,False,True,True,True,True,True
HST F814W,F814W_075_6991896,150.48505978084276,2.3285836373913136,-0.8065390586853027,0.09480349719524384,35.27156066894531,075,True,False,True,False,True,True,True,True,True
HST F814W,F814W_067_6071452,149.8814285248521,2.135995839277435,-0.20572826266288757,0.09850728511810303,35.26433563232422,067,True,False,True,False,True,True,True,True,True
HST F814W,F814W_040_2398711,150.3188189531646,1.8248695146957303,-0.6512249112129211,0.09120291471481323,35.23286437988281,040,True,False,True,False,True,True,True,True,True
HST F814W,F814W_076_7167100,150.26085210016157,2.457418919970228,-0.8378377556800842,0.09265384078025818,35.229347229003906,076,True,False,True,False,True,True,True,True,True
HST F814W,F814W_052_3997295,150.3797510260648,2.0626424009036364,-0.8025937080383301,0.09585866332054138,35.22173309326172,052,True,False,True,False,True,True,True,True,True
HST F814W,F814W_088_8239178,150.3836576863181,2.482637498058088,-0.5801469087600708,0.09874869138002396,35.20663833618164,088,True,False,True,False,True,True,True,True,True
HST F814W,F814W_088_8257596,150.2751888860977,2.527507061700942,-0.13044661283493042,0.09870743006467819,35.19192886352539,088,True,False,True,False,True,True,True,True,True
HST F814W,F814W_075_7017209,150.50846091165445,2.378200912136279,-0.7889808416366577,0.09442245215177536,35.129791259765625,075,True,False,True,False,True,True,True,True,True
HST F814W,F814W_075_7017134,150.50864532163894,2.378106502555296,-0.7826750874519348,0.09438855946063995,35.117183685302734,075,True,False,True,False,True,True,True,True,True
HST F814W,F814W_052_3912273,150.31150819183907,2.0367904874665954,-0.8253536224365234,0.09555274248123169,35.10932540893555,052,True,False,True,False,True,True,True,True,True
HST F814W,F814W_088_8243411,150.27350489590904,2.4924916992031405,-0.6422353386878967,0.09847241640090942,35.10813903808594,088,True,False,True,False,True,True,True,True,True
HST F814W,F814W_052_3877267,150.27659463146784,1.9980900676645814,-0.8667583465576172,0.09553055465221405,35.101173400878906,052,True,False,True,False,True,True,True,True,True
HST F814W,F814W_042_2783433,150.03348519606155,1.8721674564882351,-0.848359227180481,0.10175798088312149,35.07125473022461,042,True,False,True,False,True,True,True,True,True
HST F814W,F814W_064_5478278,150.29921923521925,2.2293875763405127,-0.8165233135223389,0.09567452222108841,35.052833557128906,064,True,False,True,False,True,True,True,True,True
HST F814W,F814W_063_5327654,150.46814488865655,2.2225135602100954,0.03392734006047249,0.09376747906208038,35.04886245727539,063,True,False,True,False,True,True,True,True,True
HST F814W,F814W_075_7001623,150.51518342187023,2.347482431709651,-0.43127310276031494,0.09414558857679367,35.02678680419922,075,True,False,True,False,True,True,True,True,True
HST F814W,F814W_042_2758136,150.03956955440037,1.8590947964669007,-0.8588547706604004,0.10161514580249786,35.02202606201172,042,True,False,True,False,True,True,True,True,True
HST F814W,F814W_055_4597391,149.87694789917384,2.1178767623536583,-0.3646925091743469,0.09612870961427689,35.018184661865234,055,True,False,True,False,True,True,True,True,True
HST F814W,F814W_076_7118131,150.26792625432282,2.3823157409237683,-0.609332799911499,0.0920189619064331,34.98794937133789,076,True,False,True,False,True,True,True,True,True
HST F814W,F814W_076_7166660,150.2259510910237,2.4569470185242066,-0.7999700307846069,0.09200629591941833,34.98313522338867,076,True,False,True,False,True,True,True,True,True
HST F814W,F814W_063_5320039,150.47201593059984,2.2090635286729037,-0.7344331741333008,0.09357596188783646,34.97727584838867,063,True,False,True,False,True,True,True,True,True
HST F814W,F814W_076_7109454,150.28064399598426,2.368953502334719,-0.6907391548156738,0.0918860137462616,34.937400817871094,076,True,False,True,False,True,True,True,True,True
HST F814W,F814W_055_4456134,149.7526542791175,2.014897095723848,-0.8260191082954407,0.09589792788028717,34.93411636352539,055,True,False,True,False,True,True,True,True,True
HST F814W,F814W_040_2477059,150.23898311207833,1.9291155058370533,-0.7585605382919312,0.09040164947509766,34.92332458496094,040,True,False,True,False,True,True,True,True,True
HST F814W,F814W_066_5798562,149.99100549124856,2.149472678233084,-0.8679509162902832,0.10638579726219177,34.9194221496582,066,True,False,True,False,True,True,True,True,True
HST F814W,F814W_042_2757003,150.03833893148345,1.8585606312883634,-0.852808952331543,0.10124412178993225,34.89414978027344,042,True,False,True,False,True,True,True,True,True
HST F814W,F814W_041_2547972,150.17602914351957,1.8156604615153475,-0.3874013125896454,0.09288603812456131,34.87792205810547,041,True,False,True,False,True,True,True,True,True
HST F814W,F814W_052_3926069,150.27969353181322,2.0411014663599136,-0.15281471610069275,0.09490729868412018,34.872169494628906,052,True,False,True,False,True,True,True,True,True
HST F814W,F814W_055_4451008,149.88533296497152,2.0025202559643667,-0.22620093822479248,0.09571363031864166,34.86697769165039,055,True,False,True,False,True,True,True,True,True
HST F814W,F814W_078_7335225,150.01190356092658,2.318371440220511,-0.6526999473571777,0.09776324033737183,34.77187728881836,078,True,False,True,False,True,True,True,True,True
HST F814W,F814W_040_2411211,150.33515701717178,1.8442870499714226,-0.45801249146461487,0.08992138504981995,34.73779296875,040,True,False,True,False,True,True,True,True,True
HST F814W,F814W_041_2610683,150.07506529707217,1.9151469153442544,-0.8179617524147034,0.09246591478586197,34.72016906738281,041,True,False,True,False,True,True,True,True,True
HST F814W,F814W_043_2943064,149.81688039533412,1.9398116438940112,-0.8167575597763062,0.09245900809764862,34.684410095214844,043,True,False,True,False,True,True,True,True,True
HST F814W,F814W_102_10342030,149.92727106942343,2.6602281437059854,-0.5118178725242615,0.09859094023704529,34.65744400024414,102,True,False,True,False,True,True,True,True,True
HST F814W,F814W_075_7027294,150.43910071902428,2.396411723371383,-0.7945627570152283,0.09309390932321548,34.6355094909668,075,True,False,True,False,True,True,True,True,True
HST F814W,F814W_052_3997528,150.3796623297799,2.0626965894855958,-0.8409091234207153,0.09421148151159286,34.61650085449219,052,True,False,True,False,True,True,True,True,True
HST F814W,F814W_089_8485821,150.21731075500028,2.54968931711592,-0.8160189390182495,0.10078658908605576,34.60721206665039,089,True,False,True,False,True,True,True,True,True
HST F814W,F814W_077_7256439,150.07170531489086,2.4309166900509362,-0.7135432362556458,0.09183340519666672,34.586692810058594,077,True,False,True,False,True,True,True,True,True
HST F814W,F814W_054_4425406,149.95138177164523,2.1175466521546276,-0.830248236656189,0.0925830751657486,34.58290481567383,054,True,False,True,False,True,True,True,True,True
HST F814W,F814W_087_8140562,150.47548479606616,2.4882693766847446,-0.5106334686279297,0.0922790989279747,34.579952239990234,087,True,False,True,False,True,True,True,True,True
HST F814W,F814W_063_5320004,150.47164635283715,2.2090392359588225,-0.7177467346191406,0.09245476126670837,34.558189392089844,063,True,False,True,False,True,True,True,True,True
HST F814W,F814W_051_3702859,150.39814383897865,2.059559694366577,-0.8849930763244629,0.09663722664117813,34.53841018676758,051,True,False,True,False,True,True,True,True,True
HST F814W,F814W_054_4346689,149.92950403084828,1.9991542799934228,-0.771731436252594,0.09243439137935638,34.527366638183594,054,True,False,True,False,True,True,True,True,True
HST F814W,F814W_075_7045180,150.407238712516,2.4259470935596226,-0.7784333825111389,0.0927681177854538,34.51429748535156,075,True,False,True,False,True,True,True,True,True
HST F814W,F814W_042_2750922,149.96514294141426,1.855059552689277,-0.3921222984790802,0.10013995319604874,34.51359558105469,042,True,False,True,False,True,True,True,True,True
HST F814W,F814W_052_3874975,150.36864443957526,1.9934312318566896,-0.807186484336853,0.09384508430957794,34.481876373291016,052,True,False,True,False,True,True,True,True,True
HST F814W,F814W_064_5372461,150.2578324239566,2.1301455226019157,-0.5208309888839722,0.09403333067893982,34.451541900634766,064,True,False,True,False,True,True,True,True,True
HST F814W,F814W_076_7086087,150.23391431770284,2.327208274821013,-0.09910396486520767,0.09056068956851959,34.43347930908203,076,True,False,True,False,True,True,True,True,True
HST F814W,F814W_067_6069601,149.82615623760583,2.134860144756313,-0.8149874806404114,0.09617367386817932,34.428932189941406,067,True,False,True,False,True,True,True,True,True
HST F814W,F814W_076_7141272,150.26798086132357,2.4200519559027627,-0.7400617599487305,0.09054868668317795,34.42891311645508,076,True,False,True,False,True,True,True,True,True
HST F814W,F814W_075_7025853,150.43851364009205,2.3947586839543873,-0.8355593681335449,0.09251868724822998,34.4214973449707,075,True,False,True,False,True,True,True,True,True
HST F814W,F814W_075_7005970,150.42344747837117,2.355409711412154,-0.6265294551849365,0.09251862019300461,34.42147445678711,075,True,False,True,False,True,True,True,True,True
HST F814W,F814W_077_7283894,150.22595192935194,2.4569658982517724,-0.7905349135398865,0.09139245748519897,34.420623779296875,077,True,False,True,False,True,True,True,True,True
HST F814W,F814W_041_2549372,150.07687024241602,1.8176947888961905,0.0917307659983635,0.0916571095585823,34.41646957397461,041,True,False,True,False,True,True,True,True,True
HST F814W,F814W_075_7035511,150.5338737079355,2.4088179274089527,0.018224716186523438,0.0925009697675705,34.4149055480957,075,True,False,True,False,True,True,True,True,True
HST F814W,F814W_041_2507514,150.1600482962319,1.7921517791126471,-0.7938860654830933,0.09161268919706345,34.3997917175293,041,True,False,True,False,True,True,True,True,True
HST F814W,F814W_063_5350051,150.47050075731957,2.265990819291215,-0.7773922681808472,0.09202491492033005,34.397518157958984,063,True,False,True,False,True,True,True,True,True
HST F814W,F814W_079_7538729,149.8831930028821,2.4172145269026064,-0.5091834664344788,0.09446835517883301,34.39269256591797,079,True,False,True,False,True,True,True,True,True
HST F814W,F814W_067_6076445,149.8685286913872,2.1429180651230517,-0.37272000312805176,0.09601173549890518,34.3709602355957,067,True,False,True,False,True,True,True,True,True
HST F814W,F814W_040_2380493,150.29878085063137,1.7911936707425875,-0.3399294316768646,0.08895362913608551,34.36393737792969,040,True,False,True,False,True,True,True,True,True
HST F814W,F814W_088_8236103,150.27949989512376,2.4752946243006475,-0.8114988803863525,0.09638271480798721,34.363101959228516,088,True,False,True,False,True,True,True,True,True
HST F814W,F814W_067_6094759,149.84814073456567,2.185480577356944,-0.8032450675964355,0.09598961472511292,34.36304473876953,067,True,False,True,False,True,True,True,True,True
HST F814W,F814W_052_4039986,150.3637454276701,2.0746317788044837,-0.8503818511962891,0.09350502490997314,34.35692596435547,052,True,False,True,False,True,True,True,True,True
HST F814W,F814W_063_5319804,150.46903295654386,2.2088421728658774,-0.7564352750778198,0.09187477827072144,34.341400146484375,063,True,False,True,False,True,True,True,True,True
HST F814W,F814W_087_8125678,150.40704902640869,2.4598339754705387,-0.543444037437439,0.09164207428693771,34.34123992919922,087,True,False,True,False,True,True,True,True,True
HST F814W,F814W_088_8236124,150.2794894651994,2.475334926007528,-0.8405789136886597,0.09623973816633224,34.31212615966797,088,True,False,True,False,True,True,True,True,True
HST F814W,F814W_091_8728704,149.85002369247863,2.4732682786858833,-0.5998233556747437,0.09598170965909958,34.230751037597656,091,True,False,True,False,True,True,True,True,True
HST F814W,F814W_087_8144580,150.45418144353434,2.495948430850946,-0.7565024495124817,0.09132683277130127,34.223106384277344,087,True,False,True,False,True,True,True,True,True
HST F814W,F814W_087_8139628,150.41850702904128,2.486590523418267,-0.7831223011016846,0.09122089296579361,34.18341064453125,087,True,False,True,False,True,True,True,True,True
HST F814W,F814W_090_8668453,150.008273177078,2.5501690809951643,-0.7676452994346619,0.09410720318555832,34.14897918701172,090,True,False,True,False,True,True,True,True,True
HST F814W,F814W_066_5801110,149.99058517462868,2.150480320718617,-0.8663522601127625,0.10402381420135498,34.14413833618164,066,True,False,True,False,True,True,True,True,True
HST F814W,F814W_090_8673129,150.01409059927417,2.5568692909402073,-0.6029490232467651,0.09407199919223785,34.13620376586914,090,True,False,True,False,True,True,True,True,True
HST F814W,F814W_076_7142372,150.26603989350593,2.4208790117495917,-0.7677450180053711,0.08977565169334412,34.134986877441406,076,True,False,True,False,True,True,True,True,True
HST F814W,F814W_076_7156740,150.37806900511933,2.4398445974727534,-0.720047116279602,0.08974696695804596,34.124080657958984,076,True,False,True,False,True,True,True,True,True
HST F814W,F814W_076_7117664,150.26544042816988,2.3814242187807375,-0.48954513669013977,0.089645616710186,34.08554458618164,076,True,False,True,False,True,True,True,True,True
HST F814W,F814W_077_7263097,150.14439105373444,2.4428195515479794,-0.6291580200195312,0.09050025045871735,34.0845947265625,077,True,False,True,False,True,True,True,True,True
HST F814W,F814W_052_3997254,150.3798016568084,2.0626366064919046,-0.7722140550613403,0.09275393933057785,34.08095169067383,052,True,False,True,False,True,True,True,True,True
HST F814W,F814W_088_8237405,150.37060509548394,2.4786456909345995,-0.8122683763504028,0.09546484053134918,34.03585433959961,088,True,False,True,False,True,True,True,True,True
HST F814W,F814W_067_6094891,149.84903878262492,2.1856719135593936,-0.7669976949691772,0.09502267092466354,34.01688766479492,067,True,False,True,False,True,True,True,True,True
HST F814W,F814W_041_2561368,150.16058146151312,1.8376884019816924,-0.8004844188690186,0.0904882624745369,33.977577209472656,041,True,False,True,False,True,True,True,True,True
HST F814W,F814W_090_8670660,150.0300081846355,2.5527657041460876,-0.7251328825950623,0.09361817687749863,33.971527099609375,090,True,False,True,False,True,True,True,True,True
HST F814W,F814W_041_2503666,150.15850806901298,1.7914402048173566,-0.7760531306266785,0.0904458537697792,33.96165466308594,041,True,False,True,False,True,True,True,True,True
HST F814W,F814W_040_2453850,150.25178837770324,1.900344607875346,1.0060102939605713,0.08786483108997345,33.943321228027344,040,True,False,True,False,True,True,True,True,True
HST F814W,F814W_053_4283092,150.17110648226543,2.09095905729697,-0.7980322241783142,0.09791174530982971,33.942508697509766,053,True,False,True,False,True,True,True,True,True
HST F814W,F814W_051_3700721,150.39943655003316,2.055617065990905,-0.8426916599273682,0.09496500343084335,33.94075393676758,051,True,False,True,False,True,True,True,True,True
HST F814W,F814W_090_8682742,149.92575470556122,2.5743528921439487,-0.7170801758766174,0.0935095027089119,33.932090759277344,090,True,False,True,False,True,True,True,True,True
HST F814W,F814W_056_4639661,149.68715489260669,1.9632071513764524,-0.6170780658721924,0.09810324013233185,33.927547454833984,056,True,False,True,False,True,True,True,True,True
HST F814W,F814W_041_2552670,150.06232630502495,1.822412901181026,-0.601452112197876,0.09015145152807236,33.85110855102539,041,True,False,True,False,True,True,True,True,True
HST F814W,F814W_028_1023487,150.2912558690085,1.7872672904006026,-0.7970162630081177,0.09784414619207382,33.82079315185547,028,True,False,True,False,True,True,True,True,True
HST F814W,F814W_042_2815884,150.01415483493798,1.9136669262930672,-0.648720383644104,0.09809624403715134,33.80922317504883,042,True,False,True,False,True,True,True,True,True
HST F814W,F814W_063_5319413,150.47095795995847,2.2084197506475163,-0.7569317817687988,0.09041786193847656,33.79682540893555,063,True,False,True,False,True,True,True,True,True
HST F814W,F814W_078_7426609,149.97660618248656,2.3823867626347743,-0.6847102642059326,0.0949203372001648,33.7607307434082,078,True,False,True,False,True,True,True,True,True
HST F814W,F814W_042_2829879,149.9616288557492,1.9575178821967074,-0.5816650390625,0.09795019775629044,33.758888244628906,042,True,False,True,False,True,True,True,True,True
HST F814W,F814W_076_7144961,150.2666453088867,2.4228258248498133,-0.7576298713684082,0.0887453481554985,33.74324035644531,076,True,False,True,False,True,True,True,True,True
HST F814W,F814W_087_8139761,150.4193919143994,2.4867790280984425,-0.7726016640663147,0.09004297852516174,33.742008209228516,087,True,False,True,False,True,True,True,True,True
HST F814W,F814W_067_6094776,149.84798401039876,2.185511335187287,-0.8205154538154602,0.09415283799171448,33.705501556396484,067,True,False,True,False,True,True,True,True,True
HST F814W,F814W_052_4036274,150.36277543348712,2.0736830421217456,-0.6992899179458618,0.09172244369983673,33.70194625854492,052,True,False,True,False,True,True,True,True,True
HST F814W,F814W_075_7027128,150.43855701001695,2.396184375369747,-0.7467854619026184,0.09054341912269592,33.68659973144531,075,True,False,True,False,True,True,True,True,True
HST F814W,F814W_066_5798106,149.99078660737658,2.1492469265503154,-0.8993417024612427,0.1024666503071785,33.63302230834961,066,True,False,True,False,True,True,True,True,True
HST F814W,F814W_088_8233330,150.3150541085352,2.468700293539475,-0.5590788125991821,0.09427490830421448,33.611610412597656,088,True,False,True,False,True,True,True,True,True
HST F814W,F814W_078_7415377,150.0587713560187,2.3577087513449673,-0.7589989900588989,0.09447945654392242,33.603919982910156,078,True,False,True,False,True,True,True,True,True
HST F814W,F814W_088_8235862,150.28031676423498,2.474864308643285,-0.8390125632286072,0.09424499422311783,33.60094451904297,088,True,False,True,False,True,True,True,True,True
HST F814W,F814W_075_7017148,150.5075456131657,2.3781299580771718,-0.742641031742096,0.0902823656797409,33.5894775390625,075,True,False,True,False,True,True,True,True,True
HST F814W,F814W_076_7156715,150.37805835181925,2.4398014855076755,-0.7109442949295044,0.08830254524946213,33.57487487792969,076,True,False,True,False,True,True,True,True,True
HST F814W,F814W_077_7226423,150.18886891984567,2.3822950397892404,-0.6168813705444336,0.0890679731965065,33.545166015625,077,True,False,True,False,True,True,True,True,True
HST F814W,F814W_053_4276997,150.22500982809697,2.0729349289206285,-0.5784245133399963,0.09671705961227417,33.52835464477539,053,True,False,True,False,True,True,True,True,True
HST F814W,F814W_066_5983739,149.9173325195612,2.240718028322611,-0.33158326148986816,0.102138951420784,33.52546310424805,066,True,False,True,False,True,True,True,True,True
HST F814W,F814W_043_2953229,149.75559650095798,1.9608790055659688,-0.665992021560669,0.08935409039258957,33.5196533203125,043,True,False,True,False,True,True,True,True,True
HST F814W,F814W_052_3888007,150.3583381968546,2.020467373462815,-0.8043655753135681,0.09120284765958786,33.51102828979492,052,True,False,True,False,True,True,True,True,True
HST F814W,F814W_052_3998023,150.3795430736478,2.062838420024919,-0.7783203721046448,0.09119199216365814,33.50703811645508,052,True,False,True,False,True,True,True,True,True
HST F814W,F814W_067_6215905,149.8189626865317,2.2651371571569565,-0.45576587319374084,0.09351452440023422,33.476993560791016,067,True,False,True,False,True,True,True,True,True
HST F814W,F814W_077_7256052,150.07140489811044,2.430461104902938,-0.5922158360481262,0.08886396139860153,33.46833038330078,077,True,False,True,False,True,True,True,True,True
HST F814W,F814W_043_2950586,149.7840002810987,1.958107241869988,-0.7277556657791138,0.08918935060501099,33.457855224609375,043,True,False,True,False,True,True,True,True,True
HST F814W,F814W_090_8682813,149.92563072744227,2.574451452884078,-0.5590596795082092,0.09219521284103394,33.455169677734375,090,True,False,True,False,True,True,True,True,True
HST F814W,F814W_053_4276289,150.09100164001376,2.070950768216063,-0.7368440628051758,0.09643504023551941,33.43058776855469,053,True,False,True,False,True,True,True,True,True
HST F814W,F814W_065_5629070,150.09111592306323,2.159595854432892,-0.5335931777954102,0.12273268401622772,33.41255187988281,065,True,False,True,False,True,True,True,True,True
HST F814W,F814W_055_4589023,149.8016072469373,2.1155791847011955,-0.7572497129440308,0.09165134280920029,33.387149810791016,055,True,False,True,False,True,True,True,True,True
HST F814W,F814W_063_5365175,150.43237460406868,2.290213149276071,-0.7472083568572998,0.0892382264137268,33.35589599609375,063,True,False,True,False,True,True,True,True,True
HST F814W,F814W_063_5321125,150.46903807177858,2.2100853284278736,-0.7825232744216919,0.08915460854768753,33.324642181396484,063,True,False,True,False,True,True,True,True,True
HST F814W,F814W_067_6246854,149.85491041195507,2.2824938058411965,-0.4797399342060089,0.09300093352794647,33.29313278198242,067,True,False,True,False,True,True,True,True,True
HST F814W,F814W_089_8431994,150.10953945696448,2.4858233153463685,-0.8538926839828491,0.09692341834306717,33.28071212768555,089,True,False,True,False,True,True,True,True,True
HST F814W,F814W_053_4298763,150.18401302478136,2.1229304571985246,-0.6853375434875488,0.09589983522891998,33.245052337646484,053,True,False,True,False,True,True,True,True,True
HST F814W,F814W_042_2737835,150.01501544259872,1.8474359670251734,-0.8644436597824097,0.09640952944755554,33.22789001464844,042,True,False,True,False,True,True,True,True,True
HST F814W,F814W_028_1023521,150.29089740923254,1.7873599787260634,-0.756417989730835,0.0960877314209938,33.21366882324219,028,True,False,True,False,True,True,True,True,True
HST F814W,F814W_087_8127769,150.40996691098422,2.463482028873686,-0.46505022048950195,0.08853864669799805,33.17828369140625,087,True,False,True,False,True,True,True,True,True
HST F814W,F814W_064_5478497,150.29926638145164,2.2294541961085685,-0.7610976696014404,0.09054623544216156,33.173954010009766,064,True,False,True,False,True,True,True,True,True
HST F814W,F814W_065_5770190,150.18759405111214,2.276338348460096,-1.0868397951126099,0.12182639539241791,33.16582489013672,065,True,False,True,False,True,True,True,True,True
HST F814W,F814W_043_2943252,149.76517625144788,1.9400269645655646,-0.7108784914016724,0.08829543739557266,33.122520446777344,043,True,False,True,False,True,True,True,True,True
HST F814W,F814W_088_8254359,150.30380179144265,2.5192591031042455,-0.43721532821655273,0.09286265075206757,33.10810089111328,088,True,False,True,False,True,True,True,True,True
HST F814W,F814W_063_5320575,150.47144181499385,2.2095897706455623,-0.7359375953674316,0.08846793323755264,33.06797409057617,063,True,False,True,False,True,True,True,True,True
HST F814W,F814W_066_5929981,149.942875949829,2.207976995359237,-0.5734142065048218,0.10071614384651184,33.058448791503906,066,True,False,True,False,True,True,True,True,True
HST F814W,F814W_063_5291671,150.44135360813078,2.161217654535868,-0.685786247253418,0.08844082802534103,33.05784225463867,063,True,False,True,False,True,True,True,True,True
HST F814W,F814W_079_7494570,149.895926579554,2.351359206143231,-0.38306981325149536,0.0907922014594078,33.05432891845703,079,True,False,True,False,True,True,True,True,True
HST F814W,F814W_065_5753535,150.1695436325855,2.2638433826343527,-0.9120943546295166,0.12140107899904251,33.0500373840332,065,True,False,True,False,True,True,True,True,True
HST F814W,F814W_052_3951036,150.38671228526817,2.0488055645681365,0.5720047354698181,0.08993178606033325,33.04399490356445,052,True,False,True,False,True,True,True,True,True
HST F814W,F814W_028_1021757,150.29556874501722,1.7813250959605234,-0.6949747204780579,0.09530799835920334,32.944149017333984,028,True,False,True,False,True,True,True,True,True
HST F814W,F814W_076_7166974,150.22711203292656,2.457314476684271,-0.6936508417129517,0.08662089705467224,32.93547058105469,076,True,False,True,False,True,True,True,True,True
HST F814W,F814W_075_7047153,150.4164441793093,2.4301831770487268,-0.7721478343009949,0.08850512653589249,32.92825698852539,075,True,False,True,False,True,True,True,True,True
HST F814W,F814W_090_8715672,149.92746165703986,2.6231264049503014,-0.6680678725242615,0.09066906571388245,32.901371002197266,090,True,False,True,False,True,True,True,True,True
HST F814W,F814W_052_3887530,150.35679958692424,2.0198799947634947,-0.7515864968299866,0.08948355168104172,32.87929916381836,052,True,False,True,False,True,True,True,True,True
HST F814W,F814W_063_5313025,150.46644472488475,2.199253046224864,-0.7123190760612488,0.08794067800045013,32.87089157104492,063,True,False,True,False,True,True,True,True,True
HST F814W,F814W_089_8493183,150.07468554426342,2.556827891431404,-0.685231626033783,0.09562741219997406,32.83570098876953,089,True,False,True,False,True,True,True,True,True
HST F814W,F814W_028_1023148,150.29026158416295,1.7865272738605626,-0.8062820434570312,0.09497746080160141,32.82989501953125,028,True,False,True,False,True,True,True,True,True
HST F814W,F814W_040_2420748,150.3359018923933,1.8609825274964191,-0.09417739510536194,0.08497343212366104,32.82633590698242,040,True,False,True,False,True,True,True,True,True
HST F814W,F814W_090_8712876,149.94792369004787,2.6176721181255846,-0.6968504786491394,0.09042564779520035,32.81304168701172,090,True,False,True,False,True,True,True,True,True
HST F814W,F814W_052_4039200,150.36378593848858,2.074463073700386,-0.7583847641944885,0.08927556127309799,32.80287551879883,052,True,False,True,False,True,True,True,True,True
HST F814W,F814W_040_2477018,150.23898423249724,1.9290760373358096,-0.6881611943244934,0.08486651629209518,32.7850341796875,040,True,False,True,False,True,True,True,True,True
HST F814W,F814W_054_4346977,149.9298641925685,1.9993835079163451,-0.7665219306945801,0.087732695043087,32.77112579345703,054,True,False,True,False,True,True,True,True,True
HST F814W,F814W_077_7258144,150.07204131686458,2.432801516858141,-0.7024005055427551,0.08692624419927597,32.7385368347168,077,True,False,True,False,True,True,True,True,True
HST F814W,F814W_041_2606682,150.18501869422732,1.9096418095668224,-0.5689445734024048,0.08706321567296982,32.69150161743164,041,True,False,True,False,True,True,True,True,True
HST F814W,F814W_063_5345131,150.42063425775982,2.2546511572629986,-0.7033950686454773,0.08742683380842209,32.67882537841797,063,True,False,True,False,True,True,True,True,True
HST F814W,F814W_054_4373093,149.96470312424375,2.0324059737688693,-0.7226917743682861,0.08747730404138565,32.67572784423828,054,True,False,True,False,True,True,True,True,True
HST F814W,F814W_053_4146391,150.17383064555816,1.9866168659089194,-0.7722713947296143,0.09424228221178055,32.67043685913086,053,True,False,True,False,True,True,True,True,True
HST F814W,F814W_076_7156612,150.37769421844553,2.43968687840221,-0.6836286187171936,0.0858544260263443,32.64403533935547,076,True,False,True,False,True,True,True,True,True
HST F814W,F814W_089_8390204,150.11634514992605,2.4641357881908097,-0.7728688716888428,0.09501278400421143,32.62465286254883,089,True,False,True,False,True,True,True,True,True
HST F814W,F814W_067_6193144,149.87148915233962,2.2573216050203238,-0.6401268243789673,0.09105993062257767,32.5982780456543,067,True,False,True,False,True,True,True,True,True
HST F814W,F814W_087_8126689,150.52109328492816,2.4614876787733797,-0.5531913638114929,0.08698602020740509,32.596466064453125,087,True,False,True,False,True,True,True,True,True
HST F814W,F814W_076_7144445,150.26891055454243,2.42239551806488,-0.6846701502799988,0.08572442084550858,32.5946044921875,076,True,False,True,False,True,True,True,True,True
HST F814W,F814W_089_8487797,150.21630303639517,2.551519858500176,-0.648638904094696,0.09487295895814896,32.57664108276367,089,True,False,True,False,True,True,True,True,True
HST F814W,F814W_041_2541967,150.20221343025622,1.8086772139732992,-0.5666818618774414,0.0867488831281662,32.57347106933594,041,True,False,True,False,True,True,True,True,True
HST F814W,F814W_077_7280303,150.22643641395328,2.4559415480704287,-0.6585119962692261,0.08643005788326263,32.55166244506836,077,True,False,True,False,True,True,True,True,True
HST F814W,F814W_064_5478539,150.2992276330758,2.229464454768669,-0.6740511655807495,0.08882023394107819,32.541587829589844,064,True,False,True,False,True,True,True,True,True
HST F814W,F814W_077_7211310,150.12260732641485,2.355705512983867,-0.2939841151237488,0.08637214452028275,32.529850006103516,077,True,False,True,False,True,True,True,True,True
HST F814W,F814W_077_7257376,150.07056061506898,2.4318072132466737,-0.691196084022522,0.08634473383426666,32.519527435302734,077,True,False,True,False,True,True,True,True,True
HST F814W,F814W_075_7040801,150.53779287885038,2.417937395605479,-0.6761956810951233,0.08739221841096878,32.514198303222656,075,True,False,True,False,True,True,True,True,True
HST F814W,F814W_089_8392794,150.11566953998113,2.465310357719541,-0.7768046259880066,0.0945940688252449,32.48087692260742,089,True,False,True,False,True,True,True,True,True
HST F814W,F814W_088_8234178,150.24251223293808,2.471120578104793,-0.7450645565986633,0.09105739742517471,32.4644775390625,088,True,False,True,False,True,True,True,True,True
HST F814W,F814W_067_6094635,149.79502247082686,2.1852785172368563,-0.7711284160614014,0.09067923575639725,32.46199417114258,067,True,False,True,False,True,True,True,True,True
HST F814W,F814W_079_7503650,149.82374466832243,2.3692213335607755,-0.7612982392311096,0.08911935240030289,32.44530487060547,079,True,False,True,False,True,True,True,True,True
HST F814W,F814W_055_4468254,149.77887378401527,2.048204866073877,-0.7103132009506226,0.08904004096984863,32.43589401245117,055,True,False,True,False,True,True,True,True,True
HST F814W,F814W_052_4034388,150.3628192728769,2.073169297492591,-0.6404882073402405,0.08825164288282394,32.42665481567383,052,True,False,True,False,True,True,True,True,True
HST F814W,F814W_088_8242452,150.37969827964787,2.490046303877716,-0.7659998536109924,0.09094487875699997,32.42436218261719,088,True,False,True,False,True,True,True,True,True
HST F814W,F814W_053_4273738,150.1462345009373,2.0641488871544293,-0.6397936344146729,0.09346764534711838,32.40189743041992,053,True,False,True,False,True,True,True,True,True
HST F814W,F814W_052_4041182,150.36287569256842,2.0749399992847093,-0.6774243116378784,0.08816653490066528,32.395381927490234,052,True,False,True,False,True,True,True,True,True
HST F814W,F814W_055_4587268,149.81560390937778,2.11509329376376,-0.6125645041465759,0.08890219777822495,32.38568115234375,055,True,False,True,False,True,True,True,True,True
HST F814W,F814W_051_3709906,150.42448860878284,2.065536285035123,-0.8106034398078918,0.09061116725206375,32.38467788696289,051,True,False,True,False,True,True,True,True,True
HST F814W,F814W_043_2944981,149.73129564705084,1.9435639138537717,-0.27286919951438904,0.08632446080446243,32.383140563964844,043,True,False,True,False,True,True,True,True,True
HST F814W,F814W_040_2383079,150.32945850179536,1.7954233782098714,-0.32131457328796387,0.08380316942930222,32.37424850463867,040,True,False,True,False,True,True,True,True,True
HST F814W,F814W_076_7145198,150.26741951602023,2.423139282834891,-0.7429686188697815,0.08510132879018784,32.357688903808594,076,True,False,True,False,True,True,True,True,True
HST F814W,F814W_090_8713570,150.0130885474913,2.618941157019121,-0.7060377597808838,0.0891302078962326,32.342960357666016,090,True,False,True,False,True,True,True,True,True
HST F814W,F814W_067_6070737,149.8260415459303,2.1355252209333813,-0.7608616948127747,0.09033358097076416,32.3382568359375,067,True,False,True,False,True,True,True,True,True
HST F814W,F814W_056_4647097,149.67482179031862,1.982000245718126,-0.6439682841300964,0.09347423166036606,32.3266716003418,056,True,False,True,False,True,True,True,True,True
HST F814W,F814W_090_8669283,150.00227624296016,2.5508535147000915,0.9475882053375244,0.08905620872974396,32.31610870361328,090,True,False,True,False,True,True,True,True,True
HST F814W,F814W_079_7526467,149.89486744118608,2.4021575788310447,-0.6468994617462158,0.08872459083795547,32.30158233642578,079,True,False,True,False,True,True,True,True,True
HST F814W,F814W_076_7145018,150.26688901123114,2.422890778718222,-0.7089409232139587,0.08494740724563599,32.299163818359375,076,True,False,True,False,True,True,True,True,True
HST F814W,F814W_040_2479415,150.239201147935,1.931238403236706,-0.6935696601867676,0.0836077630519867,32.29875946044922,040,True,False,True,False,True,True,True,True,True
HST F814W,F814W_078_7434595,150.0419051699868,2.3961420360155183,-0.7270066738128662,0.09079620987176895,32.29388427734375,078,True,False,True,False,True,True,True,True,True
HST F814W,F814W_044_3157319,149.71835769946725,1.9492701885177428,-0.2889466881752014,0.09294658154249191,32.28693771362305,044,True,False,True,False,True,True,True,True,True
HST F814W,F814W_078_7435031,150.04216504814036,2.3965274375250725,-0.6998178362846375,0.09070995450019836,32.26320266723633,078,True,False,True,False,True,True,True,True,True
HST F814W,F814W_078_7365562,149.94929237591904,2.3332875295632953,-0.35173580050468445,0.0906945988535881,32.25774383544922,078,True,False,True,False,True,True,True,True,True
HST F814W,F814W_079_7476920,149.79761847953338,2.3124557563342636,-0.7089745402336121,0.08860055357217789,32.25642776489258,079,True,False,True,False,True,True,True,True,True
HST F814W,F814W_088_8240309,150.3655925835534,2.4847310112926575,-0.7371014952659607,0.0904310792684555,32.241180419921875,088,True,False,True,False,True,True,True,True,True
HST F814W,F814W_088_8235646,150.28069001291988,2.4744890305126432,-0.7408801317214966,0.09036247432231903,32.21672058105469,088,True,False,True,False,True,True,True,True,True
HST F814W,F814W_052_3894289,150.28628167363797,2.0305471589101542,-0.3598889410495758,0.08759435266256332,32.185142517089844,052,True,False,True,False,True,True,True,True,True
HST F814W,F814W_041_2506223,150.16024571924527,1.7919046559706622,-0.6951102614402771,0.08570098876953125,32.179996490478516,041,True,False,True,False,True,True,True,True,True
HST F814W,F814W_077_7243426,150.2195014063668,2.407795780943473,-0.7311587929725647,0.08539649099111557,32.16239547729492,077,True,False,True,False,True,True,True,True,True
HST F814W,F814W_075_7043375,150.4240207101063,2.422149056520175,-0.7351671457290649,0.08643191307783127,32.156917572021484,075,True,False,True,False,True,True,True,True,True
HST F814W,F814W_076_7156938,150.37732160965072,2.440081584864703,-0.7035932540893555,0.0845034196972847,32.13035202026367,076,True,False,True,False,True,True,True,True,True
HST F814W,F814W_076_7144984,150.26664409768594,2.422849937494511,-0.700728178024292,0.08445148915052414,32.11060333251953,076,True,False,True,False,True,True,True,True,True
HST F814W,F814W_041_2600161,150.10556166091106,1.899838966857231,-0.3835664689540863,0.08547785133123398,32.09621047973633,041,True,False,True,False,True,True,True,True,True
HST F814W,F814W_063_5328829,150.4185845895,2.22479117373319,-0.35172465443611145,0.08585118502378464,32.08987045288086,063,True,False,True,False,True,True,True,True,True
HST F814W,F814W_089_8486072,150.21714874285382,2.5498970691636433,-0.8092341423034668,0.09336388111114502,32.058467864990234,089,True,False,True,False,True,True,True,True,True
HST F814W,F814W_077_7189216,150.08519923492025,2.3197917796922467,0.7319421768188477,0.08511731028556824,32.0572509765625,077,True,False,True,False,True,True,True,True,True
HST F814W,F814W_043_2941980,149.766031588199,1.93886392270292,-0.6605004668235779,0.08542276173830032,32.044883728027344,043,True,False,True,False,True,True,True,True,True
HST F814W,F814W_066_6033371,149.9194621127961,2.275284864376823,-0.5697177648544312,0.09760226309299469,32.03636932373047,066,True,False,True,False,True,True,True,True,True
HST F814W,F814W_067_6212784,149.87890218155968,2.264072466365394,-0.48349860310554504,0.0893239751458168,31.976829528808594,067,True,False,True,False,True,True,True,True,True
HST F814W,F814W_088_8247489,150.26764412606207,2.503193606010698,-0.7878357172012329,0.08967166393995285,31.970426559448242,088,True,False,True,False,True,True,True,True,True
HST F814W,F814W_076_7149123,150.29442347754048,2.428466537536624,0.5675722360610962,0.0839681625366211,31.92683219909668,076,True,False,True,False,True,True,True,True,True
HST F814W,F814W_064_5395488,150.3614521838623,2.1816381242179,-0.6220225691795349,0.08712773025035858,31.92149543762207,064,True,False,True,False,True,True,True,True,True
HST F814W,F814W_055_4475518,149.81256042185248,2.0660432261849953,-0.7334861755371094,0.0875977873802185,31.910503387451172,055,True,False,True,False,True,True,True,True,True
HST F814W,F814W_090_8682726,149.92572334821637,2.574316341367103,-0.5603576302528381,0.0879218801856041,31.904491424560547,090,True,False,True,False,True,True,True,True,True
HST F814W,F814W_075_7027171,150.43867945075297,2.3962568543755154,-0.7530339956283569,0.08574841171503067,31.90262222290039,075,True,False,True,False,True,True,True,True,True
HST F814W,F814W_076_7125904,150.22928005849545,2.395157849312376,-0.6674321889877319,0.08386542648077011,31.88776969909668,076,True,False,True,False,True,True,True,True,True
HST F814W,F814W_052_3997852,150.3793643066788,2.062795668682559,-0.6203075647354126,0.08678404241800308,31.887407302856445,052,True,False,True,False,True,True,True,True,True
HST F814W,F814W_067_6094727,149.8481735097494,2.1854319794093597,-0.7662605047225952,0.08907295018434525,31.886966705322266,067,True,False,True,False,True,True,True,True,True
HST F814W,F814W_077_7247927,150.1270683761527,2.41508722669166,-0.2585790157318115,0.08466231822967529,31.885889053344727,077,True,False,True,False,True,True,True,True,True
HST F814W,F814W_089_8590844,150.11605767232982,2.6002885883303843,-0.7716140747070312,0.09284257888793945,31.879467010498047,089,True,False,True,False,True,True,True,True,True
HST F814W,F814W_054_4353523,149.97745828956744,2.0046354710138385,-0.6428075432777405,0.0853295624256134,31.87347412109375,054,True,False,True,False,True,True,True,True,True
HST F814W,F814W_077_7243450,150.2188569572987,2.407839049899322,-0.7300094366073608,0.08462686091661453,31.872533798217773,077,True,False,True,False,True,True,True,True,True
HST F814W,F814W_052_3872428,150.36099799831038,1.988200935550779,-0.7592166066169739,0.08669796586036682,31.85578155517578,052,True,False,True,False,True,True,True,True,True
HST F814W,F814W_053_4282824,150.10525873614887,2.0901959625828885,-0.7206536531448364,0.09185385704040527,31.842456817626953,053,True,False,True,False,True,True,True,True,True
HST F814W,F814W_052_4038991,150.36378352772346,2.074387179973928,-0.7263259887695312,0.08665749430656433,31.840909957885742,052,True,False,True,False,True,True,True,True,True
HST F814W,F814W_075_7016882,150.50705655100992,2.377779530124711,-0.7088896632194519,0.08557537943124771,31.838247299194336,075,True,False,True,False,True,True,True,True,True
HST F814W,F814W_064_5478729,150.299147371626,2.2295200226966028,-0.6349348425865173,0.08689259737730026,31.835350036621094,064,True,False,True,False,True,True,True,True,True
HST F814W,F814W_053_4256574,150.13585989924047,2.019548072448104,-0.477237343788147,0.09178684651851654,31.81922721862793,053,True,False,True,False,True,True,True,True,True
HST F814W,F814W_052_4067458,150.32457444562556,2.0982012421138307,-0.5663414001464844,0.08659518510103226,31.818016052246094,052,True,False,True,False,True,True,True,True,True
HST F814W,F814W_089_8485078,150.2166799986516,2.5490348749949554,-0.7437704801559448,0.09264297038316727,31.810928344726562,089,True,False,True,False,True,True,True,True,True
HST F814W,F814W_063_5321604,150.4700252971215,2.210621330424604,-0.6491643786430359,0.08507156372070312,31.7984619140625,063,True,False,True,False,True,True,True,True,True
HST F814W,F814W_067_6089304,149.7889175137233,2.17302632789335,0.3495901823043823,0.08882219344377518,31.797199249267578,067,True,False,True,False,True,True,True,True,True
HST F814W,F814W_088_8249523,150.2683964663165,2.5057714446007346,-0.7475630044937134,0.08915155380964279,31.78499412536621,088,True,False,True,False,True,True,True,True,True
HST F814W,F814W_067_6175043,149.88631616841116,2.250877620728087,-0.5163960456848145,0.08877873420715332,31.781641006469727,067,True,False,True,False,True,True,True,True,True
HST F814W,F814W_054_4369234,149.90061936502102,2.0257939941006606,0.8814382553100586,0.08503027260303497,31.76167869567871,054,True,False,True,False,True,True,True,True,True
HST F814W,F814W_052_4037684,150.3638232182741,2.0740600706823042,-0.6991904973983765,0.08642139285802841,31.75415802001953,052,True,False,True,False,True,True,True,True,True
HST F814W,F814W_056_4695365,149.71274602187958,2.0408212018621583,-0.7736676335334778,0.09178555756807327,31.7426700592041,056,True,False,True,False,True,True,True,True,True
HST F814W,F814W_089_8486071,150.21718957260393,2.54990316111143,-0.7608233690261841,0.09244300425052643,31.742265701293945,089,True,False,True,False,True,True,True,True,True
HST F814W,F814W_089_8486826,150.21680863119374,2.550658915164652,-0.7169681787490845,0.09231521189212799,31.69838523864746,089,True,False,True,False,True,True,True,True,True
HST F814W,F814W_054_4346794,149.93113287211497,1.9992497629565071,-0.7110723257064819,0.08485756069421768,31.697166442871094,054,True,False,True,False,True,True,True,True,True
HST F814W,F814W_041_2547986,150.21186410982517,1.8156649723384082,-0.6674879789352417,0.08435920625925064,31.67616844177246,041,True,False,True,False,True,True,True,True,True
HST F814W,F814W_053_4280946,150.13725079508703,2.085101147955331,-0.7111544013023376,0.09135768562555313,31.670452117919922,053,True,False,True,False,True,True,True,True,True
HST F814W,F814W_041_2609840,150.074508215699,1.9142211602780588,-0.5430781841278076,0.08413927257061005,31.593585968017578,041,True,False,True,False,True,True,True,True,True
HST F814W,F814W_052_3872395,150.361147547495,1.9881266902497594,-0.6839061379432678,0.0859765037894249,31.59069061279297,052,True,False,True,False,True,True,True,True,True
HST F814W,F814W_087_8128152,150.51486568466325,2.464127059658682,0.5039831399917603,0.08427872508764267,31.581954956054688,087,True,False,True,False,True,True,True,True,True
HST F814W,F814W_055_4454976,149.88462228800472,2.011315425478138,-0.7508558630943298,0.08660801500082016,31.549945831298828,055,True,False,True,False,True,True,True,True,True
HST F814W,F814W_075_7050703,150.51381851979332,2.43666414766414,-0.05553571879863739,0.08475311845541,31.532325744628906,075,True,False,True,False,True,True,True,True,True
HST F814W,F814W_043_2952193,149.75436648997072,1.9599590482807079,-0.6808590292930603,0.08405466377735138,31.531665802001953,043,True,False,True,False,True,True,True,True,True
HST F814W,F814W_089_8470106,150.08778686184465,2.514749197458967,-0.42711693048477173,0.09181448072195053,31.52644920349121,089,True,False,True,False,True,True,True,True,True
HST F814W,F814W_088_8316187,150.24499433177832,2.567886835468045,-0.5982632040977478,0.08835097402334213,31.49956512451172,088,True,False,True,False,True,True,True,True,True
HST F814W,F814W_089_8473720,150.08483944716255,2.5274997586586725,-0.49947065114974976,0.09165564924478531,31.47191047668457,089,True,False,True,False,True,True,True,True,True
HST F814W,F814W_064_5595517,150.38868970752105,2.2864814183327353,-0.34837955236434937,0.08588840812444687,31.467437744140625,064,True,False,True,False,True,True,True,True,True
HST F814W,F814W_066_6042270,150.0087130031515,2.2915763047922715,-0.7976499199867249,0.09586388617753983,31.46577262878418,066,True,False,True,False,True,True,True,True,True
HST F814W,F814W_051_3700801,150.40088564340778,2.0557426526488105,-0.7280640602111816,0.08791793882846832,31.42211151123047,051,True,False,True,False,True,True,True,True,True
HST F814W,F814W_040_2423950,150.3114772885058,1.867077224103403,-0.4275386929512024,0.08127862215042114,31.398983001708984,040,True,False,True,False,True,True,True,True,True
HST F814W,F814W_041_2528654,150.18258941553887,1.801137116500853,-0.6928339600563049,0.08359576761722565,31.389503479003906,041,True,False,True,False,True,True,True,True,True
HST F814W,F814W_052_3884589,150.27239311215922,2.0151286111597413,0.9419950246810913,0.08542853593826294,31.38934898376465,052,True,False,True,False,True,True,True,True,True
HST F814W,F814W_078_7422150,150.02805679277787,2.373972110659219,-0.7368305921554565,0.08820202946662903,31.371198654174805,078,True,False,True,False,True,True,True,True,True
HST F814W,F814W_063_5321528,150.46946408534603,2.2105181780610055,-0.6626999378204346,0.08384544402360916,31.34015655517578,063,True,False,True,False,True,True,True,True,True
HST F814W,F814W_053_4271645,150.21454608202959,2.057421725098681,-0.6219667792320251,0.09038788825273514,31.334257125854492,053,True,False,True,False,True,True,True,True,True
HST F814W,F814W_077_7246814,150.22767548755846,2.4133688732668555,-0.6436389088630676,0.08314679563045502,31.315105438232422,077,True,False,True,False,True,True,True,True,True
HST F814W,F814W_088_8249263,150.2667601306749,2.505455961338345,-0.7336103916168213,0.08782758563756943,31.31296157836914,088,True,False,True,False,True,True,True,True,True
HST F814W,F814W_075_7057753,150.45241630561685,2.450444375121319,-0.6843823194503784,0.08405762165784836,31.2735652923584,075,True,False,True,False,True,True,True,True,True
HST F814W,F814W_075_7017142,150.50763369114833,2.378122397580643,-0.7024842500686646,0.08405020833015442,31.27080726623535,075,True,False,True,False,True,True,True,True,True
HST F814W,F814W_088_8241979,150.31070017809654,2.4887769270832867,-0.4033382534980774,0.08770060539245605,31.267690658569336,088,True,False,True,False,True,True,True,True,True
HST F814W,F814W_054_4422629,150.0132092348073,2.1133468980792465,-0.48994389176368713,0.08362296968698502,31.236003875732422,054,True,False,True,False,True,True,True,True,True
HST F814W,F814W_077_7261624,150.09867255727733,2.439510395768982,-0.15186500549316406,0.08291860669851303,31.229164123535156,077,True,False,True,False,True,True,True,True,True
HST F814W,F814W_052_4036707,150.3633837032127,2.073796324683034,-0.6477376222610474,0.0849919393658638,31.228927612304688,052,True,False,True,False,True,True,True,True,True
HST F814W,F814W_089_8476952,150.18431161149877,2.5384125793760135,-0.48988428711891174,0.09093909710645676,31.225866317749023,089,True,False,True,False,True,True,True,True,True
HST F814W,F814W_064_5478414,150.29922475438292,2.2294332785354043,-0.7434937357902527,0.08515329658985138,31.198110580444336,064,True,False,True,False,True,True,True,True,True
HST F814W,F814W_077_7255896,150.10445798350773,2.43017988602089,-0.5295966267585754,0.08273948729038239,31.16170310974121,077,True,False,True,False,True,True,True,True,True
HST F814W,F814W_063_5298824,150.42270701492905,2.1762143249116543,-0.7092442512512207,0.08335327357053757,31.156190872192383,063,True,False,True,False,True,True,True,True,True
HST F814W,F814W_090_8687530,150.02501142662769,2.5815332136955536,-0.5460952520370483,0.08585071563720703,31.152921676635742,090,True,False,True,False,True,True,True,True,True
HST F814W,F814W_064_5573228,150.3829213401207,2.2565545579663224,-0.6463897824287415,0.08500561118125916,31.14400291442871,064,True,False,True,False,True,True,True,True,True
HST F814W,F814W_089_8569763,150.19118638531052,2.5905091988770343,-0.36121273040771484,0.09069864451885223,31.14330291748047,089,True,False,True,False,True,True,True,True,True
HST F814W,F814W_041_2610501,150.0741312956006,1.914998629763104,-0.5309117436408997,0.08289389312267303,31.12595558166504,041,True,False,True,False,True,True,True,True,True
HST F814W,F814W_066_5943799,149.99419994948704,2.21957867089613,-0.5612512826919556,0.09479347616434097,31.114429473876953,066,True,False,True,False,True,True,True,True,True
HST F814W,F814W_076_7091385,150.36613200693907,2.3361910649052873,-0.434592068195343,0.08180933445692062,31.10599136352539,076,True,False,True,False,True,True,True,True,True
HST F814W,F814W_076_7140683,150.2672808412455,2.4194907484697366,-0.46350154280662537,0.08179925382137299,31.102157592773438,076,True,False,True,False,True,True,True,True,True
HST F814W,F814W_041_2610755,150.07515859078174,1.9152423578910052,-0.6497790813446045,0.08282884210348129,31.101530075073242,041,True,False,True,False,True,True,True,True,True
HST F814W,F814W_075_7056680,150.4022004482695,2.448477140999902,-0.5772618055343628,0.08356214314699173,31.089223861694336,075,True,False,True,False,True,True,True,True,True
HST F814W,F814W_088_8247423,150.26745965025563,2.503094802227046,-0.7541858553886414,0.08712056279182434,31.060888290405273,088,True,False,True,False,True,True,True,True,True
HST F814W,F814W_078_7400825,150.01144595309873,2.3489486695003317,0.23066964745521545,0.08731236308813095,31.054767608642578,078,True,False,True,False,True,True,True,True,True
HST F814W,F814W_077_7194598,150.21782373023854,2.331412660889218,-0.5814991593360901,0.08244791626930237,31.051891326904297,077,True,False,True,False,True,True,True,True,True
HST F814W,F814W_075_7027190,150.43870704965295,2.3962762158468216,-0.6293518543243408,0.08344810456037521,31.046794891357422,075,True,False,True,False,True,True,True,True,True
HST F814W,F814W_066_5922102,150.0243612623522,2.2010526378264004,-0.4386380910873413,0.094540536403656,31.031404495239258,066,True,False,True,False,True,True,True,True,True
HST F814W,F814W_063_5313005,150.46877785550484,2.1992417882453656,-0.6664074659347534,0.0829935148358345,31.021718978881836,063,True,False,True,False,True,True,True,True,True
HST F814W,F814W_066_6001640,149.99467088607705,2.2519607272883686,-0.8557030558586121,0.09450986236333847,31.021337509155273,066,True,False,True,False,True,True,True,True,True
HST F814W,F814W_076_7157128,150.37744608802262,2.4403249133428675,-0.6524598002433777,0.08156947791576385,31.01479148864746,076,True,False,True,False,True,True,True,True,True
HST F814W,F814W_040_2489534,150.37178132631357,1.945762207489284,-0.527631402015686,0.08027496933937073,31.011259078979492,040,True,False,True,False,True,True,True,True,True
HST F814W,F814W_052_3885538,150.28582444463956,2.0173133583704415,-0.6807107925415039,0.08427900075912476,30.966970443725586,052,True,False,True,False,True,True,True,True,True
HST F814W,F814W_075_7026668,150.44020436588988,2.395685360143963,-0.6912690997123718,0.08314995467662811,30.935869216918945,075,True,False,True,False,True,True,True,True,True
HST F814W,F814W_054_4392780,149.9424873066105,2.0610614938836718,-0.30659058690071106,0.08276519179344177,30.91559600830078,054,True,False,True,False,True,True,True,True,True
HST F814W,F814W_067_6230205,149.8151852769698,2.2704320170640875,-0.15054358541965485,0.08631335943937302,30.89906883239746,067,True,False,True,False,True,True,True,True,True
HST F814W,F814W_078_7337819,150.0566538088658,2.3196183275998488,0.9063950777053833,0.08682995289564133,30.88318634033203,078,True,False,True,False,True,True,True,True,True
HST F814W,F814W_090_8613882,150.00167272963378,2.460992696408797,-0.5180911421775818,0.08507350087165833,30.870891571044922,090,True,False,True,False,True,True,True,True,True
HST F814W,F814W_089_8432212,150.10950310281115,2.4859124425902577,-0.7592552304267883,0.0898611843585968,30.855743408203125,089,True,False,True,False,True,True,True,True,True
HST F814W,F814W_075_7013110,150.48530484659156,2.370966652499373,-0.37236109375953674,0.0827535018324852,30.78837013244629,075,True,False,True,False,True,True,True,True,True
HST F814W,F814W_075_7041308,150.53699428236473,2.418575002743821,-0.5179982781410217,0.08272949606180191,30.779438018798828,075,True,False,True,False,True,True,True,True,True
HST F814W,F814W_066_5920164,150.04933814364432,2.1995410290262543,-0.6959075331687927,0.09374567866325378,30.770505905151367,066,True,False,True,False,True,True,True,True,True
HST F814W,F814W_029_1216118,150.15947736595277,1.790907162724641,-0.9594881534576416,0.11051034182310104,30.766250610351562,029,True,False,True,False,True,True,True,True,True
HST F814W,F814W_055_4455718,149.75275158989425,2.0139387647035334,-0.6298695802688599,0.08439349383115768,30.74323081970215,055,True,False,True,False,True,True,True,True,True
HST F814W,F814W_042_2811435,150.03275459386947,1.900917858346014,-0.14658305048942566,0.08917608112096786,30.7348575592041,042,True,False,True,False,True,True,True,True,True
HST F814W,F814W_064_5482943,150.30808646702516,2.2308760076903487,-0.4734146296977997,0.08388522267341614,30.7335205078125,064,True,False,True,False,True,True,True,True,True
HST F814W,F814W_065_5610151,150.13546597275501,2.1394888159107266,-1.038067102432251,0.1128835529088974,30.73124122619629,065,True,False,True,False,True,True,True,True,True
HST F814W,F814W_056_4646841,149.66950860500165,1.9812814227005653,-0.6609073877334595,0.08884195238351822,30.724668502807617,056,True,False,True,False,True,True,True,True,True
HST F814W,F814W_090_8709898,150.03102496471433,2.6129961756356184,-0.5713651180267334,0.08464782685041428,30.716426849365234,090,True,False,True,False,True,True,True,True,True
HST F814W,F814W_066_5801220,149.99059810335825,2.1505216790713044,-0.7392019629478455,0.09356570988893509,30.71143341064453,066,True,False,True,False,True,True,True,True,True
HST F814W,F814W_078_7421942,150.02752146858344,2.3735810241515223,-0.688086211681366,0.08631743490695953,30.700897216796875,078,True,False,True,False,True,True,True,True,True
HST F814W,F814W_063_5338174,150.4027686543709,2.241212759407637,-0.2049172818660736,0.0820995643734932,30.687572479248047,063,True,False,True,False,True,True,True,True,True
HST F814W,F814W_028_0906083,150.29206302185307,1.7414814275023651,0.07930272817611694,0.08874053508043289,30.674039840698242,028,True,False,True,False,True,True,True,True,True
HST F814W,F814W_088_8240355,150.36547516747612,2.4847932932591483,-0.7468101382255554,0.0860263928771019,30.670787811279297,088,True,False,True,False,True,True,True,True,True
HST F814W,F814W_077_7256700,150.10520678006424,2.4311507100556873,-0.6615538597106934,0.0814289003610611,30.66810417175293,077,True,False,True,False,True,True,True,True,True
HST F814W,F814W_075_7027320,150.5064337403922,2.396436686194067,-0.5609821677207947,0.08242902904748917,30.66765022277832,075,True,False,True,False,True,True,True,True,True
HST F814W,F814W_076_7142416,150.2659802659706,2.4209117651245715,-0.627155065536499,0.08057227730751038,30.635629653930664,076,True,False,True,False,True,True,True,True,True
HST F814W,F814W_075_7054514,150.40164120350363,2.4444942444822355,-0.6840909123420715,0.08233147114515305,30.6313533782959,075,True,False,True,False,True,True,True,True,True
HST F814W,F814W_051_3710326,150.42531700122223,2.065691736436007,-0.6892677545547485,0.08569246530532837,30.62672233581543,051,True,False,True,False,True,True,True,True,True
HST F814W,F814W_054_4353735,149.97759140087717,2.0048192686483213,-0.5729334354400635,0.08198439329862595,30.62394142150879,054,True,False,True,False,True,True,True,True,True
HST F814W,F814W_090_8714553,150.02829547374037,2.6207626099232932,-0.5350555777549744,0.08438480645418167,30.620983123779297,090,True,False,True,False,True,True,True,True,True
HST F814W,F814W_075_7030943,150.43145593168106,2.4027128665074877,-0.6783214211463928,0.08229169249534607,30.616554260253906,075,True,False,True,False,True,True,True,True,True
HST F814W,F814W_075_6989146,150.5129196589165,2.32227287445929,-0.45220282673835754,0.08220763504505157,30.58527946472168,075,True,False,True,False,True,True,True,True,True
HST F814W,F814W_063_5313685,150.46819300832962,2.199938885614631,-0.6593791246414185,0.08176909387111664,30.564048767089844,063,True,False,True,False,True,True,True,True,True
HST F814W,F814W_053_4285445,150.22399654975072,2.100005226452173,-0.7623178362846375,0.08813877403736115,30.554569244384766,053,True,False,True,False,True,True,True,True,True
HST F814W,F814W_052_3947261,150.29873000996466,2.047607543085345,-0.5689054131507874,0.08312946557998657,30.544591903686523,052,True,False,True,False,True,True,True,True,True
HST F814W,F814W_054_4345569,149.92969139840173,1.998367209975679,-0.5417001843452454,0.08172772824764252,30.52806854248047,054,True,False,True,False,True,True,True,True,True
HST F814W,F814W_088_8244547,150.29672540485694,2.495816923305625,-0.002729864791035652,0.08561507612466812,30.524141311645508,088,True,False,True,False,True,True,True,True,True
HST F814W,F814W_042_2756691,150.0388233602365,1.8584095472977487,-0.6570912599563599,0.08854442834854126,30.517154693603516,042,True,False,True,False,True,True,True,True,True
HST F814W,F814W_075_7015861,150.533186187555,2.376502207299965,-0.6475695967674255,0.08198359608650208,30.50192642211914,075,True,False,True,False,True,True,True,True,True
HST F814W,F814W_054_4347384,149.93040057686946,1.9997177791019511,-0.6028072237968445,0.08162882179021835,30.49112319946289,054,True,False,True,False,True,True,True,True,True
HST F814W,F814W_067_6102229,149.84707723072887,2.201405813166553,0.4527756869792938,0.08514759689569473,30.481740951538086,067,True,False,True,False,True,True,True,True,True
HST F814W,F814W_076_7143039,150.26967589981743,2.421363199871182,-0.5820672512054443,0.08014930784702301,30.47480583190918,076,True,False,True,False,True,True,True,True,True
HST F814W,F814W_063_5313260,150.43888264591698,2.1995107033853536,-0.4868467152118683,0.08152658492326736,30.47340202331543,063,True,False,True,False,True,True,True,True,True
HST F814W,F814W_064_5528864,150.31498558244672,2.2443655662923705,-0.45929545164108276,0.08314502984285355,30.462331771850586,064,True,False,True,False,True,True,True,True,True
HST F814W,F814W_043_2952156,149.7543053172513,1.9599212272488098,-0.6128734350204468,0.08118776232004166,30.45619773864746,043,True,False,True,False,True,True,True,True,True
HST F814W,F814W_041_2523663,150.20911161806694,1.7981399328466605,-0.4207344651222229,0.08109176903963089,30.44927406311035,041,True,False,True,False,True,True,True,True,True
HST F814W,F814W_075_7047150,150.4148735489691,2.430171789995483,-0.6569692492485046,0.08184094727039337,30.448854446411133,075,True,False,True,False,True,True,True,True,True
HST F814W,F814W_056_4746374,149.71112502537673,2.0941763707104823,-0.6182482242584229,0.08803026378154755,30.443958282470703,056,True,False,True,False,True,True,True,True,True
HST F814W,F814W_088_8232848,150.38156967973416,2.467152973591628,-0.2952151298522949,0.08538635820150375,30.442596435546875,088,True,False,True,False,True,True,True,True,True
HST F814W,F814W_065_5643958,150.09472832737237,2.1741196336190787,-0.4900420308113098,0.11178158968687057,30.431243896484375,065,True,False,True,False,True,True,True,True,True
HST F814W,F814W_087_8138674,150.4185012909307,2.4855273212043483,-0.6685351133346558,0.08119542896747589,30.426544189453125,087,True,False,True,False,True,True,True,True,True
HST F814W,F814W_077_7231448,150.09097900656974,2.3916422039371406,-0.6024916172027588,0.08074388653039932,30.410112380981445,077,True,False,True,False,True,True,True,True,True
HST F814W,F814W_077_7210788,150.10573022273798,2.355188706062313,-0.6157426834106445,0.0807279571890831,30.404111862182617,077,True,False,True,False,True,True,True,True,True
HST F814W,F814W_076_7131019,150.36363538371822,2.40414705880079,-0.476202130317688,0.07996022701263428,30.402912139892578,076,True,False,True,False,True,True,True,True,True
HST F814W,F814W_054_4423456,149.9438671568514,2.1146813851189554,-0.31416359543800354,0.08138098567724228,30.398548126220703,054,True,False,True,False,True,True,True,True,True
HST F814W,F814W_052_4066992,150.32506718191843,2.097662705273455,-0.6986046433448792,0.08267344534397125,30.37703514099121,052,True,False,True,False,True,True,True,True,True
HST F814W,F814W_040_2413619,150.31885054286084,1.8481221410378748,-0.5704346299171448,0.07860240340232849,30.36512565612793,040,True,False,True,False,True,True,True,True,True
HST F814W,F814W_052_3886623,150.36078382710303,2.0189087285260032,-0.5517523884773254,0.08262519538402557,30.35930633544922,052,True,False,True,False,True,True,True,True,True
HST F814W,F814W_052_3874762,150.36864648853893,1.9931247769575493,-0.5752925872802734,0.08256647735834122,30.337730407714844,052,True,False,True,False,True,True,True,True,True
HST F814W,F814W_079_7525408,149.85554325099733,2.400873545525381,-0.6479977965354919,0.0832514837384224,30.30901336669922,079,True,False,True,False,True,True,True,True,True
HST F814W,F814W_065_5770202,150.18742354349865,2.276339512463911,-0.9781045913696289,0.111298106610775,30.29962158203125,065,True,False,True,False,True,True,True,True,True
HST F814W,F814W_076_7157118,150.37740375512942,2.440322512762505,-0.6203823685646057,0.07967948913574219,30.29616928100586,076,True,False,True,False,True,True,True,True,True
HST F814W,F814W_067_6095203,149.8491928174489,2.186129097390753,-0.6081349849700928,0.0846184715628624,30.292320251464844,067,True,False,True,False,True,True,True,True,True
HST F814W,F814W_052_3877291,150.2765201839799,1.9981147571299802,-0.6423515677452087,0.08244068175554276,30.2915096282959,052,True,False,True,False,True,True,True,True,True
HST F814W,F814W_064_5478614,150.29925088529203,2.2294710273685783,-0.6848081946372986,0.0826563835144043,30.283302307128906,064,True,False,True,False,True,True,True,True,True
HST F814W,F814W_089_8454495,150.15845053821664,2.496588102611694,-0.5956987142562866,0.0881812572479248,30.27890396118164,089,True,False,True,False,True,True,True,True,True
HST F814W,F814W_065_5750223,150.17750707911398,2.2611993560288237,-0.8568668961524963,0.11113052070140839,30.253997802734375,065,True,False,True,False,True,True,True,True,True
HST F814W,F814W_063_5345220,150.41327348919833,2.2548030070404663,-0.2985096275806427,0.08090492337942123,30.24103355407715,063,True,False,True,False,True,True,True,True,True
HST F814W,F814W_066_6003506,149.92847441469692,2.2530518451130934,-0.13993659615516663,0.09210315346717834,30.231372833251953,066,True,False,True,False,True,True,True,True,True
HST F814W,F814W_075_7041346,150.53699981380527,2.418622313528937,-0.5910935401916504,0.0812373235821724,30.22427749633789,075,True,False,True,False,True,True,True,True,True
HST F814W,F814W_066_5845295,150.02868097095043,2.166905604000721,-0.41330814361572266,0.0920184776186943,30.203580856323242,066,True,False,True,False,True,True,True,True,True
HST F814W,F814W_075_6996983,150.48363032501072,2.338725703138846,-0.3284493088722229,0.08114517480134964,30.189992904663086,075,True,False,True,False,True,True,True,True,True
HST F814W,F814W_043_2952641,149.7845075047845,1.9603426979280623,-0.6044379472732544,0.08046191930770874,30.183908462524414,043,True,False,True,False,True,True,True,True,True
HST F814W,F814W_052_3886599,150.35895699811064,2.0188792905791813,-0.5740844011306763,0.08212752640247345,30.17644500732422,052,True,False,True,False,True,True,True,True,True
HST F814W,F814W_077_7256441,150.07163798612004,2.4309128792964017,-0.6054950952529907,0.08010994642972946,30.171354293823242,077,True,False,True,False,True,True,True,True,True
HST F814W,F814W_087_8139659,150.41829079561566,2.4866383126832035,-0.6328634023666382,0.08051437139511108,30.17133140563965,087,True,False,True,False,True,True,True,True,True
HST F814W,F814W_089_8485800,150.21734054903965,2.549679866904503,-0.678335428237915,0.08779479563236237,30.146203994750977,089,True,False,True,False,True,True,True,True,True
HST F814W,F814W_041_2535659,150.19155103067823,1.8052888507814457,-0.6318718194961548,0.08028453588485718,30.146163940429688,041,True,False,True,False,True,True,True,True,True
HST F814W,F814W_052_4074730,150.2848255741362,2.1122161611481514,-0.6459798812866211,0.08204343914985657,30.145549774169922,052,True,False,True,False,True,True,True,True,True
HST F814W,F814W_043_2950568,149.78394281460433,1.9580948285744244,-0.6089816093444824,0.08018016815185547,30.078214645385742,043,True,False,True,False,True,True,True,True,True
HST F814W,F814W_055_4463137,149.7717051303853,2.0357922118217213,-0.14502374827861786,0.08252593129873276,30.06290626525879,055,True,False,True,False,True,True,True,True,True
HST F814W,F814W_066_5950869,150.00623212322293,2.223059710049987,-0.7529277205467224,0.09158861637115479,30.062484741210938,066,True,False,True,False,True,True,True,True,True
HST F814W,F814W_076_7084524,150.22932490494662,2.3248900758925175,-0.4420946538448334,0.0790606141090393,30.06085777282715,076,True,False,True,False,True,True,True,True,True
HST F814W,F814W_078_7436194,150.0422194343912,2.397725496665199,-0.691056489944458,0.08443629741668701,30.03182601928711,078,True,False,True,False,True,True,True,True,True
