primary_id,jwst_id,desi_targetid,desi_type,desi_z,desi_zerr,desi_zwarn,desi_sep,our_cls,is_agn,F814W,gaia_pmra,gaia_pmdec,gaia_pmtot,gaia_pmtoterr,gaia_pmra_err,gaia_pmdec_err,pmtot_HST_Euclid_VIS,pmerr_HST_Euclid_VIS,pmflag_HST_Euclid_VIS,pmtot_HST_Euclid_NISP,pmerr_HST_Euclid_NISP,pmflag_HST_Euclid_NISP,pmtot_HST_JWST,pmerr_HST_JWST,pmflag_HST_JWST,pmtot_JWST_Euclid_VIS,pmerr_JWST_Euclid_VIS,pmflag_JWST_Euclid_VIS,pmtot_JWST_Euclid_NISP,pmerr_JWST_Euclid_NISP,pmflag_JWST_Euclid_NISP
192404,192404.0,3.908983755010229e+16,galaxy,1.20772257061363,7.775333499145252e-05,0.0,0.030730559297988527,star,False,21.580265,,,,,,,3.3986532312252304,1.9383248901367136,ok,3.2987558342028946,2.3321246384388,ok,4.335321332217144,1.6644750733641107,ok,51.965463212372,36.05792238064347,ok,51.965463212372,63.3319298903582,ok
195672,195672.0,3.908983755009987e+16,galaxy,1.4029452014648953,0.0001301950362705308,4.0,0.02455806328224212,star,False,23.55245,,,,,,,8.755280617264802,2.151741577633813,ok,7.555889398876118,2.8925125104172644,ok,3.411025510226644,1.6663671284687414,ok,53.96991905784138,36.07738199781137,ok,53.96991905784138,63.69660253599952,ok
195470,195470.0,3.9089837550099864e+16,star,0.0007035085983662433,7.935129753496104e-06,0.0,0.07540870052854783,star,False,20.266676,,,,,,,5.955567316654659,1.7398734957402355,ok,1.8327515231286375,2.352681400024018,ok,11.474889619522651,1.6643861865444247,ok,77.31634829171459,36.05660859926682,ok,77.31634829171459,63.36613614275545,ok
198135,198135.0,3.9089837420061736e+16,quasar,2.6875348371696868,0.0002115097125733073,0.0,0.027658862697749188,AGN/QSO,True,22.348528,,,,,,,9.832110189647405,1.8088155295626058,ok,9.832110189647405,2.736398887584289,ok,2.3082984877004793,1.6646646712028355,ok,15.417831477860888,36.06031961606586,ok,15.417831477860888,63.429954727822256,ok
199389,199389.0,3.908983754591466e+16,star,0.00019500970195334598,1.382217887256779e-05,0.0,0.1054700125230232,star,False,20.760559,,,,,,,9.842222121240253,2.1123105702165246,ok,3.2090359078217907,2.3408134880854568,ok,15.889722935348791,1.6644059357798286,ok,36.74340149413205,36.05802011767821,ok,36.74340149413205,63.2871800399541,ok
193648,193648.0,3.908983739492166e+16,star,0.000702629824519794,1.3041683880459887e-05,0.0,0.07886171993378935,star,False,20.127102,,,,,,,5.893441052669187,1.8654573475412728,ok,5.893441052669187,2.4047327873451683,ok,11.651048822548185,1.664383158652682,ok,39.572722596112996,36.05615746314521,ok,39.572722596112996,63.28397854473081,ok
200173,200173.0,3.962783555545127e+16,star,0.000359593765818616,8.044630608997866e-06,0.0,0.05348692051365117,star,False,18.320574,-0.7163167688788188,-11.004855022819717,11.028143261068807,0.5057060689853142,0.27894407510757446,0.4218161106109619,5.970460283889351,1.812018753157878,ok,5.970460283889351,2.4604573635699123,ok,13.691957948352556,1.6643612721912537,gaia_consistent,11.102797168051195,36.05563523658487,gaia_consistent,11.102797168051195,63.283760190655784,gaia_consistent
193982,193982.0,3.908983754591463e+16,star,0.0002344375088721169,1.565808110829847e-05,0.0,0.08438883573898034,star,False,20.291838,,,,,,,1.98935814409425,1.8036236286588208,ok,1.98935814409425,2.6373138595948236,ok,13.348501932012637,1.6643871701409736,ok,53.12673882242908,36.05631629945637,ok,53.12673882242908,63.28485011382037,ok
195362,195362.0,3.908983755008132e+16,star,-3.145007593969718e-05,1.3905751655884558e-05,0.0,0.018811218731030296,star,False,20.890675,,,,,,,5.3798519188151745,2.373494285077245,ok,9.257449993389324,2.3564898525837545,ok,4.325010559021314,1.664413097189645,ok,11.994389986919625,36.05675452927652,ok,11.994389986919625,63.31403506719482,ok
193619,193619.0,3.908983754591462e+16,star,0.0003374134205741267,3.500082493895539e-05,0.0,0.006127842267560744,star,False,21.301336,,,,,,,6.185896909757148,1.78640780363735,ok,6.185896909757148,2.4092723707824453,ok,4.154679531733382,1.6644460335091382,ok,24.40060003076809,36.07078451945518,ok,24.40060003076809,63.52233281210479,ok
202306,202306.0,3.908983754591466e+16,star,-3.334203696363132e-05,1.6183945287503242e-05,0.0,0.0466885723124567,star,False,20.81139,,,,,,,4.23073470110055,1.886448526596633,ok,4.23073470110055,7.941985904229626,ok,8.41652906740728,1.6644092140750695,ok,23.08297946853237,36.05748624244278,ok,23.08297946853237,63.28423789221321,ok
206463,206463.0,3.908983754591466e+16,star,0.00011089053432949103,7.613120912333595e-06,0.0,0.05565177839161518,star,False,19.540693,-13.501272913243954,5.883710591284196,14.727607429582196,2.8804932589731864,1.6923179626464844,2.330944299697876,3.9323358108515483,1.8637240392408219,ok,3.9323358108515483,2.327541283354237,ok,15.94508198443754,1.6643713223643843,gaia_consistent,57.36785065722007,36.056030211926796,ok,57.36785065722007,63.26345298945713,ok
206439,206439.0,3.9627835555451864e+16,galaxy,0.8830099582995423,6.906370877133696e-05,0.0,0.03209621759494761,AGN/QSO,True,22.090376,,,,,,,0.6429434641390663,1.7848932192085756,ok,4.139516437100389,2.4292304896801356,ok,0.41517527745365457,1.6654453724575184,ok,29.67184124382124,36.074088833415914,ok,29.67184124382124,63.323810544789595,ok
211153,211153.0,3.908983755010187e+16,galaxy,0.0007246593101494632,6.276402149987826e-05,4.0,0.024824405351436436,star,False,22.405764,,,,,,,2.2098942610233636,1.8276259947609519,ok,10.320428027713884,2.5659819690056174,ok,6.198858155853751,1.6648304123363429,ok,16.397832622065472,36.06158608901365,ok,16.397832622065472,63.568373601836434,ok
210458,210458.0,3.9089837545914664e+16,star,0.0001558594726192929,4.410437450920214e-06,0.0,0.15935493409057255,star,False,19.044809,-3.5319071068543444,-36.47790880526729,36.648495175338994,1.8534345715153426,1.021659255027771,1.5464255809783936,7.725654352583076,1.7520754187767034,ok,7.725654352583076,2.2830595621964456,ok,37.53811423022635,1.664366179072939,gaia_consistent,28.123084831448377,36.05576821873113,gaia_consistent,28.123084831448377,63.25997546634238,gaia_consistent
215034,215034.0,3.962784159943898e+16,quasar,1.9514778718363184,0.0005816597288625391,0.0,0.026317853522148923,AGN/QSO,True,22.37089,,,,,,,7.17312708945149,1.8662478448884816,ok,7.17312708945149,2.551653875619039,ok,5.596416694405886,1.6647499151111798,ok,11.322796469534607,36.05994262203954,ok,11.322796469534607,63.685036385996376,ok
6326,6326.0,3.908983739489956e+16,galaxy,0.3395622277350798,5.925125906426232e-05,0.0,0.02006097612242479,AGN/QSO,True,19.845312,,,,,,,5.95692447168026,1.7339329262392562,ok,5.95692447168026,2.280702525200904,ok,7.282799012817654,1.6644102227236643,ok,165.67849887446482,36.05813920200024,ok,165.67849887446482,63.28714816588622,ok
4796,4796.0,3.9089837550091784e+16,star,0.00017424156211562906,2.1988121896115052e-05,0.0,0.01614506513345938,star,False,20.24544,0.8706744634349646,-3.9412398384247505,4.0362662802724145,1.0186682963272309,0.7506168484687805,0.688664972782135,1.8621377454936026,1.7584209738299403,ok,1.8621377454936026,2.4384745753847734,ok,6.1335987205572,1.6643856574944653,gaia_consistent,7.030511196502286,36.05612049183886,gaia_consistent,7.030511196502286,63.315730084879064,gaia_consistent
5363,5363.0,3.908983755008913e+16,galaxy,0.720220467648563,7.834625155604951e-05,4.0,0.030211875361256788,star,False,23.047024,,,,,,,2.5675449169135396,1.7493808011531489,ok,2.5675449169135396,2.2360871645168574,ok,6.624449791942784,1.6650626211162827,ok,29.67218426459887,36.067582474984064,ok,29.67218426459887,63.80109275009454,ok
216322,216322.0,234538995286018.0,star,0.00021683126608644805,8.169855588241224e-06,0.0,0.43770748671520426,star,False,21.48683,,,,,,,6.689280625086677,1.7803686575283548,ok,6.689280625086677,2.672239398685415,ok,13.929974047281204,1.6644766704948275,ok,11.267940830411595,36.05887103368099,ok,11.267940830411595,63.32484004758966,ok
13019,13019.0,3.9089837545917096e+16,star,-6.245616505055754e-05,2.7710395362014636e-05,0.0,0.03298473217825832,star,False,21.014057,,,,,,,7.835043853453241,1.850207304904739,ok,7.835043853453241,3.1118547451655596,ok,1.1197677548352405,1.6644221482708272,ok,10.917875344194801,36.05678998801186,ok,10.917875344194801,63.308381510018215,ok
17291,17291.0,3.908983742005822e+16,quasar,2.2170886389989968,0.00011942746352767689,0.0,0.021662683988273947,AGN/QSO,True,20.87763,,,,,,,6.569070759582532,1.7863819922713058,ok,6.569070759582532,2.305920593068714,ok,4.516305091013184,1.6644136337405802,ok,23.466279216499636,36.05640876865502,ok,23.466279216499636,63.32440146754145,ok
17290,17290.0,3.962784159943942e+16,quasar,2.2165947254639327,0.00022328303798191553,0.0,1.139143881580246,star,False,22.493223,,,,,,,2.004276930699058,1.7743996816797731,ok,2.004276930699058,2.253122084656778,ok,5.156468115880785,1.6647021319408226,ok,100.26743953330083,36.06493761221603,ok,100.26743953330083,64.73303982898983,ok
15785,15785.0,3.908983755010461e+16,star,0.001067320580055653,4.622347649458288e-05,4.0,0.01691530223186016,star,False,22.433594,,,,,,,4.965939529414888,1.8019255740067572,ok,4.965939529414888,2.27451888563397,ok,2.515394063025558,1.664671436009496,ok,41.451916703984686,36.059494598055466,ok,41.451916703984686,63.41749384897073,ok
199460,199460.0,3.908983755009691e+16,galaxy,0.18267401789448134,6.650609666835234e-05,4.0,0.012146784194676309,star,False,22.865957,,,,,,,1.8020036348941935,1.8692279672957566,ok,9.957504009386932,2.4439677171262333,ok,4.934437924663304,1.6648934124870665,ok,17.02365310979931,36.06358998122985,ok,17.02365310979931,63.64047253952833,ok
195792,195792.0,3.908983742425276e+16,star,6.489126890806736e-05,2.1414104614666716e-06,0.0,0.01980785596875089,star,False,17.999922,-0.6916966887677644,-4.3584558491529775,4.41300143873397,0.17772822718697917,0.1371612697839737,0.11302260309457779,5.155525510315457,1.77186167702489,ok,5.155525510315457,2.3116848711366615,ok,6.669472664536802,1.6643601588896852,gaia_consistent,73.2299365178914,36.05563034169613,ok,73.2299365178914,63.251272768239836,ok
199822,199822.0,3.9089837550096904e+16,star,0.0006124932782922923,6.46092450210292e-05,4.0,0.009403033173680528,star,False,22.845186,,,,,,,3.764021732332323,1.751499515691888,ok,3.764021732332323,2.258761689937483,ok,5.397569525214841,1.6648832454022555,ok,11.142452266503534,36.06323044674498,ok,11.142452266503534,63.48085008597208,ok
195776,195776.0,3.908983739490639e+16,galaxy,0.31619084867639213,7.464898381262724e-05,0.0,0.08297536512897526,star,False,21.699678,,,,,,,12.507990806509643,1.9569541898114595,ok,12.507990806509643,2.8884522012561744,ok,10.810821203585316,1.6644993875505516,ok,18.148427917672134,36.058177398453886,ok,18.148427917672134,63.376872096763634,ok
201454,201454.0,3.9089837550096904e+16,star,0.00029063047508228043,9.27033740409273e-06,0.0,0.01698154123607685,star,False,19.105207,-0.5648334361079098,-4.207642997661694,4.245385307167885,0.3837375142156957,0.2980179190635681,0.24174325168132782,10.781657302848554,1.9092063196056916,ok,10.781657302848554,2.597995242657846,ok,7.477141918403371,1.6643663066638892,gaia_consistent,8.536541637539596,36.05570841501926,gaia_consistent,8.536541637539596,63.26842501737632,gaia_consistent
199615,199615.0,3.9089837550076776e+16,galaxy,0.014307102336687041,6.424075390844927e-05,4.0,0.016875703591300535,star,False,23.44363,,,,,,,9.692200113952461,1.9478039736285762,ok,10.161435796767556,2.438766265936985,ok,5.257321836297094,1.6655691116962281,ok,31.397238076204065,36.08326094142917,ok,31.397238076204065,65.39301527609332,ok
199138,199138.0,3.908983755007677e+16,galaxy,0.0810497122109306,4.2125443456231196e-05,4.0,0.014514518079625217,star,False,24.213966,,,,,,,14.394117038225813,1.8859240777005728,ok,3.4207073992249866,2.2501368206147205,ok,3.0942279349274338,1.6690090379866755,ok,65.80636402324073,36.14934704338941,ok,65.80636402324073,68.43575319261612,ok
209883,209883.0,3.908983755010079e+16,quasar,2.6673452753140823,0.0007538909452522689,4.0,0.011175541246852813,AGN/QSO,True,22.992369,,,,,,,8.23150319463316,1.8281396788299016,ok,12.189375063385606,2.1970024519566693,ok,2.928827702173223,1.6650044325481137,ok,36.77307690112158,36.06775250117813,ok,36.77307690112158,63.53387599699655,ok
203522,203522.0,3.90898375459169e+16,star,-1.4576887592852106e-05,7.376576407426077e-06,0.0,0.015674071202750325,star,False,19.633137,,,,,,,10.399034413926385,1.8990787006170673,ok,10.399034413926385,3.7892077905616444,ok,1.4829073244181212,1.6643727725949446,ok,16.76319090562805,36.056103341716465,ok,16.76319090562805,63.27335484911673,ok
208896,208896.0,3.908983755010078e+16,galaxy,0.7910655107246156,7.118376965580244e-05,4.0,0.014101573220586748,star,False,24.003185,,,,,,,7.725654352583076,1.7520754187767034,ok,7.725654352583076,2.2830595621964456,ok,1.8518059161968425,1.6672496756320832,ok,25.00218881792923,36.0892155036527,ok,25.00218881792923,64.4413527319336,ok
203992,203992.0,-833001030.0,galaxy,0.6169307399078514,0.00010537564179125396,516.0,1.4304729662588314,star,False,21.645802,,,,,,,2.4080471459827035,1.8056292838204429,ok,2.4080471459827035,2.342666610263812,ok,4.3436095021782,1.6644852318061067,ok,27.777255122798024,36.05799092839214,ok,27.777255122798024,63.36917793244562,ok
202737,202737.0,3.908983739490641e+16,star,-1.9075851348708876e-05,3.3273350785075125e-05,0.0,0.09751725875933978,star,False,22.616488,,,,,,,7.592506349149801,1.9002939603943876,ok,10.881917637749138,2.336139158484638,ok,16.860334570497187,1.6647795811350128,ok,29.134251768161505,36.069039817820205,ok,29.134251768161505,63.34989718424071,ok
201394,201394.0,3.908983755008355e+16,galaxy,0.933376138798746,0.00011487359167970113,4.0,0.009325696765688259,star,False,22.929089,,,,,,,2.4494285477942728,1.951207231550074,ok,4.291654280018267,2.8371801670898176,ok,2.4910450330844,1.664989768313114,ok,37.12992307504906,36.06545370703397,ok,37.12992307504906,63.56065388247516,ok
213874,213874.0,3.908983754591687e+16,star,0.00018062850781671143,8.867501818465205e-06,0.0,0.05798700340708232,star,False,19.911928,,,,,,,7.573608607325953,1.7348488937573034,ok,7.573608607325953,2.196638730054823,ok,14.603341926981207,1.6643791093066782,ok,33.2292988094325,36.0558923433233,ok,33.2292988094325,63.26143500658854,ok
210023,210023.0,3.908983755009832e+16,galaxy,0.5424128902108815,8.45603819787358e-05,0.0,0.038775268134981784,star,False,21.992176,,,,,,,4.282979254403569,2.036328753351483,ok,1.0796440480311746,2.263174086602377,ok,5.782566098193721,1.664592430803972,ok,17.55639840930057,36.05882674618852,ok,17.55639840930057,63.51766961159787,ok
210632,210632.0,3.908983754591688e+16,star,0.00026474350445138145,5.118674473429354e-06,0.0,0.10935540003713383,star,False,19.094011,-24.151280953367543,-1.3186255988905833,24.187251707429336,0.8763041103299215,0.656639814376831,0.5802870392799377,5.133917198603797,1.8172019267842336,ok,4.379313272899968,3.384883638525664,ok,30.376118076321998,1.6643665616670902,gaia_consistent,66.93237959097097,36.0558587265901,ok,66.93237959097097,63.26050750025037,ok
209816,209816.0,3.908983739490645e+16,galaxy,0.6755814450083133,9.45896514916444e-05,0.0,1.2787911234608795,star,False,23.524988,,,,,,,9.027094330377267,1.9093804455640397,ok,9.027094330377267,3.3990616502075586,ok,8.918961740004942,1.6669891381697097,ok,10.582182238912704,36.08301678615448,ok,10.582182238912704,64.44300195021103,ok
210357,210357.0,3.90898375459169e+16,star,0.0001059257935898497,9.083919332103123e-06,0.0,0.0675893952713785,star,False,19.973452,,,,,,,5.031114089583995,1.9807526460587934,ok,7.688942032695061,2.7536318789765755,ok,17.38125863327794,1.6643805208607334,ok,12.969310952491087,36.056023462287264,ok,12.969310952491087,63.273781416799004,ok
214141,214141.0,3.962783555964182e+16,star,0.0001488674946912198,4.341431479402779e-06,0.0,0.005904585731608611,star,False,18.791992,-9.772120728841891,1.9645119512973588,9.967630146923167,0.4619744891559968,0.366332471370697,0.281462162733078,2.170490468817252,1.8852646862821705,ok,1.9522705385902266,2.390746601943761,ok,15.426233020321302,1.6643640728551354,gaia_consistent,45.65565753097919,36.05570739514445,ok,45.65565753097919,63.26263906208528,ok
213951,213951.0,3.90898373949065e+16,galaxy,0.0008477123902900402,4.786930709466658e-48,514.0,0.029276127146443474,AGN/QSO,True,21.441814,,,,,,,1.4844521389920546,1.7611969642732515,ok,1.4844521389920546,2.3422984165622607,ok,6.298416900871947,1.6648432091627496,ok,26.593085495077013,36.060504167690965,ok,26.593085495077013,63.41263115592078,ok
212322,212322.0,3.9089837545916904e+16,star,-4.2335402923721095e-05,2.5202047061296815e-05,0.0,0.0562803005978873,star,False,21.520794,,,,,,,5.152790600482903,1.8099937621852813,ok,5.152790600482903,2.440013359953281,ok,4.54789423958836,1.6644902424591075,ok,39.69109871063177,36.057787966249855,ok,39.69109871063177,63.27610251633697,ok
6636,6636.0,3.962784159944036e+16,star,0.0001088761474458166,7.323848724709418e-06,0.0,0.015388753341695094,star,False,19.071419,0.3545324819234913,-3.0232337594793615,3.04395066405396,0.9515222009004767,0.5263141393661499,0.792709231376648,5.647319547708081,1.8880169106817142,ok,5.647319547708081,2.541285480253991,ok,4.927500360578218,1.6643660106569729,gaia_consistent,15.736928370295288,36.055702046383736,ok,15.736928370295288,63.271910946265564,ok
6638,6638.0,3.908983739489971e+16,galaxy,0.261966439609875,6.817360524255861e-05,0.0,0.015282208682129064,AGN/QSO,True,19.924637,,,,,,,1.786394934279124,1.8058676985102324,ok,1.786394934279124,3.0257022782136422,ok,4.314490934549825,1.6643963970902491,ok,19.896899345301673,36.05614227951859,ok,19.896899345301673,63.2560581778284,ok
7157,7157.0,3.908983754591711e+16,star,1.1852437437826085e-05,4.994328281122155e-06,0.0,0.054314640615402046,star,False,19.200888,-10.573764915642776,5.756411459509323,12.039135242302429,0.9131461727558081,0.7050039172172546,0.5803493857383728,3.140211057039754,2.2125464708993117,ok,3.140211057039754,2.864526876209795,ok,16.905213094702205,1.6643672034520083,gaia_consistent,73.62692317849451,36.05582436652433,ok,73.62692317849451,63.26105097046973,ok
5325,5325.0,3.908983755008378e+16,galaxy,1.555616540413346,0.00011798472452053545,0.0,0.009078411388606846,star,False,22.260498,,,,,,,5.155722313162715,1.8922521990003696,ok,5.155722313162715,4.012744215496291,ok,4.75200305151015,1.6646199994349131,ok,32.84370498039017,36.058308187958175,ok,32.84370498039017,63.37479731823779,ok
4223,4223.0,3.962784159943957e+16,galaxy,0.0008477123902900402,4.786930709466658e-48,514.0,0.0009661021712590585,star,False,18.904333,-3.93351472092427,-1.5010099233547272,4.210174444098166,0.6706781193835765,0.5441732406616211,0.39202630519866943,4.497571428742871,1.7980965597885368,ok,4.497571428742871,2.5889631743140686,ok,8.290962058319836,1.664364561119502,gaia_consistent,18.50723229335575,36.055653214535816,ok,18.50723229335575,63.249700377175735,ok
786,786.0,3.908983755009873e+16,star,0.00025087792523879475,3.174570299391103e-05,0.0,0.03229500000902772,star,False,21.358213,,,,,,,6.2477686310169975,1.9844309519067762,ok,6.2477686310169975,3.8930699015964634,ok,7.6002772291559895,1.664450817347861,ok,12.703063218494453,36.05665888933767,ok,12.703063218494453,63.29433430385646,ok
5244,5244.0,3.908983755009179e+16,star,0.0010256929689614722,1.4541778936203568e-05,0.0,0.017239003764226202,star,False,19.423079,-3.385010694524366,-2.6675186438991707,4.309750934519767,0.5094288514665796,0.3985847532749176,0.3172506093978882,6.649123235583098,1.863700453090475,ok,6.965013662651922,3.6062907376447106,ok,8.755803961697604,1.6643696857042682,gaia_consistent,21.692220637191923,36.05581831395924,ok,21.692220637191923,63.28259809624664,ok
15648,15648.0,3.908983739069537e+16,quasar,2.975154822040552,0.00033412740951164056,0.0,0.010778004675581019,AGN/QSO,True,22.247726,,,,,,,6.957285998519932,1.7228606463467,ok,6.957285998519932,2.1835256215584153,ok,1.0032572187286641,1.6646060211240352,ok,19.249008431773113,36.05786831346551,ok,19.249008431773113,63.593183445821865,ok
11347,11347.0,3.908983754591713e+16,star,6.683585012724126e-05,4.518477341820868e-06,0.0,0.04729043465171084,star,False,19.0242,-10.468905446890718,-0.04476896655229908,10.46900117089994,0.848319354684308,0.6498796939849854,0.5452541708946228,9.675601458855002,2.270137351112129,ok,6.425899256151278,3.3604013730762357,ok,11.061368348078798,1.6643655137946183,gaia_consistent,58.05458087373638,36.055847646433236,ok,58.05458087373638,63.26749055850708,ok
14080,14080.0,3.90898375500844e+16,star,0.00036204855440533546,5.679493722124177e-05,0.0,0.004205769363891683,star,False,21.289064,,,,,,,6.940977925055447,1.8592501436238733,ok,6.940977925055447,2.5657331033962327,ok,0.9034085001746275,1.6644489290080549,ok,31.713632768877567,36.05719806669324,ok,31.713632768877567,63.38183970715347,ok
8806,8806.0,3.90898375459171e+16,star,0.00011923045219392486,5.9201237054251625e-06,0.0,0.05601766202987268,star,False,19.305048,-10.975076324427288,5.565736345033533,12.305678420527315,1.8958825885532875,1.3518160581588745,1.3292720317840576,4.167502535241383,1.7712387083444059,ok,4.167502535241383,2.226172462308743,ok,12.827094820319962,1.664368314160174,gaia_consistent,65.88348082924664,36.05585123976336,ok,65.88348082924664,63.26653012056352,ok
14223,14223.0,3.962784159943959e+16,galaxy,0.7606145467769356,5.466726421604286e-05,0.0,0.04121156537310663,AGN/QSO,True,21.349501,,,,,,,4.843513892781728,1.741895483899986,ok,4.843513892781728,2.3226523875155607,ok,0.9666589047189559,1.6645681648306023,ok,52.674185290924896,36.06053582726999,ok,52.674185290924896,63.387920099405484,ok
12978,12978.0,3.9089837545917096e+16,star,0.00030674158157126486,1.2306960204749232e-05,0.0,0.016319534284646983,star,False,20.25643,,,,,,,6.649123235583098,1.863700453090475,ok,6.965013662651922,3.6062907376447106,ok,3.8454420602391304,1.6643874641397105,ok,33.80579339445394,36.05640159518386,ok,33.80579339445394,63.28068972627593,ok
234787,234787.0,3.908983754591692e+16,star,0.0003565928068764663,1.3961607492433976e-05,0.0,0.041973556782891976,star,False,20.364759,,,,,,,5.62944781874888,1.7216223014769392,ok,5.62944781874888,2.2054900263333335,ok,11.161934128401079,1.6643902283303451,ok,18.20639210483707,36.05625625793407,ok,18.20639210483707,63.3036064857719,ok
235636,235636.0,3.908983755008537e+16,star,0.00034879114125156095,4.344984472904955e-05,4.0,0.017221319236698694,star,False,21.987207,,,,,,,1.4667818607890264,1.802536809586843,ok,1.4667818607890264,2.3991359725167514,ok,7.9666517888378525,1.6645529437904019,ok,12.292915797409945,36.058894242732634,ok,12.292915797409945,63.507980983211596,ok
194142,194142.0,3.908983755009706e+16,galaxy,0.4291041932197072,5.5493127123912795e-05,4.0,0.03722375117656769,star,False,24.427996,,,,,,,5.342822437554601,1.9122003937303136,ok,29.7458659593603,3.0535721070366035,ok,4.8195014370244325,1.670434621286201,ok,40.64953269358116,36.46577601796881,ok,40.64953269358116,88.9501755696742,ok
194127,194127.0,3.908983755009706e+16,galaxy,1.3915849606314519,0.00015674678314982332,4.0,0.0024647795572952922,star,False,21.597845,,,,,,,1.9269671894614397,1.7844889531609318,ok,1.9269671894614397,2.386038959719097,ok,7.413313139812941,1.664486563733236,ok,10.435314289878116,36.07242810433928,ok,10.435314289878116,64.82539835487863,ok
16430,16430.0,3.908983754588176e+16,quasar,2.0139960254275158,0.001011990191295566,0.0,0.03684159917175961,AGN/QSO,True,24.101517,,,,,,,4.3634088472440995,2.0239775022919195,ok,10.60127412706656,2.213056594485265,ok,2.645476003971861,1.6679044692089608,ok,27.600914954687852,36.082039142918596,ok,27.600914954687852,64.09025459944938,ok
23435,23435.0,2781007929409538.0,star,-2.801420836547957e-05,5.703370062562131e-05,0.0,0.01370042912089464,star,False,20.113487,-0.980396649241341,-3.3524623017666033,3.4928757599734177,1.6700287594303398,0.950701117515564,1.3730125427246094,3.9947071656650808,1.7953518385112808,ok,2.609279510097665,2.3795620994169937,ok,3.3891176871562636,1.6643821096591562,gaia_consistent,32.83420516912093,36.05596417833757,ok,32.83420516912093,63.30100344263819,ok
17577,17577.0,3.962784159944019e+16,star,0.00016054305233141576,3.2132035583544113e-06,0.0,0.01104170110574007,star,False,18.151461,-2.068816345023042,1.1730624957049895,2.3782507622755253,0.5873619162513608,0.3303520977497101,0.4856557548046112,10.572990016976128,2.163078686228514,ok,10.572990016976128,3.378539488205659,ok,2.085554118819589,1.6643612229824842,gaia_consistent,39.252941347533394,36.055631235378705,ok,39.252941347533394,63.25571676679435,ok
21672,21672.0,3.9089837550102744e+16,star,0.0009758894250820014,1.4898217803107918e-05,0.0,0.04654400415843166,star,False,20.498613,,,,,,,3.3408314212564654,1.784218311779481,ok,3.3408314212564654,5.895143401738364,ok,3.6851030764909307,1.6643945174897448,ok,40.226282344657,36.05603387499423,ok,40.226282344657,63.26731448760091,ok
243366,243366.0,3.908983755009365e+16,galaxy,1.3211870667214198,0.00016454649355822725,4.0,0.014883467871336322,star,False,22.349756,,,,,,,2.9560556612618516,1.7471460941799701,ok,2.9560556612618516,2.3096425944756147,ok,5.108980017039137,1.6646409084539613,ok,14.345510687261358,36.06246738192846,ok,14.345510687261358,64.09307361089756,ok
201625,201625.0,3.908983742425278e+16,star,-0.00037197110770439615,7.787437014376764e-06,0.0,0.06152609870655968,star,False,18.673738,2.7387981987810184,-14.000579859919721,14.265947286725684,0.9544183645104467,0.5631540417671204,0.7705659866333008,10.399034413926385,1.8990787006170673,ok,10.399034413926385,3.7892077905616444,ok,16.832268039310026,1.6643630399633798,gaia_consistent,54.22310880056588,36.05564466942257,ok,54.22310880056588,63.25775797562622,ok
203138,203138.0,3.908983755010642e+16,quasar,1.3601826586330132,0.0009553430373982098,0.0,0.006884762976457703,AGN/QSO,True,22.473249,,,,,,,6.049394288446687,1.7876217801776846,ok,6.049394288446687,2.602557360555371,ok,3.0396992408696435,1.6647210714445977,ok,12.701496278872936,36.07202816878839,ok,12.701496278872936,63.65145222816652,ok
195622,195622.0,3.9089837550097064e+16,star,0.0005796777964539599,6.488848559040236e-06,0.0,0.007548068773295541,star,False,18.923691,-0.3475605883677334,-1.8547332784116897,1.8870171956382114,0.40468177119601384,0.30189189314842224,0.26949697732925415,3.195668731602506,1.7624013108881755,ok,3.195668731602506,2.8128240788471537,ok,4.933644725509916,1.6643647103346801,gaia_consistent,33.30989426424169,36.05627726112008,ok,33.30989426424169,63.36062830691204,ok
201945,201945.0,3.9089837545916904e+16,star,1.440306027728218e-05,7.683036847053236e-06,2.0,0.17507833083434504,star,False,19.001987,14.19289468500431,-36.28673072213612,38.96363799801606,0.49168770706464265,0.37510403990745544,0.317889541387558,2.5111920667514247,1.8514919139659878,ok,2.5111920667514247,4.534255639943273,ok,41.01944180260305,1.6643653893986368,gaia_consistent,48.12472572586456,36.05581676052308,gaia_consistent,48.12472572586456,63.260249805415086,gaia_consistent
202536,202536.0,3.908983755010606e+16,galaxy,1.2563882229068577,9.97750687222348e-05,4.0,0.022785001981714497,star,False,24.242859,,,,,,,9.072926265412882,1.798796775001473,ok,9.072926265412882,2.4647812588800093,ok,2.8039435729168285,1.669901800823096,ok,11.4497178604413,36.10520002956022,ok,11.4497178604413,64.62313941617849,ok
27220,27220.0,3.908983755007744e+16,galaxy,0.01705719215694448,5.114862216900951e-05,4.0,0.013626102009955841,star,False,21.911398,,,,,,,6.818238405249337,2.149465224447958,ok,10.354580610434459,2.22916275419599,ok,2.503076704681129,1.6645284468591992,ok,27.72900611042942,36.05788600993934,ok,27.72900611042942,63.497090800994854,ok
25077,25077.0,3.908983754591711e+16,star,0.0008894465679908205,3.396424089694337e-05,0.0,0.101244474149928,star,False,20.876612,,,,,,,9.115474699015076,1.8054638363171203,ok,9.115474699015076,2.453880767972502,ok,16.099424955759837,1.6644127280587293,ok,31.71377569903263,36.05621864655845,ok,31.71377569903263,63.2683534099123,ok
576176,576176.0,3.908983755009812e+16,galaxy,0.9566180238079808,9.717669894993972e-05,4.0,0.047209410321280766,star,False,22.585482,,,,,,,2.3803973115314063,1.8162566189663698,ok,2.3803973115314063,2.5757465090798575,ok,2.6880469889065552,1.6647326006721606,ok,71.58125476756909,36.06164229297887,ok,71.58125476756909,63.51771230121583,ok
207596,207596.0,3.9089837550094664e+16,galaxy,0.8770046973815624,7.866048343954077e-05,4.0,0.006947659634555035,star,False,23.131193,,,,,,,0.8959405836614523,2.0177535117309535,ok,7.0912195793164985,2.320711331766991,ok,2.8146365836946767,1.6651514677715915,ok,10.917011307092636,36.06514984241511,ok,10.917011307092636,63.741845405641364,ok
206808,206808.0,3.962783555964269e+16,star,0.0005463953044394717,1.830383114024476e-05,0.0,0.01327103446596838,star,False,19.077824,0.323614750781578,-2.920863793078715,2.938736429937466,0.39079313667567167,0.27701446413993835,0.2756488025188446,1.7197367402821684,1.7848911116398427,ok,1.7197367402821684,2.371143800804679,ok,3.8010484077246347,1.6643660026956784,gaia_consistent,12.925159510616924,36.055709484021804,gaia_consistent,12.925159510616924,63.26473331148499,gaia_consistent
203488,203488.0,3.908983754591691e+16,star,0.00018923764634426457,1.2123757589632933e-05,0.0,0.037785939955541754,star,False,20.056959,,,,,,,4.871509613203122,1.7797927932165758,ok,4.871509613203122,2.3532783422346606,ok,7.149565061151797,1.6643813047491405,ok,36.070910654437675,36.05629437010922,ok,36.070910654437675,63.28402516380853,ok
210466,210466.0,3.9627835559642504e+16,star,0.00041011520019708565,5.898220463041579e-06,0.0,0.018285825893953757,star,False,18.926508,-3.765366779858823,-1.6150517241412898,4.0971183847328785,0.4264747313928432,0.3027028441429138,0.3004191815853119,7.8106541843799695,1.802061126358577,ok,7.8106541843799695,2.4356156685021766,ok,5.074823981193232,1.6643648746987394,gaia_consistent,33.78468199567036,36.05567378917364,ok,33.78468199567036,63.288397476943025,ok
203606,203606.0,3.908983755010642e+16,galaxy,1.539980204502944,0.00011540890201641481,0.0,0.009637824083124318,star,False,23.411558,,,,,,,6.689280625086677,1.7803686575283548,ok,6.689280625086677,2.672239398685415,ok,1.5877770327841478,1.6657680122779666,ok,31.94802570491945,36.07550929036596,ok,31.94802570491945,64.45853544132787,ok
203781,203781.0,3.908983755010642e+16,galaxy,0.7577468358143767,0.00012664718605068326,4.0,0.046583839007022614,star,False,23.041735,,,,,,,3.3986532312252304,1.9383248901367136,ok,3.2987558342028946,2.3321246384388,ok,11.131740922230577,1.665098376724031,ok,22.44101170475378,36.06593825608585,ok,22.44101170475378,64.44529444964776,ok
209775,209775.0,3.908983754591691e+16,star,-3.294169297632037e-05,4.4993929289195475e-05,2.0,0.037439504025335316,star,False,21.041409,,,,,,,2.5111920667514247,1.8514919139659878,ok,2.5111920667514247,4.534255639943273,ok,2.8466021787012616,1.6644230315753932,ok,66.20890934751588,36.059429921957474,ok,66.20890934751588,63.63097546720694,ok
203536,203536.0,3.962783555964216e+16,star,0.000262320793050631,3.6790078289043333e-06,0.0,0.016428033384964943,star,False,18.539745,-3.9375647740962343,0.0953461452517499,3.9387189843422314,0.7148986254388402,0.3956843912601471,0.5954107046127319,7.616683028323005,1.8710172039864454,ok,7.616683028323005,4.020287673042085,ok,4.4102688063592135,1.6643623078823706,gaia_consistent,26.983784400193617,36.05564201028195,ok,26.983784400193617,63.25510066612336,ok
204760,204760.0,3.9089837394906536e+16,galaxy,0.98316135879645,5.1074352303993486e-05,4.0,0.0759317590221658,star,False,22.722534,,,,,,,3.429163878112963,1.9707333668291391,ok,2.6025369705854535,3.4186360819855133,ok,5.969368248319368,1.6648336994852193,ok,4.6385019058858825,36.06676054865884,ok,4.6385019058858825,63.411707831842854,ok
202834,202834.0,3.908983755010606e+16,galaxy,1.3569936668965958,0.00021357126185354483,0.0,0.004689797562226346,star,False,23.160366,,,,,,,2.9824685580545434,1.8251335727709161,ok,1.503038709273346,2.3046671474764158,ok,0.2512408809544486,1.6654766666689969,ok,22.274567690332788,36.07272413643619,ok,22.274567690332788,63.50292764927005,ok
586797,586797.0,3.962784159944136e+16,quasar,2.732621565059149,0.00020689423310467172,0.0,0.0042213249677471925,AGN/QSO,True,20.876564,0.5628902260731391,-0.47835570403967104,0.7386945148002381,1.5767324043380577,1.0724494457244873,1.155827522277832,6.342931442081209,1.7255111232418308,ok,6.342931442081209,2.213969023873206,ok,3.49598795722972,1.6644115309073555,gaia_consistent,,,inconsistent_with_gaia,,,inconsistent_with_gaia
581148,581148.0,3.908983754591715e+16,star,0.00023246156829126276,4.486604442353385e-06,0.0,0.07634560605589319,star,False,19.106915,-14.668853625510208,2.2922239321953284,14.846870284405835,2.251305800741216,1.4772814512252808,1.6988282203674316,9.684428485054312,1.7782924175366237,ok,9.684428485054312,2.3810276994791693,ok,18.163838054814597,1.6643663359365115,gaia_consistent,64.59628405873488,36.05576025659269,ok,64.59628405873488,63.286614630705955,ok
581442,581442.0,3.908983739489984e+16,galaxy,0.28260760835103854,5.851877624501807e-05,0.0,0.05394074822395766,AGN/QSO,True,20.541533,,,,,,,1.649150935801627,1.735114083702622,ok,1.649150935801627,2.249606556425894,ok,3.3143729314220725,1.6645074291690523,ok,63.50702049956508,36.057431675985995,ok,63.50702049956508,63.28449004031965,ok
583281,583281.0,3.908983739489982e+16,star,0.0011788239530163799,1.2173764628898333e-05,0.0,0.018056368849562597,star,False,20.575457,,,,,,,10.503961310034391,2.499948436351139,ok,0.9972435798446865,2.5902982684622797,ok,3.201927326098038,1.6643972307002888,ok,72.5965622770602,36.056148595060066,ok,72.5965622770602,63.35514735127213,ok
587605,587605.0,3.962784763923821e+16,quasar,2.246884120922591,0.00046528987804668475,0.0,0.009674111909395648,AGN/QSO,True,22.535995,,,,,,,5.152790600482903,1.8099937621852813,ok,5.152790600482903,2.440013359953281,ok,3.409747413829078,1.6647371582045298,ok,87.14636093094894,36.058014887936416,ok,87.14636093094894,63.423693181340745,ok
586046,586046.0,3.908983739490078e+16,star,0.00029454152137063416,1.883689887602209e-05,0.0,0.04085877633176254,star,False,20.762793,,,,,,,12.045463794581151,1.8478009605036996,ok,12.045463794581151,2.350360348862158,ok,5.409025290138132,1.6644053899068627,ok,52.75775475301876,36.05628626149094,ok,52.75775475301876,63.29576073386362,ok
585345,585345.0,3.908983739490073e+16,star,0.0002504256853102697,7.3057310400398e-06,0.0,0.019920243901096393,star,False,19.964638,-3.3659009713895447,-2.5186106974882527,4.203889769570956,1.5377829316047662,0.9153198003768921,1.2357046604156494,12.507990806509643,1.9569541898114595,ok,12.507990806509643,2.8884522012561744,ok,6.844661082789533,1.6643784624820477,gaia_consistent,75.93949473552813,36.05600088641095,ok,75.93949473552813,63.281417909307095,ok
215674,215674.0,3.9089837394906664e+16,star,0.00020371687068439258,1.8122701870778098e-05,0.0,0.007413918062347802,star,False,21.326067,,,,,,,9.46627503241338,1.8808112560378443,ok,11.261234890574878,2.235371761425943,ok,4.61822570423378,1.6644497648531753,ok,29.67714303683284,36.0575304063537,ok,29.67714303683284,63.3684157539328,ok
212725,212725.0,3.908983739490665e+16,star,0.0003972314494796774,3.9397908452460565e-05,0.0,0.06673726836642078,star,False,21.443424,,,,,,,4.554323120758305,2.4781955363544412,ok,5.672977917379393,2.6781153204440584,ok,7.9197318925997235,1.6644593588286904,ok,10.424603535337452,36.05681352183378,ok,10.424603535337452,63.323003952648754,ok
213882,213882.0,3.908983755008222e+16,star,-2.015928821471935e-06,2.1599551312232047e-06,0.0,0.022196351298181555,star,False,18.48243,-4.451368192585523,-3.3132607511076557,5.54908781610028,0.7719720849560704,0.42301446199417114,0.6457551121711731,6.706543511795445,1.9148409788369523,ok,6.919488914472925,2.2281480534710334,ok,8.415419868358649,1.6643619963064522,gaia_consistent,21.66563696517386,36.055629961437496,ok,21.66563696517386,63.25498815858114,ok
212408,212408.0,3.908983754591692e+16,star,-0.00012090833453125204,1.000115703939693e-05,0.0,0.055213268990753954,star,False,20.444302,,,,,,,1.015056186571544,1.9425047757273177,ok,5.743285147189489,2.436072022544254,ok,6.987386642229282,1.6643921801129224,ok,39.189279372927366,36.0563554582688,ok,39.189279372927366,63.299559469061045,ok
213531,213531.0,3.962783555964245e+16,quasar,2.0507065199061647,0.0018239613787221403,0.0,0.03560404788316609,AGN/QSO,True,22.366947,,,,,,,1.4703774320167315,1.880122485408723,ok,1.84044091050905,2.2832737537078756,ok,3.1097768352716617,1.6647030730705965,ok,29.206494220590503,36.05815384831042,ok,29.206494220590503,63.5386493001019,ok
213494,213494.0,3.908983755009488e+16,star,0.0007342892069437053,1.591064295179207e-05,0.0,0.018317994073181472,star,False,19.877615,-1.8012415553895371,-4.210384249062384,4.57949851682635,0.7896087643170205,0.5813491344451904,0.5343362092971802,5.155722313162715,1.8922521990003696,ok,5.155722313162715,4.012744215496291,ok,6.7965873760416144,1.6643768778701957,gaia_consistent,4.982732438807471,36.055935450067764,gaia_consistent,4.982732438807471,63.289645131697995,gaia_consistent
213546,213546.0,3.908983754591691e+16,star,0.00034677545955265256,1.063006852064389e-05,0.0,0.031240380881145415,star,False,19.599995,-6.2060748760075235,-2.922661461963904,6.8598334810592,0.5100306478730443,0.39632648229599,0.3210242688655853,3.0157617190287787,1.9092535102566583,ok,1.9953209870482638,2.450311910656602,ok,10.164468825905788,1.66437215361707,gaia_consistent,20.86150180093628,36.055842479248966,ok,20.86150180093628,63.277473606056205,ok
592810,592810.0,3.96278476392388e+16,star,1.1411273054140555e-05,7.778694013805045e-06,0.0,0.03811953393218551,star,False,21.223375,,,,,,,7.012019272741712,2.2068566216469883,ok,7.012019272741712,5.173460386877056,ok,3.7643184713386626,1.6644400275828946,ok,83.73545353801136,36.05843120792287,ok,83.73545353801136,63.300728885176184,ok
592896,592896.0,3.908983754591738e+16,star,-1.909915399813323e-05,5.78869732012841e-06,0.0,0.015434503894059065,star,False,19.400826,-2.700012407717114,-1.7643413390295546,3.22536313652199,2.0438767585615354,1.2506842613220215,1.6165460348129272,5.95692447168026,1.7339329262392562,ok,5.95692447168026,2.280702525200904,ok,8.877407562449248,1.6643694224048127,gaia_consistent,57.63747700968818,36.055747692787556,ok,57.63747700968818,63.25790631548332,ok
593551,593551.0,3.908983755008849e+16,galaxy,1.2325325930951352,0.00011151593114049433,4.0,0.023671875437991634,star,False,23.447714,,,,,,,5.9138622042734506,1.8866807128442873,ok,5.9138622042734506,2.870102138891681,ok,7.345562074233959,1.6657638180458028,ok,52.12713927985163,36.06560886832458,ok,52.12713927985163,63.70495626867412,ok
588948,588948.0,3.908983755010206e+16,galaxy,0.7507115994698178,1.7586696856896956e-05,0.0,0.10310667792982346,star,False,23.268885,,,,,,,2.0329910767047616,1.7611470167203478,ok,2.0329910767047616,2.247955125839451,ok,21.472214252490943,1.6654282838224255,ok,33.55571683921894,36.06944319878679,ok,33.55571683921894,63.983031193736835,ok
3975,3975.0,3.9627841599441544e+16,galaxy,0.9555787797955353,4.553780373376717e-05,0.0,0.11446730502506403,AGN/QSO,True,22.090757,,,,,,,5.165849528182653,1.7779685981737852,ok,5.165849528182653,2.313639902181559,ok,3.653510221222805,1.6652062392150562,ok,8.705425268793142,36.064285730779844,ok,8.705425268793142,63.57083506165098,ok
4455,4455.0,3.908983748716708e+16,quasar,1.4857800044919032,0.00046335192662905195,0.0,0.755664046068361,AGN/QSO,True,23.46917,,,,,,,10.906965330572405,1.9765767584803906,ok,7.197737958021415,2.49857624234562,ok,5.164190756438004,1.665851204319897,ok,3.614926691873215,36.07314819389029,ok,3.614926691873215,64.90642672540389,ok
3651,3651.0,3.908983749975754e+16,galaxy,0.9125895305378218,6.224254261345725e-05,4.0,0.02263402470696716,AGN/QSO,True,23.399754,,,,,,,1.3157349003010197,2.0584411178215407,ok,3.594697448835262,2.4049656641647457,ok,5.086657301934953,1.6680968234806783,ok,16.19763522880394,36.08717776918085,ok,16.19763522880394,63.4175758164701,ok
5947,5947.0,3.9089837550098136e+16,star,0.0007739332044725163,1.6514364460036676e-05,0.0,0.008795153507971032,star,False,19.820799,-0.19265767557123226,-2.190331789395338,2.198788377173277,0.8490084744800792,0.6060588955879211,0.5945653915405273,6.762945271530557,1.942557960244955,ok,3.107580856478887,2.3296121756026933,ok,6.809421274487744,1.6643760436826067,gaia_consistent,,,inconsistent_with_gaia,,,inconsistent_with_gaia
9260,9260.0,3.908983754591717e+16,star,-2.7553215162339265e-05,5.2682453346809824e-06,0.0,0.007679637679283358,star,False,18.845749,0.4054649696637491,-1.6992089284384146,1.7469152309454659,0.6124105848144438,0.4692682921886444,0.3934895098209381,6.372671387510957,1.789169925368036,ok,28.766906865414906,2.1797287804852985,ok,5.90892849316509,1.6643641610376236,gaia_consistent,11.226308992494914,36.05576370889402,gaia_consistent,11.226308992494914,63.27214790001149,gaia_consistent
8623,8623.0,3.908983754591714e+16,star,0.0003219246981832077,1.1867754441555742e-05,0.0,0.04673522951564655,star,False,20.111629,,,,,,,5.614844515182408,1.7655893553546012,ok,5.614844515182408,2.261988798541784,ok,10.516647540020173,1.6643824450293188,ok,40.830792255597835,36.0564235681107,ok,40.830792255597835,63.277809272948225,ok
1680,1680.0,3.908983754591714e+16,star,0.00023299715479323626,2.5057446004465874e-05,0.0,0.05803547588102781,star,False,21.542479,,,,,,,3.087853023502839,1.8234489841551964,ok,3.087853023502839,2.4742208321329193,ok,16.119806705055677,1.6644737065783426,ok,18.790190138897103,36.05785953748851,ok,18.790190138897103,63.29028907279942,ok
6493,6493.0,3.9089837550085816e+16,galaxy,0.07991724869566948,6.689591742156793e-05,4.0,0.022452949528762433,star,False,22.194778,,,,,,,9.15594369876909,1.881532668992818,ok,9.17155994178923,2.3825709863960993,ok,6.548855394484889,1.6645960898736154,ok,28.90846514793831,36.06009626023304,ok,28.90846514793831,63.71604517177798,ok
602068,602068.0,3.962784763923907e+16,star,7.176962984991361e-06,7.889374712684352e-06,0.0,0.022807060951461105,star,False,19.296368,-4.076920496015124,0.9032346246322298,4.175776995717412,1.722482439713583,0.9951759576797485,1.4059056043624878,1.6864983352464478,1.7219508734086852,ok,1.6864983352464478,2.1840476002278058,ok,6.865379394177715,1.6643681234114205,gaia_consistent,70.68549200004604,36.0558304743467,ok,70.68549200004604,63.26621900275458,ok
602847,602847.0,3.962784763923897e+16,galaxy,0.5025278653682119,8.705454449672849e-05,4.0,0.031790575888406745,star,False,23.538954,,,,,,,6.629809644156214,1.812373239796645,ok,6.629809644156214,2.8964393058091886,ok,5.587683071249239,1.665730105039095,ok,46.73292016117262,36.068991750464875,ok,46.73292016117262,64.78708302981471,ok
597376,597376.0,3.90898375501023e+16,galaxy,1.6773767893391642,0.00016302725057496342,4.0,0.02921157477742497,star,False,22.272421,,,,,,,11.839522981537792,1.792850491119601,ok,11.839522981537792,2.5145115076232636,ok,8.657783131287953,1.6646405971640486,ok,41.72201125377665,36.05844575834637,ok,41.72201125377665,63.46496397217411,ok
16702,16702.0,3.908983742005832e+16,galaxy,0.7892336251119644,0.00010405673594047906,0.0,0.006386727238997336,AGN/QSO,True,21.437435,,,,,,,5.031114089583995,1.9807526460587934,ok,7.688942032695061,2.7536318789765755,ok,4.463651139632892,1.664775449696918,ok,17.28436060332511,36.05999879683463,ok,17.28436060332511,63.27892677550012,ok
12862,12862.0,3.908983754591716e+16,star,0.001069343882125928,1.8035367503450725e-05,0.0,0.055365855345664766,star,False,21.109417,,,,,,,8.003294887482237,2.057837164631447,ok,1.0259157019383904,3.029148853139872,ok,11.642577928593566,1.6644421187583034,ok,15.011774221636125,36.05662922788128,ok,15.011774221636125,63.31515738435447,ok
10845,10845.0,3.96278415994411e+16,star,5.176265010140974e-05,4.5029372677091405e-06,0.0,0.031830732659587004,star,False,18.514523,-6.620121597149173,-2.5941418073020643,7.110244839485722,0.3676443434756494,0.2860056161880493,0.23100465536117554,9.313675954388751,3.174927747763477,ok,12.403905894465057,3.83932499390608,ok,11.582706083395939,1.6643621580370092,gaia_consistent,57.207178281134624,36.05567180236974,ok,57.207178281134624,63.25741528329958,ok
13413,13413.0,3.908983754591715e+16,star,-8.922872767201497e-06,4.035111606421727e-06,0.0,0.09173166651212179,star,False,18.84804,18.144233912951304,-9.301676046067852,20.389565997192893,0.8541897089784073,0.621566653251648,0.5859137773513794,6.286739427099784,1.7419830496457511,ok,6.286739427099784,2.2355192507177755,ok,22.2455198872941,1.6643641445807693,gaia_consistent,24.191589473763443,36.05566011579456,gaia_consistent,24.191589473763443,63.25064717126085,gaia_consistent
9612,9612.0,3.9089837545917144e+16,star,1.1888067593399553e-05,4.7433277174420746e-06,0.0,0.0372458826977483,star,False,19.061518,-6.184099969017874,-5.378686895596634,8.195935892115667,0.6576029221021454,0.5206005573272705,0.40176692605018616,2.5111920667514247,1.8514919139659878,ok,2.5111920667514247,4.534255639943273,ok,12.992362678737571,1.664365889669929,gaia_consistent,8.319941055148682,36.055815410058784,gaia_consistent,8.319941055148682,63.26718808334157,gaia_consistent
14077,14077.0,3.908983754591714e+16,star,0.00013295908157775978,2.02289233108473e-05,0.0,0.01929229230869877,star,False,20.885258,,,,,,,3.2492248424442374,1.740220745783725,ok,3.2492248424442374,2.277361185227614,ok,8.90905606663244,1.664412354436403,ok,46.01135143253811,36.05650207755752,ok,46.01135143253811,63.275634713260544,ok
11287,11287.0,3.908983754591714e+16,star,0.00016609697829915332,1.4325279996297628e-05,0.0,0.04336216306837243,star,False,20.473246,,,,,,,5.655116068879697,1.8341102853456406,ok,28.480023415669493,3.538021494327731,ok,11.612444305686905,1.664393112270896,ok,30.12408952765298,36.05604503506918,ok,30.12408952765298,63.26986700691725,ok
12813,12813.0,3.962784159944075e+16,galaxy,1.108022809080511,9.526755699818139e-05,0.0,0.0375606020112578,star,False,22.938078,,,,,,,4.856192145497431,1.8297028990300725,ok,2.2800573777597433,2.599686631929024,ok,5.289156075338278,1.6654149504811588,ok,80.56163228910656,36.07404431200696,ok,80.56163228910656,64.17480860578236,ok
235186,235186.0,3.962783555964329e+16,star,0.0009916828805445125,5.64750863835074e-06,0.0,0.08209217821193242,star,False,18.589977,,,,,,,5.086089174887555,1.7775949078118156,ok,5.086089174887555,2.8371388225216085,ok,14.09302195550288,1.6643626192291394,ok,30.863370985381373,36.05562223929289,ok,30.863370985381373,63.261530566607,ok
236735,236735.0,3.908983742425279e+16,star,-2.163178257026888e-05,2.581118797980607e-06,0.0,0.012081167716467065,star,False,17.88723,1.887462342446266,1.9629432106895504,2.7231709719635573,0.1821778180003941,0.13901640474796295,0.11774207651615143,11.203807291366534,1.812305433690349,ok,11.203807291366534,4.245680995131707,ok,4.740360231960643,1.6643598244931228,gaia_consistent,,,inconsistent_with_gaia,,,inconsistent_with_gaia
236982,236982.0,3.908983739490661e+16,star,-0.00015302628387372523,2.162385709047864e-05,0.0,0.01456714866435179,star,False,22.142738,,,,,,,9.97046608106189,4.2898073123271345,ok,1.043121283367156,4.969376904283478,ok,12.79070680705322,1.6645872096557717,ok,2.2197253121745555,36.061330934947314,ok,2.2197253121745555,63.41684266905817,ok
236222,236222.0,3.908983755008537e+16,galaxy,0.14988408726693725,3.3646166207040734e-05,4.0,0.01758592153037012,star,False,22.473526,,,,,,,4.856192145497431,1.8297028990300725,ok,2.2800573777597433,2.599686631929024,ok,5.660170853565247,1.6647061201610618,ok,5.060640640061421,36.06184580654008,ok,5.060640640061421,63.56032604050753,ok
385928,385928.0,3.90898375459174e+16,star,5.136602948719972e-06,1.4003024495190943e-05,0.0,0.06943731864285291,star,False,20.649771,,,,,,,4.3634088472440995,2.0239775022919195,ok,10.60127412706656,2.213056594485265,ok,16.53698060001467,1.664401927722291,ok,4.752242727571996,36.056744786186314,ok,4.752242727571996,63.28196740565356,ok
20462,20462.0,3.908983739489986e+16,galaxy,0.3449735749941114,6.6480125985615006e-06,0.0,0.0196253776280425,AGN/QSO,True,20.367182,,,,,,,0.9032101143457841,1.7886218288008515,ok,0.9032101143457841,2.2820604802496165,ok,3.6150044931995895,1.664417211411874,ok,65.92146196789092,36.05607589638615,ok,65.92146196789092,63.26297271528752,ok
23970,23970.0,234538999480321.0,quasar,3.3697543927015388,9.903443008540181e-05,0.0,0.023790304215848847,AGN/QSO,True,23.311035,,,,,,,3.9947071656650808,1.7953518385112808,ok,2.609279510097665,2.3795620994169937,ok,3.6938806544439076,1.6659065804164357,ok,46.95483809949829,36.06756422446511,ok,46.95483809949829,63.9036159956958,ok
17538,17538.0,3.9089837545917176e+16,star,0.00026968672554477773,1.1360527046444358e-05,0.0,0.016809383698813376,star,False,20.119827,,,,,,,1.015056186571544,1.9425047757273177,ok,5.743285147189489,2.436072022544254,ok,3.7779105132753257,1.6643850889926264,ok,23.188787206342447,36.055968079514926,ok,23.188787206342447,63.2614331511748,ok
238886,238886.0,3.908983755009605e+16,star,0.0004014775824708837,1.7564214957556597e-05,0.0,0.05756679638289418,star,False,20.218378,,,,,,,2.832878329194037,1.8403584930990973,ok,2.832878329194037,2.470919535613915,ok,7.883699589021675,1.6643846179665787,ok,30.084284673915416,36.057281935042326,ok,30.084284673915416,63.42269729163019,ok
239627,239627.0,3.908983755008538e+16,galaxy,1.2776377356718376,0.00013079762716229507,4.0,0.015592405700435439,star,False,23.131477,,,,,,,6.6247034280870265,1.8896618039628081,ok,8.203816676462733,2.7501076593518983,ok,4.854342071501053,1.6651013097060705,ok,16.857397076713614,36.06670773957362,ok,16.857397076713614,64.24459147778582,ok
396790,396790.0,3.908983755010511e+16,star,0.0005421439867317298,4.772529550552789e-06,0.0,0.0034773560864218324,star,False,19.227736,-0.8661635069684941,-0.0742368682276889,0.8693390209856082,0.66001985859995,0.4315290153026581,0.4994085729122162,3.6659265256764386,2.085912386457147,ok,1.526729446810855,2.348734970286172,ok,4.10168585933602,1.6643674850756487,gaia_consistent,9.835973475864385,36.0556453641239,gaia_consistent,9.835973475864385,63.26428755070321,gaia_consistent
27338,27338.0,3.962784159944195e+16,star,0.0006324179964771959,1.104303104279259e-06,0.0,0.006119590199071321,star,False,17.992033,-2.2186949144363837,-6.095591496612123,6.486820701770313,0.16206118910907025,0.12251026183366776,0.10608989000320435,1.7695160205789655,1.7810822249218474,ok,1.7695160205789655,2.5097448216741354,ok,4.923425022282894,1.6643601855652703,gaia_consistent,40.06407220345972,36.055625583014255,ok,40.06407220345972,63.26240321051238,ok
577460,577460.0,3.908983739489997e+16,star,0.00010532596967772256,2.6146797840834645e-05,0.0,0.047446094828681847,star,False,21.463741,,,,,,,6.523340569588011,3.778478919332017,ok,2.7486583378553857,2.6308527570747695,ok,8.45528376982626,1.6644656802400901,ok,58.43711305827522,36.05709248927913,ok,58.43711305827522,63.28828873224521,ok
26339,26339.0,3.908983754588778e+16,galaxy,1.4146482418398276,0.00011900490393802391,4.0,0.06076245763153206,star,False,23.460392,,,,,,,3.185857836575746,1.7598289223686543,ok,3.185857836575746,2.3258973994876095,ok,1.1415259514252942,1.666240271314165,ok,65.85881356823755,36.07165444414707,ok,65.85881356823755,64.64676157663425,ok
578683,578683.0,3.908983755010411e+16,galaxy,1.4607933699984816,9.964444382591021e-05,4.0,0.038242587565066835,star,False,23.114115,,,,,,,5.77495877804688,2.362916929626624,ok,5.77495877804688,3.061395621538012,ok,1.1837852299751686,1.665113225039057,ok,42.047281736198634,36.065311795679676,ok,42.047281736198634,63.61905410320886,ok
242615,242615.0,3.908983754591696e+16,star,0.00013762043854806941,1.975109217603543e-05,0.0,0.03783266246804791,star,False,20.972345,,,,,,,4.261987301974824,1.9283401970358343,ok,4.261987301974824,2.52592445680702,ok,4.644223255995306,1.6644180837518239,ok,17.899346888569177,36.05882144656886,ok,17.899346888569177,63.34810125844827,ok
243164,243164.0,3.908983755009499e+16,galaxy,0.1384471972440198,4.230032723111206e-05,4.0,0.010499017453716923,star,False,23.069855,,,,,,,6.356053025293664,2.1073440485407056,ok,4.9933583105298345,2.713872224089661,ok,2.0786329465298654,1.6650810837644734,ok,20.043104100067175,36.070228674822026,ok,20.043104100067175,63.888054520874256,ok
248650,248650.0,3.908983755009905e+16,quasar,2.562991720890809,0.000579308995569629,0.0,0.016849342370609845,AGN/QSO,True,23.400099,,,,,,,12.001501294450662,1.8285436543772153,ok,12.001501294450662,6.384783835213854,ok,1.5043393697923844,1.665506800746231,ok,7.37725569413283,36.064421914737125,ok,7.37725569413283,64.99936840791545,ok
243868,243868.0,3.908983755009499e+16,galaxy,1.2368012518265648,0.00014742835865148545,4.0,0.010630683973411218,star,False,22.618855,,,,,,,0.7890891970612234,1.791837174814101,ok,0.7890891970612234,2.2795537601582554,ok,3.2284992813347233,1.664752671942393,ok,8.222537641959597,36.06509237955139,ok,8.222537641959597,64.12160221974973,ok
245749,245749.0,3.908983754591694e+16,star,0.00010152105566206786,1.1843378292651614e-05,0.0,0.07961211712388502,star,False,20.259464,,,,,,,6.6247034280870265,1.8896618039628081,ok,8.203816676462733,2.7501076593518983,ok,14.33883280045292,1.6643857125799553,ok,12.397622896587,36.05647095674032,ok,12.397622896587,63.28854774897408,ok
244041,244041.0,3.9089837550094984e+16,galaxy,1.5454929661714698,0.00047537658443728016,4.0,0.10634688838581692,star,False,23.286077,,,,,,,8.296827580434263,1.7290432794313257,ok,8.296827580434263,2.241275302821294,ok,19.265811273290833,1.6652979434546324,ok,18.843221124819813,36.076758298428295,ok,18.843221124819813,64.37550043948472,ok
244208,244208.0,3.962783555964301e+16,quasar,1.2424125587519828,0.00023710601099070287,0.0,0.006646554740445843,AGN/QSO,True,18.420876,0.8752371774327371,-0.9818709915196834,1.3153367480414553,0.6780443176031543,0.39717981219291687,0.549538254737854,6.891398574076731,1.7290621784953824,ok,6.891398574076731,2.2338573541852957,ok,1.092220542599584,1.6643616932231327,gaia_consistent,9.776362140489889,36.05565762829418,gaia_consistent,9.776362140489889,63.33350667206242,gaia_consistent
245752,245752.0,3.9089837550104856e+16,star,-0.00033450681300731055,1.6937370372863605e-05,0.0,0.6682833472221685,star,False,19.853712,-0.43728385830845734,-7.725892759936592,7.7382579506486975,0.6647922885143231,0.5458099842071533,0.3795263469219208,5.3798519188151745,2.373494285077245,ok,9.257449993389324,2.3564898525837545,ok,6.639737296057406,1.6643761777480912,gaia_consistent,44.73404283218052,36.05590742059629,ok,44.73404283218052,63.30099741501945,ok
247274,247274.0,3.962783555964288e+16,star,0.00022747570673963845,4.939455698925385e-06,0.0,0.014193573438093625,star,False,18.004959,0.7241526039489896,-3.0590965901295637,3.1436394420398193,0.25044863114026994,0.17919206619262695,0.1749706268310547,10.288192586559664,3.3890426598434455,ok,2.190300501345918,2.345635213533239,ok,1.8502427325188295,1.6643601292364147,gaia_consistent,29.09413078065611,36.05565240585674,ok,29.09413078065611,63.254541790887416,ok
250601,250601.0,3.96278355596439e+16,galaxy,1.5117040167134008,0.00012180618646812324,0.0,0.05985793091132514,star,False,23.812963,,,,,,,6.342931442081209,1.7255111232418308,ok,6.342931442081209,2.213969023873206,ok,3.2781382234547376,1.6665930253876857,ok,42.73609007560043,36.07579851554995,ok,42.73609007560043,66.65741970055001,ok
252863,252863.0,3.908983749975281e+16,quasar,2.196962828742964,0.0004947522084943501,0.0,0.010672488908271464,AGN/QSO,True,22.153379,,,,,,,3.1641059571322936,1.9232493498522616,ok,3.1641059571322936,3.214943926913496,ok,3.1435016595599246,1.664582369529847,ok,31.515193497253026,36.05732514903055,ok,31.515193497253026,63.35037066239373,ok
253115,253115.0,3.908983754591698e+16,star,4.330524765011491e-05,2.1156801637806468e-05,0.0,0.05410872172504076,star,False,21.070747,,,,,,,2.5675449169135396,1.7493808011531489,ok,2.5675449169135396,2.2360871645168574,ok,9.005519201485775,1.6644266175919293,ok,11.623203021496193,36.05699606984106,ok,11.623203021496193,63.27555382470405,ok
252810,252810.0,3.908983754591697e+16,star,0.0003625188458074686,1.2506135520169289e-05,0.0,0.026808181692829846,star,False,20.280268,,,,,,,1.4844521389920546,1.7611969642732515,ok,1.4844521389920546,2.3422984165622607,ok,4.336429466994739,1.664387505437602,ok,11.931866954654932,36.056016690405535,ok,11.931866954654932,63.94476515922418,ok
250556,250556.0,3.962783555964316e+16,star,0.00011078058633520944,6.197473715901726e-06,0.0,0.013651575887756853,star,False,18.327703,-2.6939559053471367,1.3293293153356402,3.0040830295724907,0.39555786248554203,0.2777804434299469,0.28160974383354187,5.11465677899138,1.7442303154591197,ok,5.11465677899138,2.267260549556372,ok,4.667226642541122,1.6643613446599972,gaia_consistent,51.27733470076726,36.055653200720606,ok,51.27733470076726,63.271036449957684,ok
588247,588247.0,3.908983755010077e+16,galaxy,1.412349944479322,0.00019464517221287842,4.0,0.035128020545749386,star,False,22.920805,,,,,,,3.8153263048678294,2.044936226020776,ok,8.96104124875734,2.6259174279067357,ok,2.2393334811214882,1.6649628578954536,ok,52.45061062477033,36.06375642996431,ok,52.45061062477033,63.744736586382395,ok
586585,586585.0,3.962784159944258e+16,star,-6.58219276410089e-05,1.3592806868000133e-05,0.0,0.029816131066426128,star,False,20.374397,-3.285687107055898,-6.999695624482543,7.732494979039651,2.8679855065069666,2.287604808807373,1.7297991514205933,4.128278062116129,1.7500430402594944,ok,4.128278062116129,2.292584240883272,ok,7.683568184473108,1.6643899106691704,gaia_consistent,76.70989973948922,36.05693093283594,ok,76.70989973948922,64.63616280000177,ok
585565,585565.0,3.9627841599442376e+16,star,0.0002153990004302594,6.30051833695243e-06,0.0,0.010521484883860954,star,False,18.866472,-2.2279062075802547,0.6590925361269805,2.3233529738188574,0.4345105520115546,0.3184399902820587,0.2956271171569824,1.4844521389920546,1.7611969642732515,ok,1.4844521389920546,2.3422984165622607,ok,3.151236036586204,1.6643643246089026,gaia_consistent,95.39242775795955,36.055669345455705,ok,95.39242775795955,63.27652297662282,ok
584489,584489.0,3.962784159944231e+16,quasar,1.0226088931327302,0.000401938788183154,0.0,0.029829311889628177,AGN/QSO,True,21.724293,,,,,,,9.842222121240253,2.1123105702165246,ok,3.2090359078217907,2.3408134880854568,ok,1.9281150528889928,1.6646317896757816,ok,66.62273978293673,36.056367881455024,ok,66.62273978293673,63.32437458931772,ok
583202,583202.0,3.962784159944202e+16,quasar,1.7393479612192995,0.0012766399510342346,0.0,0.024234597373095496,AGN/QSO,True,21.866226,,,,,,,5.576077989361071,1.858409444336091,ok,5.536694985796514,2.3313846075534723,ok,1.420283607603142,1.6645531495714472,ok,13.22910967879007,36.05823503261669,ok,13.22910967879007,63.4663470457935,ok
581046,581046.0,3.908983742005832e+16,quasar,1.4878015716258475,0.00030681614078035917,0.0,0.03286557950511092,AGN/QSO,True,20.825491,,,,,,,5.970460283889351,1.812018753157878,ok,5.970460283889351,2.4604573635699123,ok,1.0162757967801532,1.6644167081824073,ok,82.97778834939582,36.056408051499346,ok,82.97778834939582,63.36012821155252,ok
256905,256905.0,3.908983754591699e+16,star,-9.357904279540651e-05,6.245174507823799e-06,0.0,0.023321223131068138,star,False,19.325733,3.343654191733582,-3.957876586988309,5.181197779638197,1.6577101609430018,0.9447951316833496,1.362117886543274,9.522503025149868,1.7260137968199094,ok,9.522503025149868,2.186014248438146,ok,1.4621744029148318,1.6643685742519223,gaia_consistent,51.160659496224994,36.0558986894989,ok,51.160659496224994,63.32108433920595,ok
258042,258042.0,3.908983739490685e+16,star,0.0005008851353899432,6.518869744079394e-06,0.0,0.05881155598483303,star,False,19.57147,-4.8800947009698845,-11.925194621201737,12.885091813563967,1.6463153434159294,0.9733725786209106,1.3277424573898315,6.342931442081209,1.7255111232418308,ok,6.342931442081209,2.213969023873206,ok,10.754443871583792,1.66437174559944,gaia_consistent,50.700881182618076,36.05572455580733,ok,50.700881182618076,63.25680945891471,ok
257646,257646.0,3.9089837550102e+16,star,0.00019868739852018172,3.093474179988027e-05,0.0,0.04060712830161751,star,False,21.237701,,,,,,,5.441208267183162,2.2307139287707676,ok,6.913097280866524,4.690598481847542,ok,5.230731654715819,1.664437425442137,ok,19.991018195759715,36.05650959673521,ok,19.991018195759715,63.30209287699536,ok
258848,258848.0,3.9089837545916984e+16,star,0.00031930601788680114,9.658010797185865e-06,0.0,0.03863430963918301,star,False,20.106184,,,,,,,5.997478309171102,1.7527298097800605,ok,5.997478309171102,2.6339223850609024,ok,5.894916332637239,1.6643818519085871,ok,44.33190672315009,36.056117786272196,ok,44.33190672315009,63.320504481458876,ok
38638,38638.0,3.908983755008297e+16,quasar,1.9183923181260623,0.0008184233686548168,0.0,0.011718675414853297,AGN/QSO,True,21.747486,,,,,,,6.9014969783768265,1.7303990041619888,ok,6.9014969783768265,2.203700482902265,ok,3.0817589434491626,1.6644984153783833,ok,17.03919317817543,36.05682503364866,ok,17.03919317817543,63.330218483733645,ok
39297,39297.0,3.908983754591698e+16,star,-6.36874250192568e-05,6.827130058176761e-06,0.0,0.045420932690109245,star,False,19.277437,3.7136137507684093,-9.584445189544992,10.278741006625683,1.4398215393858618,0.9884279370307922,1.0469461679458618,5.975816657868651,1.938122560323032,ok,7.111689417250221,2.6882247304348246,ok,8.898430749252668,1.664367923072159,gaia_consistent,64.7063855767019,36.05586497133215,ok,64.7063855767019,63.273871885765296,ok
256126,256126.0,3.908983755009591e+16,galaxy,0.5134776173549669,6.0557031645200284e-05,4.0,0.005314835310958961,star,False,22.136,,,,,,,10.36116276846722,1.7281331985541657,ok,10.36116276846722,2.205238871549121,ok,2.2699775028879063,1.6646134585352559,ok,9.997880696205343,36.05939155534749,ok,9.997880696205343,63.571058764207876,ok
253762,253762.0,3.9089837545882216e+16,star,0.001327202672018165,5.5917502632970164e-05,4.0,0.14005321674215326,star,False,23.733847,,,,,,,19.135017611398567,2.017112636939981,ok,5.817212438714844,2.67758554826437,ok,10.44503719588123,1.6670416316654881,ok,17.846415297967905,36.07728133622104,ok,17.846415297967905,63.54626980079009,ok
256123,256123.0,3.908983754591696e+16,star,0.00028762725184685716,2.0550494447084653e-05,0.0,0.028216556061270135,star,False,20.883684,,,,,,,7.346995695344386,1.8602098919276984,ok,7.346995695344386,2.6395459472326386,ok,10.191547368482839,1.6644127747510922,ok,3.473733370673532,36.05647866079898,ok,3.473733370673532,63.279889681302734,ok
257211,257211.0,3.908983754591696e+16,star,7.211296016196063e-05,9.096502678701524e-06,0.0,0.13478921918730735,star,False,20.166325,,,,,,,6.6247034280870265,1.8896618039628081,ok,8.203816676462733,2.7501076593518983,ok,21.71512599483784,1.6643835863582144,ok,40.69268043445566,36.056065454180825,ok,40.69268043445566,63.25693555494122,ok
38443,38443.0,3.908983754591696e+16,galaxy,1.6937596847583014,1.2545102004597585e-05,2.0,0.04104514285749098,star,False,20.828804,,,,,,,3.1366977261103757,1.7644945943319215,ok,3.1366977261103757,2.3634621097020956,ok,6.503226812801878,1.6644090346299436,ok,58.11017529367282,36.056678939440154,ok,58.11017529367282,63.41549291561321,ok
39987,39987.0,3.908983755010159e+16,galaxy,1.5974731721346571,0.00011853554701095939,4.0,0.020672398367699088,star,False,23.422024,,,,,,,8.053733680253826,1.8240728865626998,ok,6.761373792178013,2.272651117182625,ok,2.236755505170053,1.6655601395494122,ok,8.621542066222117,36.07117624952629,ok,8.621542066222117,64.36215906797096,ok
38210,38210.0,3.9089837550086376e+16,star,0.000276655509168296,2.204526260042038e-05,0.0,0.02566354464767666,star,False,20.479858,,,,,,,3.0157617190287787,1.9092535102566583,ok,1.9953209870482638,2.450311910656602,ok,2.700855258159462,1.6643933226124998,ok,13.010828555286109,36.0560146085327,ok,13.010828555286109,63.28446609334254,ok
597186,597186.0,3.908983755008642e+16,star,2.273308600560865e-05,1.6384640905714955e-05,0.0,0.021148181753998734,star,False,20.15131,-1.1580070556615678,-5.158669316294791,5.287045437278115,1.4780431488658754,0.9544034600257874,1.1285945177078247,2.892029646563316,1.7500036373595869,ok,2.892029646563316,2.542887741266329,ok,7.1763627729747,1.6643831820611745,gaia_consistent,55.37166478553802,36.05586193051721,ok,55.37166478553802,63.274950076351075,ok
597748,597748.0,3.908983754591742e+16,star,0.00020586484610152716,1.033763139504951e-05,0.0,0.13295031691715145,star,False,20.150827,,,,,,,1.8621377454936026,1.7584209738299403,ok,1.8621377454936026,2.4384745753847734,ok,18.678310815766963,1.664383450504638,ok,12.630750742746148,36.056326442987434,ok,12.630750742746148,63.26632227761849,ok
593096,593096.0,3.908983739490098e+16,star,0.0003442901679826044,1.9443901408282855e-05,0.0,0.046892910782273346,star,False,20.950193,,,,,,,7.196016889145696,1.8650689548025916,ok,7.196016889145696,2.4452083034572873,ok,6.933341201400883,1.6644228918076927,ok,55.280418534305056,36.057746457725464,ok,55.280418534305056,63.76237033871467,ok
594993,594993.0,3.908983755008725e+16,star,0.0006140822552253661,3.45376356034979e-05,0.0,0.034352731772980497,star,False,21.381374,,,,,,,4.871509613203122,1.7797927932165758,ok,4.871509613203122,2.3532783422346606,ok,4.720623841394062,1.6644590728143795,ok,68.21518281793648,36.05663604003827,ok,68.21518281793648,63.322238549108924,ok
592399,592399.0,3.908983755010326e+16,galaxy,1.1557469612305034,0.00014847132173998677,4.0,0.03339040824383652,star,False,23.38818,,,,,,,6.01635763667734,1.824314823703586,ok,13.495925542806688,2.821610840077178,ok,4.784761329038449,1.6656235511670927,ok,44.85473156230666,36.06651623532707,ok,44.85473156230666,63.54979960417865,ok
596517,596517.0,3.908983755009406e+16,star,8.020314385403383e-05,1.1392586616268502e-05,0.0,0.012441804915213985,star,False,19.24333,0.17065332901344527,-3.10576629702318,3.1104512293923605,0.46031548242032355,0.3292902410030365,0.32164931297302246,2.1133123330467547,1.7459466098352254,ok,2.1133123330467547,2.3810067473063814,ok,5.363613032093242,1.664367654605735,gaia_consistent,65.14611868347892,36.05574610320226,ok,65.14611868347892,63.26705377624655,ok
49258,49258.0,3.962784159944292e+16,star,0.00018679064152931618,6.23781224693805e-06,0.0,0.024786849356612004,star,False,18.614843,-2.292782080384968,-5.144963324473498,5.632716687204479,0.4741483709660211,0.29675957560539246,0.36979782581329346,8.552469902129193,1.8729063170618652,ok,8.552469902129193,2.5844490280491685,ok,9.454564564899986,1.6643627268161467,gaia_consistent,64.71129883008845,36.055665922948094,ok,64.71129883008845,63.2613086472236,ok
48220,48220.0,3.908983754591722e+16,star,4.808314685670367e-05,1.0965798668336923e-05,0.0,0.043163094592100895,star,False,20.174976,,,,,,,6.7429218385518634,1.7856470620667506,ok,7.384926324733673,2.510579780552305,ok,13.829536916457148,1.664384024063914,ok,22.228486769692736,36.05599688181,ok,22.228486769692736,63.261478741791585,ok
41004,41004.0,3.908983755010161e+16,galaxy,1.043857254366084,8.181501232535154e-05,4.0,0.006640767127027344,star,False,23.311529,,,,,,,2.620731285234336,1.7606321574603636,ok,2.620731285234336,2.4089495745827385,ok,5.516975734184048,1.6653988176158716,ok,3.634203127187179,36.06512362001679,ok,3.634203127187179,63.70462674736889,ok
47668,47668.0,3.962784159944264e+16,star,0.0005769413861121633,6.358285811320313e-06,0.0,0.0652678981465465,star,False,18.186237,-3.968443390850778,-13.937409254806319,14.491373974966903,0.22081295014359859,0.15986968576908112,0.15231560170650482,10.374515558545877,2.9690279793597933,ok,11.170027276588712,2.350843871690149,ok,17.349621018346078,1.6643607937605556,gaia_consistent,75.39594114543206,36.05563157706211,ok,75.39594114543206,63.254297285210924,ok
44859,44859.0,3.90898375459172e+16,star,0.0010175381137265834,7.0134492488440645e-06,0.0,0.051435027491975746,star,False,19.271069,-10.623335238370652,-4.233218272701278,11.435706735096858,0.5385218854257486,0.4140249490737915,0.34436777234077454,3.027542086080263,1.8053709077655666,ok,3.027542086080263,2.2993133136010653,ok,16.06794970286862,1.664368273081041,gaia_consistent,45.37738764671926,36.05578348866709,ok,45.37738764671926,63.27012208553651,ok
41438,41438.0,3.962783555964377e+16,galaxy,0.12210979526589975,0.0001148727441574943,4.0,0.03897629827888713,AGN/QSO,True,22.634066,,,,,,,6.689280625086677,1.7803686575283548,ok,6.689280625086677,2.672239398685415,ok,4.049903940828852,1.66487315949078,ok,6.429612866818119,36.08683865108563,ok,6.429612866818119,64.44677323258426,ok
40927,40927.0,3.908983742425281e+16,star,5.828445352051373e-05,9.378747797406988e-06,0.0,0.06977543377868765,star,False,18.666616,-15.333762698604168,-2.0403673507521356,15.4689164915685,0.6685492606676704,0.39741337299346924,0.5376064777374268,10.986608422272925,1.8472552991868936,ok,10.986608422272925,3.2097733077473127,ok,19.237904753527285,1.6643630968462613,gaia_consistent,59.116291464189025,36.05565296284007,ok,59.116291464189025,63.261930999993226,ok
9881,9881.0,3.908983739489998e+16,star,0.0001779131718938925,1.3275438439428639e-05,0.0,0.03659959054189845,star,False,20.538321,,,,,,,9.384817375564891,1.949345145474347,ok,9.384817375564891,4.642695455429782,ok,9.469615879247907,1.664395632114173,ok,22.89540067357201,36.05608330841835,ok,22.89540067357201,63.27444953066909,ok
7616,7616.0,3.908983755009787e+16,galaxy,0.0009075244212249083,6.77384670343624e-05,0.0,0.02341089775511978,star,False,21.319889,,,,,,,10.288192586559664,3.3890426598434455,ok,2.190300501345918,2.345635213533239,ok,7.1204348719878,1.664444511524473,ok,3.185105399290123,36.0572649678149,ok,3.185105399290123,63.39036220710375,ok
606236,606236.0,3.908983755008848e+16,star,-7.233002555142401e-05,2.1670626080361617e-05,0.0,0.021052749578618215,star,False,20.292984,-0.22776460134163273,-5.2582568252987585,5.263187394956149,1.6037624347362176,0.9887830018997192,1.2626805305480957,5.00459342987682,1.8207391343699444,ok,5.00459342987682,2.351660452325933,ok,8.581850454088185,1.6643872951501324,gaia_consistent,65.20884524370041,36.05590257105649,ok,65.20884524370041,63.264624194491574,ok
600866,600866.0,3.908983754591744e+16,star,1.515795537013852e-05,2.2310439227572355e-05,0.0,0.033046974984899384,star,False,20.778149,,,,,,,7.012019272741712,2.2068566216469883,ok,7.012019272741712,5.173460386877056,ok,6.911271629484539,1.6644073519971236,ok,13.775255467083067,36.05656442977303,ok,13.775255467083067,63.31188923201717,ok
599901,599901.0,3.962784763924018e+16,star,5.41239375162683e-05,5.493316947678395e-06,0.0,0.019507634881034398,star,False,18.550182,-2.0637594706127995,-3.931665850928158,4.440394072140294,0.5253654392726299,0.33635443449020386,0.40357717871665955,9.522503025149868,1.7260137968199094,ok,9.522503025149868,2.186014248438146,ok,7.505404749456155,1.6643623457789667,gaia_consistent,59.63174175980624,36.05558762295279,ok,59.63174175980624,63.252516681046366,ok
600333,600333.0,3.908983755010289e+16,star,0.0014053404890515908,3.702192278871437e-05,0.0,0.023842915143178475,star,False,21.389517,,,,,,,5.955567316654659,1.7398734957402355,ok,1.8327515231286375,2.352681400024018,ok,4.205534640954259,1.6644535798895772,ok,70.50992289887179,36.05680380161371,ok,70.50992289887179,63.34162609234237,ok
600676,600676.0,3.908983755010272e+16,star,0.000891082327558265,2.498463685270888e-05,0.0,0.09604046278961184,star,False,20.713207,,,,,,,12.709900658130815,1.916017753487156,ok,4.520584131528182,6.023621526328852,ok,15.899163990345905,1.6644037034510242,ok,52.156994063541795,36.056101515575804,ok,52.156994063541795,63.291541616165844,ok
602242,602242.0,3.962784763923918e+16,galaxy,0.0008477123902900402,4.786930709466658e-48,514.0,1.1449054227006603,star,False,24.096148,,,,,,,3.0528714217396766,1.9086926071854988,ok,4.345166171158278,2.31437069987064,ok,3.263583414771089,1.6793945924574363,ok,80.7560754057389,36.17350956238817,ok,80.7560754057389,103.93495809998811,ok
602241,602241.0,3.962784763923918e+16,galaxy,0.0008477123902900402,4.786930709466658e-48,514.0,0.07504706830605341,star,False,22.400969,,,,,,,2.4494285477942728,1.951207231550074,ok,4.291654280018267,2.8371801670898176,ok,9.113639780421227,1.664667667320537,ok,52.86619282757885,36.05936895305336,ok,52.86619282757885,63.35767812075164,ok
229366,229366.0,3.908983755010159e+16,galaxy,0.0003246669866216766,5.999575370705697e-05,4.0,0.028049978758516038,star,False,21.753078,,,,,,,5.803544055909392,1.806171913897533,ok,6.156504147050767,2.284979665472119,ok,7.469785428211944,1.6644960632570998,ok,51.27457312062053,36.0578381671636,ok,51.27457312062053,63.4734029500776,ok
230225,230225.0,3.962783555964398e+16,star,0.0003033114674296419,3.9675026488188945e-06,0.0,0.014786517928031975,star,False,17.785055,4.91553952033612,-12.599586088471286,13.524499930747362,0.15930499502494389,0.1307866871356964,0.09095561504364014,12.001501294450662,1.8285436543772153,ok,12.001501294450662,6.384783835213854,ok,13.201665385803492,1.6643595945352987,gaia_consistent,64.73183073147725,36.05575930306947,ok,64.73183073147725,63.24940341794745,ok
52993,52993.0,3.908983739490019e+16,star,0.0003272016199237454,3.6571970792224386e-05,0.0,0.11098784221259496,star,False,21.502312,,,,,,,6.78874702312966,1.8820532070497251,ok,6.78874702312966,2.6656330031134656,ok,18.921372074887028,1.6644657314744844,ok,20.8132887044536,36.05689712154986,ok,20.8132887044536,63.30308224286913,ok
53585,53585.0,3.908983754591723e+16,star,7.857700254939287e-05,1.7116661068548894e-05,0.0,0.02427290212374816,star,False,20.49399,,,,,,,5.647319547708081,1.8880169106817142,ok,5.647319547708081,2.541285480253991,ok,8.843054709025594,1.6643942530371465,ok,22.263740325941114,36.05605819044089,ok,22.263740325941114,63.27349490399555,ok
55882,55882.0,3.96278415994433e+16,star,0.0004196801987770277,2.5262186964233044e-06,0.0,0.03577850521952926,star,False,17.784157,-6.975230411664134,-3.8022626581617422,7.944245755101953,0.19734678993631385,0.12830425798892975,0.14994589984416962,3.8153263048678294,2.044936226020776,ok,8.96104124875734,2.6259174279067357,ok,13.220558018615582,1.6643601812653737,gaia_consistent,39.13550110529207,36.05562476720686,ok,39.13550110529207,63.251945682409634,ok
54895,54895.0,3.9089837420058376e+16,quasar,0.6862753729195085,6.194706347801674e-05,0.0,0.017251177548386686,AGN/QSO,True,20.435225,,,,,,,2.6689187768886913,1.7648790660395048,ok,2.6689187768886913,2.4452116013147696,ok,5.175725490950825,1.6644051859336235,ok,64.13616696243008,36.0563949124,ok,64.13616696243008,63.320562060545285,ok
57279,57279.0,3.9089837550102456e+16,galaxy,0.9204943953492849,0.00014362147948878478,4.0,0.010813550439120927,star,False,22.024656,,,,,,,1.786394934279124,1.8058676985102324,ok,1.786394934279124,3.0257022782136422,ok,9.373541374631252,1.664554996664326,ok,29.774399195023793,36.05763505199665,ok,29.774399195023793,63.437058289764195,ok
50403,50403.0,3.962784159944261e+16,quasar,1.3245771764165892,0.0006355813646505455,0.0,0.016048359727859743,AGN/QSO,True,22.054764,,,,,,,6.142527396738057,1.781010973279677,ok,6.142527396738057,2.4880371308809384,ok,5.289387635987605,1.6645967185710036,ok,30.44552874786264,36.0564584539115,ok,30.44552874786264,63.34670892744157,ok
11372,11372.0,3.90898375459172e+16,star,0.00013641859746104198,1.203744221582947e-05,0.0,0.031079767951713917,star,False,20.54319,,,,,,,16.146114154098715,1.7286355046470823,ok,26.23290114578207,2.183739833514889,gaia_consistent,11.211487799349968,1.6643972773876492,ok,13.108727809423804,36.056263300708274,ok,13.108727809423804,63.267580803032295,ok
10634,10634.0,3.908983754591719e+16,star,2.3795975765229035e-05,3.4283042668588454e-05,0.0,0.08031493089458673,star,False,21.609261,,,,,,,0.6429434641390663,1.7848932192085756,ok,4.139516437100389,2.4292304896801356,ok,15.106208985346159,1.6644859595038963,ok,15.872272352306554,36.05781552857151,ok,15.872272352306554,63.26914014945815,ok
10787,10787.0,3.908983754591719e+16,star,0.0007703714723237322,1.3931739052256618e-05,0.0,0.00406246161455997,star,False,19.815228,-0.7952218282031236,-0.2842919337873318,0.8445114917319118,0.8011947802288272,0.5854269862174988,0.5469810962677002,15.17728140206447,1.7578633568503934,ok,15.17728140206447,2.2790608690446565,ok,6.054539216075582,1.664375696863081,gaia_consistent,18.2182630808977,36.05594657502157,ok,18.2182630808977,63.28281032557212,ok
14447,14447.0,3.962784159944221e+16,star,0.00024223194346973117,3.877495378456982e-06,0.0,0.01679871094899115,star,False,18.618595,-2.959994663753738,2.737151415074516,4.03157119228906,0.4327236083468934,0.2708504796028137,0.3374755382537842,9.692200113952461,1.9478039736285762,ok,10.161435796767556,2.438766265936985,ok,7.259202927643452,1.6643627220538548,gaia_consistent,42.40219962930771,36.055674251523584,ok,42.40219962930771,63.26427659084029,ok
11173,11173.0,3.908983755009788e+16,star,-0.000167672691232532,1.4734653604780128e-05,0.0,0.011682749341417765,star,False,20.07534,-0.9962952199325632,-2.7455073058245523,2.9206873388975523,1.2658073603139943,0.7352893352508545,1.0303484201431274,6.185896909757148,1.78640780363735,ok,6.185896909757148,2.4092723707824453,ok,9.188031985490937,1.6643814066105933,gaia_consistent,27.605749017983296,36.056024082174034,ok,27.605749017983296,63.2977554964836,ok
11968,11968.0,3.9089837550085464e+16,galaxy,1.3105176221010015,0.00013370067745142273,4.0,0.017882095047271344,star,False,22.417055,,,,,,,9.115474699015076,1.8054638363171203,ok,9.115474699015076,2.453880767972502,ok,8.917654993168139,1.664674995564563,ok,13.712588411062315,36.05892392422055,ok,13.712588411062315,63.421439461481675,ok
606699,606699.0,3.908983754591744e+16,star,-2.3005122773121365e-05,1.0310772675407358e-05,0.0,0.05599895301965749,star,False,20.190937,,,,,,,7.725654352583076,1.7520754187767034,ok,7.725654352583076,2.2830595621964456,ok,4.886078040634861,1.6643849711875458,ok,72.18674204719917,36.05623125986525,ok,72.18674204719917,63.27287885039013,ok
388123,388123.0,3.908983739490117e+16,galaxy,0.6980060772341167,0.000105729991111469,0.0,0.008784051987918656,AGN/QSO,True,21.753111,,,,,,,3.783752088416571,1.9348197905167934,ok,5.0536245303257905,2.8162917203945708,ok,1.6226969472881796,1.6645572416242305,ok,14.909448443466083,36.05945663106643,ok,14.909448443466083,63.33539946347133,ok
389749,389749.0,3.908983755010042e+16,galaxy,0.7367810293827068,1.164712234508234e-05,0.0,0.04165658877981432,AGN/QSO,True,22.102247,,,,,,,2.5061803305122097,1.9073630348982338,ok,2.5061803305122097,2.6922711129666586,ok,1.957012106755707,1.6646427544179963,ok,85.51076153348386,36.06008494138138,ok,85.51076153348386,63.32950599434935,ok
385444,385444.0,2.305843037793682e+18,star,0.00011345246729772764,6.299929811013572e-06,0.0,0.07226172769606413,star,False,18.08576,1.9158416555675744,-16.284198706459527,16.396511115498505,0.465431124584746,0.3046998679637909,0.3518296778202057,3.39174442385233,1.7541192881327154,ok,3.39174442385233,2.2875935185688965,ok,18.071234326627142,1.6643603826359736,gaia_consistent,31.20196193776371,36.0555912765917,ok,31.20196193776371,63.25516549402943,ok
385465,385465.0,3.9089837545917416e+16,star,0.00010748512443296177,1.4889740150414224e-05,0.0,0.028661887870584782,star,False,20.533449,,,,,,,7.623124430307375,1.917543729671178,ok,2.4996309639956653,5.985063555076953,ok,6.707013971270375,1.6643960505050641,ok,17.78033481576857,36.05678776266365,ok,17.78033481576857,63.27892726333032,ok
389717,389717.0,3.9089837550088904e+16,galaxy,1.0182794045905057,7.331239059489643e-05,4.0,0.04611393566039966,star,False,23.532,,,,,,,7.2354941066263105,1.7314197568649072,ok,7.2354941066263105,2.2817891109957817,ok,4.082372050365706,1.6659820790520516,ok,57.277419720828576,36.073518276447075,ok,57.277419720828576,64.08040064876177,ok
606003,606003.0,3.908983755010443e+16,galaxy,1.2510081653927057,5.5589581819991985e-05,0.0,0.012783824126697629,star,False,22.779636,,,,,,,1.4906966272335145,1.785799666957389,ok,1.4906966272335145,2.5456891947284044,ok,2.6795644500016733,1.664875722177515,ok,31.422155156337162,36.06028696326454,ok,31.422155156337162,63.447678993006114,ok
606857,606857.0,3.908983755010443e+16,galaxy,1.3686006299020985,0.00011081371764681736,0.0,0.042131073856217484,star,False,23.289959,,,,,,,4.369395499481653,1.8339295472222854,ok,4.369395499481653,2.392571037843606,ok,5.06944259607882,1.6654042637963533,ok,48.10345155589653,36.06462482716,ok,48.10345155589653,63.4388679722511,ok
385200,385200.0,3.962784763923948e+16,star,-4.467624865001326e-05,3.990213462590536e-06,0.0,0.030793386783301225,star,False,18.793074,-6.38277894086308,-2.5807544919038965,6.884777465932167,0.45789911338123196,0.28866463899612427,0.35544946789741516,2.1977412345221268,1.756386442776159,ok,4.5383102934072035,2.405609035636726,ok,9.130117749152674,1.6643640105315058,gaia_consistent,6.990153995248554,36.05559213679672,gaia_consistent,6.990153995248554,63.254978567008195,gaia_consistent
388210,388210.0,3.90898375500889e+16,galaxy,1.6357124954653877,9.91314658922762e-05,4.0,0.013623789374293826,star,False,21.842955,,,,,,,3.838779420244277,1.768069724210509,ok,3.838779420244277,2.267511806868516,ok,3.9226161514280173,1.6645161791836471,ok,2.59422561086221,36.05850645086173,ok,2.59422561086221,63.394111207040524,ok
385390,385390.0,3.9089837550105576e+16,galaxy,0.7800710787971564,0.00010493679038644257,4.0,0.04395299445828473,star,False,23.041653,,,,,,,11.578723458804022,1.8660527619011453,ok,11.578723458804022,2.2710824554676647,ok,3.1107140566558953,1.6650749486079295,ok,9.26824572619909,36.06568130750392,ok,9.26824572619909,64.84053980889345,ok
606715,606715.0,3.9089837550105576e+16,galaxy,-0.0001718488087644105,4.4210239028720304e-05,4.0,0.05137944747791369,star,False,22.653149,,,,,,,3.1761638692580396,1.803610202742269,ok,3.1761638692580396,2.6079681119021716,ok,6.437617847057875,1.6647865664064898,ok,40.23489532902066,36.06207974205858,ok,40.23489532902066,63.49609210350259,ok
386551,386551.0,3.908983748716561e+16,galaxy,0.7961805580224633,3.3674424544447343e-05,0.0,0.0961120854461861,star,False,21.950283,,,,,,,8.958479802748178,1.8944202443023799,ok,8.958479802748178,3.5476598969162714,ok,3.1251161422108225,1.664542994028877,ok,29.761745910515895,36.05747614181684,ok,29.761745910515895,63.79083913168152,ok
240320,240320.0,3.9089837550090536e+16,galaxy,0.6486617650804822,6.943575661158121e-05,4.0,0.0054267844106873995,star,False,23.359327,,,,,,,0.9601586891178753,1.915353669069461,ok,0.9601586891178753,2.731954522788906,ok,6.444633501738616,1.6654218826419367,ok,124.79724530139036,36.086869143939644,ok,124.79724530139036,65.47262317078047,ok
237233,237233.0,3.9089837424252824e+16,star,4.3873048912560524e-05,2.737154110188971e-06,0.0,0.025807943153663464,star,False,18.263935,-3.763405491513417,-4.254456334223426,5.680107357556473,0.7631532877189554,0.4549746811389923,0.6126997470855713,2.2098942610233636,1.8276259947609519,ok,10.320428027713884,2.5659819690056174,ok,10.277788109657285,1.6643610460830487,gaia_consistent,13.423656391782274,36.055608809213936,gaia_consistent,13.423656391782274,63.25188162542297,gaia_consistent
19566,19566.0,3.908983739490005e+16,star,0.00043513010555709154,2.1122572892598258e-05,0.0,0.10069966546267595,star,False,20.641001,,,,,,,9.027094330377267,1.9093804455640397,ok,9.027094330377267,3.3990616502075586,ok,19.69471164236162,1.6644053767287221,ok,41.376589262288746,36.0560861076374,ok,41.376589262288746,63.34709950386047,ok
18243,18243.0,3.908983754591721e+16,star,0.00013546399829331732,2.205049484559334e-05,0.0,0.07289750556491159,star,False,20.923897,,,,,,,5.155525510315457,1.77186167702489,ok,5.155525510315457,2.3116848711366615,ok,15.335067976680762,1.66442369746972,ok,31.252104119067326,36.056521134638196,ok,31.252104119067326,63.272798269403154,ok
18174,18174.0,3.962784159944262e+16,star,0.00042140409752982943,5.162937758858489e-06,0.0,0.03602096951877285,star,False,18.468039,-7.724980162741989,-1.9402122197224592,7.964906902928471,0.4275408988744145,0.2801848351955414,0.3229360282421112,8.332701356568371,1.7404378263797435,ok,8.332701356568371,2.2023290704698284,ok,10.656103437719558,1.6643623114508417,gaia_consistent,68.7197829988892,36.05563251769745,ok,68.7197829988892,63.28891264261968,ok
396944,396944.0,3.9089837550090136e+16,galaxy,0.18415439445211235,5.669865931227253e-05,4.0,0.055289245337121505,star,False,22.996185,,,,,,,4.554323120758305,2.4781955363544412,ok,5.672977917379393,2.6781153204440584,ok,2.0749172976850545,1.6650172862094355,ok,21.850266574530774,36.06423811979803,ok,21.850266574530774,63.844192694569315,ok
392753,392753.0,3.9089837550100424e+16,galaxy,1.462533567994061,0.00011931003733028983,0.0,0.04077200360718147,star,False,23.730167,,,,,,,1.786394934279124,1.8058676985102324,ok,1.786394934279124,3.0257022782136422,ok,2.515627946392788,1.6664813697044276,ok,14.585989977371645,36.07027909401263,ok,14.585989977371645,64.10798622182963,ok
392496,392496.0,3.908983739490117e+16,galaxy,0.2203300007360154,3.3872386819067733e-06,0.0,0.020621580335565187,AGN/QSO,True,21.071878,,,,,,,2.6114875619744886,1.7755229964663521,ok,2.6114875619744886,2.4079658760019633,ok,1.2181172988546947,1.6644828271713819,ok,12.358126869825778,36.05736617003326,ok,12.358126869825778,63.30671620933176,ok
396619,396619.0,3.908983755009765e+16,galaxy,0.9258517199153732,3.946611992414266e-05,0.0,0.013835423701932206,star,False,23.160248,,,,,,,1.015056186571544,1.9425047757273177,ok,5.743285147189489,2.436072022544254,ok,2.3524512074090675,1.6660400035207887,ok,10.560021559553265,36.07262122801725,ok,10.560021559553265,63.76606444548277,ok
396281,396281.0,3.962784763924006e+16,galaxy,0.8910044958346571,5.383043838556071e-05,0.0,0.040584578708206864,AGN/QSO,True,21.205511,,,,,,,3.1366977261103757,1.7644945943319215,ok,3.1366977261103757,2.3634621097020956,ok,2.149022598092839,1.6648617652743685,ok,75.46364466578879,36.063389232488404,ok,75.46364466578879,63.37714129071311,ok
395171,395171.0,3.908983755009763e+16,star,0.00043077014951936973,4.722151717992284e-05,0.0,0.010722801551729756,star,False,21.249542,,,,,,,3.2885771344149477,1.747292867452262,ok,3.2885771344149477,2.4801272648578934,ok,2.483204302903331,1.6644407154634595,ok,16.77270857108714,36.056539376444185,ok,16.77270857108714,63.31027638278767,ok
395519,395519.0,3.9089837550087464e+16,galaxy,0.11206284153870136,4.241049019989036e-05,4.0,0.0075587572233189165,star,False,22.506914,,,,,,,8.384976115513716,1.7900341268833166,ok,5.7027484216662,2.4120164522183907,ok,1.5496350308904026,1.6647153847600618,ok,198.96882422455596,36.078239253789896,ok,198.96882422455596,64.635816533412,ok
246682,246682.0,3.908983755007912e+16,star,0.0003970367871519368,3.0016237835661553e-06,0.0,0.035823542467220006,star,False,18.967083,-7.628148580509196,-4.692465907087783,8.955885609782296,0.4151568431714503,0.319032222032547,0.2656570076942444,3.1641059571322936,1.9232493498522616,ok,3.1641059571322936,3.214943926913496,ok,9.153589141888636,1.6643650904293832,gaia_consistent,50.31837538555589,36.05570480235849,ok,50.31837538555589,63.25918834096527,ok
241315,241315.0,3.908983755008407e+16,star,0.0008109007820907847,8.32702012249276e-06,0.0,0.014397636958469495,star,False,19.083841,-0.8314683878415424,-3.502057564122184,3.5994092379729783,0.3925931483331022,0.2989983856678009,0.25441962480545044,8.23150319463316,1.8281396788299016,ok,12.189375063385606,2.1970024519566693,ok,3.540347110665336,1.664366018989891,gaia_consistent,39.798433373716996,36.05599138897576,ok,39.798433373716996,63.325756510597216,ok
244800,244800.0,3.9627835559644536e+16,quasar,2.5068114253151803,0.000617866874997095,0.0,0.021633719317970142,AGN/QSO,True,22.50053,,,,,,,8.332701356568371,1.7404378263797435,ok,8.332701356568371,2.2023290704698284,ok,1.2695264169176255,1.6647214259705567,ok,34.51407634363042,36.06136758049028,ok,34.51407634363042,63.82744357356855,ok
245558,245558.0,3.962783555964448e+16,star,0.0009181764566883931,1.5807306837270893e-05,0.0,0.03535436802772746,star,False,18.628721,-3.9623261251289645,-6.86350047237993,7.9251288353085485,0.5762597499265774,0.3534082770347595,0.4551679790019989,6.706543511795445,1.9148409788369523,ok,6.919488914472925,2.2281480534710334,ok,7.751178440993545,1.6643628688540772,gaia_consistent,75.1476946057443,36.05563102585354,ok,75.1476946057443,63.2576614178017,ok
240118,240118.0,3.908983754591699e+16,star,9.014532143032852e-06,2.935487994975977e-05,0.0,0.021940978933683304,star,False,21.163723,,,,,,,3.027542086080263,1.8053709077655666,ok,3.027542086080263,2.2993133136010653,ok,4.10034813246816,1.6644320428572752,ok,27.983270673457415,36.06307593461162,ok,27.983270673457415,63.377026932682334,ok
241894,241894.0,3.908983755009582e+16,galaxy,0.756416348091004,0.00013569156939462765,4.0,0.034298432132786105,star,False,22.7857,,,,,,,16.146114154098715,1.7286355046470823,ok,26.23290114578207,2.183739833514889,gaia_consistent,9.908719381614105,1.6648556534936578,ok,34.68661620887974,36.06959766544683,ok,34.68661620887974,65.37237829382127,ok
246371,246371.0,3.908983739490684e+16,star,0.0005069521558719797,5.6878971228338984e-05,4.0,0.06327044893798302,star,False,21.509436,,,,,,,3.3408314212564654,1.784218311779481,ok,3.3408314212564654,5.895143401738364,ok,7.186403031801206,1.6644675933162512,ok,37.00651423074176,36.057973881737354,ok,37.00651423074176,63.35110425949822,ok
626789,626789.0,3.9089837394900264e+16,star,-3.388512548815952e-06,4.231390398605113e-06,0.0,0.6060833389280442,star,False,19.257736,1.3067928008832137,-4.132642082976724,4.334332475760298,1.00998085327671,0.750032365322113,0.676396906375885,3.5837897672119476,1.9654959038768307,ok,9.951175425843019,2.191543091498297,ok,,,,,,inconsistent_with_gaia,,,inconsistent_with_gaia
577108,577108.0,3.962784159944316e+16,star,0.00046899574148228805,1.0390913059338012e-05,0.0,0.023837179847353916,star,False,18.356558,-0.26509303086323033,-5.2290305096798875,5.235745829027165,0.33287469202713815,0.21599584817886353,0.2532811760902405,11.203807291366534,1.812305433690349,ok,11.203807291366534,4.245680995131707,ok,7.5666118659855925,1.6643613954004948,gaia_consistent,55.37500767764473,36.055603515853356,ok,55.37500767764473,63.2564613042471,ok
252577,252577.0,3.908983739490695e+16,star,0.0002315872365164419,7.876275422479993e-05,4.0,0.04572211736882477,star,False,22.584993,,,,,,,3.783752088416571,1.9348197905167934,ok,5.0536245303257905,2.8162917203945708,ok,7.710536094175712,1.6647353239640208,ok,17.79890236705352,36.06247504558293,ok,17.79890236705352,63.401957298460204,ok
253226,253226.0,3.908983755010631e+16,galaxy,0.16796410278569426,3.644582843139658e-05,0.0,1.1912338974194188,star,False,22.987112,,,,,,,3.8159770572261555,1.922320657714356,ok,10.419989002529224,2.2410646136095767,ok,8.371125754861644,1.6651091142881558,ok,2.599342841227,36.07075771354578,ok,2.599342841227,63.330113640982425,ok
250071,250071.0,3.90898375501014e+16,star,-9.870813242377664e-06,3.0476246177951797e-05,0.0,0.012102295324377043,star,False,20.366199,,,,,,,4.01672691786989,1.7430879910729267,ok,4.01672691786989,2.3539954744471876,ok,1.8580294317920156,1.664390516580002,ok,64.87800316879478,36.05627972056932,ok,64.87800316879478,63.36543670602123,ok
251427,251427.0,234532959682560.0,galaxy,0.0008477123902900402,4.786930709466658e-48,514.0,0.0057718037604025324,AGN/QSO,True,22.961842,,,,,,,7.8106541843799695,1.802061126358577,ok,7.8106541843799695,2.4356156685021766,ok,1.9657581151139918,1.664984105460691,ok,6.114868978998156,36.060671354322935,ok,6.114868978998156,63.67190193944828,ok
251251,251251.0,3.908983754591701e+16,star,0.00023281061529558625,3.6469780578514844e-06,0.0,0.025272529771624388,star,False,18.557495,-5.021634579145639,-2.3717949318734974,5.553577679778325,0.43338517147494826,0.3354364335536957,0.2744177579879761,6.356053025293664,2.1073440485407056,ok,4.9933583105298345,2.713872224089661,ok,3.98001950135088,1.664362382774659,gaia_consistent,31.395320902585663,36.05567707383494,ok,31.395320902585663,63.25779748804074,ok
251587,251587.0,3.9089837545916984e+16,star,0.00015416861797698482,1.7288589713983162e-05,0.0,0.08023460624485346,star,False,20.546219,,,,,,,8.78611203414806,1.8635086301301806,ok,3.447537922550231,5.76018942706059,ok,13.151322712291124,1.6643960265648001,ok,30.654464462764786,36.05625733573723,ok,30.654464462764786,63.27922254118359,ok
403084,403084.0,3.908983755009579e+16,star,-2.5679281421513808e-05,6.683992438742081e-06,0.0,0.028294742578438472,star,False,19.716957,-2.033036180780133,-6.7752337533872735,7.07368563942442,1.302222431017386,0.8313471078872681,1.0023199319839478,2.0329910767047616,1.7611470167203478,ok,2.0329910767047616,2.247955125839451,ok,5.940009311303413,1.6643739739231458,gaia_consistent,19.012394397459147,36.05590976379864,ok,19.012394397459147,63.27310762729057,ok
405217,405217.0,234551079075845.0,galaxy,0.8172793001207245,6.90728560892805e-05,4.0,0.022166201156272408,star,False,23.458294,,,,,,,4.856192145497431,1.8297028990300725,ok,2.2800573777597433,2.599686631929024,ok,3.537483404315611,1.665853734943128,ok,36.024952810174916,36.06816343879742,ok,36.024952810174916,63.935809569492314,ok
400612,400612.0,-834574070.0,galaxy,0.0008477123902900402,4.786930709466658e-48,642.0,1.2643446335734094,star,False,19.053076,19.45231891201001,-23.784308493031368,30.725983166470463,0.6536209060086257,0.41114163398742676,0.5081169605255127,4.745131261985273,1.7603034814529683,ok,14.240450103857377,2.5879813406546925,ok,28.504714058889284,1.66436579248209,gaia_consistent,35.712652814345894,36.05563507242523,gaia_consistent,35.712652814345894,63.25376857647306,gaia_consistent
399103,399103.0,3.908983739490102e+16,star,0.00027781251726064225,5.060017371502078e-05,0.0,0.09644239139091088,star,False,22.808968,,,,,,,8.72757197578117,1.9224975052043973,ok,8.72757197578117,2.7248839598529186,ok,15.860061367144434,1.664895191533061,ok,35.85149777816929,36.06626123441012,ok,35.85149777816929,63.33165813000267,ok
632195,632195.0,3.908983739490028e+16,star,0.0005288380260584127,6.266172599807578e-06,0.0,0.013409513054536654,star,False,19.808079,-2.8479411723955734,1.204254699161423,3.0920863994846974,1.8259578981086528,1.0589640140533447,1.4875205755233765,8.51606799290913,2.048964936190565,ok,8.51606799290913,5.5135356455552476,ok,5.622985592071108,1.6643757676127904,gaia_consistent,46.85718488595878,36.05593094780763,ok,46.85718488595878,63.28526012896422,ok
590012,590012.0,3.908983755010129e+16,galaxy,-0.00044163778429432164,0.00033397156580806665,4.0,0.037211712517313866,star,False,21.733438,,,,,,,5.975816657868651,1.938122560323032,ok,7.111689417250221,2.6882247304348246,ok,3.2372798079123313,1.6644946245177352,ok,72.1777782078431,36.057840343894014,ok,72.1777782078431,63.49124823382928,ok
583764,583764.0,3.908983755008394e+16,galaxy,0.10292100473698039,6.846375036745589e-05,4.0,0.033176108535330255,star,False,23.440269,,,,,,,5.707746349822761,1.7741939404513696,ok,5.707746349822761,2.2240764337971424,ok,2.4425451487336827,1.665623702100911,ok,57.43555448699906,36.069139215544766,ok,57.43555448699906,64.21529582160036,ok
589295,589295.0,3.9089837545917256e+16,star,7.67456641555232e-06,4.768416034783e-06,0.0,0.04934941802047803,star,False,19.09399,-11.722099730727805,2.287371543830844,11.943185951690445,1.2277602727595462,0.7718856334686279,0.954771101474762,3.871714399715733,1.8596186803151074,ok,3.871714399715733,3.632127809712281,ok,16.650565448699076,1.66436619480902,gaia_consistent,61.434966168898406,36.05566217740693,ok,61.434966168898406,63.25162719772552,ok
589425,589425.0,3.908983742425173e+16,star,6.285367002978596e-05,6.534220458940454e-06,0.0,0.07427974439757645,star,False,18.805315,1.3201099701684784,-16.45380914620234,16.506681245877076,0.363531727181662,0.2677254378795624,0.24592357873916626,6.286739427099784,1.7419830496457511,ok,6.286739427099784,2.2355192507177755,ok,14.726952655991855,1.6643640052473474,gaia_consistent,37.45021176284163,36.05566236290188,ok,37.45021176284163,63.262124178564186,ok
590056,590056.0,3.9627841599443544e+16,star,0.00010401184234604284,8.063642382307484e-06,0.0,0.08359991567742606,star,False,18.872334,1.988287720324664,-18.582841969907108,18.688908575337805,0.4432531958170536,0.32944053411483765,0.2965507209300995,2.256520852003542,1.7622757524727273,ok,2.256520852003542,2.4490637267351887,ok,17.931104976739686,1.6643643323562873,gaia_consistent,11.11411029624788,36.055676765938166,gaia_consistent,11.11411029624788,63.26805671943496,gaia_consistent
586291,586291.0,3.908983755007776e+16,quasar,3.02166010047689,0.0010173994581773637,0.0,0.02555993735070838,AGN/QSO,True,21.724812,,,,,,,2.7528689131887605,1.7449960884434965,ok,2.7528689131887605,2.2950309334899117,ok,3.9199146704901042,1.6645011194171124,ok,97.83248804940916,36.05742945356092,ok,97.83248804940916,63.56507841128104,ok
582491,582491.0,3.9089837487167096e+16,galaxy,1.6378655580385255,0.00013524091774265313,0.0,0.08124172884227988,AGN/QSO,True,23.539593,,,,,,,7.866614339836551,2.0530195508640494,ok,9.533664099807632,3.038293432266045,ok,3.046560717657816,1.6658302848647415,ok,59.83921409029446,36.06261610004715,ok,59.83921409029446,63.54377573603136,ok
586884,586884.0,234538999480324.0,galaxy,1.5415947118589024,3.780474717138464e-05,0.0,0.01589894533639226,star,False,23.360819,,,,,,,9.952783810608546,1.7889759799052873,ok,9.952783810608546,2.4180666251289407,ok,1.994164704786654,1.6657389575012518,ok,118.96179308313802,36.075579984287025,ok,118.96179308313802,64.54337414382228,ok
407691,407691.0,3.908983754591768e+16,star,0.00011862588844818932,1.834945661872492e-05,0.0,0.05722779715155526,star,False,20.922783,,,,,,,5.620985001865142,1.7701759477168864,ok,5.620985001865142,3.499114497399545,ok,2.1735852436213072,1.6644160514825896,ok,0.6331405669357721,36.05644850013255,ok,0.6331405669357721,63.2667883005133,ok
412000,412000.0,3.908983754591768e+16,star,0.00015057236615280422,1.2096449391754894e-05,0.0,0.11554202469265884,star,False,19.948324,,,,,,,5.165849528182653,1.7779685981737852,ok,5.165849528182653,2.313639902181559,ok,17.040224142159598,1.6643784101221841,ok,21.047104050241995,36.05623262430577,ok,21.047104050241995,63.30214187200099,ok
412104,412104.0,3.9089837550089016e+16,quasar,1.4030256152965066,0.00040327529761153966,0.0,0.004414958147765143,AGN/QSO,True,21.752642,-1.1009763041127862,-0.07805202100902955,1.1037395255228675,1.6385201157091898,1.1616277694702148,1.1555817127227783,4.01672691786989,1.7430879910729267,ok,4.01672691786989,2.3539954744471876,ok,4.52992243960025,1.664518004649371,gaia_consistent,32.04769770454277,36.056580980384936,ok,32.04769770454277,63.511998385553156,ok
410668,410668.0,3.908983755009758e+16,galaxy,0.04000045760553512,3.2927497091565527e-05,4.0,0.02273663258879351,star,False,22.592413,,,,,,,6.523340569588011,3.778478919332017,ok,2.7486583378553857,2.6308527570747695,ok,2.556160561292224,1.6647620043575366,ok,18.444651785899694,36.05982708224425,ok,18.444651785899694,63.367073843116565,ok
257620,257620.0,3.908983739490701e+16,star,0.0007612754758004009,3.9112530731108815e-05,0.0,0.003511961399438418,star,False,21.325787,,,,,,,6.429159666093413,1.7629630202310635,ok,12.936592336039194,2.421196286388389,ok,0.5142390695711758,1.6644449111646826,ok,17.36664870749084,36.056566666544185,ok,17.36664870749084,63.2957345620646,ok
257693,257693.0,3.9089837550087576e+16,galaxy,0.03076459842150757,5.9381223079422616e-05,4.0,0.006012240157026271,star,False,24.132595,,,,,,,2.5675449169135396,1.7493808011531489,ok,2.5675449169135396,2.2360871645168574,ok,0.7855504428833044,1.668046187728633,ok,18.931958178054632,36.096980822310805,ok,18.931958178054632,65.71576887039475,ok
40663,40663.0,3.908983755010069e+16,star,0.0007418603582696039,7.000791659432787e-05,4.0,0.006307860948535031,star,False,21.45669,,,,,,,1.3541196046956325,2.058738656675287,ok,2.9958099930703397,5.077992550366359,ok,1.8652916383552063,1.6644568040996077,ok,38.844468834677805,36.05678454462551,ok,38.844468834677805,63.305691045508915,ok
38813,38813.0,3.9089837394907e+16,galaxy,0.8872397531267634,7.961407504191985e-05,0.0,0.04783334155543294,AGN/QSO,True,22.473711,,,,,,,5.595389324340877,3.442138818594584,ok,3.8561275366813503,3.9332887621309855,ok,2.0808427454482357,1.665171933386177,ok,47.72753395462227,36.06367938119274,ok,47.72753395462227,63.32186629433793,ok
255575,255575.0,3.908983739490698e+16,star,1.1994742790944088e-05,1.7483369158083356e-05,0.0,0.05004324273549108,star,False,20.420801,,,,,,,12.045463794581151,1.8478009605036996,ok,12.045463794581151,2.350360348862158,ok,6.21654221138687,1.6643912856320666,ok,24.438261750163527,36.05634065059192,ok,24.438261750163527,63.32780343444084,ok
41376,41376.0,3.908983755008991e+16,star,0.00014866064953365703,6.729627747888594e-05,6.0,0.007586092437206151,star,False,21.784061,,,,,,,1.300765651067989,1.7778699997754481,ok,1.300765651067989,2.5043273747935055,ok,2.1285142366661227,1.6645119909432258,ok,23.89981380132702,36.05733173474406,ok,23.89981380132702,63.342456374178894,ok
40696,40696.0,3.908983754591702e+16,star,0.00015865327230826044,1.7206724288142667e-05,0.0,0.07562161495413977,star,False,20.826962,,,,,,,1.5392472090705724,1.7954299368601396,ok,1.5392472090705724,3.1214635724460886,ok,13.894856262727492,1.6644129302667738,ok,98.01992123976754,36.0571404180761,ok,98.01992123976754,63.373400776141246,ok
255927,255927.0,3.908983755008757e+16,galaxy,1.404620434497148,7.854228830742063e-05,4.0,0.015656830738589315,star,False,24.115164,,,,,,,8.360909979354505,2.9028705863851725,ok,8.360909979354505,3.5293955250199045,ok,1.9830244201388618,1.6680437954109149,ok,13.211579016725418,36.07739660954134,ok,13.211579016725418,67.1778113826798,ok
257841,257841.0,3.908983755008893e+16,galaxy,1.228911257941359,8.217354909392831e-05,4.0,0.022897681188681546,star,False,24.206224,,,,,,,9.572106555039161,1.8847098419282058,ok,9.572106555039161,2.612222045964535,ok,2.506016847207675,1.670020647186857,ok,2.905907114872629,36.10252029506576,ok,2.905907114872629,69.87744529308858,ok
40896,40896.0,3.908983754591701e+16,star,0.0003022440631468798,2.1311918349093165e-05,0.0,0.018465054215636104,star,False,20.674196,,,,,,,2.4035453390265964,2.0054443243994884,ok,2.828649650602223,2.72148812399669,ok,6.983826333881472,1.6644019337839957,ok,13.969545492385478,36.056342065781266,ok,13.969545492385478,63.27413338707311,ok
41103,41103.0,3.908983755010148e+16,galaxy,1.3539195457919,9.990952345897152e-05,4.0,0.0821928314836562,star,False,22.486309,,,,,,,9.115474699015076,1.8054638363171203,ok,9.115474699015076,2.453880767972502,ok,14.945374923134214,1.6646848591199381,ok,33.14489711695713,36.05848604478285,ok,33.14489711695713,63.93087062251343,ok
256245,256245.0,3.908983739490688e+16,star,0.0010568574380691957,1.4271125062076485e-05,0.0,0.0757103317093486,star,False,20.244846,,,,,,,2.3803973115314063,1.8162566189663698,ok,2.3803973115314063,2.5757465090798575,ok,9.649652875509318,1.664385969020059,ok,173.19014287499883,36.057839638788664,ok,173.19014287499883,63.55564934788639,ok
256834,256834.0,3.908983742005984e+16,quasar,1.091167933608766,0.0006282640485414664,0.0,0.049356070802739176,AGN/QSO,True,22.56267,,,,,,,11.585183514146953,1.996941636456538,ok,7.576285262122648,3.490512272622836,ok,1.1387852974283157,1.664784700370662,ok,1.7666997391594779,36.061605793059336,ok,1.7666997391594779,63.87512484204249,ok
258427,258427.0,3.9627835559644264e+16,quasar,2.8020651361618487,9.850583780414921e-05,0.0,0.018595230608681172,AGN/QSO,True,20.127499,,,,,,,7.025600898066777,1.8293245770338362,ok,7.025600898066777,2.2568532635812284,ok,0.5329086270443133,1.6643825417005154,ok,51.02549135315037,36.05628162462536,ok,51.02549135315037,63.308851803493255,ok
598323,598323.0,3.9089837545888104e+16,galaxy,1.635489539674726,0.00011492125928551676,0.0,0.05719726650751151,star,False,21.174831,,,,,,,9.522503025149868,1.7260137968199094,ok,9.522503025149868,2.186014248438146,ok,8.204344497149306,1.664433698407685,ok,41.54761422526387,36.05632365159612,ok,41.54761422526387,63.3433470776027,ok
594593,594593.0,3.9089837394901256e+16,star,-1.4448673253116549e-05,2.4780343770421187e-05,0.0,0.06938956455941138,star,False,22.00943,,,,,,,3.871714399715733,1.8596186803151074,ok,3.871714399715733,3.632127809712281,ok,10.128436736399546,1.6645705202186964,ok,87.4029812478802,36.05921739037632,ok,87.4029812478802,63.29495339521827,ok
48033,48033.0,3.9627841599444264e+16,star,-0.000172556923869155,4.562300906526e-06,0.0,0.0281178221646008,star,False,18.612251,-2.8441582986998584,-5.787970924144714,6.449018828225569,0.5436743699625544,0.34227854013442993,0.42240646481513977,7.725654352583076,1.7520754187767034,ok,7.725654352583076,2.2830595621964456,ok,9.66011372150654,1.6643626814459773,gaia_consistent,43.41297732305646,36.05564736948596,ok,43.41297732305646,63.26107745159017,ok
47315,47315.0,3.908983755009996e+16,star,0.0005264328688393129,1.502864380760345e-05,0.0,0.006789340720208615,star,False,20.531975,,,,,,,1.015056186571544,1.9425047757273177,ok,5.743285147189489,2.436072022544254,ok,4.662231351643293,1.6643952508374174,ok,29.206689709871323,36.056376621576824,ok,29.206689709871323,63.29926135603458,ok
44549,44549.0,3.908983755009742e+16,galaxy,0.9914258444832619,0.00014617513922933356,4.0,0.005055135921273118,star,False,23.081539,,,,,,,4.476951775287661,1.8991120814599485,ok,4.476951775287661,2.411602474693174,ok,4.3214773474125945,1.6650920868218884,ok,29.687799937044307,36.063097930298724,ok,29.687799937044307,70.9797335560247,ok
45511,45511.0,3.908983754591702e+16,star,7.432506477004144e-05,8.935377215325992e-06,0.0,0.03835435133476427,star,False,19.943762,,,,,,,3.25425232403949,1.9552494551352628,ok,5.598314186360965,2.373773670114109,ok,8.992849024971093,1.664378432057355,ok,19.33141462560253,36.05624289271192,ok,19.33141462560253,63.28026440435112,ok
44230,44230.0,3.962783555964472e+16,quasar,2.1806772202963747,6.067959051424911e-05,0.0,0.0007531162688791382,AGN/QSO,True,19.485147,0.060430845414164436,-0.19386648261933664,0.2030667381937874,0.5814371465374947,0.42206770181655884,0.39991000294685364,3.429163878112963,1.9707333668291391,ok,2.6025369705854535,3.4186360819855133,ok,2.8270072401390958,1.6643704795118799,gaia_consistent,33.275455001480736,36.05577161057875,ok,33.275455001480736,63.30061910606965,ok
43643,43643.0,3.908983754591701e+16,star,6.604446577306621e-05,4.1761588096081035e-06,0.0,0.015907465602704122,star,False,18.711962,-0.8229319985243715,3.437363164201593,3.5344989173580608,0.4795956572889852,0.3615669012069702,0.31508946418762207,8.227149834519226,1.7742197195484384,ok,8.227149834519226,2.396400516025677,ok,2.9470604739530204,1.6643633462582115,gaia_consistent,39.27722137639895,36.055714742470464,ok,39.27722137639895,63.25833378160359,ok
48003,48003.0,3.908983739490021e+16,galaxy,0.37931619524835725,9.169767086219955e-05,0.0,0.014453573593075291,star,False,20.244326,,,,,,,12.327225468108209,1.7931416317766935,ok,12.327225468108209,2.4173555437678984,ok,3.197365504107376,1.6644214260449062,ok,49.26746304425163,36.056390481306344,ok,49.26746304425163,63.32700306309619,ok
43487,43487.0,3.908983755010148e+16,star,-0.0009520778692779321,2.8845756916740788e-05,0.0,0.1851438593017069,AGN/QSO,True,19.787189,-44.87666956770511,-11.334683624568777,46.28596465839355,0.6386700027331376,0.49368637800216675,0.4051828384399414,9.601405288126678,1.8851770977958682,ok,9.601405288126678,2.5765005300413337,ok,47.904275691828786,1.664375157470315,gaia_consistent,77.84722882221274,36.05574251227079,ok,77.84722882221274,63.27627491221515,ok
47667,47667.0,3.962784159944342e+16,star,0.00016085382185452131,5.06197808123222e-06,0.0,0.024946007103036592,star,False,18.417343,-5.679676831409785,-0.3670899079211633,5.691527379337701,0.4101339120698769,0.2635713219642639,0.31422919034957886,4.828417910668164,1.7806627060023223,ok,9.556301127831192,3.0273468786587046,ok,9.060190139819031,1.6643616519333209,gaia_consistent,31.47830832690744,36.05562161032439,ok,31.47830832690744,63.29787759549817,ok
42727,42727.0,3.908983755010148e+16,star,0.00047505244938553785,2.7944770240670275e-05,0.0,0.0011812927224422766,star,False,21.431133,,,,,,,3.087853023502839,1.8234489841551964,ok,3.087853023502839,2.4742208321329193,ok,3.9433057070401136,1.6644591829717452,ok,28.43774623728885,36.05669016291764,ok,28.43774623728885,63.510814995948735,ok
607016,607016.0,3.908983755010247e+16,galaxy,1.6318405897441708,0.00017850042560421604,0.0,0.047010073733335545,star,False,22.569906,,,,,,,7.039711491973521,1.8040152515822065,ok,7.039711491973521,2.3635626915464885,ok,2.2178733028492736,1.6647312458497183,ok,57.73253700234223,36.05912042839035,ok,57.73253700234223,63.50291092170867,ok
602319,602319.0,3.908983755009895e+16,star,0.00019063203441348453,7.1015619343892e-06,0.0,0.007097114648305295,star,False,19.051373,-0.9515622429702775,-1.4975293200340327,1.7742786609234238,0.559614218446947,0.3612174689769745,0.42742252349853516,1.8020036348941935,1.8692279672957566,ok,9.957504009386932,2.4439677171262333,ok,2.591602382585828,1.6643657376633456,gaia_consistent,42.468229145926834,36.05572373578068,ok,42.468229145926834,63.266599746250726,ok
604098,604098.0,3.962784763924119e+16,star,0.0003313099819371845,4.95957539142193e-06,0.0,0.07690927724714258,star,False,18.01228,-15.903915974735195,-6.198429804525677,17.069126379902094,0.30197439113975194,0.1952008157968521,0.23040220141410828,2.7790353361288007,1.769058928414124,ok,2.7790353361288007,2.250130561857808,ok,17.757642529800343,1.6643669543096005,gaia_consistent,,,inconsistent_with_gaia,,,inconsistent_with_gaia
601260,601260.0,3.908983754591746e+16,star,0.000425776297882265,6.572489423460567e-06,0.0,0.04802573217925425,AGN/QSO,True,19.53372,-0.9378193593213331,-9.526323735564734,9.572374264805044,1.9092082988054433,1.1349873542785645,1.5352133512496948,9.601405288126678,1.8851770977958682,ok,9.601405288126678,2.5765005300413337,ok,6.0775227936086935,1.6643712151430854,gaia_consistent,41.62841476520808,36.05574232816371,ok,41.62841476520808,63.25753534517086,ok
604434,604434.0,3.908983754591744e+16,star,0.0004096033452832038,5.963412873745833e-06,0.0,0.025014335604176863,star,False,19.124729,-3.617212821782051,-4.328487663309133,5.640924928545302,0.7311847401854066,0.45821356773376465,0.5697994828224182,3.8161106800565694,1.7826882167394051,ok,3.8161106800565694,2.4770468591453616,ok,5.394976342043085,1.6643664327524075,gaia_consistent,,,inconsistent_with_gaia,,,inconsistent_with_gaia
51194,51194.0,234538999480320.0,star,0.0008054152451793392,0.0003401569514709693,0.0,0.17457872083027107,star,False,23.186405,,,,,,,1.1167437929409694,1.780844988879676,ok,1.1167437929409694,2.2930431387792183,ok,25.22293708624591,1.665250727992868,ok,152.71903054498623,36.075854136501476,ok,152.71903054498623,68.19057015047454,ok
53090,53090.0,3.90898375500947e+16,galaxy,1.5412163728436803,0.00014729190285840666,4.0,0.023425655109151497,star,False,23.150724,,,,,,,2.2098942610233636,1.8276259947609519,ok,10.320428027713884,2.5659819690056174,ok,5.761733075582895,1.6654387015820966,ok,45.522124861280744,36.06141696138495,ok,45.522124861280744,63.580306730803876,ok
58136,58136.0,3.9089837550089624e+16,galaxy,0.3904054223159562,7.889290243662456e-05,4.0,0.00968624111787268,star,False,22.301865,,,,,,,5.086089174887555,1.7775949078118156,ok,5.086089174887555,2.8371388225216085,ok,9.457450914540908,1.6646421411996057,ok,29.60641599073527,36.05880556920167,ok,29.60641599073527,63.37336019318318,ok
52572,52572.0,3.9089837550094696e+16,galaxy,0.8134046109165223,0.00011720085052974432,4.0,0.012284607846533197,star,False,23.717764,,,,,,,1.465428336404922,1.840396678729359,ok,2.8857499195767846,2.3343142905859198,ok,12.47837137006723,1.6664365869671496,ok,50.99958608189536,36.071812883945924,ok,50.99958608189536,64.4351867933132,ok
388679,388679.0,3.90898375459175e+16,star,3.3387502664170425e-06,1.358367583500531e-05,0.0,0.024715226381021322,star,False,20.398907,,,,,,,11.457497138742626,1.7930645901756987,ok,11.457497138742626,2.3873847058395623,ok,2.26131182436223,1.6643924349406543,ok,22.723886134913535,36.05614273665694,ok,22.723886134913535,63.293984008325594,ok
386973,386973.0,3.962784763924181e+16,quasar,2.0993090900340206,0.0010532389624292617,0.0,0.015579721609744168,AGN/QSO,True,22.538776,,,,,,,6.629809644156214,1.812373239796645,ok,6.629809644156214,2.8964393058091886,ok,4.417508566400224,1.664751455209721,ok,40.06196172000649,36.06188217193446,ok,40.06196172000649,63.55497453998518,ok
391726,391726.0,3.908983754591749e+16,star,0.0002368716647352998,3.2380361757367368e-06,0.0,0.022965258444410063,star,False,18.781263,-3.195702594013419,-4.011050024187869,5.128453701255535,0.6822166935991125,0.4359428584575653,0.524760365486145,2.6114875619744886,1.7755229964663521,ok,2.6114875619744886,2.4079658760019633,ok,5.559943679870621,1.6643637614064786,gaia_consistent,50.467080120212344,36.05570014264236,ok,50.467080120212344,63.26211069566617,ok
388236,388236.0,3.962784763924129e+16,quasar,1.4604554271404149,0.0006832266751618153,0.0,0.009664570143231709,AGN/QSO,True,22.109926,,,,,,,1.7695160205789655,1.7810822249218474,ok,1.7695160205789655,2.5097448216741354,ok,4.677203806265489,1.6646522803036967,ok,16.36061356484008,36.06209366530788,ok,16.36061356484008,63.339087509326205,ok
385374,385374.0,3.90898373949013e+16,galaxy,0.7322574889785832,0.00010761501774305027,0.0,0.04544962759049318,AGN/QSO,True,21.446089,,,,,,,10.781657302848554,1.9092063196056916,ok,10.781657302848554,2.597995242657846,ok,3.9404767037485766,1.6647742058267756,ok,35.00874293447502,36.06228191023802,ok,35.00874293447502,63.43082131823085,ok
390384,390384.0,3.908983742425189e+16,star,0.0003860073715303797,5.475006462092705e-06,0.0,0.0312827984871538,star,False,18.462753,-6.34358909393366,-2.9090210677320174,6.978791167901702,0.34553137566626624,0.22179687023162842,0.2649492025375366,5.12233533634306,1.7899604246413299,ok,5.12233533634306,2.774976130639789,ok,7.879032742513245,1.6643620069051128,gaia_consistent,,,inconsistent_with_gaia,,,inconsistent_with_gaia
384832,384832.0,3.908983755007595e+16,galaxy,0.00019236561056859967,7.26977873890236e-05,0.0,0.0161203220403188,star,False,21.572998,,,,,,,2.6428260020494196,1.7647565352055101,ok,2.6428260020494196,2.3562037302675596,ok,2.2705860804245663,1.66448725737468,ok,4.392324548793678,36.05652508925515,ok,4.392324548793678,63.314327954554116,ok
281019,281019.0,3.9089837550079016e+16,galaxy,1.6460733005731578,2.5263730360639092e-05,0.0,0.015504280550123897,star,False,24.142118,,,,,,,6.20693756134667,1.8029830062904428,ok,6.20693756134667,2.84277370527289,ok,7.628047159035078,1.6682660127368802,ok,26.743188243244152,36.09097488206785,ok,26.743188243244152,68.07887793982984,ok
277116,277116.0,3.908983754591706e+16,star,5.519171532548633e-05,1.5796924537350157e-05,0.0,0.08447884828133843,star,False,20.862701,,,,,,,9.46627503241338,1.8808112560378443,ok,11.261234890574878,2.235371761425943,ok,21.071103343362473,1.6644130182108834,ok,26.335216661162523,36.05770552957655,ok,26.335216661162523,63.29230147363442,ok
280502,280502.0,3.9627835559645624e+16,star,-4.457528965529601e-05,5.0510116307514254e-06,0.0,0.007090185530690524,star,False,18.461918,-0.852545568470316,1.114814817476544,1.4034407802196835,0.6506837088973572,0.4111800789833069,0.5043017268180847,8.23150319463316,1.8281396788299016,ok,12.189375063385606,2.1970024519566693,ok,9.631748072795666,1.6643619407719201,gaia_consistent,27.505371773343903,36.055627492255105,ok,27.505371773343903,63.25465657390046,ok
277402,277402.0,3.908983755008747e+16,galaxy,0.4937648553751983,6.727308487232727e-05,4.0,0.012867889589103947,star,False,22.688156,,,,,,,5.997478309171102,1.7527298097800605,ok,5.997478309171102,2.6339223850609024,ok,8.373966660472982,1.6647836209671398,ok,15.97779794411997,36.125008616609186,ok,15.97779794411997,66.37794352750308,ok
280163,280163.0,3.9089837550080344e+16,star,0.0007058676294982966,4.400821264423302e-05,0.0,0.008090442220568211,star,False,21.060574,,,,,,,10.253323977976423,1.8684958560261307,ok,10.253323977976423,5.687116983110074,ok,8.683900422666458,1.6644285109729828,ok,14.935400570426165,36.0603922763374,ok,14.935400570426165,63.66290449778865,ok
236812,236812.0,3.908983739490699e+16,galaxy,0.7493351431909103,6.392610210684472e-05,4.0,0.019647376154080586,star,False,22.488522,,,,,,,8.296827580434263,1.7290432794313257,ok,8.296827580434263,2.241275302821294,ok,12.946846093429388,1.6647011329467418,ok,21.65095679070502,36.13234130045284,ok,21.65095679070502,64.19565235108966,ok
239796,239796.0,3.908983755009054e+16,galaxy,0.7077300510498585,5.260015204797202e-05,4.0,0.15893187709717355,star,False,23.327618,,,,,,,4.167502535241383,1.7712387083444059,ok,4.167502535241383,2.226172462308743,ok,8.73864091106628,1.6653831902256964,ok,23.374180022314743,36.126769650576676,ok,23.374180022314743,71.82979807268391,ok
60895,60895.0,3.962784159944485e+16,star,3.989266928548175e-05,7.348032285597216e-06,0.0,0.021446851131057234,star,False,18.886782,-4.215651186686388,-2.3410749316002075,4.822068722361521,0.39117040389307867,0.2870870530605316,0.26569777727127075,5.441208267183162,2.2307139287707676,ok,6.913097280866524,4.690598481847542,ok,10.689401182869966,1.6643645245731191,gaia_consistent,25.41087539646943,36.05565981270743,ok,25.41087539646943,63.28442486029027,ok
61584,61584.0,2781007929409544.0,star,-0.0001360714306497303,2.939750661329494e-05,0.0,0.01391706862652148,star,False,19.703417,-1.5627173905261582,-2.680164331963963,3.1024774759834632,0.611107156391966,0.4450085759162903,0.41883090138435364,8.154733960001625,1.8382021352594275,ok,8.154733960001625,3.3384631740475736,ok,7.93817231392962,1.6643738420340672,gaia_consistent,7.019364405003656,36.055737843928256,gaia_consistent,7.019364405003656,63.2669812563016,gaia_consistent
399588,399588.0,3.9627847639241576e+16,star,0.00021236429876578453,2.3883932422628987e-05,0.0,0.04749886507629035,star,False,21.757929,,,,,,,3.25425232403949,1.9552494551352628,ok,5.598314186360965,2.373773670114109,ok,0.7206175795375467,1.6645066055518107,ok,8.937201291992002,36.05863712025419,ok,8.937201291992002,63.39500709638335,ok
397647,397647.0,3.908983754591747e+16,star,0.0003187689877801623,1.897404359871133e-05,0.0,0.02784194493074064,star,False,21.041601,,,,,,,10.089852271488798,1.7278404358629176,ok,10.089852271488798,2.2057524118843452,ok,5.404371290517511,1.664424537503532,ok,2.495533399085811,36.056643364605655,ok,2.495533399085811,63.277641700860066,ok
397965,397965.0,3.9089837394901304e+16,galaxy,0.0005495859596096953,8.189250769147161e-05,0.0,0.022404738250710335,star,False,21.48167,,,,,,,4.945121353505935,1.8983041271005248,ok,4.945121353505935,4.00658310305558,ok,4.639684042614904,1.6644646427413157,ok,3.531096749313718,36.05758602188267,ok,3.531096749313718,63.38196107983884,ok
285004,285004.0,3.908983754591707e+16,star,0.0002203018816572058,2.6378271735411503e-05,2.0,0.026421807793089617,star,False,20.293352,,,,,,,3.5837897672119476,1.9654959038768307,ok,9.951175425843019,2.191543091498297,ok,8.13279076819692,1.6643872272461222,ok,65.21194153968365,36.05664334241583,ok,65.21194153968365,63.29522807402581,ok
282223,282223.0,3.908983755007901e+16,star,0.0011277352614253258,9.431281677672588e-06,0.0,0.058638276526814845,star,False,19.60055,-2.683358018970659,-14.411889426818039,14.659569131076251,0.9824626654669415,0.7505577206611633,0.6339526772499084,1.7197367402821684,1.7848911116398427,ok,1.7197367402821684,2.371143800804679,ok,15.595904352244881,1.6643722787291821,gaia_consistent,84.93328134701859,36.05729790037988,ok,84.93328134701859,63.67213027519592,ok
287532,287532.0,3.908983754591706e+16,star,0.00012174421201328473,3.553954270450844e-06,0.0,0.06568417449056743,star,False,18.773554,-14.26997424950058,-2.846565861468187,14.551120310308955,0.6171565030712776,0.47195884585380554,0.3976644277572632,7.872822229013314,1.9316181675602586,ok,4.952905672867921,2.4149086364393373,ok,20.032303042646337,1.6643639442335516,gaia_consistent,39.666792946421005,36.05574415464111,ok,39.666792946421005,63.25789701594432,ok
248666,248666.0,3.908983755008939e+16,star,0.0009748459003509689,3.0574923607635274e-05,0.0,0.021112785030200313,star,False,21.480612,,,,,,,2.8377742775488732,1.7656442505773078,ok,2.8377742775488732,2.639623960260626,ok,9.997004927042928,1.664470877748647,ok,33.05159214993842,36.05743562755626,ok,33.05159214993842,63.33626257015115,ok
285606,285606.0,3.962783555964549e+16,star,0.0005333097758764461,5.621470510176093e-06,0.0,0.20508470570225118,star,False,18.42359,-2.1071263417815715,-45.542535685532386,45.591255061560005,0.412479455031312,0.29840022325515747,0.28477466106414795,3.957770459454136,1.8486821249621288,ok,8.859303108023797,2.290527348434666,ok,44.10777759558715,1.664361784454072,gaia_consistent,,,inconsistent_with_gaia,,,inconsistent_with_gaia
282108,282108.0,3.908983754591704e+16,star,5.213239385337927e-05,1.674077798597597e-05,0.0,0.1735920177497663,star,False,21.589258,,,,,,,1.015056186571544,1.9425047757273177,ok,5.743285147189489,2.436072022544254,ok,21.959388394521724,1.6644799169198121,ok,57.55317435782405,36.06770346995411,ok,57.55317435782405,63.42308547815892,ok
244481,244481.0,3.908983749978513e+16,galaxy,1.6920360593572374,0.0001505069984995562,4.0,0.01864966278059207,star,False,23.691116,,,,,,,4.925315486478825,1.924924358918161,ok,6.313195383114699,3.87905444934788,ok,4.649635487043925,1.6674113964330088,ok,30.24509468220726,36.10113746067811,ok,30.24509468220726,65.54858917938202,ok
242586,242586.0,3.908983755008843e+16,star,0.0007487060395884787,2.156202515388361e-05,0.0,0.02747468899155885,star,False,20.803192,,,,,,,3.3986532312252304,1.9383248901367136,ok,3.2987558342028946,2.3321246384388,ok,9.093619132707571,1.6644098170094004,ok,11.197913481535805,36.05750309898403,ok,11.197913481535805,63.35570195657797,ok
247960,247960.0,3.9089837550089384e+16,star,0.000509008955992979,4.120521495316426e-06,0.0,0.018674895324476363,star,False,18.944838,-2.4735031345072924,-3.9596419632595112,4.668723833514147,0.43607928743687946,0.3248696029186249,0.29090356826782227,3.1366977261103757,1.7644945943319215,ok,3.1366977261103757,2.3634621097020956,ok,10.051931027301322,1.664364871939401,gaia_consistent,6.208506295241364,36.05568428969767,gaia_consistent,6.208506295241364,63.2566330963524,gaia_consistent
622718,622718.0,3.90898375459173e+16,star,0.00022980105992657284,8.269323692341929e-06,0.0,0.030045961363030824,star,False,19.594791,-3.858824992277653,-5.505488274560926,6.723163798566451,2.2870216566709227,1.333243727684021,1.8582059144973755,7.835043853453241,1.850207304904739,ok,7.835043853453241,3.1118547451655596,ok,9.28082631948621,1.6643721490301153,gaia_consistent,41.09672977356207,36.05588667816934,ok,41.09672977356207,63.26462047015117,ok
626455,626455.0,3.908983755007659e+16,galaxy,1.0141267494408497,6.179621617667173e-05,4.0,0.07741496248483364,star,False,23.520231,,,,,,,11.4859262190525,1.8322249832495787,ok,4.728412737914728,2.405016095795677,ok,13.484277354439504,1.6657917716422075,ok,41.585096802356766,36.070260369562,ok,41.585096802356766,66.27326524967361,ok
626783,626783.0,3.962784159944519e+16,quasar,1.7900542574519231,0.00043746536277869586,0.0,0.00022456966601325075,AGN/QSO,True,20.108238,-0.8086589096090566,0.8868219008763433,1.2001592877464389,1.3877772119146745,0.8866211175918579,1.0676275491714478,9.46627503241338,1.8808112560378443,ok,11.261234890574878,2.235371761425943,ok,5.15858337659321,1.664382246023819,gaia_consistent,52.32897137798618,36.05587575356419,ok,52.32897137798618,63.280482150286346,ok
626654,626654.0,3.908983755010118e+16,galaxy,1.3347556434272918,0.00013662914648849745,4.0,0.01817149776772882,star,False,22.983097,,,,,,,8.02492951523273,2.4434120213113126,ok,2.599103791401438,2.894876201393323,ok,4.798136367157362,1.6649918953067475,ok,23.1877914991974,36.06493127431133,ok,23.1877914991974,63.828783327017405,ok
620332,620332.0,3.908983754591728e+16,star,0.00019757987145671793,2.0571911025280893e-05,0.0,0.06303584724889824,star,False,21.028234,,,,,,,6.356053025293664,2.1073440485407056,ok,4.9933583105298345,2.713872224089661,ok,14.674337102750616,1.6644248132971111,ok,4.417418499273731,36.05683480718457,ok,4.417418499273731,63.26698767069596,ok
622027,622027.0,3.908983754591728e+16,star,0.0004678968101261425,4.40534172825277e-06,0.0,0.043425101387123084,star,False,19.179796,-9.583703724153988,-0.8750732217945902,9.623571593533503,0.555284164932712,0.40740546584129333,0.3773079514503479,16.146114154098715,1.7286355046470823,ok,26.23290114578207,2.183739833514889,gaia_consistent,13.31252851310246,1.664366977974858,gaia_consistent,58.33184596389668,36.055752515420465,ok,58.33184596389668,63.27015576413161,ok
622337,622337.0,3.908983755009966e+16,star,0.0010097874896335805,5.168193947148668e-06,0.0,0.034168640030087016,star,False,19.099106,-6.868842607206604,-5.078139302333062,8.54216000414863,0.5653011823995391,0.41201654076576233,0.3870501220226288,14.394117038225813,1.8859240777005728,ok,3.4207073992249866,2.2501368206147205,ok,11.641869964320707,1.6643661623339054,gaia_consistent,53.40304888296503,36.05570612353123,ok,53.40304888296503,63.258551501586965,ok
625171,625171.0,3.908983755009856e+16,star,0.000120490852249537,6.161878243632751e-05,0.0,0.01634798411855372,star,False,21.002853,,,,,,,8.384976115513716,1.7900341268833166,ok,5.7027484216662,2.4120164522183907,ok,4.351198066190616,1.664419561145531,ok,34.063966748975304,36.05623891595345,ok,34.063966748975304,63.295869888356286,ok
622438,622438.0,3.908983754591726e+16,star,3.2193157154338386e-05,1.5830545467698536e-05,0.0,0.017702948515852,star,False,20.487078,,,,,,,9.115474699015076,1.8054638363171203,ok,9.115474699015076,2.453880767972502,ok,8.935666309313422,1.6643937593856317,ok,23.29653704626844,36.0561342869227,ok,23.29653704626844,63.26827877392777,ok
621475,621475.0,3.908983739490026e+16,star,0.00040846018960137115,1.1620194007694701e-05,0.0,0.0377334996428411,star,False,20.421606,,,,,,,6.2574429310362225,1.7566094582381502,ok,6.2574429310362225,2.4414394703304843,ok,2.9795828723103503,1.6643916841119462,ok,46.181162835148804,36.05625408266489,ok,46.181162835148804,63.28905974894124,ok
403320,403320.0,3.908983755009392e+16,galaxy,0.020964482167908968,4.352634239864201e-05,4.0,0.004859756770636675,star,False,22.245132,,,,,,,0.9032101143457841,1.7886218288008515,ok,0.9032101143457841,2.2820604802496165,ok,4.214708584363454,1.664613056305883,ok,11.53030483512127,36.05912495407613,ok,11.53030483512127,63.55620437309887,ok
401599,401599.0,3.9627847639242024e+16,galaxy,0.6957006160928757,8.287269750102648e-05,0.0,0.02974272251668979,star,False,21.773392,,,,,,,8.650525104292413,2.069910049917871,ok,13.008464589000837,2.8728673905014275,ok,5.757363385567985,1.6654277030323552,ok,93.65566503474899,36.07357130730271,ok,93.65566503474899,63.36561700613822,ok
401861,401861.0,3.90898375459175e+16,star,3.1887552156530765e-05,2.4650580980962374e-05,0.0,0.05729163183584394,star,False,21.242208,,,,,,,6.818238405249337,2.149465224447958,ok,10.354580610434459,2.22916275419599,ok,9.3743427392225,1.6644408775645616,ok,26.00449832130984,36.05788514285094,ok,26.00449832130984,63.31768307021667,ok
404408,404408.0,3.9089837550087224e+16,galaxy,0.5264781972755624,2.6156345776073895e-06,0.0,0.021911520722238863,star,False,22.836628,,,,,,,3.4648233471768024,1.7692198418486278,ok,13.118104934171555,2.436054387269388,ok,6.1987908054515035,1.6650349652044045,ok,33.013260652128054,36.069627318690024,ok,33.013260652128054,63.75168597387035,ok
407623,407623.0,3.962785367903878e+16,star,4.4682229511955024e-05,4.8973256731711065e-06,0.0,0.019357708444494484,star,False,18.729919,-1.3601492008036866,-4.030492619354756,4.253807306768851,0.42536872867938474,0.2698262929916382,0.32883480191230774,12.001931832921398,1.7774178619307799,ok,12.001931832921398,2.4515919806518647,ok,3.8352962927000283,1.6643634357393373,gaia_consistent,21.767809925248304,36.05566176699565,ok,21.767809925248304,63.279112278824044,ok
400298,400298.0,2.305843037793683e+18,star,-0.00011914048188085674,8.438772924181292e-06,0.0,0.030098299971295952,star,False,18.34844,-1.13030522566045,-6.864145330016458,6.956585442208129,0.34820426278535,0.23403315246105194,0.25782686471939087,11.667716454167087,1.9602335674521014,ok,6.768166413652253,2.535633634541964,ok,2.422372424584703,1.6643614217871827,gaia_consistent,54.14061090120126,36.05560750396718,ok,54.14061090120126,63.251982214646326,ok
404563,404563.0,3.9089837550080104e+16,star,0.0008632158898005678,3.47416356472084e-05,0.0,0.02577545886802241,star,False,20.788261,0.9360164834594392,-6.375520813352675,6.443864717605493,2.746570969700399,1.9013200998306274,1.982078194618225,11.585183514146953,1.996941636456538,ok,7.576285262122648,3.490512272622836,ok,4.364856453596542,1.664408567139347,gaia_consistent,29.075884643715344,36.05611776113928,ok,29.075884643715344,63.32076608370851,ok
292957,292957.0,3.908983755014268e+16,galaxy,1.1764532368591614,0.00010596564536730406,4.0,0.011935959715761531,star,False,23.470881,,,,,,,9.522503025149868,1.7260137968199094,ok,9.522503025149868,2.186014248438146,ok,3.550442945507855,1.665668858490764,ok,13.629793368704078,36.066051303043906,ok,13.629793368704078,63.69404302904451,ok
296154,296154.0,3.908983755013502e+16,quasar,3.5042200956649805,0.00017947148590134455,0.0,0.015958140023830985,AGN/QSO,True,21.794449,,,,,,,5.95692447168026,1.7339329262392562,ok,5.95692447168026,2.280702525200904,ok,3.9951315763068536,1.6645082242289135,ok,16.8775630518208,36.05692843387806,ok,16.8775630518208,63.32315719617958,ok
290441,290441.0,3.908983755009715e+16,star,0.00024133785236890627,1.4990920121051427e-05,0.0,0.015582156155031985,star,False,20.423847,-1.3243339483162746,-3.66351797821653,3.895539036305336,1.930604383496207,1.218725562095642,1.4973113536834717,0.45108213783517104,1.7225694708702175,ok,0.45108213783517104,2.181062102414936,ok,4.262407597631362,1.6643914987575015,gaia_consistent,60.564936422918365,36.056353333045266,ok,60.564936422918365,63.30124634071465,ok
291386,291386.0,3.908983742005991e+16,quasar,1.034396200031663,0.00046514377021645415,0.0,0.010132923419801333,AGN/QSO,True,21.817059,,,,,,,2.5379001726615344,1.862857754893859,ok,2.5379001726615344,2.5312112763498154,ok,3.988745781358256,1.664675599649331,ok,42.66883569132017,36.05893824277615,ok,42.66883569132017,63.35038945982038,ok
294252,294252.0,3.962783555964602e+16,galaxy,0.7601941571482156,9.384525232868087e-06,0.0,0.011184142910551585,star,False,22.610338,,,,,,,5.620985001865142,1.7701759477168864,ok,5.620985001865142,3.499114497399545,ok,3.9623605348780653,1.6648836994035232,ok,3.9159230911862912,36.059125310986154,ok,3.9159230911862912,63.41907259804705,ok
254573,254573.0,3.908983755010615e+16,galaxy,0.00022064841918080603,8.009768258942414e-05,4.0,0.003437336075737035,star,False,21.544628,,,,,,,2.6114875619744886,1.7755229964663521,ok,2.6114875619744886,2.4079658760019633,ok,4.469538036774495,1.6644698600070704,ok,7.477958518150229,36.05698818786436,ok,7.477958518150229,63.40537955633749,ok
249994,249994.0,3.9089837545917064e+16,star,2.037964097719415e-05,2.278381735184298e-05,0.0,0.008221184205101659,star,False,21.30423,,,,,,,5.086089174887555,1.7775949078118156,ok,5.086089174887555,2.8371388225216085,ok,4.119724297326473,1.6644471672920569,ok,20.404331494665936,36.05681098072013,ok,20.404331494665936,63.33960008710235,ok
252914,252914.0,3.908983755009135e+16,galaxy,1.3992973802889481,0.00022062718169308304,4.0,0.013369543981264444,star,False,22.514339,,,,,,,0.9074936309289555,1.923455675635187,ok,7.637988846357841,2.5100838862286814,ok,4.517240957751899,1.664733832916151,ok,16.392758356132063,36.05970938019361,ok,16.392758356132063,63.506772726399205,ok
249835,249835.0,3.962783555964527e+16,quasar,1.8086985264948323,0.0008695851445988645,0.0,0.011850423926234279,AGN/QSO,True,21.027649,,,,,,,15.17728140206447,1.7578633568503934,ok,15.17728140206447,2.2790608690446565,ok,3.128994608011525,1.6644236956735763,ok,1.6186261840243503,36.05672420264899,ok,1.6186261840243503,63.34379973118236,ok
253449,253449.0,3.908983755009376e+16,quasar,1.7531635205952485,0.00016103033733006177,0.0,0.003006217083326,AGN/QSO,True,18.997665,-0.7416956937424668,0.12133148689879412,0.7515542773673711,0.46457200863545245,0.3570905029773712,0.29717591404914856,6.291368665245638,1.7552061973765696,ok,6.291368665245638,2.308003076735723,ok,3.233535978302527,1.6643653266981147,gaia_consistent,31.388022430334733,36.05572245387778,ok,31.388022430334733,63.260123151710964,ok
634133,634133.0,3.908983755009256e+16,star,-1.7689548615396364e-05,5.80238828244285e-06,0.0,0.025280604659864675,star,False,19.452721,-0.2150361485865545,-6.316491922148878,6.320151164946212,0.8398284114465876,0.5515646934509277,0.6333152055740356,2.5268590120688716,1.8062963979155828,ok,2.5268590120688716,2.61160911317348,ok,6.408717093970518,1.6643702341428526,gaia_consistent,11.868404822463312,36.05581508234463,gaia_consistent,11.868404822463312,63.302253038044135,gaia_consistent
636609,636609.0,3.908983739490043e+16,star,0.000318371070437429,3.82378276582585e-05,0.0,0.02067272644276385,star,False,20.81777,,,,,,,4.37148565591609,1.7874099176140343,ok,4.37148565591609,2.597263547489095,ok,5.056868952776379,1.6644084859582204,ok,37.0454064403554,36.05658116729001,ok,37.0454064403554,63.36721028484677,ok
631132,631132.0,3.908983755009254e+16,star,0.0011115907759520578,4.864219188515023e-05,4.0,0.021551855773919083,star,False,22.223246,,,,,,,2.5111920667514247,1.8514919139659878,ok,2.5111920667514247,4.534255639943273,ok,3.940392020454327,1.664611830607865,ok,40.52878649933353,36.059655071509034,ok,40.52878649933353,63.487879534026945,ok
635334,635334.0,3.908983739490036e+16,star,0.0003680238801046366,2.9977611180076503e-05,0.0,0.02479802235731965,star,False,22.201317,,,,,,,9.572106555039161,1.8847098419282058,ok,9.572106555039161,2.612222045964535,ok,8.737214465359855,1.6646051485986209,ok,18.852941279623764,36.0594885033075,ok,18.852941279623764,63.35454716032063,ok
627971,627971.0,3.908983748716725e+16,galaxy,0.9318923376875856,7.383679903099316e-05,0.0,0.17962704142765304,AGN/QSO,True,23.40741,,,,,,,4.346602330583015,2.6145011540468746,ok,5.431398496663186,2.421367955821669,ok,3.696495700799334,1.6668152355414223,ok,21.49069308134632,36.08424282128784,ok,21.49069308134632,63.56907983581139,ok
631932,631932.0,3.908983755008632e+16,star,7.342765638990871e-05,1.0562107109279674e-05,0.0,0.04510509334815452,star,False,19.513451,-0.5219144748629929,-11.264188637084535,11.276273337007039,1.0336956870596123,0.6568814516067505,0.7981438040733337,0.8244488494585919,1.8843225587401164,ok,4.597828269041959,2.483651501045573,ok,11.53103076098956,1.6643707529827647,gaia_consistent,37.821654830653664,36.055831284843215,ok,37.821654830653664,63.287886281614526,ok
630955,630955.0,3.9089837394900296e+16,galaxy,0.0007398501498287848,2.920310479262413e-05,0.0,0.006393417835822611,star,False,19.580173,-1.5261750599433608,-0.5759162885796578,1.6312234319811891,0.7353609785131029,0.46979188919067383,0.5657308101654053,5.201220245505965,1.9325789823533859,ok,5.201220245505965,2.487081502656968,ok,4.082172482143459,1.664371792234251,gaia_consistent,29.4740995250569,36.05577822696116,ok,29.4740995250569,63.33649804338667,ok
411850,411850.0,3.908983754592148e+16,star,-5.583145955482375e-07,9.281835860748885e-06,0.0,0.06870737693087497,star,False,20.031912,,,,,,,9.522503025149868,1.7260137968199094,ok,9.522503025149868,2.186014248438146,ok,6.944596925151729,1.6643803950339477,ok,34.43637680594361,36.05594780385257,ok,34.43637680594361,63.26491463819592,ok
411646,411646.0,3.908983755007765e+16,star,0.0010651002240868153,1.523939749380844e-05,0.0,0.01576794956145884,star,False,19.497866,-2.1876429551314853,3.279250350285837,3.9419873869643727,0.7486965635243653,0.5055538415908813,0.5522335171699524,4.582604855342419,1.7688546663211573,ok,10.982621502008666,2.6766496923970435,ok,7.786785468078916,1.6643706951554385,gaia_consistent,31.80011710872194,36.0558182380743,ok,31.80011710872194,63.26924080642933,ok
409240,409240.0,3.9627853679039176e+16,galaxy,1.3149852942852873,0.00011880144422566019,0.0,0.09390228813210942,star,False,23.632326,,,,,,,8.650525104292413,2.069910049917871,ok,13.008464589000837,2.8728673905014275,ok,6.0837274433837125,1.6670228587410294,ok,61.70739351684177,36.07964342796801,ok,61.70739351684177,65.45371921808722,ok
412224,412224.0,3.908983754591772e+16,star,-3.8413388195454704e-05,1.8664796860110154e-05,0.0,0.013367627314217687,star,False,20.866163,,,,,,,1.3157349003010197,2.0584411178215407,ok,3.594697448835262,2.4049656641647457,ok,4.05589191483737,1.6644118374367507,ok,46.66172872566517,36.05735235656937,ok,46.66172872566517,63.3075037192587,ok
41721,41721.0,3.962783556383547e+16,star,1.5853838187386186e-05,3.4980042659730006e-06,0.0,0.017370073369103938,star,False,18.204496,-3.532701238903728,1.8645878774129538,3.9945795768700463,0.3604534434099577,0.23609274625778198,0.2723727226257324,5.837179251258018,1.879740346577226,ok,5.837179251258018,3.372192114551779,ok,7.7792288435316275,1.6643609056511124,gaia_consistent,38.08871573016571,36.055601723107884,ok,38.08871573016571,63.251391168045465,ok
43300,43300.0,3.908983755011957e+16,star,-5.314498118123341e-05,2.9362632584349348e-05,0.0,0.013652545516144013,star,False,20.833302,,,,,,,9.675601458855002,2.270137351112129,ok,6.425899256151278,3.3604013730762357,ok,4.671813145150976,1.6644104598029934,ok,42.664866010201806,36.056514424787295,ok,42.664866010201806,63.33958828513505,ok
258560,258560.0,3.908983739490713e+16,star,0.0001573996743331369,3.252494633485656e-05,0.0,0.0077318592581006405,star,False,21.04191,,,,,,,2.170490468817252,1.8852646862821705,ok,1.9522705385902266,2.390746601943761,ok,4.408820497596062,1.6644236332214577,ok,5.8453301275773715,36.05631777472497,ok,5.8453301275773715,63.296451186577094,ok
41936,41936.0,3.908983739490712e+16,star,0.00022199406673232048,2.678491523115478e-05,0.0,0.07161303425961922,star,False,21.219,,,,,,,3.957770459454136,1.8486821249621288,ok,8.859303108023797,2.290527348434666,ok,10.96447685683682,1.6644416409368,ok,28.913122712715964,36.05660759923262,ok,28.913122712715964,63.28059486563454,ok
39008,39008.0,3.9089837545917064e+16,star,-6.227597759348439e-07,4.640361308516599e-06,0.0,0.06470112875449852,star,False,18.742674,-14.072526978986001,-2.7714780970404584,14.342841643714257,0.5120843276681398,0.3746583163738251,0.3490866720676422,3.871714399715733,1.8596186803151074,ok,3.871714399715733,3.632127809712281,ok,17.299037259942292,1.664363512057121,gaia_consistent,,,inconsistent_with_gaia,,,inconsistent_with_gaia
257926,257926.0,3.908983754591706e+16,star,0.00038841561834347394,2.240396201422123e-05,0.0,0.016309780508324365,star,False,20.836086,,,,,,,0.9743765232625864,1.750733301465017,ok,0.9743765232625864,2.260997562079286,ok,4.6532042981133355,1.6644099936111028,ok,19.982052755034758,36.05622250899577,ok,19.982052755034758,63.27208655703062,ok
256437,256437.0,3.908983754591704e+16,star,0.00013065554850497858,4.6871265781609465e-06,0.0,0.021966452642003392,star,False,18.960617,-4.317964120678848,2.363080205423308,4.92229237294305,0.6893649830272511,0.49947112798690796,0.47513437271118164,6.943908922830445,1.775105604262823,ok,25.126964653493587,2.343525589767571,ok,7.043043419013883,1.6643650208974434,gaia_consistent,40.45765581345974,36.055783924504745,ok,40.45765581345974,63.26308116907334,ok
641149,641149.0,3.908983754592128e+16,star,3.087288740132722e-05,1.9069113254929655e-05,0.0,0.0369138659237585,star,False,21.065512,,,,,,,3.6659265256764386,2.085912386457147,ok,1.526729446810855,2.348734970286172,ok,7.352632590173899,1.6644271461949531,ok,20.434393788650244,36.056806525250224,ok,20.434393788650244,63.262589644177,ok
641093,641093.0,3.908983754592128e+16,star,0.0003012386178989924,2.3712731605089992e-05,0.0,0.07619470422123874,star,False,20.972908,,,,,,,3.1641059571322936,1.9232493498522616,ok,3.1641059571322936,3.214943926913496,ok,12.08968045687157,1.664418990194806,ok,29.14011781171393,36.05664002631033,ok,29.14011781171393,63.26503966982605,ok
645058,645058.0,2.305843037793682e+18,star,0.0005368325675142089,1.0190918452335016e-05,0.0,0.04600661703341773,star,False,18.520391,-8.831181837899297,-5.188240028496958,10.242441469070767,0.5314129768790655,0.37797534465789795,0.37354302406311035,2.5379001726615344,1.862857754893859,ok,2.5379001726615344,2.5312112763498154,ok,11.061931733454614,1.664362282933092,gaia_consistent,,,inconsistent_with_gaia,,,inconsistent_with_gaia
641222,641222.0,243341136494609.0,galaxy,0.0008477123902900402,4.786930709466658e-48,514.0,0.06586031781910477,AGN/QSO,True,22.917646,,,,,,,1.7197367402821684,1.7848911116398427,ok,1.7197367402821684,2.371143800804679,ok,1.5572921186222641,1.6650201606517847,ok,48.31496198864186,36.08801782984726,ok,48.31496198864186,64.56053077320975,ok
644682,644682.0,3.908983754589806e+16,galaxy,0.569416118386261,8.363298297372182e-05,0.0,0.033929792690932964,AGN/QSO,True,20.358824,,,,,,,0.9074936309289555,1.923455675635187,ok,7.637988846357841,2.5100838862286814,ok,1.300304426103188,1.664497741907094,ok,66.75691495886271,36.05750440507411,ok,66.75691495886271,63.310655618216586,ok
639647,639647.0,3.962784763924204e+16,star,0.0010867899458983814,7.266769851233427e-06,0.0,0.023353991126010828,star,False,18.577713,-3.9552269396076225,-3.311943108759322,5.158758309850952,0.37399366075044765,0.24853751063346863,0.2794644236564636,6.356053025293664,2.1073440485407056,ok,4.9933583105298345,2.713872224089661,ok,5.107220251810225,1.6643625397347928,gaia_consistent,51.4252022492813,36.05561790587709,ok,51.4252022492813,63.256559751441735,ok
640010,640010.0,3.908983755009409e+16,galaxy,1.0634081130627648,8.682905222234488e-05,0.0,0.20827930259595692,star,False,22.724472,,,,,,,12.001501294450662,1.8285436543772153,ok,12.001501294450662,6.384783835213854,ok,1.6388719359683954,1.6654029789006157,ok,25.36138427438202,36.0655606977331,ok,25.36138427438202,64.34823639140426,ok
643333,643333.0,3.908983755010215e+16,star,0.00042928526172558755,1.9711939743471704e-05,0.0,0.027612090736405723,star,False,20.831917,,,,,,,2.4080471459827035,1.8056292838204429,ok,2.4080471459827035,2.342666610263812,ok,1.8262467111453458,1.6644095531185166,ok,64.16899103222462,36.0566362723949,ok,64.16899103222462,63.340833348086406,ok
639389,639389.0,3.908983755009409e+16,galaxy,9.292127711019612e-05,7.113051331535809e-05,4.0,0.010438634538873472,star,False,22.533064,,,,,,,8.296827580434263,1.7290432794313257,ok,8.296827580434263,2.241275302821294,ok,1.5125173973712818,1.664720374348977,ok,22.96691374158792,36.06080644377975,ok,22.96691374158792,63.87824799322376,ok
637684,637684.0,3.908983755007987e+16,galaxy,0.1973586405211258,5.821811558884817e-05,4.0,0.015230250376681272,star,False,22.36849,,,,,,,4.866237752986889,1.7474408407480504,ok,4.866237752986889,2.29393397685768,ok,3.2368047523576107,1.664670372163561,ok,24.913930316830292,36.05901819455029,ok,24.913930316830292,63.39218978651448,ok
51445,51445.0,3.908983755013151e+16,galaxy,0.02988955235472655,4.017082126652909e-05,4.0,0.008062469421331403,star,False,23.086662,,,,,,,6.429159666093413,1.7629630202310635,ok,12.936592336039194,2.421196286388389,ok,5.954481199960825,1.6651169642939576,ok,112.65039655189429,36.06988933279232,ok,112.65039655189429,65.26055852864083,ok
46932,46932.0,3.908983754592082e+16,star,0.00023279123012325014,9.251642067661274e-06,0.0,0.1144499446885354,star,False,19.603539,-15.09478117608763,-20.98170928054606,25.847331450022498,1.826788647462003,0.9932015538215637,1.5332016944885254,10.503961310034391,2.499948436351139,ok,0.9972435798446865,2.5902982684622797,ok,28.12385207679016,1.6643725655515151,gaia_consistent,,,inconsistent_with_gaia,,,inconsistent_with_gaia
45488,45488.0,3.908983755013276e+16,galaxy,1.6173295576727917,9.946837988147387e-05,4.0,0.01160471077252187,star,False,22.750689,,,,,,,3.783752088416571,1.9348197905167934,ok,5.0536245303257905,2.8162917203945708,ok,4.372060378311116,1.6648548703515609,ok,16.41069541280474,36.060265719802686,ok,16.41069541280474,63.42556313776602,ok
47104,47104.0,3.962783556383545e+16,star,0.00023806140382302035,5.7420205927200225e-06,0.0,0.015114660728679688,star,False,18.413143,-3.3348352613351273,0.4387584085272167,3.36357475928475,0.33961420488515204,0.2204338014125824,0.25835391879081726,4.01672691786989,1.7430879910729267,ok,4.01672691786989,2.3539954744471876,ok,8.291572291871644,1.664361664083803,gaia_consistent,35.5057845443854,36.05561203604656,ok,35.5057845443854,63.256595152142935,ok
51442,51442.0,3.90898375501315e+16,star,0.0002697205926513977,1.1114707615447803e-05,0.0,0.03494775869837526,star,False,20.598906,,,,,,,5.893441052669187,1.8654573475412728,ok,5.893441052669187,2.4047327873451683,ok,9.121726215610513,1.6643993314114747,ok,99.28305663685597,36.05746160255979,ok,99.28305663685597,63.29981537718726,ok
49286,49286.0,3.908983742005846e+16,quasar,2.1263538207945514,0.0005969385971138046,0.0,0.056098830191183294,AGN/QSO,True,22.681789,,,,,,,1.4703774320167315,1.880122485408723,ok,1.84044091050905,2.2832737537078756,ok,5.443934634832993,1.6648164382874588,ok,17.554010302853325,36.05985948962264,ok,17.554010302853325,63.40725749750171,ok
49097,49097.0,3.908983739490042e+16,star,0.00018325246526106471,6.622337215647817e-06,0.0,0.017759744945957178,star,False,19.675106,-2.2281997307795938,-3.4786712164188205,4.131104873056002,1.0554576834422578,0.6600372195243835,0.8236150741577148,7.616683028323005,1.8710172039864454,ok,7.616683028323005,4.020287673042085,ok,9.205835822193249,1.6643732496492,gaia_consistent,30.512311669425358,36.05589687009579,ok,30.512311669425358,63.27591385624365,ok
44102,44102.0,3.908983754591706e+16,star,0.0009355740012144006,3.8275371646498775e-05,0.0,0.0821446274708196,star,False,21.081503,,,,,,,6.649123235583098,1.863700453090475,ok,6.965013662651922,3.6062907376447106,ok,12.220975592837187,1.664426375472191,ok,50.818591093866324,36.056456382738006,ok,50.818591093866324,63.28366935268758,ok
423302,423302.0,3.908983755011192e+16,star,0.00045314371467974456,3.079986765759575e-05,0.0,0.04393008852113496,star,False,21.478605,,,,,,,8.51606799290913,2.048964936190565,ok,8.51606799290913,5.5135356455552476,ok,4.04347863798322,1.664467131318127,ok,67.53734349279331,36.05674562753554,ok,67.53734349279331,63.34443220505124,ok
644747,644747.0,3.90898375459175e+16,star,3.77536559311001e-05,4.5982765510800275e-06,0.0,0.04220423365584715,star,False,18.810123,-6.843095247024478,6.679617867936604,9.562700843459808,0.8545025675260394,0.536435067653656,0.6651406288146973,9.072926265412882,1.798796775001473,ok,9.072926265412882,2.4647812588800093,ok,10.002198776486278,1.664375665723437,gaia_consistent,70.05982496652071,36.05649711797107,ok,70.05982496652071,63.270835096225966,ok
602008,602008.0,3.908983748716574e+16,galaxy,1.4335580427331944,8.373254260748033e-05,0.0,1.2092602903507175,star,False,23.853178,,,,,,,9.526786745933707,1.7876719203515241,ok,9.526786745933707,2.318589373939127,ok,1.141775092089692,1.666916330707771,ok,65.40084132178455,36.088165318847246,ok,65.40084132178455,64.25622209509297,ok
606001,606001.0,3.908983755008424e+16,star,0.00042258023858560113,1.0705846189831928e-05,0.0,0.013335286473562987,star,False,19.277512,-1.267333361683724,-3.0835422344638097,3.333821615107598,0.6382952042750641,0.4143848717212677,0.48549556732177734,2.9824685580545434,1.8251335727709161,ok,1.503038709273346,2.3046671474764158,ok,3.9230840050121203,1.6643679662784805,gaia_consistent,55.72938196530839,36.05574014857621,ok,55.72938196530839,63.32874540162664,ok
603621,603621.0,3.908983755008805e+16,star,0.0006646174977115247,8.95085022028846e-06,0.0,0.05372379019710893,star,False,19.28027,-1.3852019188040883,-13.35932511982932,13.430947547107806,0.791962274781998,0.5072992444038391,0.6081543564796448,3.6145583334612406,1.7646963518426129,ok,3.6145583334612406,2.580266071106031,ok,13.022579827346236,1.664368082989608,gaia_consistent,30.48104553770233,36.05576571324809,ok,30.48104553770233,63.28357122640345,ok
601123,601123.0,3.908983755009896e+16,star,0.0002206640293899253,2.402326862999667e-05,0.0,0.04275317379503074,star,False,20.664177,,,,,,,5.655116068879697,1.8341102853456406,ok,28.480023415669493,3.538021494327731,ok,2.1796869727036716,1.6644020229737178,ok,58.31407276871978,36.0563791514044,ok,58.31407276871978,63.36092407129366,ok
604694,604694.0,3.9089837545917496e+16,star,0.00010422374713239399,9.379628908239545e-06,0.0,0.06002374348555642,star,False,19.993204,,,,,,,3.8161106800565694,1.7826882167394051,ok,3.8161106800565694,2.4770468591453616,ok,3.707520579709758,1.6643796922145415,ok,80.07117589134533,36.05594932944475,ok,80.07117589134533,63.2812521455127,ok
55818,55818.0,3.962784159944489e+16,star,9.417162657515879e-05,1.449190076237237e-06,0.0,0.007865989597495179,star,False,17.848166,2.641376498345233,-8.599227360879693,8.995753498741085,0.15405803979304358,0.10911884158849716,0.1087518185377121,4.483278490452604,1.738830093609268,ok,4.483278490452604,2.4355898129676876,ok,9.460759764357205,1.664359914616387,gaia_consistent,45.55440562403178,36.055656054381494,ok,45.55440562403178,63.25477113784839,ok
55094,55094.0,3.962784159944499e+16,star,6.589502779897426e-05,3.444710043924444e-06,0.0,0.020243260757833063,star,False,18.34132,-1.6691210116914592,-4.24898134051618,4.565063787475986,0.40248229539101366,0.2595459222793579,0.3076165020465851,6.477543828228905,1.9024233264985169,ok,6.5237867269304255,2.892875502841693,ok,9.004218874521793,1.6643616827073384,gaia_consistent,30.20116408204934,36.05556079099701,ok,30.20116408204934,63.24759803776667,ok
53567,53567.0,3.908983739504898e+16,star,-6.47631093823837e-07,1.5447425853734806e-05,0.0,0.107517512063229,star,False,20.581686,,,,,,,1.4844521389920546,1.7611969642732515,ok,1.4844521389920546,2.3422984165622607,ok,10.405411893647964,1.6644059923162806,ok,44.698516422414315,36.056473594836014,ok,44.698516422414315,63.32705150562359,ok
53253,53253.0,3.962784160363329e+16,quasar,0.9568326600131838,0.00019055251108039646,0.0,0.10658560268894832,AGN/QSO,True,21.977228,,,,,,,1.015056186571544,1.9425047757273177,ok,5.743285147189489,2.436072022544254,ok,6.0091600117563715,1.665905741028498,ok,112.25211348240101,36.06566202710944,ok,112.25211348240101,63.4483179844948,ok
57436,57436.0,3.9627841603634136e+16,star,0.00023872084956318097,4.890232741980836e-06,0.0,0.00943202058012129,star,False,17.569601,-1.1761927174031355,-7.909582894541758,7.996557438929564,0.17726136634197898,0.11747192591428757,0.13274765014648438,2.6428260020494196,1.7647565352055101,ok,2.6428260020494196,2.3562037302675596,ok,10.991170682990457,1.6643592137031105,gaia_consistent,62.30217107960336,36.05573991009364,ok,62.30217107960336,63.26346115760553,ok
280782,280782.0,3.962783556383619e+16,star,0.0007875477358681126,3.9618758878728e-06,0.0,0.01096866917043901,star,False,18.668888,-3.2043538399787947,-3.9781907235980754,5.108217396030501,0.41199052166455996,0.278382271528244,0.30370956659317017,8.663548341071158,2.4938677038478314,ok,7.951085308981813,3.1406253688828607,ok,11.439651810996082,1.6643629937631021,gaia_consistent,37.1752805894674,36.05566118789151,ok,37.1752805894674,63.25931232751908,ok
277744,277744.0,3.908983754588183e+16,galaxy,0.7933264241669844,6.100065637506316e-05,0.0,0.018658707582724032,AGN/QSO,True,22.204376,,,,,,,21.174379182508485,1.7259184312006555,ok,21.174379182508485,2.3390467459653124,ok,8.017377718371826,1.6650044257050636,ok,41.99294436428588,36.06746479576116,ok,41.99294436428588,63.34724042519129,ok
280891,280891.0,3.96278355638355e+16,galaxy,0.2639060203673885,4.5271005951799906e-05,0.0,0.026903363585404,star,False,18.249298,,,,,,,2.8388096060073336,1.7696405226985352,ok,2.8388096060073336,2.8461526103980845,ok,7.284297429964271,1.6643670597019469,ok,13.464952209252639,36.056833811679326,ok,13.464952209252639,63.259713004168404,ok
425548,425548.0,3.908983755011192e+16,star,0.0001553572449229912,2.147909083912007e-05,0.0,0.0636316763779978,star,False,21.412693,,,,,,,4.737363630428952,3.978756699981927,ok,1.75840787447586,2.3534234214387966,ok,4.737002914927835,1.6644567681792837,ok,39.41968264150013,36.057429519188865,ok,39.41968264150013,63.436948773830906,ok
430333,430333.0,3.908983754592128e+16,star,5.766048420725847e-06,5.9921892509971346e-06,0.0,0.05039649625215343,star,False,19.298134,-11.377514541788978,0.8077473265205808,11.40615153731182,0.9272964595910284,0.5931549072265625,0.7127734422683716,8.156565023299514,1.9304093395376056,ok,3.9827684523166433,2.9069551728699707,ok,12.654343990629636,1.6643683581082185,gaia_consistent,69.75185887244885,36.05579349217998,ok,69.75185887244885,63.26637568975648,ok
426287,426287.0,3.962784764343116e+16,star,0.00043562265608300263,1.097624585318322e-05,0.0,0.024089894015819242,star,False,18.733503,-0.2795179407098253,-5.423032061656258,5.430230844165871,0.4156426272868276,0.27321717143058777,0.3132270276546478,8.188809082504322,1.8172397704379513,ok,11.531644344503176,3.1864001828212514,ok,1.4795348875148466,1.6643634374124494,gaia_consistent,41.40777383655057,36.055648189754415,ok,41.40777383655057,63.2659581132119,ok
428862,428862.0,3.90898374997445e+16,galaxy,1.408121682519254,0.00022158022596788842,0.0,0.01129429224316923,star,False,24.152925,,,,,,,1.465428336404922,1.840396678729359,ok,2.8857499195767846,2.3343142905859198,ok,4.122886873431287,1.6692245558681142,ok,26.36010966759482,36.08475045605935,ok,26.36010966759482,64.52703663096601,ok
387988,387988.0,3.908983739490153e+16,star,0.00035200616707045,1.170102719157411e-05,0.0,0.038926614857853974,star,False,20.49691,,,,,,,0.7890891970612234,1.791837174814101,ok,0.7890891970612234,2.2795537601582554,ok,1.3288590578186616,1.6643945766611161,ok,24.078610864426505,36.0562820873054,ok,24.078610864426505,63.29879301567771,ok
387730,387730.0,243341132300356.0,galaxy,0.7633560200237796,8.867455504548231e-05,4.0,0.07591705046563989,star,False,23.99781,,,,,,,5.8783991961300535,1.8162416219036774,ok,5.590251185850767,2.2209279388601995,ok,4.772359542743055,1.667637381106317,ok,18.498485615302386,36.09120212112434,ok,18.498485615302386,64.39045308462717,ok
620144,620144.0,3.9089837550124824e+16,galaxy,1.0866116945788007,0.00012830284782658664,4.0,0.02469267231590188,star,False,23.400455,,,,,,,0.8959405836614523,2.0177535117309535,ok,7.0912195793164985,2.320711331766991,ok,6.217149580933045,1.6654928126408284,ok,17.287807116535195,36.06623765250916,ok,17.287807116535195,63.90122812370774,ok
620692,620692.0,3.9089837550124824e+16,quasar,2.6751024051204735,0.00041458760054781813,0.0,0.0017215626997472702,AGN/QSO,True,19.172323,0.1089451481200108,-0.4163737385617368,0.43039067771359624,0.827627884737602,0.5310413837432861,0.6347936391830444,5.2100847177345315,1.805167843211356,ok,5.2100847177345315,2.501686097386865,ok,6.654986765613699,1.6643669057004522,gaia_consistent,13.296377121688268,36.055726686123535,ok,13.296377121688268,63.25910635697103,ok
620935,620935.0,3.962784160363428e+16,galaxy,0.282793654477253,7.729426417897486e-05,0.0,0.043058279553106836,AGN/QSO,True,18.53932,,,,,,,10.143818448221918,1.8472134288041768,ok,10.143818448221918,2.4706002935847917,ok,4.925959911289155,1.6643737771743172,ok,27.446355832513547,36.055834223584455,ok,27.446355832513547,63.25439034035077,ok
62857,62857.0,3.908983742011335e+16,quasar,1.2564278468536654,0.0005676449934866809,0.0,0.014894089789364861,AGN/QSO,True,21.668465,,,,,,,2.6114875619744886,1.7755229964663521,ok,2.6114875619744886,2.4079658760019633,ok,4.861539176409847,1.6645015918402692,ok,16.074159457219626,36.0574095032669,ok,16.074159457219626,63.367764454828226,ok
619771,619771.0,3.962784160363411e+16,star,0.00021511715193219964,9.544316507652483e-06,2.0,0.013606158702897822,star,False,18.745865,-2.788376482093101,-1.2544659229191415,3.057568994749795,0.4609444175362308,0.28594473004341125,0.36153197288513184,9.832110189647405,1.8088155295626058,ok,9.832110189647405,2.736398887584289,ok,8.959341597033797,1.6643634671656469,gaia_consistent,70.95905102508334,36.05564054355369,ok,70.95905102508334,63.26291227982663,ok
65872,65872.0,3.908983755013168e+16,galaxy,1.6081053462227988,0.00014425235124509986,4.0,0.04161629186462431,star,False,22.952457,,,,,,,3.4289838386192857,1.7838948885401145,ok,3.4289838386192857,2.4859183107978797,ok,7.548137010178809,1.6649635428431986,ok,30.11789387248753,36.063044799088914,ok,30.11789387248753,63.63138938097288,ok
60315,60315.0,3.9089837395048984e+16,star,0.00017257619110471088,3.874261399520431e-06,0.0,0.011096046902548269,star,False,18.684792,-2.477629474640747,-0.30502520620696294,2.4963349514899207,0.4408430392470801,0.317091703414917,0.3062604069709778,6.160191305763969,1.7665159350383772,ok,6.160191305763969,2.300859690480669,ok,7.058049467290697,1.6643631804198333,gaia_consistent,,,inconsistent_with_gaia,,,inconsistent_with_gaia
287314,287314.0,3.908983754592084e+16,star,0.000834901269373249,1.73185801703718e-05,0.0,0.030163963539372774,star,False,20.115665,-5.764678288968376,-3.8162291455287365,6.913401526490874,1.7159490497037357,1.2333781719207764,1.1930043697357178,5.647319547708081,1.8880169106817142,ok,5.647319547708081,2.541285480253991,ok,11.326496664318007,1.664382131793347,gaia_consistent,58.66599161661464,36.05615817521785,ok,58.66599161661464,63.28231641054728,ok
282062,282062.0,3.908983739490714e+16,star,-5.9480496291968574e-05,2.4812467443777932e-05,0.0,0.019248024075670445,star,False,21.071634,,,,,,,12.001931832921398,1.7774178619307799,ok,12.001931832921398,2.4515919806518647,ok,6.539858487198438,1.6644258776888203,ok,26.690506646693645,36.06018457666574,ok,26.690506646693645,63.417857958181315,ok
285237,285237.0,3.9089837394907144e+16,star,7.732327384378173e-05,1.4797598145216956e-05,0.0,0.006160984560673834,star,False,20.763277,,,,,,,4.667418581210887,1.9399374962196028,ok,3.550927210999849,2.2864421028910513,ok,4.797401583776567,1.664405765864087,ok,54.10566869102615,36.056866552207346,ok,54.10566869102615,63.35463570727867,ok
440040,440040.0,3.9089837395050984e+16,star,0.000960148085557324,2.977067713038231e-05,0.0,0.020153388068726828,star,False,20.990808,,,,,,,2.5379001726615344,1.862857754893859,ok,2.5379001726615344,2.5312112763498154,ok,3.5539387772630677,1.6644192547747527,ok,13.88799463050947,36.056743537706176,ok,13.88799463050947,63.32553452345215,ok
433338,433338.0,3.908983754592129e+16,star,0.00012326262643132607,5.085093040758775e-06,0.0,0.09416686444315975,star,False,19.325994,-19.877153017145208,7.389977346220268,21.20643716527257,1.7288382221635672,1.1575844287872314,1.2840871810913086,6.429159666093413,1.7629630202310635,ok,12.936592336039194,2.421196286388389,ok,23.14100172049099,1.664368656769994,gaia_consistent,90.68770079770646,36.0559192287101,ok,90.68770079770646,63.26003233916438,ok
433471,433471.0,3.9627847643431496e+16,star,0.0007944892011549393,4.796033050059327e-06,0.0,0.0393215696425634,star,False,18.106726,-8.682364968056753,-0.060052779192062915,8.682572647253107,0.282523619496924,0.18282698094844818,0.21539241075515747,1.8176526371546404,1.7338138935917338,ok,1.8176526371546404,2.338561859567961,ok,9.949001986686692,1.664360464501602,gaia_consistent,48.42506223821457,36.055670841060405,ok,48.42506223821457,63.26258849827848,ok
400629,400629.0,3.962784764343163e+16,star,6.788434555297103e-05,1.8283235898248646e-05,0.0,0.024928513885372157,star,False,20.716408,,,,,,,7.196016889145696,1.8650689548025916,ok,7.196016889145696,2.4452083034572873,ok,3.3676785057887266,1.6644047261492299,ok,10.554014972430087,36.056455368054124,ok,10.554014972430087,63.28127215955726,ok
436131,436131.0,3.962784764343157e+16,star,0.0007015940413964444,9.219457173626592e-06,0.0,0.02784071836862798,star,False,18.980968,-0.4271920544163033,-5.842261716783576,5.857859252214191,0.5754209351544608,0.36587435007095337,0.44412297010421753,6.049394288446687,1.7876217801776846,ok,6.049394288446687,2.602557360555371,ok,2.627592644246555,1.6643651758483882,gaia_consistent,,,inconsistent_with_gaia,,,inconsistent_with_gaia
400588,400588.0,3.90898375501322e+16,galaxy,-0.0003417717403431607,7.534786422758226e-05,0.0,0.014256468114188342,star,False,21.943052,,,,,,,1.4703774320167315,1.880122485408723,ok,1.84044091050905,2.2832737537078756,ok,1.5516857917059343,1.6645361055229286,ok,11.265011769511034,36.058608399276,ok,11.265011769511034,63.475785012585824,ok
395757,395757.0,3.908983754592127e+16,star,-6.249328497366608e-05,2.579650282908187e-05,0.0,0.05715242657176567,star,False,21.48332,,,,,,,12.327225468108209,1.7931416317766935,ok,12.327225468108209,2.4173555437678984,ok,1.8420800667849322,1.6644698867120127,ok,19.952813955113932,36.05868099327695,ok,19.952813955113932,63.31951795665294,ok
395317,395317.0,3.908983755014088e+16,galaxy,0.1791874527756332,7.643121273784626e-05,4.0,0.018088458085410094,star,False,22.305216,,,,,,,9.601405288126678,1.8851770977958682,ok,9.601405288126678,2.5765005300413337,ok,2.4229459926227617,1.6646381546806002,ok,33.55387481321217,36.06040169847057,ok,33.55387481321217,63.5006928592595,ok
622433,622433.0,3.908983754592107e+16,star,0.00015946538360377414,1.6398363579424113e-05,0.0,0.11384458689918918,star,False,20.70248,,,,,,,0.9032101143457841,1.7886218288008515,ok,0.9032101143457841,2.2820604802496165,ok,17.5171142204373,1.6644034221321764,ok,12.104907628774763,36.05643291803552,ok,12.104907628774763,63.2638141559477,ok
623041,623041.0,2.3058430377936865e+18,star,-2.4674006236659004e-05,2.64369691761027e-06,0.0,0.012961204237695844,star,False,17.131363,-2.1649985750389957,1.8568231767080459,2.85219409218255,0.1637206453373713,0.104448601603508,0.1260751336812973,6.7429218385518634,1.7856470620667506,ok,7.384926324733673,2.510579780552305,ok,7.581373575710652,1.6643627933642804,gaia_consistent,28.300726264982565,36.055640797418924,ok,28.300726264982565,63.2525373549205,ok
623126,623126.0,3.908983754588812e+16,star,0.00023636039427036044,1.5578217191963785e-06,0.0,0.08407869378498276,star,False,18.206789,-18.566454303093632,1.7715631965492344,18.65078179455842,0.5515963016713388,0.3448343873023987,0.43052029609680176,10.36116276846722,1.7281331985541657,ok,10.36116276846722,2.205238871549121,ok,24.061709519105186,1.664360769752541,gaia_consistent,35.039066579224425,36.055635504258404,ok,35.039066579224425,63.25481935959842,ok
627480,627480.0,3.908983755014773e+16,star,0.001011515843240279,3.824639782996802e-05,0.0,0.05673493793099957,star,False,21.033232,,,,,,,12.001501294450662,1.8285436543772153,ok,12.001501294450662,6.384783835213854,ok,5.388953453883847,1.664421574141699,ok,10.427136961531245,36.056307361565416,ok,10.427136961531245,63.2871594951334,ok
621625,621625.0,3.908983755012285e+16,galaxy,1.2449619145629838,7.697195817469132e-05,4.0,0.0030680856792107843,AGN/QSO,True,22.508356,,,,,,,3.1366977261103757,1.7644945943319215,ok,3.1366977261103757,2.3634621097020956,ok,5.024798159193083,1.6647739788296363,ok,22.098313530546736,36.060806500267724,ok,22.098313530546736,63.362714980999264,ok
625539,625539.0,3.9089837395049064e+16,star,0.0006303760935407105,3.1265269152385146e-05,0.0,0.010636731108050218,star,False,21.102945,,,,,,,2.1133123330467547,1.7459466098352254,ok,2.1133123330467547,2.3810067473063814,ok,5.05421209006554,1.664427440745917,ok,10.544692490994496,36.05634926281092,ok,10.544692490994496,63.2929658116603,ok
620794,620794.0,3.908983755012285e+16,quasar,1.6615476100149493,0.0009863072511756684,0.0,0.009022194720879891,AGN/QSO,True,23.184629,,,,,,,15.17728140206447,1.7578633568503934,ok,15.17728140206447,2.2790608690446565,ok,5.749247205058587,1.6653195187345662,ok,12.78810697078726,36.06207443089974,ok,12.78810697078726,63.44299725979182,ok
622078,622078.0,2.305843037793687e+18,star,0.0004927732287776523,6.6221376868381325e-06,0.0,0.054438386455469674,star,False,18.100185,-11.899512036013336,1.8364079493822656,12.040381258572364,0.29606266435366857,0.18891766667366028,0.2279544174671173,9.572106555039161,1.8847098419282058,ok,9.572106555039161,2.612222045964535,ok,17.73736440730586,1.6643695878903142,ok,,,,,,
620426,620426.0,3.9627841599445176e+16,quasar,0.6581259450598982,0.0001346237311098045,0.0,0.0423898228192265,AGN/QSO,True,20.202499,,,,,,,3.0638007398760707,1.7495257583339248,ok,3.0638007398760707,2.2535162093855843,ok,3.3545777837884345,1.6644233103923998,ok,141.5936643993457,36.056922122801566,ok,141.5936643993457,63.48058633811816,ok
406954,406954.0,3.908983739505095e+16,galaxy,0.341978048965201,5.909096492574943e-05,0.0,0.013119188298340292,star,False,20.467218,,,,,,,2.5268590120688716,1.8062963979155828,ok,2.5268590120688716,2.61160911317348,ok,2.3739534595229137,1.664434179587658,ok,209.23509142851438,36.05791585303491,ok,209.23509142851438,63.60310462436456,ok
403253,403253.0,3.908983755011734e+16,star,0.00040852087992595735,1.3435121801671643e-05,0.0,0.02411783765892974,star,False,20.610056,,,,,,,1.98935814409425,1.8036236286588208,ok,1.98935814409425,2.6373138595948236,ok,2.9145855498356434,1.6644023762149922,ok,57.94528588244284,36.05626311324588,ok,57.94528588244284,63.29189427841573,ok
295667,295667.0,3.908983755011767e+16,quasar,2.4983083007943416,7.665786097701941e-05,0.0,0.00047885759731850663,AGN/QSO,True,19.763958,-0.07215801822560479,0.09552359626598927,0.11971439778837979,0.6505135297914371,0.5011515021324158,0.4147469401359558,10.306374386042437,1.8076120644309523,ok,10.306374386042437,2.1972688691153133,ok,4.363140313532684,1.6643750004433786,gaia_consistent,35.648999084385984,36.055708768899514,ok,35.648999084385984,63.261953925210214,ok
297112,297112.0,3.9089837545920856e+16,star,0.0001080926720307042,6.4791001901128e-06,0.0,0.06986863652864043,star,False,19.440666,-15.159575960998437,1.501658529076744,15.233769121764666,1.6879955065813048,1.103813886642456,1.277076244354248,1.9361450531777085,2.8710027029335494,ok,8.663283860501908,2.276020824697814,ok,18.89712681721069,1.6643698800877804,gaia_consistent,13.83049780408904,36.055780950110254,gaia_consistent,13.83049780408904,63.263947880949175,gaia_consistent
296032,296032.0,3.908983739500602e+16,star,0.0008861574505522418,2.722710281751173e-05,0.0,0.11243686655825744,star,False,21.018385,,,,,,,5.647319547708081,1.8880169106817142,ok,5.647319547708081,2.541285480253991,ok,23.853335557370766,1.6644212756895607,ok,37.56427951564306,36.05653804351053,ok,37.56427951564306,63.28633267346904,ok
289682,289682.0,3.908983755012513e+16,galaxy,1.6056672779101202,0.0001670542160989284,4.0,0.2529183449746269,star,False,20.413195,-62.51852487303009,-9.455929380139091,63.22958605543658,1.2220362675477923,0.8634047508239746,0.8648149371147156,3.783752088416571,1.9348197905167934,ok,5.0536245303257905,2.8162917203945708,ok,65.83910177809253,1.6643945789557144,gaia_consistent,,,inconsistent_with_gaia,,,inconsistent_with_gaia
293561,293561.0,3.90898375501113e+16,galaxy,1.4907960617679463,9.495445939076641e-05,4.0,0.00401530753149917,star,False,23.027697,,,,,,,4.61613218287743,1.779924306157722,ok,4.61613218287743,2.3400042614327656,ok,7.296199710098818,1.6650260869249762,ok,21.44206832132208,36.06384664743127,ok,21.44206832132208,63.57234383288627,ok
292684,292684.0,3.908983755014269e+16,galaxy,0.6498279715077132,5.3090507615296546e-05,6.0,0.029799670737336387,star,False,23.141008,,,,,,,5.595389324340877,3.442138818594584,ok,3.8561275366813503,3.9332887621309855,ok,4.48241396076408,1.6651793992721486,ok,24.554743905899716,36.0647846578404,ok,24.554743905899716,64.75486999346256,ok
634346,634346.0,3.908983755011251e+16,galaxy,0.7243906598023303,2.6630581320596607e-05,0.0,0.03958401186943225,star,False,21.494913,,,,,,,8.4948734059114,1.7970013434156933,ok,8.4948734059114,2.4800246779105266,ok,5.244943160711957,1.664487166032066,ok,33.370596368285526,36.05729392722529,ok,33.370596368285526,63.355578676996934,ok
636506,636506.0,3.962784160363384e+16,quasar,2.6861420671053824,0.00017768129536792707,0.0,0.009840527842604713,AGN/QSO,True,21.628284,,,,,,,3.8153263048678294,2.044936226020776,ok,8.96104124875734,2.6259174279067357,ok,4.208559980123151,1.6645156148389522,ok,23.37656334082796,36.05778734468301,ok,23.37656334082796,63.34016064097525,ok
635225,635225.0,3.9089837545921064e+16,star,0.00027042967163221857,4.726583786217519e-06,0.0,0.10819954937789794,star,False,19.10474,-17.313201833376556,-17.64490589289932,24.720227783993142,1.6846698759977918,1.2770715951919556,1.0987268686294556,6.762945271530557,1.942557960244955,ok,3.107580856478887,2.3296121756026933,ok,26.81908510775394,1.6643666450964418,gaia_consistent,44.31716021113791,36.05586585855105,ok,44.31716021113791,63.260223644672024,ok
633960,633960.0,3.908983754592107e+16,star,-9.899081352765675e-05,5.61330314667571e-06,0.0,0.07524629378191061,star,False,19.016031,-16.988017451886716,-2.0390968849698683,17.109957716251127,1.0009415197143965,0.6855794191360474,0.7292906045913696,12.001501294450662,1.8285436543772153,ok,12.001501294450662,6.384783835213854,ok,21.684294355988747,1.6643657913415577,gaia_consistent,53.95490930059102,36.05566757497607,ok,53.95490930059102,63.249822253188654,ok
633796,633796.0,3.90898373950492e+16,galaxy,0.6254238418798748,9.106696817814953e-05,0.0,0.05305207003246538,AGN/QSO,True,21.464922,,,,,,,3.185857836575746,1.7598289223686543,ok,3.185857836575746,2.3258973994876095,ok,2.703526150464347,1.6648370928247647,ok,141.6440592453964,36.05961916920171,ok,141.6440592453964,63.35754939893425,ok
633735,633735.0,3.908983755013232e+16,galaxy,7.408762961910097e-05,5.14061775875683e-05,0.0,0.0188822893213483,star,False,21.918531,,,,,,,7.656166353171122,1.9132048549582539,ok,7.656166353171122,2.723262875643322,ok,4.068379503242203,1.6645771626573347,ok,22.798996313623817,36.058138171914884,ok,22.798996313623817,63.524491579510155,ok
633627,633627.0,3.908983754592109e+16,star,8.275362540387436e-05,1.3937052394962549e-05,0.0,0.061429255569223386,star,False,20.50421,,,,,,,9.572106555039161,1.8847098419282058,ok,9.572106555039161,2.612222045964535,ok,7.0353176463666145,1.664399741630219,ok,8.388121879543602,36.05658296680833,ok,8.388121879543602,63.28176443722585,ok
410386,410386.0,3.96278536832297e+16,quasar,1.5813181823550926,0.0005815515538537304,0.0,0.020643404803690993,AGN/QSO,True,20.211678,,,,,,,10.253323977976423,1.8684958560261307,ok,10.253323977976423,5.687116983110074,ok,1.2231098343796414,1.6643862522903936,ok,28.68684292685688,36.05619028783631,ok,28.68684292685688,63.368606012453576,ok
411573,411573.0,3.908983754589189e+16,galaxy,0.5166418061761979,6.151893596324284e-05,0.0,0.026490881094332872,AGN/QSO,True,21.146145,,,,,,,3.060625298522229,3.172231951494163,ok,4.180415765405442,2.2531274284736087,ok,0.4721009082976977,1.6645401366609152,ok,32.28226295669488,36.05840458534694,ok,32.28226295669488,63.372840955808904,ok
82014,82014.0,3.90898375501408e+16,star,0.00028385924604640923,2.115225991016073e-05,0.0,0.007457046310253106,star,False,20.04435,-0.5009633768608437,-1.795691211892145,1.8642615785941898,1.2428331795974557,0.8207346796989441,0.9332892894744873,10.299384010065813,1.9554098430184172,ok,10.299384010065813,2.44615462691299,ok,4.671570884192049,1.6643803398049144,gaia_consistent,29.778498285890667,36.05580062127479,ok,29.778498285890667,63.26857536258449,ok
81534,81534.0,3.908983754589182e+16,galaxy,0.8780650843885839,0.00016449751664225116,0.0,0.059307300075487256,AGN/QSO,True,21.804605,,,,,,,8.23150319463316,1.8281396788299016,ok,12.189375063385606,2.1970024519566693,ok,5.554474453140037,1.66528529631114,ok,112.5441731476092,36.0663626028604,ok,112.5441731476092,63.62062744252334,ok
297705,297705.0,3.908983755014727e+16,star,0.00041819275160991115,3.668397432003639e-05,0.0,0.01572640169279744,star,False,22.193886,,,,,,,6.7429218385518634,1.7856470620667506,ok,7.384926324733673,2.510579780552305,ok,5.555866967317055,1.6646201586241038,ok,35.343280478194146,36.05808467998584,ok,35.343280478194146,63.42201666820401,ok
80401,80401.0,3.908983755011221e+16,galaxy,-0.004033964150647655,4.434336759286514e-05,4.0,0.006681695858889681,star,False,22.008284,,,,,,,5.412356800424104,1.8101807409150474,ok,5.412356800424104,2.3697292454764245,ok,6.743535366411105,1.6645474968404557,ok,1.1298401101699809,36.05755505395084,ok,1.1298401101699809,63.450492334542645,ok
79401,79401.0,3.9089837545920824e+16,star,0.0009021346184874234,3.804989036272725e-05,0.0,0.08557759080265544,star,False,20.985937,,,,,,,8.053733680253826,1.8240728865626998,ok,6.761373792178013,2.272651117182625,ok,20.613218555949786,1.6644198127455043,ok,31.228284712189367,36.056332340456855,ok,31.228284712189367,63.29150155767966,ok
82828,82828.0,3.908983755011957e+16,galaxy,-0.0004106766983380778,5.824182318858318e-05,4.0,0.00485118376816946,star,False,21.465002,,,,,,,7.443471523020802,2.70496072003196,ok,5.840254409762483,2.5883758047116388,ok,5.9720741219721765,1.6644620862494743,ok,43.976509640342215,36.0567550217938,ok,43.976509640342215,63.3424005285898,ok
644007,644007.0,3.9089837395051096e+16,galaxy,0.3446365751046302,0.0001484219230999406,0.0,0.02013501881204965,star,False,20.78826,,,,,,,5.647319547708081,1.8880169106817142,ok,5.647319547708081,2.541285480253991,ok,2.5087819594434757,1.664510328206878,ok,30.749806746787673,36.05759122912427,ok,30.749806746787673,63.333999817475494,ok
640629,640629.0,2.305843037793684e+18,star,0.0001484842826367415,7.103932933130492e-06,0.0,0.04631645611008764,star,False,18.240082,-5.205487552843533,-8.8123541406879,10.234973676747202,0.3655383261954872,0.2418559491634369,0.274087518453598,9.072926265412882,1.798796775001473,ok,9.072926265412882,2.4647812588800093,ok,11.796644858626774,1.66436105827347,gaia_consistent,,,inconsistent_with_gaia,,,inconsistent_with_gaia
644794,644794.0,3.908983754592129e+16,star,1.362122374693383e-05,2.518442336973436e-05,0.0,0.055721209255567006,star,False,21.047956,,,,,,,8.78611203414806,1.8635086301301806,ok,3.447537922550231,5.76018942706059,ok,5.297017846635513,1.664425717912063,ok,15.08339074320948,36.05783782004442,ok,15.08339074320948,63.30344847941736,ok
88441,88441.0,3.9089837550117784e+16,quasar,2.252090957224147,0.0017506441074429872,0.0,0.006448424944411556,AGN/QSO,True,23.089361,,,,,,,9.864252764620822,1.762557789395547,ok,9.864252764620822,2.309628082940904,ok,5.283588955601875,1.6653491488399235,ok,30.34425404010065,36.08299348088453,ok,30.34425404010065,63.99554517293854,ok
89745,89745.0,2.305843037793682e+18,star,0.0003620396845837406,1.1743545095629744e-05,0.0,0.02534752498466293,star,False,18.45701,-5.056144185977764,-2.488743720228112,5.635462654864426,0.34756949103457285,0.23389609158039093,0.2570936977863312,4.965939529414888,1.8019255740067572,ok,4.965939529414888,2.27451888563397,ok,11.062802205111664,1.6643618726666574,gaia_consistent,32.82859168128357,36.055568246224546,ok,32.82859168128357,63.25139912594505,ok
86876,86876.0,3.908983755013829e+16,star,0.0010945106638803952,3.2314838828699734e-05,0.0,0.009519924689718835,star,False,21.827787,,,,,,,5.955567316654659,1.7398734957402355,ok,1.8327515231286375,2.352681400024018,ok,8.290495815802018,1.6645202488456492,ok,29.947315285645498,36.05734650702446,ok,29.947315285645498,63.30784875759885,ok
91590,91590.0,3.908983755011133e+16,galaxy,0.9040024311002947,2.8560729597912777e-05,0.0,1.4323308291764494,star,False,20.651051,,,,,,,10.503961310034391,2.499948436351139,ok,0.9972435798446865,2.5902982684622797,ok,2.3733433769712793,1.6644013628519512,ok,132.56368337823463,36.05740739031907,ok,132.56368337823463,63.6212325065751,ok
88908,88908.0,3.908983754592085e+16,star,0.0002514414315551458,9.039340583881286e-06,0.0,0.031101109063566737,star,False,19.973434,-6.391355662139214,-2.273983608163433,6.7838358360263245,1.5383675008633781,0.9480343461036682,1.2115302085876465,2.8388096060073336,1.7696405226985352,ok,2.8388096060073336,2.8461526103980845,ok,12.506430244302049,1.6643786679370975,gaia_consistent,45.597108609031686,36.05609831217215,ok,45.597108609031686,63.273312073256974,ok
90339,90339.0,3.908983754592107e+16,star,4.9939005269645686e-05,8.83021342746251e-06,0.0,0.08234550609716236,star,False,19.964478,,,,,,,5.342822437554601,1.9122003937303136,ok,29.7458659593603,3.0535721070366035,ok,20.590363793318392,1.6643786988596638,ok,55.32672385627389,36.056257665070206,ok,55.32672385627389,63.27068879299604,ok
85960,85960.0,243329056899129.0,galaxy,1.6259376931777867,7.507849251995256e-05,4.0,0.016753726433142536,star,False,23.400215,,,,,,,2.256520852003542,1.7622757524727273,ok,2.256520852003542,2.4490637267351887,ok,6.817960798746328,1.665542408668638,ok,13.651502698312505,36.06796127817563,ok,13.651502698312505,63.56370316307539,ok
85477,85477.0,3.9627835563835816e+16,star,0.0002823523253294226,4.988444458296963e-06,0.0,0.022384404407501196,star,False,18.472376,-3.6296085315825026,-3.413090820613474,4.982293351689807,0.5519233009408159,0.3470308482646942,0.4291723668575287,5.453647101103946,1.7444565729592858,ok,5.453647101103946,2.2245587162404368,ok,10.87383845620391,1.6643620016112997,gaia_consistent,66.77771498073061,36.05563259795877,ok,66.77771498073061,63.30486967989552,ok
425159,425159.0,3.962784764343247e+16,quasar,0.7289321918320468,0.00010788019430658762,0.0,0.03671144058462557,AGN/QSO,True,20.704382,,,,,,,3.4648233471768024,1.7692198418486278,ok,13.118104934171555,2.436054387269388,ok,3.966280633032525,1.6644902207614312,ok,11.288319785088206,36.05831907379597,ok,11.288319785088206,63.405539788501265,ok
424681,424681.0,3.908983755014497e+16,star,-0.00043548327128353927,6.9423487181175905e-06,0.0,0.052400282110088285,star,False,19.019819,-0.38537785443292205,-13.09440077806734,13.100070527571136,0.7225858357308264,0.4786533713340759,0.5413143634796143,5.11465677899138,1.7442303154591197,ok,5.11465677899138,2.267260549556372,ok,12.721255899443314,1.6643654612362193,gaia_consistent,43.57891613332902,36.05562239334463,ok,43.57891613332902,63.25928433306467,ok
423629,423629.0,3.962784764343187e+16,star,0.0004233086301480771,7.484525990074585e-06,0.0,0.0670419689722091,star,False,18.578938,-14.420876738964186,-4.030417965812019,14.973508436553493,0.6175185778407077,0.39234018325805664,0.4768630564212799,3.0979222443346006,1.8377377713098373,ok,3.0979222443346006,2.613228640861731,ok,18.717185792542175,1.664362520628215,gaia_consistent,30.61522405101864,36.05559965336888,ok,30.61522405101864,63.25070628678211,ok
647516,647516.0,3.908983755011632e+16,galaxy,1.1846862178500017,0.00010113753187382598,4.0,0.03123671556672049,star,False,22.536226,,,,,,,1.8207878751444868,1.9466479877794913,ok,3.0670070743016162,2.9926111562240423,ok,4.250796290656643,1.6647183054903865,ok,44.13936620583899,36.0611877384976,ok,44.13936620583899,63.73186459863324,ok
54115,54115.0,3.962784160363417e+16,star,0.00010651514804466918,7.65489992515013e-06,0.0,0.016138813195344673,star,False,18.7523,-3.3875017456153094,-1.3796906534045528,3.657692493313052,0.4458164316893511,0.28597432374954224,0.3420102000236511,9.522503025149868,1.7260137968199094,ok,9.522503025149868,2.186014248438146,ok,11.624337148199656,1.664363881318631,gaia_consistent,29.387976012812192,36.05559644754465,ok,29.387976012812192,63.2615445950284,ok
92807,92807.0,3.9089837550125224e+16,galaxy,0.5548779807077854,6.998430807125266e-05,4.0,0.00292911349928109,star,False,21.717182,,,,,,,1.1167437929409694,1.780844988879676,ok,1.1167437929409694,2.2930431387792183,ok,9.501279129561047,1.6645284563987115,ok,38.77187415454172,36.05813656723581,ok,38.77187415454172,63.34426270935701,ok
98450,98450.0,3.908983739504918e+16,star,6.610687446921359e-05,6.144742116491764e-06,0.0,0.03774369539771924,star,False,19.542107,4.68989703427055,-6.968722549022203,8.399894532511121,1.0672734846879433,0.6889642477035522,0.8151079416275024,1.7197367402821684,1.7848911116398427,ok,1.7197367402821684,2.371143800804679,ok,10.891103905762193,1.6643722955899058,gaia_consistent,58.72653201711863,36.05590659389125,ok,58.72653201711863,63.284517489273554,ok
97516,97516.0,3.9627841603634504e+16,galaxy,1.2185163682589322,0.00013996591200425958,0.0,0.10629763588465407,star,False,22.501184,,,,,,,5.2100847177345315,1.805167843211356,ok,5.2100847177345315,2.501686097386865,ok,8.140950522160011,1.6652855360104506,ok,114.0473367344037,36.06242558847281,ok,114.0473367344037,63.93089183144731,ok
96290,96290.0,3.908983755011323e+16,galaxy,1.362250699128048,0.00011595867753869933,0.0,0.002923178511019577,star,False,23.722853,,,,,,,7.872822229013314,1.9316181675602586,ok,4.952905672867921,2.4149086364393373,ok,7.899421018911796,1.669649797163265,ok,15.57251600919739,36.07469979908209,ok,15.57251600919739,75.77049165079225,ok
100057,100057.0,3.9627841603635624e+16,star,0.000365949089107367,9.97188439099236e-06,0.0,0.28179651834663716,star,False,18.595858,10.088489404503266,-61.99661659007394,62.812085517688445,0.48488259593780436,0.32355520129203796,0.36114147305488586,0.8060656640040966,1.7608129991177701,ok,0.8060656640040966,2.4491406893045324,ok,67.59080294631532,1.664362844429039,gaia_consistent,,,inconsistent_with_gaia,,,inconsistent_with_gaia
433250,433250.0,3.908983748716562e+16,galaxy,1.5350424368264879,0.00017318584838822183,4.0,1.484553481430339,AGN/QSO,True,23.949253,,,,,,,2.9367226867546297,2.0545466065702143,ok,14.187654548139339,5.172368521114383,ok,4.890448876078119,1.6706021577324763,ok,39.21373279621223,36.14669123959913,ok,39.21373279621223,64.65301171568487,ok
428347,428347.0,3.908983739505107e+16,star,0.00019287332036562618,3.489430086483757e-05,0.0,0.026883448193227376,star,False,21.233919,,,,,,,2.7790353361288007,1.769058928414124,ok,2.7790353361288007,2.250130561857808,ok,2.8574641834732257,1.6644430009455842,ok,31.03451679258887,36.057205738988394,ok,31.03451679258887,63.448480042552326,ok
428065,428065.0,3.9627847643432376e+16,quasar,1.2581406756972344,0.00010626665468372274,0.0,0.010916661981470052,AGN/QSO,True,20.546206,-2.793998391839377,1.0168391385533906,2.973279140493712,2.2215599297725768,1.4591684341430664,1.6751585006713867,2.620731285234336,1.7606321574603636,ok,2.620731285234336,2.4089495745827385,ok,4.753794041368297,1.6644001405084186,gaia_consistent,50.39388290906392,36.056189689524295,ok,50.39388290906392,63.34198866468191,ok
428315,428315.0,3.908983739505105e+16,star,0.0001580470838396233,1.9872134690859566e-05,0.0,0.03353579609670379,star,False,20.921278,,,,,,,6.01635763667734,1.824314823703586,ok,13.495925542806688,2.821610840077178,ok,5.906882531865311,1.6644148324254366,ok,38.59109541239908,36.056924156187506,ok,38.59109541239908,63.30549217601983,ok
429338,429338.0,3.9089837550132216e+16,star,0.001021535936512629,3.57094047625966e-05,0.0,0.013188665541206639,star,False,20.675165,,,,,,,3.185857836575746,1.7598289223686543,ok,3.185857836575746,2.3258973994876095,ok,6.413405182373955,1.6644018457896026,ok,2.1926765610036245,36.056381642061126,ok,2.1926765610036245,63.32929742976133,ok
426332,426332.0,3.9089837545891864e+16,galaxy,0.678651590801623,6.11212155547715e-05,0.0,0.03184464201742987,AGN/QSO,True,21.756992,,,,,,,8.154733960001625,1.8382021352594275,ok,8.154733960001625,3.3384631740475736,ok,4.522949017383492,1.6648039379370607,ok,68.72715293748134,36.062243919032376,ok,68.72715293748134,63.368770257730546,ok
280069,280069.0,-833059010.0,galaxy,0.6311140482283678,7.37284006217228e-05,2564.0,1.3290859526199752,star,False,22.930719,,,,,,,1.1167437929409694,1.780844988879676,ok,1.1167437929409694,2.2930431387792183,ok,8.38620173929498,1.664976972509847,ok,23.924265088093303,36.07089680900089,ok,23.924265088093303,63.37797438193729,ok
280113,280113.0,3.908983739500611e+16,galaxy,0.4987327430691003,9.976059350742842e-05,0.0,0.03377022027949271,star,False,20.711943,,,,,,,1.8621377454936026,1.7584209738299403,ok,1.8621377454936026,2.4384745753847734,ok,6.8579971093360585,1.6644622760525793,ok,20.67427067410215,36.05742254252567,ok,20.67427067410215,63.38636538626956,ok
282559,282559.0,3.908983755012909e+16,quasar,1.8198465891240925,0.0034918513082231066,0.0,0.0034820148559681304,AGN/QSO,True,22.818834,,,,,,,5.997478309171102,1.7527298097800605,ok,5.997478309171102,2.6339223850609024,ok,6.941825369833903,1.664996438793289,ok,0.48345096704855467,36.06422254902513,ok,0.48345096704855467,63.835473910826686,ok
278853,278853.0,3.908983755013689e+16,galaxy,0.22159090117902938,3.6096101579311353e-06,0.0,0.024324413341947484,star,False,19.070543,,,,,,,2.3565821022759055,1.7485564203436152,ok,2.3565821022759055,2.50443971176736,ok,5.817042944489548,1.6643863129371077,ok,65.79130143014041,36.066830354813725,ok,65.79130143014041,63.30191378256686,ok
65133,65133.0,3.962784160363456e+16,quasar,2.1779897849054817,0.0016033486386827786,4.0,0.023229038289479514,AGN/QSO,True,22.663149,,,,,,,1.4667818607890264,1.802536809586843,ok,1.4667818607890264,2.3991359725167514,ok,10.264144843639896,1.6652365469931334,ok,75.84771557620637,36.06355664614992,ok,75.84771557620637,63.68081603174193,ok
105595,105595.0,3.908983754592109e+16,star,0.00042518139046864923,2.770785283554158e-05,0.0,0.008100029063310274,star,False,20.480104,-0.7692386708486895,-1.942703998166477,2.089456139099616,1.5677768924195299,0.9896044135093689,1.215980052947998,5.5243350564568745,1.746394924802767,ok,5.5243350564568745,2.3290282821371537,ok,9.31174304504108,1.6643995932623845,gaia_consistent,22.689015608078474,36.05597775183661,ok,22.689015608078474,63.283923443427014,ok
101884,101884.0,3.9089837550122456e+16,galaxy,1.6554857002438628,3.019286343359122e-05,0.0,0.018618108917096105,star,False,21.793316,,,,,,,0.50636079407723,1.9271344994826636,ok,7.05638858053845,2.467875013313612,ok,11.38009344791571,1.6645826099599526,ok,23.893167758410733,36.0574231075453,ok,23.893167758410733,63.330666598377064,ok
663171,663171.0,3.90898375459211e+16,star,6.116650085974072e-05,5.6717932357482975e-06,0.0,0.033420887954569815,star,False,19.053209,-4.6977489277614914,-5.78939349579447,7.4555966922461385,0.8336432652939366,0.521706759929657,0.6502177715301514,5.8783991961300535,1.8162416219036774,ok,5.590251185850767,2.2209279388601995,ok,15.50390380972266,1.6643663773081772,gaia_consistent,6.469190098784151,36.05579102993439,gaia_consistent,6.469190098784151,63.26444213578616,gaia_consistent
434268,434268.0,3.90898373950512e+16,star,-0.00041146374824292724,2.3944346270406855e-05,0.0,0.010424045254938622,star,False,20.252907,-0.8663976457972195,-1.4512112198541334,1.690165342584413,1.2666102814439542,0.8911556005477905,0.900079607963562,2.892029646563316,1.7500036373595869,ok,2.892029646563316,2.542887741266329,ok,3.9715506545883357,1.664385910846628,gaia_consistent,24.535968756701173,36.056144806517416,ok,24.535968756701173,63.282483729953825,ok
434093,434093.0,3.908983739505117e+16,star,0.0009400234295398928,3.268430350594858e-05,0.0,0.06789588733234588,star,False,21.452923,,,,,,,9.675601458855002,2.270137351112129,ok,6.425899256151278,3.3604013730762357,ok,7.600406743913115,1.6644585562975391,ok,17.821140272547208,36.0578887588319,ok,17.821140272547208,63.312178724471664,ok
439811,439811.0,3.9089837550128056e+16,star,0.0008260104436138841,9.579529219914744e-06,0.0,0.011644163325658378,star,False,19.927099,-0.6890297150504945,-2.828320486100126,2.9110408310973965,1.0760126306883475,0.7069565653800964,0.8111816048622131,4.925315486478825,1.924924358918161,ok,6.313195383114699,3.87905444934788,ok,5.89354238959791,1.6643780332953921,gaia_consistent,34.18358360006493,36.055952686951684,ok,34.18358360006493,63.28080573385376,ok
440782,440782.0,3.9089837550128056e+16,galaxy,1.2220777026579097,0.00010567885049752276,4.0,0.0017580278337677201,star,False,22.818634,,,,,,,0.7890891970612234,1.791837174814101,ok,0.7890891970612234,2.2795537601582554,ok,5.5811533014251795,1.6649403028696397,ok,24.948753185958395,36.06417192727129,ok,24.948753185958395,63.52147488736075,ok
435373,435373.0,3.908983755014523e+16,galaxy,0.9312532024749225,7.52882648734496e-05,4.0,0.01788471061847105,star,False,23.276421,,,,,,,12.9831041400641,1.8108254641000792,ok,12.9831041400641,2.7800434523652484,ok,4.691944326877103,1.6654751088148303,ok,15.62680662554802,36.06996394568527,ok,15.62680662554802,63.61728047557654,ok
436505,436505.0,3.908983754592131e+16,star,0.00014997694241347009,1.4989372331464884e-05,0.0,0.051784816857047306,star,False,20.773579,,,,,,,0.8060656640040966,1.7608129991177701,ok,0.8060656640040966,2.4491406893045324,ok,2.3894657736163136,1.6644072617032375,ok,28.539007941661044,36.05654436987811,ok,28.539007941661044,63.28537744321875,ok
286736,286736.0,3.908983754592088e+16,star,0.00012444278947883015,2.2182913401907656e-05,0.0,0.033092755235369614,star,False,20.916183,,,,,,,9.961448105917828,1.72093207487799,ok,9.961448105917828,2.186212944160487,ok,9.917245875411965,1.6644151913504228,ok,9.349939125501948,36.05748923458095,ok,9.349939125501948,63.372377813168974,ok
288692,288692.0,3.908983755013538e+16,star,0.0004277894650939087,5.003404784277282e-05,0.0,0.013568631444105637,star,False,21.170921,,,,,,,0.9032101143457841,1.7886218288008515,ok,0.9032101143457841,2.2820604802496165,ok,9.234265713266586,1.6644321936899642,ok,6.622130960509528,36.057002463893824,ok,6.622130960509528,63.941601990022455,ok
286394,286394.0,3.962783556383685e+16,star,0.00020938555664850203,1.6152507212003223e-05,0.0,0.03152204814712158,star,False,18.760149,-2.3491899388524353,-6.882386080428021,7.272271414687085,0.4669806026892995,0.308318555355072,0.3507286012172699,5.595389324340877,3.442138818594584,ok,3.8561275366813503,3.9332887621309855,ok,12.135516432248838,1.6643636804999664,gaia_consistent,59.321585614818915,36.05566189015432,ok,59.321585614818915,63.263983381250746,ok
283470,283470.0,3.9089837395006056e+16,star,-0.00012761873475074427,2.9985029309670232e-05,0.0,0.040593289624075164,star,False,21.538004,,,,,,,3.8968239013561177,1.7629313430113096,ok,3.8968239013561177,2.333610274889016,ok,11.853384536772818,1.6644707588073595,ok,3.3949945574922022,36.0617099427242,ok,3.3949945574922022,63.47785369424236,ok
288246,288246.0,3.9089837545920856e+16,star,4.840800132762559e-05,7.466017835786169e-06,0.0,0.026295916193940887,star,False,19.510866,-1.9830307360780473,-5.770073447469454,6.101324322589505,1.552528456620741,1.067330002784729,1.1274534463882446,0.7890891970612234,1.791837174814101,ok,0.7890891970612234,2.2795537601582554,ok,10.84156409053988,1.664370732002921,gaia_consistent,42.0648727258488,36.055971551416086,ok,42.0648727258488,63.26058282559905,ok
286147,286147.0,3.908983755013822e+16,star,7.352165321716733e-05,5.25187282923623e-05,4.0,0.026621034683099662,star,False,21.490879,,,,,,,5.8118489580343065,1.8745509835609544,ok,3.2035930897005964,2.604324279531182,ok,8.00555610555875,1.664464640643088,ok,15.723217286532414,36.05833115688756,ok,15.723217286532414,63.3839779988793,ok
627685,627685.0,3.962784160363524e+16,galaxy,0.9793660566640633,0.00011308595813010204,0.0,0.032542024339368,star,False,21.485977,,,,,,,8.332701356568371,1.7404378263797435,ok,8.332701356568371,2.2023290704698284,ok,8.750227659853985,1.665367642013115,ok,35.56482311792419,36.06254042118032,ok,35.56482311792419,63.276143423704994,ok
665890,665890.0,3.90898375459211e+16,star,0.00013833320569631944,9.937610327203e-06,0.0,0.05912747075527671,star,False,19.96262,,,,,,,6.818238405249337,2.149465224447958,ok,10.354580610434459,2.22916275419599,ok,17.246305197831354,1.664382211944393,ok,30.92381449724791,36.056117176854904,ok,30.92381449724791,63.27868822784507,ok
673097,673097.0,3.962784160363565e+16,quasar,2.1005765235681917,0.0009586152093734939,0.0,0.04868924555674944,AGN/QSO,True,22.761551,,,,,,,4.01672691786989,1.7430879910729267,ok,4.01672691786989,2.3539954744471876,ok,9.412283301224374,1.665355341331371,ok,67.65148815137057,36.06725342496769,ok,67.65148815137057,64.0690282688599,ok
673507,673507.0,3.908983754592114e+16,star,0.00010854202373746743,3.116568198071532e-05,0.0,0.04015924820453242,star,False,21.458811,,,,,,,2.3928141872764943,1.8236500014396948,ok,2.3928141872764943,2.3738831326790204,ok,11.588607268884045,1.664491266052217,ok,15.922090147042004,36.05714955820752,ok,15.922090147042004,63.28654417755965,ok
447867,447867.0,3.9089837550134696e+16,galaxy,0.9747142835713386,8.735229191148083e-05,0.0,0.008369263021169512,star,False,22.364519,,,,,,,4.554323120758305,2.4781955363544412,ok,5.672977917379393,2.6781153204440584,ok,3.8756912103751215,1.6646823033969447,ok,4.5710065252128524,36.06094868756085,ok,4.5710065252128524,63.548715483397736,ok
444256,444256.0,3.9089837395051144e+16,galaxy,0.5045903608933434,5.148912014374459e-05,0.0,0.014842770891430884,star,False,20.073244,,,,,,,4.402781810234929,1.7482670770368705,ok,4.402781810234929,2.3237919759769587,ok,3.6545396262438357,1.6644392590292467,ok,10.811772487670636,36.05682482977158,ok,10.811772487670636,63.30271124056217,ok
441085,441085.0,3.908983754592132e+16,star,3.922303507610756e-05,1.896855998800103e-05,0.0,0.005904609508530093,star,False,21.117435,,,,,,,12.001931832921398,1.7774178619307799,ok,12.001931832921398,2.4515919806518647,ok,3.7995694088134724,1.6644352876443822,ok,13.852612927602813,36.05767077650407,ok,13.852612927602813,63.30031176080018,ok
448584,448584.0,3.9089837545921336e+16,star,0.00018434316361696834,2.1225124687192667e-05,0.0,0.04251246393421682,star,False,21.505291,,,,,,,9.692200113952461,1.9478039736285762,ok,10.161435796767556,2.438766265936985,ok,9.146550603589215,1.6644782624711447,ok,11.847158072196024,36.05780891868531,ok,11.847158072196024,63.29601492544711,ok
294858,294858.0,3.90898373950061e+16,quasar,0.35287277607624246,2.5244749080053304e-05,0.0,0.014906707179157505,AGN/QSO,True,20.596205,,,,,,,5.803544055909392,1.806171913897533,ok,6.156504147050767,2.284979665472119,ok,5.767080645628697,1.6644506979642182,ok,30.512758333405223,36.056946688836156,ok,30.512758333405223,63.2803202386891,ok
291431,291431.0,-833059003.0,galaxy,0.0008477123902900402,4.786930709466658e-48,514.0,0.39562299742515333,star,False,23.472103,,,,,,,21.174379182508485,1.7259184312006555,ok,21.174379182508485,2.3390467459653124,ok,20.042809141494644,1.6665024366995158,ok,11.784491211640743,36.08969502672903,ok,11.784491211640743,63.403385650498336,ok
292259,292259.0,3.908983754592089e+16,star,-1.1175709269073792e-05,3.211513989092568e-05,0.0,0.0896031433529215,star,False,21.807964,,,,,,,3.195668731602506,1.7624013108881755,ok,3.195668731602506,2.8128240788471537,ok,19.398066180807426,1.6645453053405643,ok,34.850106811116106,36.059280032266685,ok,34.850106811116106,63.30454948431861,ok
679222,679222.0,3.908983754592114e+16,star,-6.548636718346532e-05,4.154277477230137e-05,0.0,0.12616701140595526,star,False,21.298046,,,,,,,8.663548341071158,2.4938677038478314,ok,7.951085308981813,3.1406253688828607,ok,14.241123639696935,1.6644433536480432,ok,28.221978982192464,36.05680289122016,ok,28.221978982192464,63.28595880787375,ok
674534,674534.0,3.9089837550129544e+16,galaxy,0.000374577461355222,4.3382113328063045e-05,0.0,0.020763677963896207,star,False,21.499166,,,,,,,9.658806944399165,1.7443972513486474,ok,9.658806944399165,2.2925421716212586,ok,9.199211283674337,1.664465682895209,ok,7.097775395644318,36.05682635376203,ok,7.097775395644318,63.318417746534976,ok
679504,679504.0,3.908983755011927e+16,star,0.0002570910160995063,4.9250263531987305e-06,0.0,0.02916461684064795,star,False,19.208899,-7.223604000675937,-0.9901894138148473,7.291154218216236,0.606153788579279,0.3966176509857178,0.45838505029678345,5.165849528182653,1.7779685981737852,ok,5.165849528182653,2.313639902181559,ok,15.083705164986574,1.6643672269495966,gaia_consistent,33.71765446876195,36.055657961194754,ok,33.71765446876195,63.25758032899514,ok
637685,637685.0,3.908983755012821e+16,star,0.00027607300549080047,1.5229789331302617e-05,0.0,0.01637138229219118,star,False,19.635878,-0.23828135666491038,-4.085903435161564,4.092845573241084,0.8178274847611382,0.5935205221176147,0.5626501441001892,3.060625298522229,3.172231951494163,ok,4.180415765405442,2.2531274284736087,ok,8.997908355663883,1.6643729188381846,gaia_consistent,56.66797947212166,36.05588433900287,ok,56.66797947212166,63.27728907652794,ok
632959,632959.0,3.908983739504934e+16,galaxy,0.3596658152368673,5.0710561123670715e-05,0.0,0.019167576892938895,AGN/QSO,True,20.711912,,,,,,,10.59098339145105,1.9904733204555218,ok,10.59098339145105,3.503959370696557,ok,7.335015159363953,1.6645670687536311,ok,0.6486017120539028,36.05949219958717,ok,0.6486017120539028,63.284412495564595,ok
635718,635718.0,3.908983755012128e+16,star,-0.00021386840253590522,2.4745248799797077e-05,0.0,0.03138767947878711,star,False,21.227001,,,,,,,4.828417910668164,1.7806627060023223,ok,9.556301127831192,3.0273468786587046,ok,8.516555043460036,1.6644378157087028,ok,22.712712408530557,36.056545947259636,ok,22.712712408530557,63.29785617146995,ok
82233,82233.0,3.908983749978851e+16,galaxy,1.496341705398081,0.0001262852241004875,0.0,0.034093768364977815,star,False,23.713278,,,,,,,8.23150319463316,1.8281396788299016,ok,12.189375063385606,2.1970024519566693,ok,5.1451693494125434,1.666844408629168,ok,39.44801806656942,36.07093845819297,ok,39.44801806656942,63.597856824641035,ok
85567,85567.0,3.962783556383763e+16,galaxy,0.5337613953042823,0.00010031629059587109,0.0,0.09281033907890517,star,False,23.429747,,,,,,,5.997478309171102,1.7527298097800605,ok,5.997478309171102,2.6339223850609024,ok,5.421149467076066,1.6656269873152951,ok,22.03555683759603,36.074039187932115,ok,22.03555683759603,64.78990922104872,ok
78579,78579.0,3.908983755012279e+16,star,0.0005853435753944748,1.2522622446135048e-05,0.0,0.04801678984526265,star,False,20.447918,,,,,,,12.9831041400641,1.8108254641000792,ok,12.9831041400641,2.7800434523652484,ok,11.799668011512491,1.6643931553370521,ok,70.51268301839619,36.056290815724836,ok,70.51268301839619,63.447560122316055,ok
449913,449913.0,3.962784764343303e+16,star,0.00025093359787593843,1.2900386955719151e-05,0.0,0.03744423732175671,star,False,19.043634,4.850959894522494,-7.603792130997472,9.019393919199048,0.5309789690597906,0.33824634552001953,0.4093019366264343,6.715607828859069,1.7731470626605852,ok,2.6472493509680937,2.600171752103353,ok,8.685293037426607,1.6643658736469793,gaia_consistent,23.811548065389275,36.055705387301394,ok,23.811548065389275,63.26775285943914,ok
449515,449515.0,3.908983739505116e+16,galaxy,0.5369571696351254,5.454269845888737e-05,0.0,0.013447392920522246,star,False,20.880209,,,,,,,2.1133123330467547,1.7459466098352254,ok,2.1133123330467547,2.3810067473063814,ok,3.254680309764484,1.6644511807385747,ok,59.6334719915454,36.05731701449023,ok,59.6334719915454,63.316926503419,ok
449714,449714.0,3.908983755014144e+16,star,0.0011444071788494893,4.2804085039251755e-05,0.0,0.006998743802866673,star,False,21.204657,,,,,,,4.044726820601822,1.9378792087366683,ok,1.738611975712435,2.437917674257847,ok,5.017123259209094,1.6644360237119222,ok,13.202479309963447,36.056424004578716,ok,13.202479309963447,63.3137723347772,ok
449239,449239.0,3.962784764343267e+16,galaxy,0.9439983287959325,6.170956142183152e-05,0.0,0.030788077880842913,AGN/QSO,True,22.056789,,,,,,,8.315160597297849,1.8091538008246526,ok,8.315160597297849,2.3893401330969053,ok,4.34350116922665,1.6646480163488508,ok,26.598368056196595,36.058582578533226,ok,26.598368056196595,63.331028143983865,ok
450881,450881.0,2781020013199363.0,star,0.0008229054835907017,6.32094320758299e-05,0.0,0.010522073820159046,star,False,19.960754,-0.647578194418096,-3.2429942026825183,3.3070181306606448,1.0822477151764516,0.732417106628418,0.7967592477798462,10.063647830382934,1.9664995176494096,ok,10.063647830382934,4.091542860359462,ok,6.0015265943950675,1.6643787342849192,gaia_consistent,16.744353697525803,36.0559707697433,ok,16.744353697525803,63.3196732001716,ok
643128,643128.0,3.9627841603636216e+16,galaxy,0.21941703224746517,8.314280382758513e-05,0.0,0.03713552688408036,star,False,18.699333,,,,,,,7.726896175578886,1.9026585470360882,ok,5.006066286547579,2.4025911249907925,ok,5.341373434693111,1.6643692834261912,ok,103.77683656223486,36.0560699031987,ok,103.77683656223486,63.35710496208511,ok
640134,640134.0,3.908983755011371e+16,galaxy,0.9057743967579922,2.6595084116220135e-05,0.0,0.010318563633170273,star,False,23.179041,,,,,,,11.203807291366534,1.812305433690349,ok,11.203807291366534,4.245680995131707,ok,4.8565590726338925,1.6655248649494747,ok,3.2994441981846365,36.07069641086368,ok,3.2994441981846365,64.47215172522755,ok
642926,642926.0,3.9089837550113704e+16,star,0.00019030253129597225,2.0598706919636145e-05,0.0,0.011984422137022428,star,False,20.180435,-2.383318673085496,-1.8156102249805037,2.9961055366144502,1.329542013717509,0.8623872399330139,1.0119141340255737,4.258665675222387,1.7462493800210663,ok,14.011870412944763,3.7119941857347474,ok,7.614456618191622,1.6643840219142334,gaia_consistent,15.30047669286455,36.055851706348,ok,15.30047669286455,63.278569755592066,ok
89257,89257.0,3.9089837395006264e+16,star,0.0008245181560524652,2.2764558710305723e-05,0.0,0.01292214292204323,star,False,20.802519,,,,,,,0.8959405836614523,2.0177535117309535,ok,7.0912195793164985,2.320711331766991,ok,7.514254468095575,1.6644081655501515,ok,21.799258187663312,36.05659392652477,ok,21.799258187663312,63.29819281848933,ok
91066,91066.0,3.908983755013389e+16,star,0.0002746911182312701,2.5162010828137405e-05,0.0,0.04614766036592313,star,False,21.130121,,,,,,,11.839522981537792,1.792850491119601,ok,11.839522981537792,2.5145115076232636,ok,10.21377448229222,1.6644284460889085,ok,4.498280401760067,36.05644978486842,ok,4.498280401760067,63.317520446559186,ok
93579,93579.0,3.96278416036363e+16,quasar,0.9617185532759119,0.00021327249987013115,0.0,0.003559911647667268,AGN/QSO,True,21.733776,,,,,,,4.23073470110055,1.886448526596633,ok,4.23073470110055,7.941985904229626,ok,5.054290452241769,1.6645390485279097,ok,9.675186075682666,36.05763802901531,ok,9.675186075682666,63.343560917374596,ok
87884,87884.0,3.908983755013282e+16,galaxy,0.1885085981442797,8.364355444095162e-05,4.0,0.020628179501230845,star,False,21.824623,,,,,,,0.9095156763113124,1.7596487002971877,ok,0.9095156763113124,2.347365852349067,ok,6.530798385248327,1.6645134601554983,ok,10.432974617106199,36.05734483795182,ok,10.432974617106199,63.34783509088818,ok
88764,88764.0,3.962783556383714e+16,star,0.0007823220607963021,8.148832378837957e-06,0.0,0.06646975040184207,star,False,18.243767,-9.467684847155837,-11.335726813108947,14.76941971597061,0.340555259326668,0.225958913564682,0.2547949254512787,3.429163878112963,1.9707333668291391,ok,2.6025369705854535,3.4186360819855133,ok,19.04194902910301,1.66436093518826,gaia_consistent,39.79729166898626,36.05556385654482,ok,39.79729166898626,63.253453944341985,ok
90080,90080.0,243329056899081.0,galaxy,0.0008477123902900402,4.786930709466658e-48,514.0,0.08739526038444295,star,False,22.922661,,,,,,,1.9269671894614397,1.7844889531609318,ok,1.9269671894614397,2.386038959719097,ok,6.575747571218458,1.6649319336571815,ok,25.76527542924268,36.06276120133,ok,25.76527542924268,63.5116473004899,ok
89410,89410.0,3.908983754592087e+16,star,-5.6166831011407085e-05,1.9621638489100113e-05,0.0,0.02600105277608397,star,False,20.855694,,,,,,,9.526786745933707,1.7876719203515241,ok,9.526786745933707,2.318589373939127,ok,9.617208012570082,1.6644109308414958,ok,24.134981952931856,36.05645340630707,ok,24.134981952931856,63.27407744423936,ok
85921,85921.0,3.96278355638369e+16,galaxy,0.1232498708360672,1.2813022360160553e-06,0.0,0.048071690949683756,AGN/QSO,True,20.074919,,,,,,,5.12233533634306,1.7899604246413299,ok,5.12233533634306,2.774976130639789,ok,4.302658482644154,1.6644631736620359,ok,117.475298045642,36.05744403098194,ok,117.475298045642,63.339634096691725,ok
89996,89996.0,3.908983754592087e+16,star,0.00037835319938572484,3.987500056789699e-06,0.0,0.025129692168622788,star,False,18.822998,1.1511784281790673,-5.61614061948344,5.7329091420775775,0.8192002405726289,0.5231533050537109,0.6303964257240295,3.356695918925567,1.7580789411387467,ok,3.356695918925567,2.37819046613131,ok,6.779787254639689,1.6643640101548116,gaia_consistent,54.10083417215535,36.05563731223176,ok,54.10083417215535,63.253740758392,ok
649570,649570.0,3.908983754592135e+16,star,0.0002403347378730792,2.9888602217213745e-05,0.0,0.02160580687597484,star,False,20.229822,-1.8113293786809135,-4.610893115791589,4.9539125389258585,1.2644109757663144,0.8511141538619995,0.9350613951683044,12.045463794581151,1.8478009605036996,ok,12.045463794581151,2.350360348862158,ok,7.787651272846722,1.6643851305801503,gaia_consistent,13.916074087735748,36.056079633818406,gaia_consistent,13.916074087735748,63.294648812622825,gaia_consistent
648393,648393.0,2.305843037793682e+18,star,-4.648811730300935e-05,7.75142016835646e-06,0.0,0.06830365333115168,star,False,18.116943,-1.8229379926347518,-14.865843917608128,14.97719661043674,0.3174731143914606,0.21227580308914185,0.23606812953948975,2.5061803305122097,1.9073630348982338,ok,2.5061803305122097,2.6922711129666586,ok,16.44832858935874,1.664360628823051,gaia_consistent,46.343929958146376,36.05557468068997,ok,46.343929958146376,63.2493885475108,ok
425800,425800.0,243341136494696.0,galaxy,8.813062374786573e-06,2.148057828197702e-05,0.0,0.013421855669411068,star,False,23.968681,,,,,,,1.1244366476794918,1.7355341953594206,ok,1.1244366476794918,2.243558844114831,ok,5.333314831652505,1.666950755757628,ok,27.024447387497602,36.08879720825818,ok,27.024447387497602,64.16663502972119,ok
425071,425071.0,3.9089837545921336e+16,star,0.00042832120266025854,3.2204705679507815e-05,0.0,0.05730420427143159,star,False,20.929148,,,,,,,8.384976115513716,1.7900341268833166,ok,5.7027484216662,2.4120164522183907,ok,10.227409766999896,1.664414621276569,ok,22.948774471928242,36.056754996828346,ok,22.948774471928242,63.332704294369364,ok
425709,425709.0,2.3058430377936855e+18,star,0.0007202421166995506,1.5597884768839255e-05,0.0,0.15420574905618628,star,False,18.286882,-2.471489069553657,-34.232288659189784,34.32139048854252,0.34634230714850944,0.23296920955181122,0.256277859210968,3.5191134986944337,2.0720169129891075,ok,3.5191134986944337,22.521987838673937,ok,35.536073705034916,1.664361101315776,gaia_consistent,33.62729331939161,36.055604670566545,gaia_consistent,33.62729331939161,63.25229574290757,gaia_consistent
93997,93997.0,3.908983755012679e+16,star,0.0008537020269750803,2.40417066122322e-05,0.0,0.026250802432371843,star,False,21.171894,,,,,,,1.0879541132086723,1.734523911919325,ok,1.0879541132086723,2.2666543359057854,ok,10.264000984909408,1.6644473406175007,ok,15.657505006725483,36.05725953023881,ok,15.657505006725483,63.29305056970244,ok
100153,100153.0,2.3058430377936855e+18,star,-0.00011402992965217039,9.091009488214246e-06,0.0,0.08123488684675917,AGN/QSO,True,18.401741,-4.165580030228565,-17.59027536157778,18.07677637977439,0.4955048243687484,0.31836622953414917,0.3796945810317993,6.78874702312966,1.8820532070497251,ok,6.78874702312966,2.6656330031134656,ok,24.861451574473783,1.6643617916926245,gaia_consistent,43.15436463663058,36.05564504798991,ok,43.15436463663058,63.25327752603334,ok
96099,96099.0,3.9627841603636024e+16,quasar,1.3265004252907444,0.000542796736863276,0.0,0.03520400313755342,AGN/QSO,True,22.603886,,,,,,,7.052018077120232,1.7263904995233101,ok,7.052018077120232,2.223718511654719,ok,5.353744783233132,1.6658063696002474,ok,6.590845230269106,36.059646816772165,ok,6.590845230269106,63.33039421385363,ok
99878,99878.0,3.9627841603636184e+16,quasar,2.062895272938656,0.00129054538091547,0.0,0.06260321651797562,AGN/QSO,True,22.784319,,,,,,,4.737363630428952,3.978756699981927,ok,1.75840787447586,2.3534234214387966,ok,8.077517645615577,1.6651743882925327,ok,76.02156826726457,36.06045249065466,ok,76.02156826726457,63.49743856242906,ok
102250,102250.0,3.908983754592114e+16,star,0.00018384701299278437,5.951280508256214e-06,0.0,0.10121616621770378,star,False,19.352522,-0.6417917666975771,-23.526874209842855,23.535626330258765,0.9997666382163216,0.6389258503913879,0.768964946269989,5.165849528182653,1.7779685981737852,ok,5.165849528182653,2.313639902181559,ok,29.194510640212858,1.6643699331802597,gaia_consistent,54.197585305001496,36.05583211778803,ok,54.197585305001496,63.26960437318517,ok
98638,98638.0,3.962784160363636e+16,quasar,1.8170069024068136,0.001103753535285137,0.0,0.07643006352901197,AGN/QSO,True,22.921293,,,,,,,2.170490468817252,1.8852646862821705,ok,1.9522705385902266,2.390746601943761,ok,5.644306270119816,1.6652449770234417,ok,31.922327922565792,36.069463713118076,ok,31.922327922565792,63.605360430396374,ok
100076,100076.0,3.9627841603636456e+16,galaxy,1.0124908137500344,7.705894619746706e-05,0.0,0.11173633242158086,AGN/QSO,True,23.229597,,,,,,,10.906965330572405,1.9765767584803906,ok,7.197737958021415,2.49857624234562,ok,6.302102806899547,1.6661900809343675,ok,5.429413317424703,36.066190092786904,ok,5.429413317424703,63.44911671653999,ok
323166,323166.0,3.908983754592094e+16,star,0.0001420443870487206,2.237762675070863e-05,0.0,0.04748136944122674,star,False,21.519787,,,,,,,5.62944781874888,1.7216223014769392,ok,5.62944781874888,2.2054900263333335,ok,14.198112495825626,1.6644709967215945,ok,29.98781964755149,36.0669918578845,ok,29.98781964755149,63.43675360338744,ok
321429,321429.0,3.908983755014296e+16,quasar,0.8325103827429606,0.00010492438542716619,0.0,0.019400032226022414,AGN/QSO,True,20.434868,,,,,,,3.1641059571322936,1.9232493498522616,ok,3.1641059571322936,3.214943926913496,ok,7.033479063071052,1.664408171043686,ok,41.67938228115655,36.06251746825649,ok,41.67938228115655,63.43943607476715,ok
323768,323768.0,3.9089837545920936e+16,star,-4.008635334325257e-06,6.255991902718944e-06,0.0,0.015593589372398603,star,False,19.320625,0.08749339103894181,3.116606974078075,3.117834845585569,1.3462663910615442,0.8370655179023743,1.054397702217102,5.837179251258018,1.879740346577226,ok,5.837179251258018,3.372192114551779,ok,4.47292954617904,1.6643685343661232,gaia_consistent,21.41206960278234,36.055877950328544,ok,21.41206960278234,63.260413513439005,ok
321717,321717.0,3.90898375459209e+16,star,0.00014660276228930228,2.331892567340158e-05,0.0,0.021862354633297592,star,False,21.201017,,,,,,,5.3798519188151745,2.373494285077245,ok,9.257449993389324,2.3564898525837545,ok,7.35195531164492,1.6644402146566117,ok,32.85476994480562,36.06445921789922,ok,32.85476994480562,63.46270471373434,ok
320061,320061.0,3.908983754592089e+16,star,0.0004175974410408433,2.8120229860870076e-05,0.0,0.020887495499134098,star,False,20.721334,,,,,,,5.234460580229914,1.952448006222324,ok,5.234460580229914,4.766962537682929,ok,8.075601350032994,1.6644041231822448,ok,48.203729040907305,36.06189554665716,ok,48.203729040907305,63.67431363597371,ok
320688,320688.0,3.908983755013163e+16,galaxy,1.4671724789999463,0.00010957654066062614,4.0,0.03452162593212225,star,False,23.991177,,,,,,,10.288192586559664,3.3890426598434455,ok,2.190300501345918,2.345635213533239,ok,11.012935272692339,1.667243903896752,ok,12.139146423363476,36.08255471561976,ok,12.139146423363476,65.17032073555718,ok
432689,432689.0,3.962784764343329e+16,star,0.0006881930578373511,2.4232911012379864e-05,0.0,0.013952934479180527,star,False,18.972633,-1.156183296168014,-3.2566245241322003,3.4557724325419943,0.5100864113410143,0.3314501941204071,0.3877227306365967,6.78874702312966,1.8820532070497251,ok,6.78874702312966,2.6656330031134656,ok,5.72339346584435,1.6643654777871708,gaia_consistent,35.03668468528076,36.055701599636166,ok,35.03668468528076,63.261980269443185,ok
429360,429360.0,3.962784764343316e+16,galaxy,0.7272561600327915,9.05330644960369e-05,0.0,0.0027666586784610803,star,False,20.547956,,,,,,,6.629809644156214,1.812373239796645,ok,6.629809644156214,2.8964393058091886,ok,2.888719380525998,1.6647053065323663,ok,171.15086448448034,36.06158714144867,ok,171.15086448448034,63.39780139862861,ok
432877,432877.0,3.908983755014338e+16,galaxy,0.9756113094451362,9.10510826998631e-05,0.0,0.027420494174363187,star,False,23.877825,,,,,,,8.4948734059114,1.7970013434156933,ok,8.4948734059114,2.4800246779105266,ok,4.006251060356511,1.6711653031060578,ok,33.437823334958196,36.07403165986057,ok,33.437823334958196,65.874868278717,ok
431970,431970.0,3.908983755013683e+16,star,0.0006863682710016056,5.351596687766082e-05,0.0,0.017859390440468376,star,False,21.203945,,,,,,,5.975816657868651,1.938122560323032,ok,7.111689417250221,2.6882247304348246,ok,4.560131893334591,1.6644595448220567,ok,30.65517684799054,36.0569278950957,ok,30.65517684799054,63.35884065302419,ok
433540,433540.0,3.908983739505138e+16,galaxy,0.3918159420659814,7.256797476781796e-05,4.0,0.16011162856147781,star,False,22.338545,,,,,,,3.027542086080263,1.8053709077655666,ok,3.027542086080263,2.2993133136010653,ok,10.333967474535005,1.6648572708631695,ok,54.95507364038112,36.06459168489579,ok,54.95507364038112,63.715531369473574,ok
430845,430845.0,3.908983755013683e+16,star,0.0009823946683920604,3.2095821459797982e-06,0.0,0.023043259629510784,star,False,19.089909,-2.4547182235221063,-5.211654902648009,5.7608149059995455,0.6137856239991999,0.4074380695819855,0.45905011892318726,12.001501294450662,1.8285436543772153,ok,12.001501294450662,6.384783835213854,ok,7.09265570923268,1.664366573701653,gaia_consistent,12.918634027977529,36.05571294430109,gaia_consistent,12.918634027977529,63.26064795704713,gaia_consistent
430608,430608.0,3.9627847643434216e+16,galaxy,0.9256551444021683,0.00014346030404536407,0.0,0.04890211259246549,AGN/QSO,True,21.450888,,,,,,,8.673636711750486,1.7261880417891582,ok,8.673636711750486,2.20910074719266,ok,3.2124320825235535,1.6649388570189594,ok,13.62064257251804,36.06188493883463,ok,13.62064257251804,63.37467312215565,ok
429753,429753.0,3.90898375502165e+16,quasar,3.8701490939192884,0.0005352322006512743,0.0,0.0103055519832521,AGN/QSO,True,23.082521,,,,,,,7.17312708945149,1.8662478448884816,ok,7.17312708945149,2.551653875619039,ok,3.3725929556348526,1.6655446888479963,ok,29.93856780706856,36.06368683378979,ok,29.93856780706856,63.756787641590755,ok
432400,432400.0,3.908983754592138e+16,star,0.00024338794437550775,2.4951769530884238e-05,0.0,0.09623825360787347,star,False,21.608158,,,,,,,0.9095156763113124,1.7596487002971877,ok,0.9095156763113124,2.347365852349067,ok,13.254591711297465,1.6645075654088928,ok,25.1604449032516,36.05959775750532,ok,25.1604449032516,63.332071147705975,ok
428941,428941.0,3.908983755011782e+16,galaxy,0.9755897021203955,6.813788379302428e-05,4.0,0.05884699241622401,star,False,24.009239,,,,,,,3.412573341658335,1.777069463588171,ok,3.412573341658335,2.3286105991227575,ok,4.269299703229023,1.6721961324204953,ok,49.22547582417028,36.099309227591085,ok,49.22547582417028,65.21703212413213,ok
434214,434214.0,3.908983755014438e+16,galaxy,0.9152581553755312,5.818395155003105e-05,4.0,0.023724642560868273,star,False,22.859226,,,,,,,3.185857836575746,1.7598289223686543,ok,3.185857836575746,2.3258973994876095,ok,2.9400978444272656,1.6651679982167422,ok,31.94996985322606,36.064503133115785,ok,31.94996985322606,63.76671117551443,ok
104795,104795.0,3.962784160363612e+16,star,-0.00013078034054248168,1.7198155312168029e-06,0.0,0.01828651795633414,star,False,18.78336,-1.176790924935402,-3.7888151373372527,3.9673614690277748,0.37528887942045713,0.24783557653427124,0.28181424736976624,7.039711491973521,1.8040152515822065,ok,7.039711491973521,2.3635626915464885,ok,10.54126881949332,1.664364128487042,gaia_consistent,21.548963437122357,36.05563391282089,ok,21.548963437122357,63.26813255638571,ok
665750,665750.0,3.9089837550145e+16,star,0.0007904920227000882,3.7219790795435256e-05,0.0,0.02264086748071235,star,False,21.820351,,,,,,,3.4648233471768024,1.7692198418486278,ok,13.118104934171555,2.436054387269388,ok,11.834531207319444,1.6645559396022975,ok,46.925671517570464,36.05833082311642,ok,46.925671517570464,63.41633008706438,ok
103079,103079.0,3.908983742429304e+16,star,0.00025045620471869623,2.2458888969477917e-06,0.0,0.021227152814995896,star,False,17.965746,-3.3482550864471206,3.3757618038208363,4.7546377233239046,0.21723362930825835,0.14474736154079437,0.16198348999023438,0.9743765232625864,1.750733301465017,ok,0.9743765232625864,2.260997562079286,ok,8.432968670443115,1.6643606899038905,gaia_consistent,53.25595754752706,36.05581427119047,ok,53.25595754752706,63.258426875570414,ok
103486,103486.0,3.908983754592115e+16,star,0.00022986592886122044,6.747233219294343e-06,0.0,0.17393828006507517,star,False,19.612803,-39.28139485758029,-3.3186302229722147,39.42133037473443,2.791199011634079,1.699149250984192,2.214426279067993,2.5061803305122097,1.9073630348982338,ok,2.5061803305122097,2.6922711129666586,ok,44.26344436881161,1.6643734457953017,gaia_consistent,,,inconsistent_with_gaia,,,inconsistent_with_gaia
105947,105947.0,3.908983754592115e+16,star,0.000244967578718723,3.184633014294663e-05,2048.0,0.040420982928197825,star,False,20.749105,,,,,,,6.715607828859069,1.7731470626605852,ok,2.6472493509680937,2.600171752103353,ok,13.991911620980218,1.6644163200856965,ok,4.58930447914106,36.05682393742511,ok,4.58930447914106,63.30102041073676,ok
105665,105665.0,3.908983739504954e+16,star,0.00014813513090873156,4.784465401893971e-05,0.0,0.0624854896434775,star,False,22.092863,,,,,,,9.313675954388751,3.174927747763477,ok,12.403905894465057,3.83932499390608,ok,10.278846631353971,1.664640410129405,ok,16.300735069815023,36.058958110318606,ok,16.300735069815023,63.3252310564619,ok
666036,666036.0,3.9089837550122136e+16,galaxy,0.07747774364132733,5.1084513689949567e-05,4.0,0.09848353285913729,star,False,22.215645,,,,,,,1.9269671894614397,1.7844889531609318,ok,1.9269671894614397,2.386038959719097,ok,7.833124898785913,1.6647083706132075,ok,35.750507020357496,36.05916784783852,ok,35.750507020357496,63.76735005235394,ok
665163,665163.0,3.9089837550122136e+16,star,0.00025189065206863493,4.0304482706411665e-05,0.0,0.01503167678774284,star,False,20.712877,0.3651616201359017,-3.7401355164297643,3.757919196853442,1.9310964248834366,1.2941491603851318,1.4332869052886963,6.160191305763969,1.7665159350383772,ok,6.160191305763969,2.300859690480669,ok,7.556993841424095,1.664410670833347,gaia_consistent,19.358552428450004,36.056083631455415,ok,19.358552428450004,63.29046474737228,ok
441186,441186.0,3.908983755013051e+16,galaxy,0.5807121778731402,9.201079962368471e-05,4.0,0.036508661803853176,star,False,22.614836,,,,,,,2.004276930699058,1.7743996816797731,ok,2.004276930699058,2.253122084656778,ok,3.29429330351333,1.6647534138313942,ok,34.04636783182846,36.061539263515236,ok,34.04636783182846,63.80080223964951,ok
434859,434859.0,3.90898375501208e+16,galaxy,1.099307014141185,3.285370455416336e-05,0.0,0.013312091457253065,star,False,22.908375,,,,,,,0.8959405836614523,2.0177535117309535,ok,7.0912195793164985,2.320711331766991,ok,3.039511932895966,1.665101968885412,ok,42.21929030449872,36.064057577300595,ok,42.21929030449872,63.70889106478401,ok
434844,434844.0,3.908983754592137e+16,star,0.0001167205861356679,1.4406500213314035e-05,0.0,0.14223095873611544,star,False,20.577145,,,,,,,5.5243350564568745,1.746394924802767,ok,5.5243350564568745,2.3290282821371537,ok,20.492881356438037,1.6643976979661483,ok,44.78772989143766,36.0568531964133,ok,44.78772989143766,63.30168421115578,ok
437529,437529.0,3.908983739505137e+16,galaxy,0.6072008056081549,0.00012391964713329793,0.0,0.010372955411938231,AGN/QSO,True,20.771801,,,,,,,7.8106541843799695,1.802061126358577,ok,7.8106541843799695,2.4356156685021766,ok,3.1586016284187,1.6646097312741044,ok,45.431169698490976,36.058320672928325,ok,45.431169698490976,63.29410624568073,ok
439312,439312.0,3.962784764343402e+16,galaxy,0.8676065552442577,8.528341624902414e-05,0.0,0.06143662431664607,star,False,22.521286,,,,,,,2.8388096060073336,1.7696405226985352,ok,2.8388096060073336,2.8461526103980845,ok,2.6764941533411646,1.6649478137410545,ok,34.57908467897858,36.082198563649996,ok,34.57908467897858,63.50411379247262,ok
437196,437196.0,3.908983742011382e+16,quasar,1.3212941720826286,0.00011054492259167326,0.0,0.0018298111323009887,AGN/QSO,True,18.863876,-0.6008431154637248,0.2941059078940345,0.6689624312757252,0.5137836533275459,0.33889707922935486,0.38616371154785156,3.2492248424442374,1.740220745783725,ok,3.2492248424442374,2.277361185227614,ok,3.4226545167488385,1.664364387099291,gaia_consistent,29.31293351007691,36.05573579557393,ok,29.31293351007691,63.2651711704474,ok
440215,440215.0,3.908983739505126e+16,galaxy,0.4974821736863315,0.00010629105306577733,0.0,0.0026420689864037165,AGN/QSO,True,21.051575,,,,,,,6.649123235583098,1.863700453090475,ok,6.965013662651922,3.6062907376447106,ok,3.7399150257536022,1.664537897643308,ok,10.330253779587391,36.05887529696271,ok,10.330253779587391,63.32002961429853,ok
436389,436389.0,3.908983755014364e+16,galaxy,0.5681882793520232,8.781392799354008e-05,4.0,0.013852170387788763,star,False,22.579792,,,,,,,7.2354941066263105,1.7314197568649072,ok,7.2354941066263105,2.2817891109957817,ok,1.929557378354852,1.6647560153722154,ok,23.257706901433714,36.0614334054489,ok,23.257706901433714,63.54691863546476,ok
326868,326868.0,3.908983755013519e+16,quasar,1.529668816218324,0.0007603401323941269,0.0,0.014150382948825027,AGN/QSO,True,23.156322,,,,,,,6.910940131330359,1.7507536212412163,ok,9.769690494428753,2.9986154047434153,ok,5.312306567777974,1.6658445721599229,ok,51.209201156709625,36.08064420261985,ok,51.209201156709625,64.23165506650453,ok
327645,327645.0,3.908983755013518e+16,star,0.00030473410794446063,2.7322493845172177e-05,0.0,0.01404546587693923,star,False,20.435516,-0.7237193647007042,-3.435975079589903,3.511366467118696,2.1336568302140853,1.4268543720245361,1.5863726139068604,3.5674345859464016,1.8928913765913786,ok,5.292311170656085,3.3519809046149156,ok,7.413275364887327,1.6643933066154277,gaia_consistent,55.69107236300283,36.05635926311471,ok,55.69107236300283,63.319646598846894,ok
288993,288993.0,3.9089837545920904e+16,star,0.0006757216020649022,1.1383238146840182e-05,0.0,0.07327591069724679,star,False,19.830772,1.8940538793418327,-16.025651354162253,16.13719124950226,1.7409610602046133,1.1898938417434692,1.2708650827407837,5.234460580229914,1.952448006222324,ok,5.234460580229914,4.766962537682929,ok,17.730744556404876,1.664375997308855,gaia_consistent,70.14385214397451,36.05599539349809,ok,70.14385214397451,63.26413450196297,ok
289774,289774.0,3.90898375459209e+16,star,0.0002594726924612985,3.6648170733179926e-05,4.0,0.062030006061245854,star,False,21.328543,,,,,,,2.4035453390265964,2.0054443243994884,ok,2.828649650602223,2.72148812399669,ok,9.937171522762723,1.6644479649393467,ok,12.08769231925526,36.05721249137615,ok,12.08769231925526,63.32596216743286,ok
284477,284477.0,3.908983754592089e+16,star,0.0001837374888725101,2.0699483334130307e-05,0.0,0.02033236718323287,star,False,20.977997,,,,,,,2.7528689131887605,1.7449960884434965,ok,2.7528689131887605,2.2950309334899117,ok,7.825335645324849,1.6644191369502361,ok,20.15632851536876,36.059890780374175,ok,20.15632851536876,63.34873682858541,ok
674326,674326.0,3.962784160363664e+16,galaxy,0.9263785312743359,6.167938104501533e-05,0.0,0.0769286051665342,star,False,22.603231,,,,,,,6.477543828228905,1.9024233264985169,ok,6.5237867269304255,2.892875502841693,ok,6.827502759607249,1.6653005998900563,ok,7.713062271491703,36.060982191152256,ok,7.713062271491703,63.350260493835805,ok
442000,442000.0,3.9089837550142344e+16,galaxy,0.92909839298447,0.00021086645110558066,4.0,0.014388062796593533,star,False,23.334852,,,,,,,0.7526559466380623,1.80987217204923,ok,5.357139065345643,2.7280214021216316,ok,1.4359797405608483,1.666136628880778,ok,14.536505953342967,36.06997138798697,ok,14.536505953342967,64.33481218194775,ok
444177,444177.0,3.9089837550142344e+16,galaxy,1.5679068962857339,0.00018045263608833394,4.0,0.022577142874299006,star,False,23.646343,,,,,,,3.9947071656650808,1.7953518385112808,ok,2.609279510097665,2.3795620994169937,ok,2.1605822126618155,1.6674150180060623,ok,18.567197224450076,36.06703745416361,ok,18.567197224450076,63.638220754968735,ok
443798,443798.0,3.9089837550142344e+16,star,0.0005777781021167827,2.266453273369664e-05,0.0,0.039004821505949985,star,False,20.475147,,,,,,,8.02492951523273,2.4434120213113126,ok,2.599103791401438,2.894876201393323,ok,6.090637219150748,1.6643982743437291,ok,11.00981689751274,36.056295169076705,ok,11.00981689751274,63.2825729463062,ok
444426,444426.0,3.9089837550122104e+16,star,0.00047399061415379947,2.2337686874180576e-05,0.0,0.01580981537641302,star,False,20.681812,,,,,,,6.762945271530557,1.942557960244955,ok,3.107580856478887,2.3296121756026933,ok,4.664705678364197,1.664407739091567,ok,14.836603217643589,36.05647093540551,ok,14.836603217643589,63.29578753391181,ok
447097,447097.0,3.908983755014581e+16,star,0.0009358966369309567,1.8778469551728092e-05,0.0,0.007498807495641297,star,False,20.05769,-0.6069613385134842,-1.7737263159117482,1.8747018723540934,1.1023640184180459,0.7155606746673584,0.8385578989982605,4.334669442574704,1.7449943865199162,ok,4.334669442574704,2.2494130945993622,ok,3.069768970055718,1.664383916359675,gaia_consistent,27.281323072446238,36.055993963266566,ok,27.281323072446238,63.30267137566536,ok
448782,448782.0,3.908983754592137e+16,star,4.228163546736635e-06,8.165399388676691e-06,0.0,0.14033957381978943,star,False,19.898367,,,,,,,6.7429218385518634,1.7856470620667506,ok,7.384926324733673,2.510579780552305,ok,19.665923705046158,1.6643800164667952,ok,35.00800351311632,36.05631624114353,ok,35.00800351311632,63.36407058379127,ok
443981,443981.0,3.9089837395051416e+16,galaxy,0.5019353181616146,7.345599253058511e-05,0.0,0.0244490884531128,star,False,20.63588,,,,,,,2.7790353361288007,1.769058928414124,ok,2.7790353361288007,2.250130561857808,ok,1.2010709667268398,1.6645157781741764,ok,105.73844127753975,36.05857594317214,ok,105.73844127753975,63.34638616353154,ok
450491,450491.0,3.96278476434345e+16,galaxy,0.7309450393398673,4.6580162988532906e-05,0.0,0.027621634839241606,AGN/QSO,True,21.994482,,,,,,,1.5392472090705724,1.7954299368601396,ok,1.5392472090705724,3.1214635724460886,ok,1.7700777636814784,1.664903126966504,ok,30.160501994164346,36.06230375782848,ok,30.160501994164346,63.361378336617854,ok
449418,449418.0,3.908983754592139e+16,star,4.345176590431931e-05,6.009171697042488e-06,0.0,0.0660637398354857,star,False,19.581306,-9.624343190730338,-10.752009198199447,14.430304350606155,2.5403472029575016,1.5163495540618896,2.0381481647491455,6.715607828859069,1.7731470626605852,ok,2.6472493509680937,2.600171752103353,ok,18.127016599705588,1.6643727620031112,gaia_consistent,21.554190255292514,36.05609621524606,gaia_consistent,21.554190255292514,63.295493394207085,gaia_consistent
291593,291593.0,3.9089837545920904e+16,star,-1.742472192941963e-05,2.8539333191516667e-05,0.0,0.02043362349608597,star,False,21.612509,,,,,,,9.961448105917828,1.72093207487799,ok,9.961448105917828,2.186212944160487,ok,6.8040800465991165,1.6645081699264528,ok,30.59397186433596,36.05955487187902,ok,30.59397186433596,63.29128129098136,ok
292524,292524.0,3.908983739069617e+16,star,-0.0005511631677178199,1.6233915253531688e-05,0.0,0.01803923539991457,AGN/QSO,True,24.306908,,,,,,,7.835043853453241,1.850207304904739,ok,7.835043853453241,3.1118547451655596,ok,3.860135362094676,1.6818649465208775,ok,69.6898224445723,36.181363103789636,ok,69.6898224445723,64.93013741445667,ok
294134,294134.0,3.908983754592091e+16,star,0.00011949219839330957,9.998119185252967e-06,0.0,0.0674026438000279,star,False,20.052969,,,,,,,1.649150935801627,1.735114083702622,ok,1.649150935801627,2.249606556425894,ok,13.600639956056233,1.6643824759170522,ok,14.358450319536521,36.056005236226056,ok,14.358450319536521,63.26794506317094,ok
294808,294808.0,243329056899096.0,galaxy,0.3055881697008371,0.00015947349996022834,4.0,0.10654817877574124,star,False,23.224117,,,,,,,8.650525104292413,2.069910049917871,ok,13.008464589000837,2.8728673905014275,ok,11.682377777789453,1.6656383887600008,ok,12.701557197337852,36.0676086246316,ok,12.701557197337852,63.466622023702264,ok
297718,297718.0,3.908983754592093e+16,star,4.928737991943445e-05,6.508153860441643e-06,0.0,0.013110970656480096,star,False,19.531031,-0.03032664313348498,3.7112810045508944,3.711404909198677,1.8120212857417974,1.3111556768417358,1.2507165670394897,5.955567316654659,1.7398734957402355,ok,1.8327515231286375,2.352681400024018,ok,6.386605078983551,1.664371928196646,gaia_consistent,23.842607868526333,36.05596584182108,ok,23.842607868526333,63.26710263836583,ok
335490,335490.0,3.908983754592093e+16,star,1.5293841440616444e-05,2.8417308183824664e-05,0.0,0.015638329800002945,star,False,21.12583,,,,,,,9.832110189647405,1.8088155295626058,ok,9.832110189647405,2.736398887584289,ok,5.217065189030872,1.6644402235317268,ok,34.308689875599434,36.05790473490262,ok,34.308689875599434,63.29552194963871,ok
336344,336344.0,3.962783556383827e+16,star,4.306886136505145e-05,7.113987389233168e-06,0.0,0.03981917732768143,star,False,18.711214,-8.776155372085839,-0.3041144535662583,8.781422932296282,0.6034102508890463,0.41809892654418945,0.4350830018520355,6.372671387510957,1.789169925368036,ok,28.766906865414906,2.1797287804852985,ok,14.362253897877736,1.6643637924549182,gaia_consistent,17.903144854375228,36.055608190295196,gaia_consistent,17.903144854375228,63.25298082197323,gaia_consistent
334688,334688.0,3.9089837545920936e+16,star,-6.482100034515023e-05,2.5413285054877755e-05,0.0,0.0035915617857618233,star,False,21.05728,,,,,,,3.6330772913513196,2.0965362805049055,ok,6.79850433423762,2.362576060059487,ok,4.639592342999305,1.66443279770134,ok,24.714866381379895,36.056482707174744,ok,24.714866381379895,63.29980390881436,ok
332147,332147.0,3.908983739500636e+16,star,0.00010265062998509496,4.8572360409156636e-05,4.0,0.07282863650776898,star,False,22.142445,,,,,,,1.300765651067989,1.7778699997754481,ok,1.300765651067989,2.5043273747935055,ok,11.560026231013593,1.6646616481196266,ok,3.4511636192707655,36.06212581795025,ok,3.4511636192707655,63.29014404989989,ok
118179,118179.0,3.90898373950064e+16,star,0.0013402925067606299,2.1715827915253025e-05,0.0,0.10352760607330777,star,False,20.902712,,,,,,,0.7890891970612234,1.791837174814101,ok,0.7890891970612234,2.2795537601582554,ok,19.78509468313168,1.664422506748771,ok,56.82369547416336,36.057296820390306,ok,56.82369547416336,63.392737110911696,ok
332566,332566.0,3.9089837550112e+16,galaxy,1.3827445711713868,7.809794996553624e-05,0.0,0.01179051911221524,star,False,23.339796,,,,,,,6.523340569588011,3.778478919332017,ok,2.7486583378553857,2.6308527570747695,ok,4.717488939809762,1.6659939161230775,ok,7.201277588199019,36.06917408683415,ok,7.201277588199019,63.78789475631993,ok
335398,335398.0,3.90898375501161e+16,galaxy,1.6891567288606515,0.0001655340762401685,4.0,0.15781471980492254,star,False,22.686842,,,,,,,5.576077989361071,1.858409444336091,ok,5.536694985796514,2.3313846075534723,ok,5.083591685119464,1.6649678764282694,ok,36.30120549526836,36.06335616483135,ok,275.0915487240803,63.65189855362347,ok
677103,677103.0,3.908983755011834e+16,star,0.00035217765768357287,1.1293991980894852e-05,0.0,0.018624740717287275,star,False,19.823444,0.08238502025875338,-4.655456275696206,4.6561851795737494,0.800686849720068,0.5314909815788269,0.5988461971282959,9.522503025149868,1.7260137968199094,ok,9.522503025149868,2.186014248438146,ok,9.176431341146815,1.6643759878689317,gaia_consistent,30.391883914664092,36.055885123192695,ok,30.391883914664092,63.26723080358345,ok
682218,682218.0,3.908983754592118e+16,star,-3.326418370342094e-05,5.540535715212985e-06,0.0,0.015189530306099852,star,False,19.169708,0.335172313862909,-2.8209320004718905,2.8407741605531682,0.8874219402548043,0.574264407157898,0.6765634417533875,5.95692447168026,1.7339329262392562,ok,5.95692447168026,2.280702525200904,ok,5.67741681881224,1.6643668080711256,gaia_consistent,30.15687321777056,36.05585478837541,ok,30.15687321777056,63.26368713072802,ok
677377,677377.0,3.908983755011537e+16,galaxy,1.0351215425936926,0.00014022853959967863,4.0,0.03094830159418013,star,False,22.737926,,,,,,,6.7429218385518634,1.7856470620667506,ok,7.384926324733673,2.510579780552305,ok,8.356988835002674,1.664834098656587,ok,43.007901476949066,36.063289480685356,ok,43.007901476949066,63.58578113785195,ok
679206,679206.0,3.9089837550124024e+16,galaxy,0.09440658995127774,4.929868086496769e-05,4.0,0.02260934119374071,star,False,22.918808,,,,,,,12.507990806509643,1.9569541898114595,ok,12.507990806509643,2.8884522012561744,ok,7.334239498345583,1.6649442598444129,ok,26.526908733844003,36.06726933015844,ok,26.526908733844003,63.92172390158457,ok
127945,127945.0,3.962783556383895e+16,galaxy,0.2203793697812629,7.818206576574785e-05,0.0,0.00799840361945073,star,False,18.546137,,,,,,,5.803544055909392,1.806171913897533,ok,6.156504147050767,2.284979665472119,ok,3.5664508998370597,1.6643650472866438,ok,13.225813401304281,36.05570615164525,ok,13.225813401304281,63.265431311180315,ok
86810,86810.0,3.962783556383855e+16,galaxy,0.7249259855337044,7.159165869644945e-05,0.0,0.02428284407267902,AGN/QSO,True,21.125902,,,,,,,6.356053025293664,2.1073440485407056,ok,4.9933583105298345,2.713872224089661,ok,2.37928476960703,1.6647616094049642,ok,142.867357860245,36.06266042833623,ok,142.867357860245,63.61064080549318,ok
84207,84207.0,3.962783556383848e+16,quasar,1.1775995309803315,0.00010219833689938789,0.0,0.03512762110070973,AGN/QSO,True,20.767483,,,,,,,2.8984392427458907,1.780877709241421,ok,2.8984392427458907,2.629187086402463,ok,2.8103444914488698,1.664428463386364,ok,59.65509823258693,36.05740783446012,ok,59.65509823258693,63.430016461646034,ok
82977,82977.0,3.908983755014128e+16,galaxy,0.5685293896621205,5.550514280287051e-05,4.0,0.007426308378873411,star,False,22.875381,,,,,,,2.9824685580545434,1.8251335727709161,ok,1.503038709273346,2.3046671474764158,ok,2.8704392456011902,1.6649202609323959,ok,7.439992737782476,36.060900853050185,ok,7.439992737782476,63.48043769923572,ok
686086,686086.0,3.9089837545921176e+16,star,0.0002271192630379882,4.6209406176880884e-06,0.0,0.049779988652599645,star,False,18.686247,-11.015183699601355,-0.572705016695473,11.030061784600827,0.6565510678883957,0.4239770770072937,0.5013010501861572,4.582604855342419,1.7688546663211573,ok,10.982621502008666,2.6766496923970435,ok,16.35168882555125,1.6643640721008888,gaia_consistent,39.25541732115276,36.05580016492347,ok,39.25541732115276,63.2557362416846,ok
685233,685233.0,3.908983739504963e+16,star,0.0002034955973741644,1.535825049931216e-05,0.0,0.16784242437844604,star,False,21.822966,,,,,,,8.156565023299514,1.9304093395376056,ok,3.9827684523166433,2.9069551728699707,ok,,,,33.53252485082942,36.05694548625945,ok,33.53252485082942,63.34570033108181,ok
690061,690061.0,3.962784764343458e+16,star,0.0002551300535783204,1.0217730141891967e-05,0.0,0.0474609267597548,star,False,18.572132,0.2957571153328802,-10.099570453420192,10.103900020035242,0.3720024031556104,0.24589480459690094,0.279144287109375,3.8968239013561177,1.7629313430113096,ok,3.8968239013561177,2.333610274889016,ok,13.149343193877822,1.66436247450069,gaia_consistent,31.92080206066371,36.05565232788255,ok,31.92080206066371,63.26503960252231,ok
686942,686942.0,3.908983755013054e+16,star,0.0006742330806442028,5.8393490310255424e-05,0.0,0.0267261815716274,star,False,21.68766,,,,,,,3.185857836575746,1.7598289223686543,ok,3.185857836575746,2.3258973994876095,ok,6.556093687219655,1.66448805121844,ok,37.92430984255275,36.058144868252846,ok,37.92430984255275,63.390532509746556,ok
690297,690297.0,3.908983755013158e+16,galaxy,0.0009932241061588083,6.1776844916777e-05,0.0,0.026132945168504628,star,False,21.134655,,,,,,,11.069985543824908,1.7471334262794256,ok,11.069985543824908,2.3096369076275787,ok,7.725829264391398,1.664430441775626,ok,10.85089008460353,36.05737647129612,ok,10.85089008460353,64.08018221285423,ok
133687,133687.0,2.305843037793691e+18,star,0.00032682304293511104,1.149755375572346e-05,0.0,0.03531660369918208,star,False,18.444185,-6.278776228035628,-4.754832683833421,7.876005635663033,0.3302924969627788,0.22384805977344513,0.24286864697933197,9.658806944399165,1.7443972513486474,ok,9.658806944399165,2.2925421716212586,ok,9.68559912983498,1.6643670558382746,gaia_consistent,24.362968232571866,36.05595907153202,ok,24.362968232571866,63.25196897638581,ok
90024,90024.0,3.908983755014429e+16,star,0.0007613273648290666,5.999999553533599e-05,4.0,0.01612362612805515,star,False,21.616737,,,,,,,2.5061803305122097,1.9073630348982338,ok,2.5061803305122097,2.6922711129666586,ok,4.197798013648502,1.6644793795784565,ok,13.303248181950746,36.05700292401036,ok,13.303248181950746,63.66253387790092,ok
466179,466179.0,3.908983739505163e+16,galaxy,0.7280905463023608,4.186993812339652e-05,0.0,0.0492052893097261,AGN/QSO,True,21.420958,,,,,,,3.1641059571322936,1.9232493498522616,ok,3.1641059571322936,3.214943926913496,ok,3.2431060095915223,1.6647486431892418,ok,23.800718154980956,36.06351211033748,ok,23.800718154980956,63.27784986013861,ok
467755,467755.0,3.962784764343514e+16,star,0.00014794764764377715,7.15594454862812e-06,0.0,0.018602926563382204,star,False,18.33087,-3.8618232902785916,-0.9288533879423246,3.9719576711780427,0.37022853787425664,0.23638533055782318,0.28494060039520264,1.3157349003010197,2.0584411178215407,ok,3.594697448835262,2.4049656641647457,ok,7.591613410590904,1.6643613023061223,gaia_consistent,39.71568166178837,36.05556694491485,ok,39.71568166178837,63.25518227861482,ok
465585,465585.0,3.90898375459214e+16,star,0.0002388908861818619,4.0227825653621617e-05,0.0,0.01144740638695885,star,False,20.374105,-3.1341077386284284,-0.35705946664256466,3.1543815210037094,1.6887709749354622,1.1872851848602295,1.200958490371704,6.689280625086677,1.7803686575283548,ok,6.689280625086677,2.672239398685415,ok,6.507888997607823,1.664391190917933,gaia_consistent,40.37977250733958,36.05591360573978,ok,40.37977250733958,63.30632459442852,ok
464775,464775.0,3.908983754588233e+16,galaxy,1.6285449298032106,0.00016803780986880898,4.0,0.03446653654397809,star,False,23.620893,,,,,,,2.3928141872764943,1.8236500014396948,ok,2.3928141872764943,2.3738831326790204,ok,9.120575479770995,1.6659138173727495,ok,9.660787829970014,36.08398246986952,ok,9.660787829970014,63.79057606323958,ok
465742,465742.0,3.9089837545921384e+16,star,6.174828667915549e-06,8.841517560365502e-06,0.0,0.04094314217223113,star,False,20.067663,,,,,,,3.5262085872768267,1.7567613164380589,ok,3.5262085872768267,2.2448749301141353,ok,8.278677895504295,1.6643809728188814,ok,2.001628358757288,36.056375752877614,ok,2.001628358757288,63.269702955147814,ok
426546,426546.0,243341136494612.0,galaxy,0.019380555133827707,4.7646554114330284e-05,4.0,0.013548290943568611,star,False,23.857271,,,,,,,1.9322688809741615,1.8128274722675017,ok,1.9322688809741615,3.335298276775767,ok,3.4929751845522374,1.6665515356603724,ok,6.730359301722929,36.078730211776445,ok,6.730359301722929,68.22518042524062,ok
98538,98538.0,3.908983754592116e+16,star,0.00019848851067036716,2.5971458675109598e-05,0.0,0.09376879140068735,star,False,21.190422,,,,,,,9.864252764620822,1.762557789395547,ok,9.864252764620822,2.309628082940904,ok,14.678262638568969,1.6644524139455696,ok,67.09408587800326,36.057540762741425,ok,67.09408587800326,63.38590839857266,ok
101228,101228.0,3.908983754589186e+16,galaxy,0.3479410233699585,5.143126672289289e-06,0.0,0.017792451814034257,star,False,21.208435,,,,,,,7.039711491973521,1.8040152515822065,ok,7.039711491973521,2.3635626915464885,ok,3.1758985508214335,1.6647573350141793,ok,47.442284672623494,36.05850778288425,ok,47.442284672623494,63.33076432986687,ok
98816,98816.0,3.908983742011346e+16,quasar,1.829729385398714,0.0006499185601555113,0.0,0.0012895845816771477,AGN/QSO,True,20.44614,0.13732156046873178,-0.1721178387997583,0.22018574295959115,1.5551904317931395,1.0686677694320679,1.1298524141311646,2.6689187768886913,1.7648790660395048,ok,2.6689187768886913,2.4452116013147696,ok,1.001342803568369,1.6644046479025132,gaia_consistent,59.39783230132486,36.05659863460845,ok,59.39783230132486,63.39186343093911,ok
102302,102302.0,3.908983755011402e+16,star,0.0006338085036793823,2.3345735997946437e-05,0.0,0.008237024831999642,star,False,20.420414,0.28932479749599593,-2.0388298822510733,2.0592562072763125,1.5592921724850695,1.1082879304885864,1.096854567527771,10.503961310034391,2.499948436351139,ok,0.9972435798446865,2.5902982684622797,ok,3.768686811381986,1.6643987488546275,gaia_consistent,18.120876626352402,36.056187228098544,ok,18.120876626352402,63.306158812160874,ok
98489,98489.0,3.908983754592119e+16,star,0.001127466863691343,1.9113644997682642e-05,0.0,0.01611123105528497,star,False,20.185061,-0.9984382380130457,-3.876352076555119,4.002872011011566,1.4838187495578514,1.0619454383850098,1.0363348722457886,1.5656749436600064,1.7790583698692566,ok,1.5656749436600064,2.2619464062491086,ok,5.829281486275785,1.6643867790530817,gaia_consistent,51.44825501768375,36.05617217499119,ok,51.44825501768375,63.276621086745486,ok
102125,102125.0,3.908983755011249e+16,galaxy,0.0014310784618505907,7.086470052493044e-05,0.0,0.021648608625097147,star,False,21.36141,,,,,,,0.7890891970612234,1.791837174814101,ok,0.7890891970612234,2.2795537601582554,ok,4.821790343697584,1.6644736448055788,ok,9.449833955522278,36.057166279712106,ok,9.449833955522278,63.328234057679964,ok
468750,468750.0,3.908983754592141e+16,star,0.00035906066007180545,1.8041088459824415e-05,0.0,0.08492959034386947,star,False,20.729797,,,,,,,1.8020036348941935,1.8692279672957566,ok,9.957504009386932,2.4439677171262333,ok,17.248663907242467,1.6644050503240346,ok,87.03709333510832,36.05684749128302,ok,87.03709333510832,63.51757997854812,ok
469721,469721.0,3.908983755013069e+16,galaxy,0.8949944468085531,0.00011762449556431583,4.0,0.024295509688008175,star,False,23.174543,,,,,,,23.936861981601545,2.088565074122558,ok,23.936861981601545,2.446308706001121,ok,4.8956332085567285,1.6651852118624884,ok,16.998736788383415,36.07110349682128,ok,16.998736788383415,63.61882498682994,ok
470327,470327.0,3.908983754592141e+16,star,0.0003652741028950554,1.65661990119577e-05,0.0,0.020800963624669426,star,False,20.571655,,,,,,,1.786394934279124,1.8058676985102324,ok,1.786394934279124,3.0257022782136422,ok,5.234858000837906,1.6643969867608195,ok,9.323685694178588,36.056609096335805,ok,9.323685694178588,63.30183586944582,ok
467720,467720.0,3.908983754592139e+16,star,0.00028580947103967226,3.1791212008174148e-06,0.0,0.14465234335849728,star,False,19.18803,,,,,,,1.300765651067989,1.7778699997754481,ok,1.300765651067989,2.5043273747935055,ok,18.89859027587488,1.6643670326083229,ok,34.47669849566935,36.055891020253796,ok,34.47669849566935,63.25919404320986,ok
469320,469320.0,3.908983755012994e+16,star,0.0007109221638294467,1.3676666559542807e-05,0.0,0.011043065033002506,star,False,19.740538,-2.075349552750823,-1.8206467418956573,2.7607662568349234,0.9922863755355461,0.6324121356010437,0.7646483778953552,3.185857836575746,1.7598289223686543,ok,3.185857836575746,2.3258973994876095,ok,6.902326444019227,1.664374300572918,gaia_consistent,37.668017660651294,36.05590328842779,ok,37.668017660651294,63.28573722088386,ok
324350,324350.0,3.908983755012581e+16,star,7.786008429927289e-05,5.397704480758182e-05,0.0,0.00916112642032754,star,False,20.870874,,,,,,,7.201446809669334,1.8634091870585279,ok,7.201446809669334,2.974855874083365,ok,4.831536311917261,1.6644119711947114,ok,18.761811902870853,36.056525385923436,ok,18.761811902870853,63.32524346242569,ok
324682,324682.0,3.908983755012581e+16,galaxy,1.684578343490705,0.00015266293773350383,4.0,0.1063087746442413,star,False,24.009333,,,,,,,8.332701356568371,1.7404378263797435,ok,8.332701356568371,2.2023290704698284,ok,22.3924141586341,1.6672316376490164,ok,33.8912962417347,36.13235693384808,ok,33.8912962417347,71.81048289510606,ok
324979,324979.0,3.96278355638392e+16,star,0.0009640752596947825,1.499270737750158e-05,0.0,0.03381163110293353,star,False,18.954313,0.7612582961753724,-7.488228847080357,7.526824394108199,0.40637350056702537,0.2524678707122803,0.3184327185153961,5.086089174887555,1.7775949078118156,ok,5.086089174887555,2.8371388225216085,ok,8.898983413231008,1.6643650111892436,gaia_consistent,50.459464492705834,36.05566906355835,ok,50.459464492705834,63.25810822873978,ok
323715,323715.0,3.908983755011925e+16,star,0.0003162989890008549,2.003958485750223e-05,0.0,0.01065897291983861,star,False,20.310654,-2.661986080643824,-0.12118797809460491,2.664743218318817,2.268052770244082,1.3674681186676025,1.809445858001709,6.818238405249337,2.149465224447958,ok,10.354580610434459,2.22916275419599,ok,5.711865919886992,1.6643885437404657,gaia_consistent,24.294713357206728,36.05616194340634,ok,24.294713357206728,63.286729874953494,ok
321508,321508.0,3.908983754592073e+16,star,8.242757327709318e-05,2.720417677363926e-05,0.0,0.05961342423253218,star,False,21.468439,,,,,,,1.5392472090705724,1.7954299368601396,ok,1.5392472090705724,3.1214635724460886,ok,11.757111090388305,1.664465583401626,ok,39.57382990491329,36.08646690993445,ok,39.57382990491329,63.67484379777725,ok
322496,322496.0,3.962783556383888e+16,quasar,1.4464309186552413,0.0005119824229263003,0.0,0.010995375824757079,AGN/QSO,True,22.425394,,,,,,,8.296827580434263,1.7290432794313257,ok,8.296827580434263,2.241275302821294,ok,4.205537178476999,1.664696474654133,ok,16.57058006912449,36.05881586387774,ok,16.57058006912449,63.35772809594037,ok
322656,322656.0,3.908983755011924e+16,galaxy,1.234901854328352,9.616215061184734e-05,4.0,0.019232993202123363,star,False,22.505358,,,,,,,0.9095156763113124,1.7596487002971877,ok,0.9095156763113124,2.347365852349067,ok,6.455895849342716,1.66469740196526,ok,32.37636295257843,36.082509648593174,ok,32.37636295257843,64.10502878976152,ok
320835,320835.0,3.908983739505853e+16,star,0.00042134342987565766,3.6120390752622465e-05,0.0,0.023885247638977102,star,False,21.356894,,,,,,,9.115474699015076,1.8054638363171203,ok,9.115474699015076,2.453880767972502,ok,6.823680231986641,1.6644483701297954,ok,30.07444363181333,36.067952099031274,ok,30.07444363181333,63.60911029387032,ok
322303,322303.0,3.962783556383852e+16,star,7.842074049434316e-05,5.823012248077274e-06,0.0,0.05460686484525492,star,False,18.487879,-11.386116987041877,-4.136930313507289,12.114365541018609,0.42808554483381467,0.26278960704803467,0.337933212518692,3.0528714217396766,1.9086926071854988,ok,4.345166171158278,2.31437069987064,ok,16.49413915027451,1.6643620477377925,gaia_consistent,40.14073142411552,36.055635239806534,ok,40.14073142411552,63.25223775272807,ok
664986,664986.0,3.962784160363732e+16,star,0.0002593447469269671,5.390286307008706e-06,0.0,0.018324748269761458,star,False,18.891584,-0.7914861381441123,-4.015164725253645,4.09243180490469,0.44700277564239055,0.29052722454071045,0.3397137224674225,6.957285998519932,1.7228606463467,ok,6.957285998519932,2.1835256215584153,ok,6.611701541890471,1.6643648726849676,gaia_consistent,57.90712338201298,36.0556701017329,ok,57.90712338201298,63.257169020538946,ok
661842,661842.0,3.908983755014802e+16,galaxy,1.5455725238455797,9.816386642324633e-05,4.0,0.015218455978624647,star,False,23.014574,,,,,,,10.299384010065813,1.9554098430184172,ok,10.299384010065813,2.44615462691299,ok,2.639480235384873,1.665601218074842,ok,21.46244862796676,36.06238548244865,ok,21.46244862796676,63.427485899535704,ok
104987,104987.0,3.908983755011394e+16,galaxy,1.0960166836118892,7.649689159460108e-05,4.0,0.02444579180432176,star,False,22.163177,,,,,,,2.9560556612618516,1.7471460941799701,ok,2.9560556612618516,2.3096425944756147,ok,5.8738349590375405,1.6646669272888717,ok,8.398583110957741,36.05876267261117,ok,8.398583110957741,63.49907249254992,ok
662640,662640.0,3.908983755011169e+16,star,0.0007408488672897779,1.8370015379887094e-05,0.0,0.013238129680593605,star,False,19.659836,-1.439513868003998,-2.9800678925091812,3.3095324171459546,0.8479306123492952,0.5556397438049316,0.640508234500885,11.069985543824908,1.7471334262794256,ok,11.069985543824908,2.3096369076275787,ok,5.729646548221088,1.6643741970475727,gaia_consistent,50.41616848476434,36.0558195122962,ok,50.41616848476434,63.27098563696667,ok
479626,479626.0,3.908983755014354e+16,star,7.071031910792112e-05,1.1924432161316337e-05,0.0,0.040541372774924034,star,False,19.795099,1.4532898594482455,-10.030609661498614,10.135343190880338,0.9664681785586086,0.6299976706504822,0.7329145073890686,2.5379001726615344,1.862857754893859,ok,2.5379001726615344,2.5312112763498154,ok,10.226107677724633,1.6643752971863746,gaia_consistent,21.33722201702257,36.055975507350844,ok,21.33722201702257,63.267781970035834,ok
477746,477746.0,3.9089837545921416e+16,star,0.0003370670451198512,1.1283269926611687e-05,0.0,0.07299434690924843,star,False,20.037739,,,,,,,10.503961310034391,2.499948436351139,ok,0.9972435798446865,2.5902982684622797,ok,10.392768156403028,1.6643802969423858,ok,33.660911498162704,36.05594832469352,ok,33.660911498162704,63.28237316640495,ok
476281,476281.0,3.908983755011602e+16,galaxy,0.0006073632113638044,6.929245643390554e-05,0.0,0.011289324775609818,star,False,21.163889,,,,,,,5.0557430450313365,2.157478410928658,ok,4.969884907750024,2.3647873037738125,ok,2.4555390716385928,1.6644325453567732,ok,6.903035124094821,36.05714014338682,ok,6.903035124094821,63.310569009227756,ok
483106,483106.0,3.908983755011486e+16,star,0.0005969388459946046,3.688182208122012e-05,0.0,0.01167166565690304,star,False,20.620037,-2.4567328202041394,-1.5743887939524828,2.9179164183354085,1.6971391500012132,1.1026153564453125,1.2901630401611328,10.374515558545877,2.9690279793597933,ok,11.170027276588712,2.350843871690149,ok,2.910688396403314,1.6643994053593285,gaia_consistent,66.30969269943459,36.056023581415005,ok,66.30969269943459,63.307652790426616,ok
476198,476198.0,3.9627847643435e+16,star,0.0009720622333759351,6.453371031131337e-06,0.0,0.14015996730753405,star,False,18.470301,-30.915045627144664,-1.5376387435358634,30.953261201916334,0.5300515891735349,0.34540289640426636,0.4020591080188751,4.497571428742871,1.7980965597885368,ok,4.497571428742871,2.5889631743140686,ok,34.26415853169105,1.664361925925187,gaia_consistent,36.43789074942013,36.05564539117751,gaia_consistent,36.43789074942013,63.25224903059945,gaia_consistent
436736,436736.0,3.908983755013432e+16,star,-0.000258828876252406,1.7842809516922547e-05,0.0,0.0638921466969042,star,False,20.850985,,,,,,,6.2574429310362225,1.7566094582381502,ok,6.2574429310362225,2.4414394703304843,ok,5.976680314881252,1.664411532917483,ok,30.7818292979335,36.05627200464258,ok,30.7818292979335,63.29729149773394,ok
333101,333101.0,3.908983755011987e+16,star,0.00010523286052003916,3.729578649790483e-05,0.0,0.027697463115574306,star,False,20.540508,1.4074280557181504,-6.779822098163283,6.924365777077765,2.501569346120255,1.5841517448425293,1.9360558986663818,1.0879541132086723,1.734523911919325,ok,1.0879541132086723,2.2666543359057854,ok,6.543926230047927,1.6643958688048157,gaia_consistent,26.80389644811107,36.05631478735495,ok,26.80389644811107,63.30972936696448,ok
330069,330069.0,3.908983754592101e+16,star,0.00010669943328118753,9.691296334704384e-06,0.0,0.03180038467048431,star,False,19.732462,-3.7294590552829128,-5.7936054877653325,6.890190809614513,1.5242879843053831,0.9943772554397583,1.155278205871582,14.11473022451397,1.7220894799346986,ok,14.11473022451397,2.1822541423031843,ok,9.033389138544864,1.6643742114663045,gaia_consistent,26.283748327860398,36.056048496633025,ok,26.283748327860398,63.27640333311758,ok
331056,331056.0,3.9089837545921e+16,star,-2.7808592140799127e-05,1.4764054546238489e-05,0.0,0.06411308686709062,star,False,20.616222,,,,,,,6.629809644156214,1.812373239796645,ok,6.629809644156214,2.8964393058091886,ok,11.801202314433862,1.6643994133131894,ok,27.163489281358597,36.05667293776564,ok,27.163489281358597,63.2851689331422,ok
331107,331107.0,3.9089837545921e+16,star,0.0002924931370245089,9.130399107597832e-06,0.0,0.0246344142124516,star,False,19.600103,0.27358478689090704,-4.823199479410353,4.830952478942682,1.3261040163681588,0.8664157390594482,1.0039300918579102,6.477543828228905,1.9024233264985169,ok,6.5237867269304255,2.892875502841693,ok,6.279081959869037,1.6643721307640225,gaia_consistent,33.79535222072295,36.05598845080094,ok,33.79535222072295,63.26968480257952,ok
331889,331889.0,3.908983755014638e+16,star,3.977368083685453e-05,3.237986544582824e-06,0.0,0.01589363243240573,star,False,18.771542,-3.963278906343491,0.28353553561616485,3.9734081201689313,0.5110539830153399,0.3209933936595917,0.39766746759414673,11.589693274172829,1.7490899288373585,ok,11.589693274172829,2.3620623235720797,ok,7.7661304825516835,1.6643636791208642,gaia_consistent,22.156960611638077,36.05562738597869,ok,22.156960611638077,63.25548568665507,ok
331604,331604.0,3.908983755021884e+16,galaxy,1.5848133267571651,0.00011198473354515199,4.0,0.022785555983585,star,False,23.413584,,,,,,,6.9014969783768265,1.7303990041619888,ok,6.9014969783768265,2.203700482902265,ok,3.4980971331867945,1.6655171244165967,ok,33.61027617491325,36.073055884400446,ok,33.61027617491325,64.46227077692228,ok
329267,329267.0,3.908983754592098e+16,star,-3.155230510525106e-05,4.184626854931857e-06,0.0,0.03783957232707361,star,False,18.972679,-5.798192276623546,-6.71107991762673,8.868913537602548,1.0396019202451754,0.6458561420440674,0.8146422505378723,11.839522981537792,1.792850491119601,ok,11.839522981537792,2.5145115076232636,ok,11.576590872146914,1.6643654216205728,gaia_consistent,44.34245265743356,36.05579740166481,ok,44.34245265743356,63.25456903417323,ok
329734,329734.0,3.962783556383911e+16,star,0.0005103935601041858,2.6741088915094583e-05,0.0,0.014018873197665704,star,False,18.920301,-1.3740249078357136,-2.5612387353977373,2.9065251258254663,0.3792960381830484,0.249637171626091,0.28556394577026367,4.334669442574704,1.7449943865199162,ok,4.334669442574704,2.2494130945993622,ok,6.52626578101368,1.664364705288706,gaia_consistent,28.274173499278454,36.05566002012233,ok,28.274173499278454,63.26222485896161,ok
673340,673340.0,3.90898375501207e+16,galaxy,1.026460841346755,6.38921292441952e-05,0.0,0.023925628011181588,star,False,22.451941,,,,,,,3.9289290054018,1.7201414956865921,ok,0.400173795204969,2.288098142043412,ok,5.508474255303067,1.6648190462112413,ok,36.416826941803514,36.05877193425647,ok,36.416826941803514,63.40507456234233,ok
673852,673852.0,3.908983754592119e+16,star,0.00017107218169890975,5.083626493297522e-06,0.0,0.23064663327721904,star,False,18.95903,-23.017229630701106,-45.378560797897194,50.88228218113724,0.8647527864923504,0.5697028040885925,0.6505659818649292,7.835043853453241,1.850207304904739,ok,7.835043853453241,3.1118547451655596,ok,57.346340152576225,1.6643654248417814,gaia_consistent,75.89629588127836,36.0557542604308,gaia_consistent,75.89629588127836,63.25968736537808,gaia_consistent
669575,669575.0,3.908983755012009e+16,star,0.00012775058612392765,9.105559976341662e-06,0.0,0.005463457829495607,star,False,19.706572,0.0786082389294898,-1.3636005498949826,1.3658644570020462,0.8576478396743824,0.5922732353210449,0.6203001141548157,5.441208267183162,2.2307139287707676,ok,6.913097280866524,4.690598481847542,ok,4.654079347234308,1.6643751695771356,gaia_consistent,46.67713156551718,36.055808666423296,ok,46.67713156551718,63.30168648414115,ok
669485,669485.0,3.962784160363803e+16,galaxy,1.480580701095185,0.00010553879095413032,4.0,0.09066471327650556,AGN/QSO,True,23.62557,,,,,,,10.399034413926385,1.8990787006170673,ok,10.399034413926385,3.7892077905616444,ok,3.998648050995672,1.6671258706364467,ok,31.734292783512892,36.06289414902707,ok,31.734292783512892,63.63389961396556,ok
671981,671981.0,3.96278416036381e+16,quasar,2.485018570841824,0.0004034584155316633,0.0,0.01416669091256244,AGN/QSO,True,23.138081,,,,,,,5.955567316654659,1.7398734957402355,ok,1.8327515231286375,2.352681400024018,ok,4.264268784061012,1.665744859463538,ok,36.90127059497038,36.06714335149991,ok,36.90127059497038,63.36938535603433,ok
672085,672085.0,2.305843037793682e+18,star,5.183384892215786e-05,1.707351339649215e-05,0.0,0.03545538386580388,star,False,18.78019,-5.9556712033230585,3.7426933479844355,7.034043856782418,0.49892373865778156,0.3508484661579132,0.35472559928894043,12.045463794581151,1.8478009605036996,ok,12.045463794581151,2.350360348862158,ok,11.34633344939096,1.6643640829660042,gaia_consistent,,,inconsistent_with_gaia,,,inconsistent_with_gaia
119751,119751.0,3.962783556384006e+16,quasar,2.233168550054291,0.0003470899441843282,0.0,0.0072113504911126385,AGN/QSO,True,21.492704,,,,,,,9.116013978855625,1.7298263269430179,ok,9.116013978855625,2.188365987657758,ok,2.700840433558146,1.6644673555285112,ok,13.344047366591983,36.05765629276578,ok,13.344047366591983,63.40342741582248,ok
336294,336294.0,3.908983755014525e+16,galaxy,0.20394930112998988,3.939514736188478e-05,4.0,0.018507397379322967,star,False,22.335815,,,,,,,0.45108213783517104,1.7225694708702175,ok,0.45108213783517104,2.181062102414936,ok,2.1461755120053927,1.6646380236691776,ok,14.919797142237783,36.06008423456822,ok,14.919797142237783,63.54895037939283,ok
120322,120322.0,3.908983754588229e+16,galaxy,0.16435462181042293,0.00012565554314465123,4.0,0.05246962793284454,star,False,23.292662,,,,,,,12.814876305775607,1.7944415894978747,ok,12.814876305775607,2.348422651568086,ok,5.91457130600236,1.665391182559324,ok,13.867200621506326,36.066171061712865,ok,13.867200621506326,63.640578227239146,ok
120903,120903.0,3.908983755014832e+16,quasar,1.9211756124373092,0.0006465052711088216,0.0,0.0039299481749756095,AGN/QSO,True,20.128891,0.8639733957512171,0.4677935182276488,0.9824870504295162,1.4846930333335024,1.0865180492401123,1.0118260383605957,3.783752088416571,1.9348197905167934,ok,5.0536245303257905,2.8162917203945708,ok,2.8202036381466424,1.6643832399207268,gaia_consistent,22.850942919234967,36.056135692822146,ok,22.850942919234967,63.297777329342715,ok
336629,336629.0,3.908983755013056e+16,galaxy,1.4797880190886876,7.348214204637238e-05,4.0,0.010028340197905338,star,False,23.192362,,,,,,,5.086089174887555,1.7775949078118156,ok,5.086089174887555,2.8371388225216085,ok,4.112322723403342,1.665215034520189,ok,5.036318571750545,36.06854828828387,ok,5.036318571750545,63.99133120461455,ok
332966,332966.0,3.908983754592097e+16,star,3.7656789207211186e-05,1.7396529862497666e-05,0.0,0.03747149570498162,star,False,20.728901,,,,,,,5.603966606332236,1.903424331514628,ok,4.962240552692699,2.4188776912167205,ok,8.16014447221494,1.6644045353916515,ok,22.49413917251129,36.05685640830314,ok,22.49413917251129,63.27472143436206,ok
487114,487114.0,3.908983739505173e+16,star,0.00022388374525340356,7.767835708885249e-05,0.0,0.15854365331719408,star,False,20.653496,-32.444982235704416,19.36360421892473,37.78393892412932,2.066871964387713,1.2794225215911865,1.6232799291610718,4.965939529414888,1.8019255740067572,ok,4.965939529414888,2.27451888563397,ok,39.56932133823248,1.664400712212885,gaia_consistent,79.14154271352821,36.05640791179543,ok,79.14154271352821,63.33548095723274,ok
449381,449381.0,3.908983754592142e+16,star,9.85372234250766e-05,2.7472344742947128e-05,0.0,0.09256872959673189,star,False,21.595324,,,,,,,8.296827580434263,1.7290432794313257,ok,8.296827580434263,2.241275302821294,ok,18.32055156719414,1.664475707597907,ok,37.11897798534079,36.05810956407223,ok,37.11897798534079,63.29702511717057,ok
447333,447333.0,3.9089837545921416e+16,star,0.00021034065673423215,1.0304485161787726e-05,0.0,0.006900291621557786,star,False,19.953882,1.8482230952890197,-1.4696946575333034,2.3613409318312466,2.131077155511131,1.3092414140701294,1.6814805269241333,1.5592540853184285,1.9729648454368096,ok,4.5175990433089375,2.3325029115395544,ok,1.5728422864892464,1.6643792414394496,gaia_consistent,56.79515336247214,36.055900599243856,ok,56.79515336247214,63.293980992423286,ok
443702,443702.0,3.9089837550116456e+16,galaxy,-0.00019558496881702783,4.603369538950775e-05,4.0,0.03382273224753967,star,False,22.298403,,,,,,,4.828417910668164,1.7806627060023223,ok,9.556301127831192,3.0273468786587046,ok,1.6355128657827926,1.664651818854109,ok,21.908555398861253,36.06111303440888,ok,21.908555398861253,63.65045524979954,ok
445564,445564.0,3.9089837395051576e+16,galaxy,0.5019897956973842,7.129816951457349e-05,0.0,0.03779165275435918,AGN/QSO,True,21.019722,,,,,,,6.124476136397421,2.1485778559805624,ok,6.522868813831352,2.83483420068634,ok,1.24157397680361,1.6644851921221915,ok,42.02340868530508,36.057672508870205,ok,42.02340868530508,63.27749683515715,ok
448734,448734.0,3.962784764343521e+16,star,-4.50894932588746e-06,0.00023385323220657397,0.0,0.045984565357077636,star,False,22.518108,,,,,,,10.903294800493038,2.6156828783971604,ok,0.7280935505601419,2.234644014381681,ok,8.632884622848112,1.664704220615536,ok,19.77684354019207,36.06036182887338,ok,19.77684354019207,64.00137221589787,ok
443570,443570.0,3.962784764343506e+16,star,0.000933144419360818,2.659916460057327e-05,0.0,0.016471119685886812,star,False,19.034876,-0.8484813361821233,-3.5938010124422393,3.692604270007858,0.5507302953616128,0.35950911045074463,0.4172014594078064,8.315160597297849,1.8091538008246526,ok,8.315160597297849,2.3893401330969053,ok,3.359171018041877,1.664365621670116,gaia_consistent,69.79686155431827,36.05571381514232,ok,69.79686155431827,63.26681761850386,ok
448436,448436.0,3.908983755012477e+16,star,0.0010520334477225161,8.982640093549726e-06,0.0,0.019666506584826975,star,False,19.373266,-3.9993543885792744,-2.8597870414874818,4.916626632977943,0.6381814406763785,0.41862431168556213,0.48169413208961487,5.977513119786412,1.9003627892128707,ok,7.059280457123565,2.2725906044867346,ok,5.677207841659501,1.664369060058184,gaia_consistent,31.22914655578796,36.05578531972541,ok,31.22914655578796,63.27490506374881,ok
448206,448206.0,3.908983755012477e+16,star,0.00011887765129136481,6.208586696554135e-06,0.0,0.01184283639952547,star,False,19.371618,-2.959102287840242,0.09752969443620016,2.960709102765446,0.656629579942714,0.42381349205970764,0.5015421509742737,10.332999421081492,1.861377214739646,ok,10.332999421081492,2.365660996061827,ok,3.74050294246483,1.6643690772904811,gaia_consistent,53.233328486680655,36.05567390495299,ok,53.233328486680655,63.26241184393301,ok
449210,449210.0,3.908983739505154e+16,star,0.0006264315636339907,3.5678820449555137e-05,0.0,0.03266961207554616,star,False,21.456665,,,,,,,6.441285273003394,1.7779101053658828,ok,6.195735067304738,2.711139020220006,ok,4.116586468797578,1.6644611966981133,ok,30.846468537583693,36.057742634172286,ok,30.846468537583693,63.40449586890472,ok
450330,450330.0,3.962784764343498e+16,galaxy,0.0008477123902900402,4.786930709466658e-48,514.0,0.0076401487865321105,AGN/QSO,True,21.875578,,,,,,,9.046109634657748,1.7687485848989921,ok,9.046109634657748,2.341253946783699,ok,1.8537718697433256,1.6645468919779867,ok,31.981843059980182,36.06209311040697,ok,31.981843059980182,63.893321261580326,ok
677127,677127.0,3.908983754592122e+16,star,0.0001267205839662536,2.67459906747222e-05,0.0,0.062307929792950405,star,False,21.404499,,,,,,,2.5675449169135396,1.7493808011531489,ok,2.5675449169135396,2.2360871645168574,ok,12.500234251529006,1.664454806218382,ok,14.169010834628526,36.057298010291035,ok,14.169010834628526,63.302822216575954,ok
679835,679835.0,3.90898373950498e+16,star,0.0002312256969705287,2.5720515439503573e-05,0.0,0.10448071199443788,star,False,20.766768,,,,,,,2.6114875619744886,1.7755229964663521,ok,2.6114875619744886,2.4079658760019633,ok,17.619890391200176,1.6644061170439624,ok,41.60655661567315,36.05626309055242,ok,41.60655661567315,63.30951405878365,ok
678263,678263.0,2.3058430377936824e+18,star,0.0002767419768949501,2.4204776802593967e-05,0.0,0.03161856890152771,star,False,18.794544,-6.410798845827264,-2.7686137459931923,6.9830912865408425,0.4205711451915042,0.2770371735095978,0.31643402576446533,12.001931832921398,1.7774178619307799,ok,12.001931832921398,2.4515919806518647,ok,12.150473588345259,1.6643637884666318,gaia_consistent,55.535887421426814,36.05559862309242,ok,55.535887421426814,63.25715930550539,ok
676295,676295.0,3.9089837395049704e+16,star,-0.0003713953282614293,3.450732684319229e-05,0.0,0.06342381814323292,star,False,21.424908,,,,,,,5.234460580229914,1.952448006222324,ok,5.234460580229914,4.766962537682929,ok,9.654202161257905,1.6644575871119949,ok,15.080442420291542,36.05694193007193,ok,15.080442420291542,63.306238282679985,ok
680656,680656.0,243335096696864.0,galaxy,0.0008477123902900402,4.786930709466658e-48,514.0,0.06355642476298115,star,False,24.036421,,,,,,,2.3494591121487995,1.89434068698349,ok,8.50018326607865,2.318079091788324,ok,5.718425392683929,1.6673218105843346,ok,6.891280910597324,36.09195935628756,ok,6.891280910597324,65.68842617127767,ok
128139,128139.0,3.908983755013187e+16,star,0.00024106683283013413,3.407762140370949e-06,0.0,0.026867280672515172,star,False,18.810699,-6.3667938639706785,-2.1400020942688607,6.71682016059458,0.5806625531972718,0.381348192691803,0.4378841817378998,9.313675954388751,3.174927747763477,ok,12.403905894465057,3.83932499390608,ok,9.42424251130048,1.6643639627706357,gaia_consistent,63.26341354716507,36.05579719429367,ok,63.26341354716507,63.281124299407125,ok
120813,120813.0,3.9627835563839256e+16,galaxy,0.22082518499060674,5.0206149646318754e-05,0.0,0.019264032706257667,AGN/QSO,True,18.053766,,,,,,,0.8060656640040966,1.7608129991177701,ok,0.8060656640040966,2.4491406893045324,ok,2.1800400296524383,1.6643636526277343,ok,14.448513915353605,36.05571955483308,ok,14.448513915353605,63.250565765790256,ok
120742,120742.0,3.908983739500651e+16,star,3.204140645365062e-05,1.0322517071797989e-05,0.0,0.015607672180201192,star,False,20.15263,3.198702847611337,-4.589861727093854,5.59450896693873,1.3894420934217542,1.0007213354110718,0.9639015197753906,3.2885771344149477,1.747292867452262,ok,3.2885771344149477,2.4801272648578934,ok,1.9009554552844716,1.6643833092509361,gaia_consistent,,,inconsistent_with_gaia,,,inconsistent_with_gaia
120871,120871.0,3.90898375501483e+16,star,0.00012949462616077177,5.419991307806273e-05,0.0,0.0071947963374510565,star,False,21.744595,,,,,,,1.1244366476794918,1.7355341953594206,ok,1.1244366476794918,2.243558844114831,ok,1.7915957951817352,1.6645041243930823,ok,35.94840091083402,36.057955635566536,ok,35.94840091083402,63.44678656627502,ok
686463,686463.0,3.908983754592123e+16,star,-2.2256946313565935e-06,1.4679445257126428e-05,0.0,0.026160351247311503,star,False,20.506519,,,,,,,10.143818448221918,1.8472134288041768,ok,10.143818448221918,2.4706002935847917,ok,8.511033511694952,1.6643948214801423,ok,24.89129807069002,36.05624102448676,ok,24.89129807069002,63.28959784071642,ok
691348,691348.0,3.962784160363874e+16,star,0.00038691391591842017,0.00011008445995356028,0.0,0.18905504867652403,star,False,20.147038,-41.83401409802678,-0.16672254658612579,41.834346319279845,0.7306346769772276,0.4651489853858948,0.5634389519691467,0.9074936309289555,1.923455675635187,ok,7.637988846357841,2.5100838862286814,ok,47.05053801960126,1.6643829842585534,gaia_consistent,,,inconsistent_with_gaia,,,inconsistent_with_gaia
685227,685227.0,3.908983754592122e+16,star,5.0941977674835017e-05,2.3768996974607322e-05,0.0,0.029471676959746885,star,False,21.293423,,,,,,,3.8159770572261555,1.922320657714356,ok,10.419989002529224,2.2410646136095767,ok,10.230440128343776,1.6644437162728771,ok,47.2862591441794,36.05806851039119,ok,47.2862591441794,63.31136082063924,ok
685774,685774.0,3.908983754592122e+16,star,0.0003207599073665529,1.6444512604356444e-05,0.0,0.0840702422680114,star,False,20.613638,,,,,,,4.37148565591609,1.7874099176140343,ok,4.37148565591609,2.597263547489095,ok,16.10242323069788,1.6643992977856112,ok,48.200201795712,36.05619067259839,ok,48.200201795712,63.2681611620707,ok
690576,690576.0,3.908983754592122e+16,star,3.437083299050081e-05,2.120151661079575e-05,0.0,0.04509025934685868,star,False,21.023567,,,,,,,2.8388096060073336,1.7696405226985352,ok,2.8388096060073336,2.8461526103980845,ok,8.113748413948107,1.6644227987312712,ok,8.850402651379557,36.05735257362745,ok,8.850402651379557,63.29438105750401,ok
687676,687676.0,3.908983754592122e+16,star,0.0001764433020129872,1.751076324201775e-05,0.0,0.055896672985436734,star,False,20.885147,,,,,,,2.603157856173971,1.8975465122957484,ok,4.976398807029533,2.272688742883053,ok,7.379186597235228,1.664413029759252,ok,43.9242938762533,36.05651085013066,ok,43.9242938762533,63.28128995875732,ok
686429,686429.0,3.962784160363835e+16,galaxy,1.1492234814518856,3.7461144090388295e-05,0.0,0.03639010908143208,star,False,23.478241,,,,,,,10.572990016976128,2.163078686228514,ok,10.572990016976128,3.378539488205659,ok,4.877387011745512,1.6662587473284936,ok,216.9512085266247,36.100453037966105,ok,216.9512085266247,66.39461968173126,ok
687514,687514.0,3.908983739504975e+16,galaxy,0.2652708325216955,9.750143487445697e-06,0.0,0.024407352015206395,AGN/QSO,True,20.167265,,,,,,,5.155722313162715,1.8922521990003696,ok,5.155722313162715,4.012744215496291,ok,4.3042878178229715,1.664401291142085,ok,60.0287337592555,36.05661362693716,ok,60.0287337592555,63.27030423212639,ok
686314,686314.0,3.908983754592121e+16,star,-7.259220730590468e-07,4.9178642902517355e-06,0.0,0.06233773035965309,star,False,19.102325,-0.7511432778248136,-14.128785878538341,14.148738693799029,0.9375506469085734,0.6133593320846558,0.7090779542922974,3.821593073493261,1.7393844816557913,ok,3.821593073493261,2.3183933917810853,ok,14.406746339465306,1.6643662155065357,gaia_consistent,47.49029290649603,36.055834498286984,ok,47.49029290649603,63.255593640408144,ok
684337,684337.0,3.908983755012032e+16,galaxy,0.5788989246870224,4.3589986993758355e-05,0.0,0.02374902161282703,star,False,22.010517,,,,,,,6.891398574076731,1.7290621784953824,ok,6.891398574076731,2.2338573541852957,ok,5.425350375076122,1.6645679080138605,ok,23.092696951879734,36.05885248158197,ok,23.092696951879734,63.62159872378918,ok
691265,691265.0,3.9089837545921416e+16,star,9.93108585729757e-05,1.729252299141707e-05,0.0,0.07746231149323063,star,False,20.683521,,,,,,,5.8118489580343065,1.8745509835609544,ok,3.2035930897005964,2.604324279531182,ok,6.991603726653662,1.6644028228419776,ok,31.7041517163025,36.05645846422935,ok,31.7041517163025,63.278499694176936,ok
134996,134996.0,3.908983754592103e+16,star,1.5061625132412495e-05,8.632890438550827e-06,0.0,0.023171553997232728,star,False,19.996557,,,,,,,7.201446809669334,1.8634091870585279,ok,7.201446809669334,2.974855874083365,ok,3.4016535882118957,1.6643793853047977,ok,50.30149336481939,36.055957960668515,ok,50.30149336481939,63.27168264382671,ok
135674,135674.0,3.908983755014378e+16,galaxy,1.0456239518220563,0.00019368898948615975,0.0,0.008160699640317183,star,False,21.68866,,,,,,,2.7790353361288007,1.769058928414124,ok,2.7790353361288007,2.250130561857808,ok,2.7948886759177514,1.6644897947396706,ok,25.448771672616935,36.057050667886145,ok,25.448771672616935,63.3684338620706,ok
134900,134900.0,3.908983754592101e+16,star,-7.310397477670163e-05,2.3084849191412865e-05,0.0,0.005005175630435642,AGN/QSO,True,20.802654,,,,,,,1.7695160205789655,1.7810822249218474,ok,1.7695160205789655,2.5097448216741354,ok,5.355901957280051,1.6644120411321086,ok,35.27288918589387,36.05625982476004,ok,35.27288918589387,63.30450377110529,ok
136632,136632.0,3.9089837550123896e+16,star,0.0006547793491855717,2.932768905618668e-05,0.0,0.010155599924490631,star,False,20.628132,-2.315319133242231,-1.0417823220757847,2.538899977420767,1.8658403491554645,1.4755889177322388,1.1419271230697632,6.523340569588011,3.778478919332017,ok,2.7486583378553857,2.6308527570747695,ok,2.820204357517031,1.6643994203924677,gaia_consistent,22.1297714076146,36.0564101623908,ok,22.1297714076146,63.28623814852286,ok
130416,130416.0,3.96278355638396e+16,quasar,0.5536908972763871,4.4594066654331055e-05,0.0,0.009697487758663708,AGN/QSO,True,19.597263,,,,,,,0.6429434641390663,1.7848932192085756,ok,4.139516437100389,2.4292304896801356,ok,2.956881023113431,1.664396076698737,ok,48.30728953532174,36.056204685561106,ok,48.30728953532174,63.30158262974289,ok
135170,135170.0,3.90898373950066e+16,star,0.0003008630672511285,2.921252364855807e-05,0.0,0.01947744336547338,star,False,21.116838,,,,,,,5.3798519188151745,2.373494285077245,ok,9.257449993389324,2.3564898525837545,ok,2.471426196457323,1.6644269396605835,ok,18.293677930742383,36.05633943888281,ok,18.293677930742383,63.31861164195558,ok
134409,134409.0,3.9089837545921e+16,star,-8.647442417242583e-05,2.5326493164439537e-05,0.0,0.053117944042024155,star,False,21.535784,,,,,,,3.0157617190287787,1.9092535102566583,ok,1.9953209870482638,2.450311910656602,ok,11.795706277982971,1.6644691659136914,ok,10.47957977666944,36.057879362658774,ok,10.47957977666944,63.3188863308373,ok
136156,136156.0,3.908983739071709e+16,quasar,2.9123769716585803,0.0001901378145368224,0.0,0.16705495778391652,AGN/QSO,True,24.425751,,,,,,,9.115474699015076,1.8054638363171203,ok,9.115474699015076,2.453880767972502,ok,5.679632385861081,1.6831596847825319,ok,78.26380469950169,36.268498047433106,ok,78.26380469950169,64.83859977583576,ok
132684,132684.0,3.962783556383945e+16,galaxy,0.0008477123902900402,4.786930709466658e-48,514.0,0.02264593965074874,star,False,21.39007,,,,,,,11.816652901675408,1.7505141359898222,ok,11.816652901675408,2.4534665570263923,ok,5.6182517222551605,1.6644532925995335,ok,16.291638967175984,36.05648234696585,ok,16.291638967175984,63.35665221813659,ok
130763,130763.0,3.908983755013922e+16,quasar,3.005028535219994,0.0008149781553963943,0.0,0.017357733664460747,AGN/QSO,True,22.76053,,,,,,,10.200739771328372,1.7824871351325042,ok,10.200739771328372,2.941577220282465,ok,3.4655163458503275,1.6648853173754845,ok,28.026676139791153,36.060801259551,ok,28.026676139791153,63.42829722190676,ok
467581,467581.0,234545043472405.0,galaxy,0.0008477123902900402,4.786930709466658e-48,514.0,0.005166633495614613,star,False,24.134426,,,,,,,2.2098942610233636,1.8276259947609519,ok,10.320428027713884,2.5659819690056174,ok,3.0773727003837443,1.6688143059457383,ok,159.77651784112825,36.101171343736034,ok,159.77651784112825,71.576536993856,ok
693187,693187.0,3.9089837550116e+16,star,0.0001450840494523716,3.348823835805977e-05,0.0,0.7553667598143101,star,False,22.954636,,,,,,,10.253323977976423,1.8684958560261307,ok,10.253323977976423,5.687116983110074,ok,2.82420692511959,1.6649906416215423,ok,9.208691486974256,36.066098392120836,ok,9.208691486974256,65.8469689297693,ok
693186,693186.0,3.9089837395051784e+16,star,0.00014148232359882461,3.349752960847225e-05,0.0,0.03841467568102294,star,False,21.168814,,,,,,,7.872822229013314,1.9316181675602586,ok,4.952905672867921,2.4149086364393373,ok,4.403255470385166,1.6644322275398054,ok,31.6681834987458,36.056965298112885,ok,31.6681834987458,63.335045815311815,ok
465233,465233.0,3.908983754592146e+16,star,0.0003027298370468404,1.980822844882741e-06,0.0,0.044175842667866075,star,False,18.254057,-9.571476637158769,2.7840578312475195,9.968156450588381,0.3313998358360663,0.21566727757453918,0.25162169337272644,6.706543511795445,1.9148409788369523,ok,6.919488914472925,2.2281480534710334,ok,15.710144788907261,1.6643610894517267,gaia_consistent,,,inconsistent_with_gaia,,,inconsistent_with_gaia
464425,464425.0,3.908983739505173e+16,galaxy,0.6052550234287367,5.886376499108774e-05,0.0,0.03581564691695087,star,False,20.956972,,,,,,,3.1366977261103757,1.7644945943319215,ok,3.1366977261103757,2.3634621097020956,ok,5.206608976187434,1.6646441820091962,ok,121.03365632226638,36.059281798330666,ok,121.03365632226638,63.28394577228219,ok
139837,139837.0,3.908983754592103e+16,star,-0.00018840490289151753,7.022885330862457e-06,0.0,0.03934979517276063,star,False,19.285582,0.6439455404734266,-9.243341460324809,9.265744827657146,0.8416240271872664,0.575031042098999,0.6145488619804382,1.4667818607890264,1.802536809586843,ok,1.4667818607890264,2.3991359725167514,ok,9.974644566917204,1.6643680387818258,gaia_consistent,51.83304436324084,36.05585568463796,ok,51.83304436324084,63.270164908571196,ok
141664,141664.0,3.908983755014081e+16,galaxy,1.5457788333359168,6.450560482155386e-05,4.0,0.003288627302200528,star,False,22.499847,,,,,,,4.554323120758305,2.4781955363544412,ok,5.672977917379393,2.6781153204440584,ok,3.2988181347173935,1.664690348229558,ok,9.402691129849098,36.058521190059075,ok,9.402691129849098,63.643894449637386,ok
140080,140080.0,3.908983754592102e+16,star,2.3585790222374585e-05,1.973736171926786e-05,0.0,0.025082441592731375,star,False,20.953112,,,,,,,4.737363630428952,3.978756699981927,ok,1.75840787447586,2.3534234214387966,ok,5.309638080268513,1.6644174895086106,ok,13.135137174200757,36.0571783203912,ok,13.135137174200757,63.294771955773236,ok
139230,139230.0,3.9089837550130296e+16,galaxy,0.9061504099131595,9.810200603253086e-05,4.0,0.028410727956639053,star,False,23.86574,,,,,,,2.6689187768886913,1.7648790660395048,ok,2.6689187768886913,2.4452116013147696,ok,9.14645631015617,1.666852588484708,ok,36.49950803721182,36.08737955842709,ok,36.49950803721182,63.97165936519293,ok
142485,142485.0,3.908983755011664e+16,star,0.0008214535577596469,6.176661491081921e-05,0.0,0.008546801771583998,star,False,21.983875,,,,,,,6.7429218385518634,1.7856470620667506,ok,7.384926324733673,2.510579780552305,ok,3.830044062150273,1.664545314911502,ok,24.421566868655777,36.057433606355886,ok,24.421566868655777,63.41670053355331,ok
144973,144973.0,3.908983754592123e+16,star,0.0003223455230523376,1.5043669377646194e-05,0.0,0.06851945607842069,star,False,20.612459,,,,,,,9.618621795686778,1.8178048991583104,ok,9.618621795686778,2.417835177993853,ok,12.11782011396231,1.6644004275980884,ok,19.856306698194345,36.05641522088718,ok,19.856306698194345,63.28216202081957,ok
143596,143596.0,3.9089837545921224e+16,star,-7.854458747704866e-05,8.033057186403585e-06,0.0,0.016899437135944963,star,False,19.779867,-1.8178962607907216,-4.316549845785912,4.683732420426178,1.3983899429002447,1.0086725950241089,0.968542218208313,4.258665675222387,1.7462493800210663,ok,14.011870412944763,3.7119941857347474,ok,7.801383209031638,1.6643749689621519,gaia_consistent,37.353292165862825,36.05594694087774,ok,37.353292165862825,63.27310260712007,ok
140212,140212.0,3.9089837550123944e+16,quasar,2.161346033232227,0.00017995179856805792,0.0,0.0031289923997151765,AGN/QSO,True,19.494379,-0.7803489030757702,0.054476253636181075,0.7822480889984911,0.7876745871004437,0.541388988494873,0.5721269249916077,3.32917726864509,1.7740594426662735,ok,3.32917726864509,2.340342829996038,ok,3.3785924837020604,1.6643708422040153,gaia_consistent,19.659844173509956,36.055682787209086,ok,19.659844173509956,63.26150708931852,ok
139850,139850.0,3.908983739504978e+16,galaxy,0.8372836802322249,0.000128441791841437,0.0,0.029338127234386148,star,False,21.695107,,,,,,,1.1293759645552346,1.7975291384784913,ok,2.0166731669270015,2.393370196813695,ok,3.5816806115077466,1.6646453579697547,ok,29.854636914743786,36.0583462154678,ok,29.854636914743786,63.32240049293278,ok
361246,361246.0,3.908983739505896e+16,star,0.0009967930720589917,2.488991583408362e-05,0.0,0.01957640871522582,star,False,20.979237,,,,,,,0.45108213783517104,1.7225694708702175,ok,0.45108213783517104,2.181062102414936,ok,10.116743107119978,1.6644178724825445,ok,33.60208516974036,36.06156511944297,ok,33.60208516974036,63.6061187805443,ok
362415,362415.0,3.908983755012565e+16,quasar,2.0283889736996366,0.0002704196154503431,0.0,0.01035081329122372,AGN/QSO,True,20.908453,-2.3046049256187424,1.1768621924545042,2.5877033221014716,1.9552356035169192,1.4600911140441895,1.3004153966903687,7.835043853453241,1.850207304904739,ok,7.835043853453241,3.1118547451655596,ok,3.4813510197194044,1.6644151608442668,gaia_consistent,19.114656083096556,36.057054818187346,ok,19.114656083096556,63.45180241475858,ok
358182,358182.0,3.9089837550139336e+16,galaxy,1.6045041242780709,0.00011548252676180356,4.0,0.14385008879149674,star,False,22.680315,,,,,,,7.726896175578886,1.9026585470360882,ok,5.006066286547579,2.4025911249907925,ok,21.119591416065447,1.664800255715843,ok,43.999312917696344,36.14855493784235,ok,43.999312917696344,67.60514884781594,ok
323147,323147.0,3.908983754592079e+16,star,-4.538891611081591e-05,2.676037113909457e-05,0.0,0.028579160530615978,star,False,21.399343,,,,,,,6.9014969783768265,1.7303990041619888,ok,6.9014969783768265,2.203700482902265,ok,5.3090259858453885,1.664454248819031,ok,45.475399604711825,36.058417019982286,ok,45.475399604711825,63.31003621801305,ok
321757,321757.0,3.962782952404212e+16,quasar,3.5532823813321817,0.0005851278071949041,0.0,0.02197735417762432,AGN/QSO,True,22.25325,,,,,,,7.17312708945149,1.8662478448884816,ok,7.17312708945149,2.551653875619039,ok,3.8648525112651804,1.664623786667565,ok,33.354233035014126,36.059874940325926,ok,33.354233035014126,63.47354724808873,ok
324156,324156.0,3.9627835563839896e+16,quasar,1.148174680525257,0.0001440311598671879,0.0,0.002755544141545227,AGN/QSO,True,20.614641,0.8012840855918735,-0.8147155750101107,1.142723787267448,2.1651565787982894,1.3440473079681396,1.6974804401397705,1.5592540853184285,1.9729648454368096,ok,4.5175990433089375,2.3325029115395544,ok,4.0122013955303055,1.6644013228722534,gaia_consistent,23.54275208922214,36.05903971023298,ok,23.54275208922214,63.52965661407596,ok
473898,473898.0,3.908983739505187e+16,star,0.0005787636879150594,3.74792118396709e-05,0.0,0.07518178712069516,star,False,21.148796,,,,,,,4.3634088472440995,2.0239775022919195,ok,10.60127412706656,2.213056594485265,ok,11.354639683560505,1.6644311309052582,ok,63.933696758761535,36.056590808217564,ok,63.933696758761535,63.31153260141679,ok
475096,475096.0,3.9627847643436616e+16,galaxy,0.4883009870987442,0.00013880421757858462,4.0,0.06520116529575415,star,False,22.974138,,,,,,,3.281252765335452,2.0750202385747545,ok,3.5099894660951234,2.951419831784959,ok,6.748395768694314,1.6649772051373273,ok,51.80310670491808,36.061807883724235,ok,51.80310670491808,63.58148026142093,ok
469313,469313.0,3.908983754592145e+16,star,2.6676015805608514e-05,7.763677336851519e-06,0.0,0.051106610406486674,star,False,19.589462,5.7788307588999555,-8.225332858238962,10.05241192793221,2.061002641047409,1.5908498764038086,1.3103162050247192,4.925315486478825,1.924924358918161,ok,6.313195383114699,3.87905444934788,ok,6.267843090409674,1.6643718787544475,gaia_consistent,85.10849407210756,36.056098773945386,ok,85.10849407210756,63.2953992519303,ok
472000,472000.0,3.908983754592146e+16,star,0.000193536808143083,1.5669015098668913e-05,0.0,0.1146858532434097,star,False,20.663816,,,,,,,3.871714399715733,1.8596186803151074,ok,3.871714399715733,3.632127809712281,ok,20.917244718529055,1.664401117329262,ok,28.74599856128618,36.05638146067127,ok,28.74599856128618,63.28026031124339,ok
476385,476385.0,3.908983755012162e+16,galaxy,0.00040379802280145183,4.782497060772143e-05,4.0,0.03283558178097596,star,False,21.893703,,,,,,,10.59098339145105,1.9904733204555218,ok,10.59098339145105,3.503959370696557,ok,6.783993320890059,1.6645398536139564,ok,38.484666529142814,36.05870406874223,ok,38.484666529142814,63.37334710031123,ok
473621,473621.0,3.90898373950518e+16,star,9.099658327050452e-05,1.7869298176804182e-05,0.0,0.10094650564443904,star,False,21.088932,,,,,,,3.4764819005190195,1.8608487626598214,ok,3.4764819005190195,3.057062183049719,ok,11.61356261717932,1.6644308338497198,ok,16.132843098290486,36.05690019551058,ok,16.132843098290486,63.27896182485399,ok
469383,469383.0,3.9627847643436056e+16,quasar,3.721771185822986,0.0003027962330442252,0.0,0.013422475435100913,AGN/QSO,True,21.218328,,,,,,,9.313675954388751,3.174927747763477,ok,12.403905894465057,3.83932499390608,ok,5.9557320406291,1.6644420632170913,ok,11.819147328679245,36.05674688078308,ok,11.819147328679245,63.38371286073374,ok
471139,471139.0,3.908983739505174e+16,galaxy,0.4955711519542436,0.00011556310082376827,0.0,0.030837197430333044,AGN/QSO,True,20.830002,,,,,,,5.8118489580343065,1.8745509835609544,ok,3.2035930897005964,2.604324279531182,ok,6.463636230110922,1.6645027864305626,ok,82.17901261807644,36.057323417532864,ok,82.17901261807644,63.27512182860959,ok
473862,473862.0,3.908983739505174e+16,star,-0.00014493851614396608,4.526993656387155e-05,0.0,0.017082682069078006,star,False,21.768145,,,,,,,7.656166353171122,1.9132048549582539,ok,7.656166353171122,2.723262875643322,ok,10.651379444159021,1.6645018735506951,ok,3.6438863016042395,36.05798961980341,ok,3.6438863016042395,63.313369676956604,ok
708783,708783.0,3.962784160363977e+16,star,0.0005922675533186174,8.38020939126428e-06,0.0,0.015802295231696392,star,False,18.595858,-0.13474129307549226,-3.3497572546676864,3.352466089501645,0.37595203559712964,0.26029953360557556,0.27126386761665344,7.201446809669334,1.8634091870585279,ok,7.201446809669334,2.974855874083365,ok,5.804035964625775,1.6643625964657731,gaia_consistent,70.9635757983236,36.05560985569643,ok,70.9635757983236,63.25230924074836,ok
710274,710274.0,3.9089837545921256e+16,star,7.950978286416617e-05,3.24771782813299e-05,0.0,0.06696845241742469,star,False,21.722233,,,,,,,5.997478309171102,1.7527298097800605,ok,5.997478309171102,2.6339223850609024,ok,14.325831728661218,1.6644955767628629,ok,19.746762987496606,36.05829973317328,ok,19.746762987496606,63.30527694175325,ok
145478,145478.0,3.908983754592125e+16,star,0.0002155034101830916,8.248031649774244e-06,0.0,0.05956643484821365,star,False,19.70071,-13.432425653027085,-1.8343348435780937,13.557095678738303,2.0633045458235273,1.5463052988052368,1.3660767078399658,7.726896175578886,1.9026585470360882,ok,5.006066286547579,2.4025911249907925,ok,18.729367312587936,1.664373689343154,gaia_consistent,25.384543074443716,36.055841295974616,ok,25.384543074443716,63.266406159184086,ok
706622,706622.0,3.908983754592125e+16,star,0.00010040788896860766,2.6076051587492096e-05,0.0,0.02588821496890766,star,False,21.561573,,,,,,,1.5489202923971699,1.872936786287745,ok,1.5489202923971699,2.9352840671390243,ok,7.647720340109239,1.6644766339750259,ok,30.520645467689146,36.05775079920686,ok,30.520645467689146,63.45887637233605,ok
710939,710939.0,3.962784160363894e+16,quasar,1.8445108031698385,0.00021807552473000261,0.0,0.02788373422757313,AGN/QSO,True,20.993702,,,,,,,3.185857836575746,1.7598289223686543,ok,3.185857836575746,2.3258973994876095,ok,6.400728100309445,1.6644199896062917,ok,52.65322170091738,36.05684238831374,ok,52.65322170091738,63.33284014593558,ok
710362,710362.0,3.908983739504983e+16,star,0.00021694688513059944,3.538177266083289e-05,0.0,0.05356679804840659,star,False,21.440639,,,,,,,11.069985543824908,1.7471334262794256,ok,11.069985543824908,2.3096369076275787,ok,11.327398894345198,1.664456267813517,ok,28.04667891784249,36.05685024584999,ok,28.04667891784249,63.31963295027685,ok
705766,705766.0,3.90898375501125e+16,galaxy,1.2986573103135244,8.806760054818327e-05,4.0,0.06631436206496437,star,False,24.02014,,,,,,,6.499904571672888,1.776734742101275,ok,7.974910480969188,2.837070323431197,ok,13.831962355160165,1.667496141876867,ok,16.006211683893643,36.086855198181745,ok,16.006211683893643,66.5893052951932,ok
664483,664483.0,3.962784160363852e+16,quasar,1.5185422742882007,0.0010799483111817376,0.0,0.026675485854296386,AGN/QSO,True,21.118061,,,,,,,4.346602330583015,2.6145011540468746,ok,5.431398496663186,2.421367955821669,ok,6.221895467331091,1.6644342737976399,ok,70.39686732076257,36.05623614245899,ok,70.39686732076257,63.34544101256675,ok
478658,478658.0,3.908983755011599e+16,star,0.0007653814744786949,4.880764725612839e-05,0.0,0.029818105524353253,star,False,21.455547,,,,,,,9.684428485054312,1.7782924175366237,ok,9.684428485054312,2.3810276994791693,ok,6.706518322199778,1.6644614637286403,ok,48.33575405927209,36.056765875790255,ok,48.33575405927209,63.35258337179586,ok
483480,483480.0,3.9089837545923624e+16,star,4.618367074757845e-05,9.978725623614868e-06,0.0,0.04442667202783317,star,False,20.250143,,,,,,,8.4948734059114,1.7970013434156933,ok,8.4948734059114,2.4800246779105266,ok,14.22802589692301,1.6643858001980598,ok,50.75810447808978,36.0561047372766,ok,50.75810447808978,63.27746328570259,ok
483312,483312.0,3.962784764343692e+16,star,0.00034131936919910236,5.731607712716892e-06,0.0,0.05754196772696317,star,False,18.774181,-10.77493120576051,-6.979026769692414,12.837677248667493,0.4434491038541015,0.31665030121803284,0.31045079231262207,1.649150935801627,1.735114083702622,ok,1.649150935801627,2.249606556425894,ok,19.338153562695037,1.6643637285619381,gaia_consistent,40.334982481519866,36.05559756341038,ok,40.334982481519866,63.251189086758714,ok
480128,480128.0,3.90898375501453e+16,star,0.000979700802684234,3.552468188360964e-05,0.0,0.004252146968988842,star,False,20.476702,-0.9965156333412485,-0.37014012680350444,1.0630367448793216,1.421649310193578,0.9276535511016846,1.0772862434387207,10.503961310034391,2.499948436351139,ok,0.9972435798446865,2.5902982684622797,ok,5.868764832830497,1.6643935681387392,gaia_consistent,34.811465270478024,36.05626376291714,ok,34.811465270478024,63.29276229295875,ok
479812,479812.0,3.9089837545921464e+16,star,0.00047631379055094336,2.1899827763832225e-05,0.0,0.02916511543438114,star,False,21.360285,,,,,,,6.818238405249337,2.149465224447958,ok,10.354580610434459,2.22916275419599,ok,13.398082058612497,1.664450639721322,ok,38.45658620714634,36.05734714954394,ok,38.45658620714634,63.31423900725654,ok
476763,476763.0,3.90898375501216e+16,star,0.0005424534412536967,3.1904060986062003e-05,0.0,0.012048895964247441,star,False,20.222948,-0.11540165222664477,-3.0100125964756073,3.012223991053532,1.1724274314369176,0.7987264394760132,0.8582669496536255,4.945121353505935,1.8983041271005248,ok,4.945121353505935,4.00658310305558,ok,7.24939336060205,1.66438504548048,gaia_consistent,26.89119516421797,36.05623421052691,ok,26.89119516421797,63.26688333315925,ok
477917,477917.0,3.908983754592143e+16,star,0.00016604337543674397,2.1026178963666025e-05,0.0,0.056600632322807196,star,False,21.140251,,,,,,,3.5191134986944337,2.0720169129891075,ok,3.5191134986944337,22.521987838673937,ok,12.786649054085878,1.6644312916622903,ok,47.040940902682145,36.05821027227566,ok,47.040940902682145,63.28249095400901,ok
478731,478731.0,3.908983754592144e+16,star,6.123652109594564e-05,8.506241212413251e-06,0.0,0.020063382713775037,star,False,19.625753,-2.9599615935421735,-3.618934319285472,4.675260232601702,1.6942783856513304,1.1475601196289062,1.2464690208435059,6.609739570902572,1.7901327662843556,ok,6.609739570902572,2.250451647236538,ok,10.68253706211365,1.6643724927110317,gaia_consistent,28.769759651347197,36.05578458868398,ok,28.769759651347197,63.264301208995754,ok
476175,476175.0,3.908983739505171e+16,star,0.0003622787838012928,2.6383597584469933e-05,0.0,0.08428188913139692,star,False,21.816271,,,,,,,4.369395499481653,1.8339295472222854,ok,4.369395499481653,2.392571037843606,ok,11.616941578060787,1.6645203796232027,ok,38.72010918619515,36.059957234435664,ok,38.72010918619515,63.38342470888564,ok
366000,366000.0,3.962783556802973e+16,star,9.769103777017231e-05,8.127179617789045e-06,0.0,0.03129261159408887,star,False,18.165588,0.4530584311243305,-7.009902482990002,7.0245280811626225,0.2556241696520905,0.16274616122245789,0.19712281227111816,6.182785585093556,1.8359081795788528,ok,6.15236614038305,2.3257973482845213,ok,7.3256669823768155,1.6643608683829498,gaia_consistent,64.08205146251208,36.05563271488592,ok,64.08205146251208,63.25151659138969,ok
332983,332983.0,3.908983754592104e+16,star,0.00023712720965678784,7.95387203024791e-06,0.0,0.07153737227076762,star,False,19.823322,,,,,,,9.675601458855002,2.270137351112129,ok,6.425899256151278,3.3604013730762357,ok,10.623661436956167,1.6643757457046051,ok,53.2258064748157,36.05608890464594,ok,53.2258064748157,63.256729445201124,ok
331120,331120.0,-834569003.0,galaxy,0.0008477123902900402,4.786930709466658e-48,514.0,0.6768723311542116,star,False,20.757368,,,,,,,4.925315486478825,1.924924358918161,ok,6.313195383114699,3.87905444934788,ok,23.729973000921934,1.6644059773515114,ok,23.752357870124357,36.05710720478028,ok,23.752357870124357,63.3584488979634,ok
331722,331722.0,3.908983755014174e+16,star,0.0008169541464436846,2.652554493721843e-05,0.0,0.01082046659271083,star,False,20.856543,,,,,,,3.027542086080263,1.8053709077655666,ok,3.027542086080263,2.2993133136010653,ok,4.409080252993763,1.6644113414905306,ok,54.46692876872143,36.05650948489169,ok,54.46692876872143,63.30421953580242,ok
329287,329287.0,3.908983755013013e+16,star,0.0009102474542966461,1.0511189811184231e-05,0.0,0.009997810133626252,star,False,19.292442,-1.2073031596035158,-2.1885342293821766,2.499452538530402,0.549781801801057,0.35204097628593445,0.42228803038597107,1.4703774320167315,1.880122485408723,ok,1.84044091050905,2.2832737537078756,ok,5.059992673857448,1.6643680609664793,gaia_consistent,24.486196238079927,36.05581271018638,ok,24.486196238079927,63.267665384231606,ok
328955,328955.0,3.908983755013013e+16,star,0.001285018406967455,4.310276319894359e-06,0.0,0.019933442803265297,star,False,18.950335,-4.755457939295194,1.4897998602554912,4.9833606969617374,0.7194689809654384,0.4451514482498169,0.565221905708313,6.2477686310169975,1.9844309519067762,ok,6.2477686310169975,3.8930699015964634,ok,8.041489359404933,1.66436491107593,gaia_consistent,25.850890354975537,36.05572072178523,ok,25.850890354975537,63.27321122998049,ok
327173,327173.0,3.908983755013012e+16,galaxy,1.1718323286228935,9.075843986842744e-05,4.0,0.011796450788291305,star,False,23.169575,,,,,,,3.6145583334612406,1.7646963518426129,ok,3.6145583334612406,2.580266071106031,ok,4.747856583076834,1.6651944561715633,ok,21.30954676711113,36.07425604038825,ok,21.30954676711113,63.81701493784479,ok
327851,327851.0,3.908983754592101e+16,star,-0.00017885231010693117,3.696302804887357e-05,0.0,0.05741921606588934,star,False,21.685375,,,,,,,4.429159920088273,1.739062576478744,ok,4.429159920088273,2.1958085310467235,ok,11.02725603333786,1.6644917962451993,ok,60.97692025196743,36.061291534440024,ok,60.97692025196743,63.40157584285714,ok
720949,720949.0,243335100891153.0,galaxy,0.0008477123902900402,4.786930709466658e-48,514.0,0.04804361743817664,AGN/QSO,True,23.839329,,,,,,,8.663548341071158,2.4938677038478314,ok,7.951085308981813,3.1406253688828607,ok,5.44877344877793,1.666557681388197,ok,11.50234610673938,36.07049406672049,ok,11.50234610673938,64.05990818339134,ok
720179,720179.0,3.908983739505441e+16,star,0.0002076843606381616,4.8420719258519376e-05,4.0,0.770500962873844,star,False,22.604324,,,,,,,0.9601586891178753,1.915353669069461,ok,0.9601586891178753,2.731954522788906,ok,12.1626445425864,1.6647475229759852,ok,88.22180755379397,36.065019326390065,ok,88.22180755379397,64.64531018906426,ok
720178,720178.0,3.908983739505441e+16,star,0.0002076843606381616,4.8420719258519376e-05,4.0,0.34289542761667063,star,False,21.952513,,,,,,,20.075156465617113,1.7903988667513255,ok,6.1405987425119,2.295503685172973,ok,8.686950799441904,1.6645412658493803,ok,8.627765971011573,36.05855424463751,ok,8.627765971011573,63.48942728853492,ok
716841,716841.0,-832568002.0,galaxy,0.5410688564276637,0.00020039472055020932,2564.0,0.8001607076244525,star,False,23.693012,,,,,,,6.762945271530557,1.942557960244955,ok,3.107580856478887,2.3296121756026933,ok,6.108067792537689,1.666057221184331,ok,24.711141415048562,36.07178984956961,ok,24.711141415048562,64.99547983066505,ok
716607,716607.0,3.908983755013803e+16,galaxy,0.5364716878469121,6.0512099778472654e-05,4.0,0.006543558453089353,star,False,23.252171,,,,,,,5.152790600482903,1.8099937621852813,ok,5.152790600482903,2.440013359953281,ok,6.010078601264458,1.6652496544541362,ok,19.860631481171446,36.06696769500747,ok,19.860631481171446,63.819954151126915,ok
718829,718829.0,3.908983754592125e+16,star,-4.049593469631322e-05,4.8768255411611834e-06,0.0,0.03661916408494424,star,False,18.981014,-3.461217583612749,-7.700135171069737,8.442281019597443,0.6222378561566216,0.4088684022426605,0.4690485894680023,0.8060656640040966,1.7608129991177701,ok,0.8060656640040966,2.4491406893045324,ok,12.335033010529056,1.6643651379462032,gaia_consistent,24.054101042553217,36.05565158174809,ok,24.054101042553217,63.26961106590775,ok
485921,485921.0,3.962784764343639e+16,galaxy,0.9414100876130225,0.00010913345492290878,0.0,0.03973178381651289,AGN/QSO,True,22.278872,,,,,,,5.155525510315457,1.77186167702489,ok,5.155525510315457,2.3116848711366615,ok,4.369309259477968,1.6655086964730301,ok,49.83553652020481,36.06412637996806,ok,49.83553652020481,63.40959939915816,ok
490691,490691.0,3.9627847643436536e+16,quasar,1.4039719154382606,0.00046850505363101735,0.0,0.0035094759393048377,AGN/QSO,True,20.03961,-1.1899949164565957,0.5875456983314037,1.3271389711783304,1.3448745694699833,0.8309425711631775,1.0574601888656616,3.281252765335452,2.0750202385747545,ok,3.5099894660951234,2.951419831784959,ok,5.274314422406428,1.6643831739509232,gaia_consistent,44.66135080779923,36.056028554221406,ok,44.66135080779923,63.274754572619116,ok
490427,490427.0,3.908983755011683e+16,galaxy,2.055005606929555e-05,6.16951270290178e-05,0.0,0.036439031824983405,star,False,22.487551,,,,,,,0.9074936309289555,1.923455675635187,ok,7.637988846357841,2.5100838862286814,ok,5.897823662890467,1.6649531135656517,ok,46.48654012165466,36.06267177724292,ok,46.48654012165466,63.39345574154952,ok
484858,484858.0,3.908983755011549e+16,galaxy,0.24681682021193727,5.388010002605022e-05,4.0,0.030448965590790612,AGN/QSO,True,23.439589,,,,,,,2.8388096060073336,1.7696405226985352,ok,2.8388096060073336,2.8461526103980845,ok,3.798281756084622,1.6671193572354013,ok,113.82319039528386,36.06432486881939,ok,113.82319039528386,63.89842271571243,ok
489161,489161.0,3.962784764762538e+16,star,0.00016706031531541241,5.889792883954874e-06,0.0,0.02097439101866389,star,False,18.603724,-1.377513346552686,-4.45085127495416,4.659143707988824,0.32902899862018437,0.23535102605819702,0.2299347221851349,4.667418581210887,1.9399374962196028,ok,3.550927210999849,2.2864421028910513,ok,8.05752189867431,1.6643628855962436,gaia_consistent,46.52786139090745,36.055589280687634,ok,46.52786139090745,63.25148230027815,ok
336606,336606.0,3.908983755011804e+16,galaxy,0.04796732002606081,6.437473744510493e-05,4.0,0.014882956472319528,star,False,23.311584,,,,,,,3.140211057039754,2.2125464708993117,ok,3.140211057039754,2.864526876209795,ok,3.1965670954778718,1.6653418551778503,ok,37.488658823280765,36.06721894054256,ok,37.488658823280765,63.71972228036444,ok
122248,122248.0,3.908983755010986e+16,star,0.00030520407866196984,8.283881626344144e-06,0.0,0.008115019319371976,star,False,19.181332,-1.0431000514561808,-1.740054154317491,2.028754834203839,0.70642466805935,0.4809785485267639,0.5173929333686829,4.334669442574704,1.7449943865199162,ok,4.334669442574704,2.2494130945993622,ok,4.07258605162209,1.6643670683257008,gaia_consistent,42.75714720418113,36.05575889887531,ok,42.75714720418113,63.27432933525633,ok
336640,336640.0,3.908983754592104e+16,star,0.00016577844048831718,2.2981801570937964e-05,0.0,0.07142405204583471,star,False,21.040291,,,,,,,1.015056186571544,1.9425047757273177,ok,5.743285147189489,2.436072022544254,ok,15.755451411214375,1.6644224830038559,ok,50.1457772567033,36.05692470971612,ok,50.1457772567033,63.2924664692324,ok
336821,336821.0,3.908983754592102e+16,star,9.008603328178991e-05,4.194370404103475e-06,0.0,0.09656277854654859,star,False,18.749466,-22.320579540982436,0.7596133173147375,22.333501369851653,0.7537074963153548,0.5101971626281738,0.5547736883163452,3.1366977261103757,1.7644945943319215,ok,3.1366977261103757,2.3634621097020956,ok,23.15528044486101,1.6643635835336517,gaia_consistent,97.51231340654417,36.05573138122765,ok,97.51231340654417,63.265991072800844,ok
334758,334758.0,3.908983754592102e+16,star,-0.00019966702467331805,2.0628601438498644e-05,0.0,0.08884093108635484,star,False,20.950268,,,,,,,8.675545418216418,2.8086600510678936,ok,8.62503326920207,2.6685903057385483,ok,12.765240673501589,1.6644183815858007,ok,35.025198340631476,36.05672190294353,ok,35.025198340631476,63.28106188670576,ok
726270,726270.0,3.908983739505441e+16,star,0.0005125043409026843,1.1727019894742232e-05,0.0,0.017594482076596134,star,False,20.515606,,,,,,,4.965939529414888,1.8019255740067572,ok,4.965939529414888,2.27451888563397,ok,7.831408958069185,1.664394650991429,ok,39.23498726234104,36.05638439174309,ok,39.23498726234104,63.28006920805592,ok
722361,722361.0,3.9089837550134104e+16,galaxy,0.7898395537861922,5.894883191154703e-05,4.0,0.020974800412972696,star,False,24.310007,,,,,,,5.9138622042734506,1.8866807128442873,ok,5.9138622042734506,2.870102138891681,ok,5.973453101257075,1.6694966440889887,ok,28.78418997502969,36.10719048739854,ok,28.78418997502969,66.66728242621652,ok
728294,728294.0,3.962784160782762e+16,star,7.26160150975603e-05,4.22637563780104e-06,0.0,0.03601534131499298,star,False,18.706833,-7.701486852396811,-2.071252642149155,7.975148101775339,0.4784344699749767,0.30593907833099365,0.36783260107040405,8.156565023299514,1.9304093395376056,ok,3.9827684523166433,2.9069551728699707,ok,14.026509317254163,1.6643632350430484,gaia_consistent,10.909163052763864,36.055661587490825,gaia_consistent,10.909163052763864,63.26421470211996,gaia_consistent
726232,726232.0,3.908983754592126e+16,star,0.00014163421033063127,1.6002665412469564e-05,0.0,0.05829870992677578,star,False,20.610161,,,,,,,6.142527396738057,1.781010973279677,ok,6.142527396738057,2.4880371308809384,ok,1.8371640000438585,1.664399978424384,ok,25.142813579523427,36.05686183104564,ok,25.142813579523427,63.280492935036975,ok
680914,680914.0,3.908983755013442e+16,quasar,2.0881549031603406,0.0006249522122976372,0.0,0.02862100884824375,AGN/QSO,True,21.487484,,,,,,,5.8783991961300535,1.8162416219036774,ok,5.590251185850767,2.2209279388601995,ok,5.733343836262018,1.664466128867242,ok,40.31722819496287,36.056982657711856,ok,40.31722819496287,63.41481373667331,ok
123394,123394.0,3.962783556384044e+16,galaxy,0.0006496934342437275,5.531855312392921e-05,4.0,0.021496403266038,star,False,22.572594,,,,,,,2.1133123330467547,1.7459466098352254,ok,2.1133123330467547,2.3810067473063814,ok,2.366040235443116,1.6647486642452238,ok,17.501268941618793,36.059082852857166,ok,17.501268941618793,63.522270469795366,ok
731448,731448.0,3.962784160782763e+16,quasar,2.4811078495041916,0.0005252249419008261,0.0,0.021074481090311,AGN/QSO,True,21.734734,,,,,,,5.893441052669187,1.8654573475412728,ok,5.893441052669187,2.4047327873451683,ok,4.869157945162929,1.664503322436815,ok,62.53001592143791,36.06343269077941,ok,62.53001592143791,63.64214693195727,ok
691350,691350.0,3.962784160782768e+16,galaxy,0.0008477123902900402,4.786930709466658e-48,514.0,0.007723266479007593,AGN/QSO,True,23.702063,,,,,,,2.4080471459827035,1.8056292838204429,ok,2.4080471459827035,2.342666610263812,ok,6.091778063361997,1.6661887922961618,ok,115.85378546964485,36.08237202887971,ok,115.85378546964485,65.02189899161148,ok
687497,687497.0,3.908983755011658e+16,quasar,2.46493377533937,0.0009855439412437932,0.0,0.15189606081110546,star,False,24.033182,,,,,,,5.8847926092693825,1.88521798278207,ok,5.8847926092693825,2.421762531834241,ok,5.398100841297674,1.6675715665821362,ok,37.73116691796525,36.076233341671475,ok,37.73116691796525,64.1005934155584,ok
691582,691582.0,3.9627841603639384e+16,quasar,1.9369334746473095,0.00042201951709275727,0.0,0.022874570484826537,AGN/QSO,True,20.568275,,,,,,,2.046101385798204,1.7926448807437074,ok,2.046101385798204,2.4709598929332417,ok,5.44071053639792,1.6643972570475603,ok,38.86835749873219,36.056912476875624,ok,38.86835749873219,63.324689196604325,ok
133646,133646.0,3.90898375501304e+16,galaxy,0.04973285823292366,4.995406398949071e-05,4.0,0.0017538798600793305,star,False,22.536655,,,,,,,1.4667818607890264,1.802536809586843,ok,1.4667818607890264,2.3991359725167514,ok,3.525032357453005,1.6647181866299718,ok,11.080631198334682,36.058805931258874,ok,11.080631198334682,63.68378903185396,ok
137825,137825.0,3.908983754592323e+16,star,3.408414506797864e-05,4.6494604322464635e-05,0.0,0.04178439040856412,star,False,21.474506,,,,,,,5.595389324340877,3.442138818594584,ok,3.8561275366813503,3.9332887621309855,ok,7.018326521865431,1.6644636035896196,ok,38.570884229835414,36.05766398559783,ok,38.570884229835414,63.330159995664395,ok
136372,136372.0,3.908983754592322e+16,star,0.0004815008247752423,1.9569315592669797e-05,0.0,0.014004869771908896,star,False,19.77879,-1.886333223838945,-1.938867474581975,2.705080426780415,1.08004466537294,0.7935786247253418,0.7326182126998901,10.36116276846722,1.7281331985541657,ok,10.36116276846722,2.205238871549121,ok,4.289309600168713,1.6643748757433785,gaia_consistent,42.14051964637892,36.05588382706902,ok,42.14051964637892,63.292025154694045,ok
136696,136696.0,3.908983754592322e+16,star,0.00026342162430196186,8.692033255117336e-06,0.0,0.08726622440076441,star,False,19.913288,,,,,,,6.523340569588011,3.778478919332017,ok,2.7486583378553857,2.6308527570747695,ok,13.936710766040944,1.6643778375902847,ok,52.959638427116126,36.05617508657575,ok,52.959638427116126,63.292139432963154,ok
131019,131019.0,3.908983755021237e+16,galaxy,1.5049643341279342,0.00011109747839120871,0.0,0.01034651255266886,AGN/QSO,True,22.901703,,,,,,,9.601405288126678,1.8851770977958682,ok,9.601405288126678,2.5765005300413337,ok,1.235277024070735,1.665759242311707,ok,41.086867552228696,36.07236792618876,ok,41.086867552228696,63.54721267927185,ok
135766,135766.0,3.908983754592104e+16,star,0.0012002143946106326,9.236670861268204e-06,0.0,0.016087179332608968,star,False,19.197441,-1.808159442997091,-2.868451279863765,3.3907894827387355,0.602966305342403,0.4089125692844391,0.443123996257782,4.828417910668164,1.7806627060023223,ok,9.556301127831192,3.0273468786587046,ok,5.171964025759756,1.66436708885849,gaia_consistent,51.105641703660204,36.05573366955251,ok,51.105641703660204,63.26312377226347,ok
137571,137571.0,3.908983755013892e+16,star,0.0008314949458807324,2.0370376094368393e-05,0.0,0.023922106962674692,star,False,21.066168,,,,,,,3.5191134986944337,2.0720169129891075,ok,3.5191134986944337,22.521987838673937,ok,3.97410139846786,1.6644229864036102,ok,16.293870904613005,36.056350388778206,ok,16.293870904613005,63.30669380413803,ok
470030,470030.0,3.908983755012468e+16,star,0.0005067364349407579,7.218725358623882e-05,0.0,0.03535846253944077,star,False,21.023512,,,,,,,5.155525510315457,1.77186167702489,ok,5.155525510315457,2.3116848711366615,ok,4.875920773532914,1.6644219701336564,ok,68.8367111366763,36.05694595617753,ok,68.8367111366763,63.29179454671646,ok
463513,463513.0,234545047666689.0,star,0.00040048526233222193,1.7448056787179586e-05,0.0,0.022492101146339247,star,False,22.619753,,,,,,,11.069985543824908,1.7471334262794256,ok,11.069985543824908,2.3096369076275787,ok,4.712525718279597,1.6648334758501266,ok,42.120469665248606,36.05971214275362,ok,42.120469665248606,63.3972131311418,ok
467565,467565.0,3.908983754592363e+16,star,0.0008534931850106406,4.322401551035564e-05,0.0,0.029914599947706212,star,False,21.211649,,,,,,,6.185896909757148,1.78640780363735,ok,6.185896909757148,2.4092723707824453,ok,8.497236694327029,1.6644352732083825,ok,46.752606627428015,36.05640716247748,ok,46.752606627428015,63.28449601847093,ok
469113,469113.0,3.908983755011985e+16,star,0.0007561475879591275,1.842414467443615e-05,0.0,0.03180609893075955,star,False,21.382496,,,,,,,1.1293759645552346,1.7975291384784913,ok,2.0166731669270015,2.393370196813695,ok,7.561230621504029,1.6644517599255757,ok,48.0778452243493,36.05671273296993,ok,48.0778452243493,63.29655769203604,ok
465907,465907.0,3.908983755013162e+16,star,-9.042204669928927e-05,2.3050919488403163e-05,0.0,0.04755617209103476,star,False,21.003304,,,,,,,7.2354941066263105,1.7314197568649072,ok,7.2354941066263105,2.2817891109957817,ok,4.46568849377621,1.6644197158597458,ok,30.3826856692815,36.05677643329081,ok,30.3826856692815,63.3141108635896,ok
468736,468736.0,3.9089837550144e+16,galaxy,0.42990577247771705,5.1285394121491e-05,4.0,0.02479746805049638,star,False,22.75531,,,,,,,10.903294800493038,2.6156828783971604,ok,0.7280935505601419,2.234644014381681,ok,5.354240916917509,1.6648484561680783,ok,49.374325979994765,36.06027128901957,ok,49.374325979994765,63.52328615493728,ok
468014,468014.0,3.908983754592147e+16,star,0.00010446894173914556,7.774779363360698e-06,0.0,0.06320041218867185,star,False,19.752277,-4.010581764033448,-13.814607253708893,14.384997033723156,1.915135480047714,1.3682771921157837,1.3399856090545654,1.2595864327494548,2.0563267686724727,ok,1.2595864327494548,2.762582855245377,ok,14.314934016644937,1.6643746287142271,gaia_consistent,30.377853428545944,36.0558378322307,ok,30.377853428545944,63.265492797604544,ok
466839,466839.0,3.9089837545921464e+16,star,8.167770842412387e-05,2.1687147983863757e-05,0.0,0.054339028223050895,star,False,21.314688,,,,,,,10.475664422770231,1.867347194716108,ok,10.475664422770231,4.423385610329654,ok,7.534792225423183,1.664445336447534,ok,60.949028476285754,36.05838861477377,ok,60.949028476285754,63.38397507126133,ok
139676,139676.0,3.908983755013094e+16,star,0.00023971230758197947,3.545304928079105e-06,0.0,0.02220273549543879,star,False,18.771364,-1.1436120205287503,-5.431596725764633,5.550683871815701,0.44466557708887877,0.30746400356292725,0.3212372362613678,5.595389324340877,3.442138818594584,ok,3.8561275366813503,3.9332887621309855,ok,9.977557524623164,1.664363680657625,gaia_consistent,13.947422924099557,36.055599369364096,gaia_consistent,13.947422924099557,63.255456571409766,gaia_consistent
144906,144906.0,3.9089837545923416e+16,star,0.00018302571221195395,1.858334350350612e-05,0.0,0.09802463100068169,star,False,20.986652,,,,,,,10.36116276846722,1.7281331985541657,ok,10.36116276846722,2.205238871549121,ok,18.133381704603792,1.6644217441028228,ok,12.931595345643206,36.05674554291687,ok,12.931595345643206,63.291311026619695,ok
141369,141369.0,3.9089837545923224e+16,star,0.0002878067450326312,1.4491353216564227e-05,0.0,0.05203870639905477,star,False,20.778561,,,,,,,2.8984392427458907,1.780877709241421,ok,2.8984392427458907,2.629187086402463,ok,10.207157858166887,1.6644098913523528,ok,10.217977447303817,36.05717938485936,ok,10.217977447303817,63.29885272938796,ok
141075,141075.0,3.962783556802999e+16,quasar,2.557432705585691,0.00039125444711792895,0.0,0.022287672178026446,AGN/QSO,True,21.315845,,,,,,,3.871714399715733,1.8596186803151074,ok,3.871714399715733,3.632127809712281,ok,5.038127315462913,1.6644485080856348,ok,3.2112431527244616,36.05646461991842,ok,3.2112431527244616,63.30928460970212,ok
145617,145617.0,3.908983754592341e+16,star,0.00019247603247399717,1.4116470375371018e-05,0.0,0.034667674106672416,star,False,20.470411,,,,,,,3.821593073493261,1.7393844816557913,ok,3.821593073493261,2.3183933917810853,ok,5.848955821841036,1.6643953113885352,ok,6.136530487209696,36.056149582614516,ok,6.136530487209696,63.301056596548214,ok
139885,139885.0,3.962783556384073e+16,star,0.0003314138540420478,9.388060553921437e-05,0.0,0.031068935511823825,star,False,21.334682,-6.267851215960045,0.4917172841018346,6.287109411557611,2.1654062586492504,1.61969792842865,1.4372066259384155,6.2477686310169975,1.9844309519067762,ok,6.2477686310169975,3.8930699015964634,ok,10.331659147334333,1.664448155430394,gaia_consistent,31.594425677208505,36.05682088299279,ok,31.594425677208505,63.555040558251115,ok
475415,475415.0,3.908983754589896e+16,star,5.581141457582204e-05,5.909159506066631e-06,0.0,0.024061854568782706,star,False,19.713737,-4.444951373745694,3.0630290927937738,5.3981237424002035,0.7959591313391472,0.5355530977249146,0.5888410806655884,2.5379001726615344,1.862857754893859,ok,2.5379001726615344,2.5312112763498154,ok,12.094129724147491,1.6643741958135685,gaia_consistent,52.30076536910874,36.055863750186354,ok,52.30076536910874,63.291353621846426,ok
475414,475414.0,3.908983754589896e+16,star,5.581141457582204e-05,5.909159506066631e-06,0.0,0.8722923417568639,star,False,20.396236,,,,,,,1.1167437929409694,1.780844988879676,ok,1.1167437929409694,2.2930431387792183,ok,12.084125908991536,1.6643911584338777,ok,61.448465929572286,36.0565149777622,ok,61.448465929572286,63.317722495312715,ok
510711,510711.0,3.908983755012468e+16,galaxy,0.9741975466193964,8.787564153785646e-05,4.0,0.03244439306661192,AGN/QSO,True,23.855659,,,,,,,10.485050916530026,1.8499758231735974,ok,10.485050916530026,3.528790066234916,ok,6.207793931095007,1.666735260050741,ok,24.74673233533368,36.07336713808055,ok,24.74673233533368,64.10403372936618,ok
475477,475477.0,3.962784764762546e+16,star,0.0009963909274431021,5.7830530247580754e-06,0.0,0.1022961567575163,star,False,17.862362,-19.088526095200184,-12.359911539197384,22.74069571811564,0.19523194153154,0.13463498651981354,0.14138221740722656,1.1293759645552346,1.7975291384784913,ok,2.0166731669270015,2.393370196813695,ok,29.487446676399504,1.6643597364628993,gaia_consistent,67.64197874974707,36.05577525715426,ok,67.64197874974707,63.25398265589362,ok
471916,471916.0,3.908983749975293e+16,quasar,3.024340896489005,0.00021975483120736632,0.0,0.05281562197163795,AGN/QSO,True,24.413343,,,,,,,2.410041680289241,1.839097379162361,ok,6.90931657883907,2.483978855407463,ok,5.880621792792428,1.6713971850574185,ok,49.268046711529955,36.095329714164684,ok,49.268046711529955,64.1944004686472,ok
470296,470296.0,3.9089837420113944e+16,quasar,0.6944479381202564,2.375681357121373e-05,0.0,0.028832348170788506,AGN/QSO,True,21.041727,,,,,,,8.315160597297849,1.8091538008246526,ok,8.315160597297849,2.3893401330969053,ok,5.053976869902211,1.6644751859984248,ok,48.914063567392105,36.05680207155169,ok,48.914063567392105,63.28362643767479,ok
474503,474503.0,3.908983748716405e+16,galaxy,0.3771566132984745,6.580955047637353e-05,4.0,0.564698934443406,star,False,23.832127,,,,,,,2.6186265668710074,1.7748599479373355,ok,2.6186265668710074,33.75824758524284,ok,6.619684974885051,1.669876722979368,ok,41.253190196975034,36.099797018809085,ok,41.253190196975034,76.98670856342433,ok
362216,362216.0,3.962782952823264e+16,galaxy,0.2744811759864326,5.608001657244565e-05,0.0,0.021860280212391288,star,False,19.857931,,,,,,,1.3541196046956325,2.058738656675287,ok,2.9958099930703397,5.077992550366359,ok,6.575690649653663,1.6643884574537033,ok,79.43656416750976,36.058100108103666,ok,79.43656416750976,63.27561012879397,ok
362215,362215.0,3.908983739504826e+16,star,0.0005863887349280276,2.582403567003413e-05,0.0,0.010379718314883952,star,False,21.249641,,,,,,,10.253323977976423,1.8684958560261307,ok,10.253323977976423,5.687116983110074,ok,6.018430927173933,1.6644402597908128,ok,123.86797208991355,36.059443019859486,ok,123.86797208991355,63.83304644220945,ok
365613,365613.0,3.908983754592323e+16,star,0.0003196740859494742,4.041616503623151e-06,0.0,0.03482415920785113,star,False,18.661669,-6.211198752103836,-4.798718980788997,7.848993170765333,0.5691141665233457,0.3707451820373535,0.4317857623100281,2.620731285234336,1.7606321574603636,ok,2.620731285234336,2.4089495745827385,ok,12.383447797579638,1.6643631117913822,gaia_consistent,36.10082301134153,36.0556968108429,ok,36.10082301134153,63.257203622273174,ok
359237,359237.0,3.962782952823229e+16,star,0.0010440539781688628,1.951608931722077e-05,0.0,0.02289282869722374,star,False,19.143869,-4.001298310759865,-3.2110047969782376,5.130393744919292,0.48748104170124235,0.3219948410987854,0.3660014867782593,3.195668731602506,1.7624013108881755,ok,3.195668731602506,2.8128240788471537,ok,7.84654006220524,1.664366958689731,gaia_consistent,40.15294402724348,36.0557493096258,ok,40.15294402724348,63.27579712038306,ok
358725,358725.0,3.908983754592081e+16,star,0.00014853654151037813,2.277467275818397e-05,0.0,0.012453571445176217,star,False,21.091938,,,,,,,5.614844515182408,1.7655893553546012,ok,5.614844515182408,2.261988798541784,ok,6.028469018379306,1.6644271140314673,ok,24.45365467808952,36.057629537715165,ok,24.45365467808952,63.28981840747483,ok
707098,707098.0,3.908983754592342e+16,star,0.0003596908800336625,2.957826096131368e-05,0.0,0.021144725041829394,star,False,20.840078,,,,,,,1.5392472090705724,1.7954299368601396,ok,1.5392472090705724,3.1214635724460886,ok,7.429793008422569,1.664414782115589,ok,17.48952734243881,36.05619754057177,ok,17.48952734243881,63.359115636012376,ok
710594,710594.0,3.908983748716707e+16,quasar,1.1482310205795379,0.00040747474365505286,0.0,0.04657159104448999,AGN/QSO,True,23.935738,,,,,,,8.003294887482237,2.057837164631447,ok,1.0259157019383904,3.029148853139872,ok,3.9605518511007825,1.671791543537747,ok,74.53433629714931,36.067934102154034,ok,74.53433629714931,63.43202410032206,ok
709438,709438.0,2781007937798144.0,star,0.0011170002844386863,1.6777443358693493e-05,0.0,0.020633537160805345,star,False,19.268684,-3.5980028696685435,-2.8542585305923636,4.592648082490356,0.6439283414612113,0.4384978711605072,0.471554160118103,2.3928141872764943,1.8236500014396948,ok,2.3928141872764943,2.3738831326790204,ok,9.819652110161405,1.6643679314255457,gaia_consistent,62.60278965567331,36.05573489355413,ok,62.60278965567331,63.27893807233804,ok
707543,707543.0,3.908983754592341e+16,star,0.0002039388730128033,4.766100252220513e-06,0.0,0.01433113273516451,star,False,18.779087,-3.0540523646036517,1.187669900255422,3.2768575858150872,0.6851885759430829,0.47280848026275635,0.495918869972229,1.1244366476794918,1.7355341953594206,ok,1.1244366476794918,2.243558844114831,ok,6.796798676547146,1.664363706850698,gaia_consistent,79.66774790203617,36.055679190031185,ok,79.66774790203617,63.26724475297042,ok
710149,710149.0,3.90898375459234e+16,star,-1.089438092560651e-05,4.901271184427105e-06,0.0,0.02208003114936985,star,False,18.956198,-2.4048972371295,5.975293260388285,6.441091543270812,0.9412186956227403,0.6923045516014099,0.6376574635505676,5.57916255040209,1.749962713756013,ok,5.57916255040209,2.245359095563092,ok,6.951962266557142,1.6643649561741702,gaia_consistent,48.82647939856965,36.05573341972769,ok,48.82647939856965,63.254234310722325,ok
370752,370752.0,3.9089837420114696e+16,quasar,1.5163955175727157,0.0009796026123470316,4.0,0.0372517315859226,AGN/QSO,True,23.370064,,,,,,,2.9560556612618516,1.7471460941799701,ok,2.9560556612618516,2.3096425944756147,ok,5.764289180892264,1.6657190590873587,ok,19.277671611720486,36.068995015423546,ok,19.277671611720486,63.61046152440911,ok
366940,366940.0,3.908983754592324e+16,star,-1.5223788072731879e-05,6.107718424563424e-06,0.0,0.05868020042348819,star,False,19.177856,-9.765516514567057,11.078668455801708,14.768283839019947,1.386662184841859,0.9658340811729431,0.9949856996536255,4.476951775287661,1.8991120814599485,ok,4.476951775287661,2.411602474693174,ok,21.894014457179743,1.664367013526382,gaia_consistent,34.692619879006706,36.05599066362439,ok,34.692619879006706,63.27926793760869,ok
367058,367058.0,3.9089837550128296e+16,galaxy,1.0593555021660601,6.62641163439868e-05,4.0,0.009595188385778974,star,False,21.938025,,,,,,,21.174379182508485,1.7259184312006555,ok,21.174379182508485,2.3390467459653124,ok,5.7270866766181046,1.664532725468321,ok,35.9623407504315,36.0586750196021,ok,35.9623407504315,63.41848493198033,ok
367144,367144.0,3.908983755012829e+16,galaxy,0.7217861540763649,9.39453920664619e-05,0.0,0.008300374086529623,star,False,22.097469,,,,,,,7.8106541843799695,1.802061126358577,ok,7.8106541843799695,2.4356156685021766,ok,5.8624692638998654,1.6645699900060742,ok,56.43840659502895,36.060448329976204,ok,56.43840659502895,63.700128950166764,ok
368063,368063.0,3.908983755012676e+16,galaxy,0.30096823356515584,0.00010087446473471108,4.0,0.01419971809595351,star,False,23.189751,,,,,,,8.003294887482237,2.057837164631447,ok,1.0259157019383904,3.029148853139872,ok,4.912750875600096,1.6657163310926213,ok,16.10302488213192,36.07101523702605,ok,16.10302488213192,64.73655555378289,ok
369316,369316.0,3.962783556803003e+16,star,5.333750637059459e-05,3.2527056079704803e-06,0.0,0.010406959963238413,star,False,17.812027,-1.9624365933962777,-1.1971454239335755,2.298763700154039,0.18705151376787682,0.11886890232563019,0.14442455768585205,1.9322688809741615,1.8128274722675017,ok,1.9322688809741615,3.335298276775767,ok,7.772335102023692,1.6643597034485107,gaia_consistent,26.203260200802173,36.05570024755011,ok,26.203260200802173,63.251891908096994,ok
370877,370877.0,3.908983739505605e+16,star,0.0005166155273392006,3.072788711931707e-05,0.0,0.03257761375034932,star,False,21.356535,,,,,,,3.602147052090875,1.7471695769877091,ok,3.602147052090875,2.2049207164762437,ok,6.493259644787167,1.664448906347766,ok,6.182054777383598,36.057175409002724,ok,6.182054777383598,63.316308131668976,ok
483524,483524.0,3.962784764762648e+16,quasar,1.5067561197596226,0.0006536011727195137,0.0,0.02638635250394669,AGN/QSO,True,21.023388,,,,,,,2.004276930699058,1.7743996816797731,ok,2.004276930699058,2.253122084656778,ok,5.1571774723872545,1.6644259765595262,ok,58.64788335442304,36.056268604986144,ok,58.64788335442304,63.372412786791436,ok
482318,482318.0,3.908983755013361e+16,star,0.00046678900652212833,2.1545725037568453e-05,0.0,0.007346783429419938,star,False,20.216978,-0.40385261358918323,-1.7917462811660227,1.8366958565791687,1.1272599219082444,0.7739053964614868,0.8196251392364502,5.707746349822761,1.7741939404513696,ok,5.707746349822761,2.2240764337971424,ok,6.4182040761223655,1.6643853805789461,gaia_consistent,55.53826812753608,36.056098073722126,ok,55.53826812753608,63.279229952514974,ok
481763,481763.0,3.9089837550115336e+16,galaxy,1.5422905709037926,6.777257096402319e-05,4.0,0.027953275485781207,star,False,22.60474,,,,,,,6.689280625086677,1.7803686575283548,ok,6.689280625086677,2.672239398685415,ok,6.407538568743172,1.6647588604929655,ok,7.182019574063157,36.0652736941893,ok,7.182019574063157,63.42270451903477,ok
479901,479901.0,3.908983754592365e+16,star,-1.725500258766655e-06,1.178408215046959e-05,0.0,0.06380528108049226,star,False,20.448793,,,,,,,3.871714399715733,1.8596186803151074,ok,3.871714399715733,3.632127809712281,ok,13.146408895137725,1.6643930249698058,ok,22.338254892567885,36.05619820078181,ok,22.338254892567885,63.28699652795378,ok
479551,479551.0,3.908983755011547e+16,star,0.0006268120009141887,2.0431624073926727e-05,0.0,0.0315983853954037,star,False,20.950596,,,,,,,4.402781810234929,1.7482670770368705,ok,4.402781810234929,2.3237919759769587,ok,7.72999313182615,1.6644174769616586,ok,50.45269168777068,36.05685230585798,ok,50.45269168777068,63.31387601652942,ok
479951,479951.0,3.908983755011547e+16,galaxy,0.9366155962094002,0.00010566029580516159,4.0,0.02891854805416698,AGN/QSO,True,23.527775,,,,,,,1.4703774320167315,1.880122485408723,ok,1.84044091050905,2.2832737537078756,ok,5.133610726910107,1.6658731310958874,ok,71.32335778670976,36.067324191482605,ok,71.32335778670976,63.48323942315317,ok
485199,485199.0,3.908983755012119e+16,galaxy,-0.00014163254051860726,4.189262601669191e-05,0.0,0.029134499489615096,AGN/QSO,True,22.39926,,,,,,,0.8060656640040966,1.7608129991177701,ok,0.8060656640040966,2.4491406893045324,ok,6.040844531465979,1.6646722457914827,ok,45.397499533010205,36.06152343335182,ok,45.397499533010205,63.50507023345166,ok
480279,480279.0,3.908983755011533e+16,galaxy,0.04968026575040341,5.070008200935138e-05,4.0,0.05635700691832452,star,False,21.961674,,,,,,,5.57916255040209,1.749962713756013,ok,5.57916255040209,2.245359095563092,ok,7.139709234461089,1.6645728394282278,ok,81.82942286293331,36.05905271537859,ok,81.82942286293331,63.3838395485074,ok
484316,484316.0,3.908983754592363e+16,star,7.332670549916393e-05,5.442919799737955e-06,0.0,0.06189470043806265,star,False,19.191805,-12.053753753869017,3.4970404724588526,12.550787689421197,1.0418198657545192,0.7099190354347229,0.7624982595443726,7.623124430307375,1.917543729671178,ok,2.4996309639956653,5.985063555076953,ok,15.640352793968388,1.664367052101508,gaia_consistent,34.618057830816895,36.05570864602585,ok,34.618057830816895,63.27244850799857,ok
479072,479072.0,3.908983754592363e+16,star,0.00024111977006409607,1.703259666634895e-05,0.0,0.03460545115588719,star,False,20.593824,,,,,,,6.609739570902572,1.7901327662843556,ok,6.609739570902572,2.250451647236538,ok,8.647280857211078,1.6643984610288316,ok,77.0054068021297,36.05616994400433,ok,77.0054068021297,63.36181711588843,ok
720754,720754.0,3.9089837545923416e+16,star,2.0489927527732577e-05,1.978004535289199e-05,0.0,0.03715802702231451,star,False,21.204157,,,,,,,3.6659265256764386,2.085912386457147,ok,1.526729446810855,2.348734970286172,ok,10.409256926202643,1.6644535143511456,ok,23.608141056275006,36.0575541959051,ok,23.608141056275006,63.33173399774853,ok
714308,714308.0,3.908983755013812e+16,star,0.0009429184786165286,1.1186208871878871e-05,0.0,0.02143120902184808,star,False,19.149864,-0.8158231786778514,-5.295326010790695,5.357802256469021,0.6044001290625817,0.3993695080280304,0.4536557197570801,13.529498011695242,1.721097185004477,ok,13.529498011695242,2.1788997580788876,ok,8.346122467467223,1.6643672295161371,gaia_consistent,50.43922949453372,36.05569267697447,ok,50.43922949453372,63.267336038055866,ok
717512,717512.0,3.9089837550124856e+16,star,0.00047519087161841536,3.588123574862091e-05,0.0,0.013926955420509788,star,False,21.089857,,,,,,,0.45108213783517104,1.7225694708702175,ok,0.45108213783517104,2.181062102414936,ok,7.2921109282380225,1.6644429790911994,ok,14.309232129704732,36.05646862894526,ok,14.309232129704732,63.32003404407564,ok
718003,718003.0,3.9089837545923416e+16,star,-5.8535920506533845e-05,4.624572164387977e-06,0.0,0.027212750303068675,star,False,18.914604,-3.3039502199006936,5.55517547807152,6.463440387885464,0.8661695447265311,0.5716514587402344,0.6507413387298584,2.9560556612618516,1.7471460941799701,ok,2.9560556612618516,2.3096425944756147,ok,7.318961133068805,1.6643650889264918,gaia_consistent,6.362815105367063,36.05571740644927,gaia_consistent,6.362815105367063,63.2579269093719,gaia_consistent
717764,717764.0,3.908983755012486e+16,quasar,2.6115556014652843,0.0003017129082621094,0.0,0.01718907121569138,AGN/QSO,True,20.635157,,,,,,,7.052018077120232,1.7263904995233101,ok,7.052018077120232,2.223718511654719,ok,5.143958596162694,1.6644062550967502,ok,33.1758890647497,36.05637588713555,ok,33.1758890647497,63.31876898710893,ok
716217,716217.0,3.908983754592343e+16,star,0.00018364883067142,1.58655444619239e-05,0.0,0.05709226726416065,star,False,20.80134,,,,,,,0.50636079407723,1.9271344994826636,ok,7.05638858053845,2.467875013313612,ok,11.69558903273806,1.6644173453255888,ok,19.309157885545805,36.05665790773537,ok,19.309157885545805,63.29737031371488,ok
488145,488145.0,3.908983739500879e+16,star,-4.4403916373463346e-05,1.0168756386742982e-05,0.0,0.1040603644801735,star,False,19.747736,11.076243481349781,-20.568821941651173,23.361498362166206,1.056878332509289,0.7238690257072449,0.7700684666633606,1.4667818607890264,1.802536809586843,ok,1.4667818607890264,2.3991359725167514,ok,26.2810768569208,1.6643745856287187,gaia_consistent,48.28269006963841,36.05603485673793,ok,48.28269006963841,63.47184847648114,ok
489094,489094.0,3.908983742010429e+16,quasar,2.648997953871804,0.00021812823317010483,0.0,0.02679809215611682,AGN/QSO,True,21.749947,,,,,,,3.8159770572261555,1.922320657714356,ok,10.419989002529224,2.2410646136095767,ok,0.8020202340311204,1.6645306249339233,ok,40.19343351148343,36.05791552372021,ok,40.19343351148343,63.483622483675866,ok
490291,490291.0,3.962784764762574e+16,star,0.00043529834715348687,8.121599060047322e-06,0.0,0.00484516090312614,star,False,18.247885,-0.3479799422001434,-0.8705469635596071,0.9375190963049591,0.3335204737241263,0.21596801280975342,0.25415295362472534,4.429159920088273,1.739062576478744,ok,4.429159920088273,2.1958085310467235,ok,1.5637588314929318,1.6643609829636403,gaia_consistent,54.94460129193092,36.0556237291846,ok,54.94460129193092,63.25541964815297,ok
159007,159007.0,3.9089837550128616e+16,galaxy,0.43675652122542524,5.33160837560861e-05,4.0,0.04313516485340064,star,False,22.707493,,,,,,,7.052018077120232,1.7263904995233101,ok,7.052018077120232,2.223718511654719,ok,11.283872821988686,1.6647889676623324,ok,18.66773811933336,36.05957869142365,ok,18.66773811933336,64.02605669115195,ok
162044,162044.0,3.908983755014678e+16,quasar,2.3527493948810667,0.000265709580506059,0.0,0.016168505159780223,AGN/QSO,True,22.297764,,,,,,,3.8153263048678294,2.044936226020776,ok,8.96104124875734,2.6259174279067357,ok,6.468288553538168,1.6646363439698337,ok,28.67273684134901,36.05799027695666,ok,28.67273684134901,63.45004173084396,ok
372965,372965.0,3.908983739505622e+16,star,0.0003241453955935375,1.2010618808555096e-05,0.0,0.054292191907516975,star,False,20.524822,,,,,,,9.027094330377267,1.9093804455640397,ok,9.027094330377267,3.3990616502075586,ok,9.938639231197326,1.6643955841517655,ok,20.374948710692856,36.05650295721007,ok,20.374948710692856,63.29552439377293,ok
372964,372964.0,3.908983755014572e+16,star,0.0010856051044332677,4.1864365877414673e-05,0.0,0.010563545143188673,star,False,21.304707,,,,,,,6.429159666093413,1.7629630202310635,ok,12.936592336039194,2.421196286388389,ok,6.730975593152242,1.6644440890148053,ok,22.871516613867378,36.056715077357715,ok,22.871516613867378,63.55930311019619,ok
157130,157130.0,3.908983754592325e+16,star,0.00037417908413657394,5.640609851252916e-06,0.0,0.05827329988672466,star,False,19.174044,-12.863480414999401,-1.3640831238589335,12.93560401202317,0.7327672748096491,0.4793330430984497,0.5542451739311218,7.725654352583076,1.7520754187767034,ok,7.725654352583076,2.2830595621964456,ok,16.478577307320545,1.664366886296336,gaia_consistent,62.717229709418106,36.05581810762567,ok,62.717229709418106,63.26306002354724,ok
158828,158828.0,3.908983754592325e+16,star,0.0002295590680708156,1.3156346689100011e-05,0.0,0.026964086742145503,star,False,20.435778,,,,,,,5.975816657868651,1.938122560323032,ok,7.111689417250221,2.6882247304348246,ok,4.893269364714646,1.6643923980979358,ok,2.226644062258163,36.05666309256386,ok,2.226644062258163,63.30692142020784,ok
158047,158047.0,3.908983754592324e+16,star,0.00012172301050347542,2.9928291295421424e-05,0.0,0.04515218368376416,star,False,21.297754,,,,,,,6.142527396738057,1.781010973279677,ok,6.142527396738057,2.4880371308809384,ok,7.916930587425621,1.664450876778033,ok,16.33621207868387,36.056831264604895,ok,16.33621207868387,63.29373611049179,ok
161583,161583.0,3.908983754592324e+16,star,0.00016697726483754353,7.156715612221123e-06,0.0,0.09601083181944106,star,False,20.133272,,,,,,,10.572990016976128,2.163078686228514,ok,10.572990016976128,3.378539488205659,ok,19.490584397879516,1.6643827993536617,ok,17.785302034445856,36.05601502267008,ok,17.785302034445856,63.30864105329131,ok
157480,157480.0,3.962783556803045e+16,star,0.0005544624454863594,7.949927997011856e-06,0.0,0.005192691080732613,star,False,17.936235,1.0886032984780096,-0.08512334409225063,1.0919263368774699,0.21042840177524252,0.13623981177806854,0.16037090122699738,9.313675954388751,3.174927747763477,ok,12.403905894465057,3.83932499390608,ok,4.539531055966994,1.6643599996037401,gaia_consistent,40.28987169795762,36.05573387457408,ok,40.28987169795762,63.253384272488354,ok
373531,373531.0,3.908983739505611e+16,star,0.0001783616318577147,8.998368380388713e-06,0.0,0.012263623337860028,star,False,20.207726,,,,,,,1.5592540853184285,1.9729648454368096,ok,4.5175990433089375,2.3325029115395544,ok,7.714571111253683,1.6646049237157088,ok,34.62363682149853,36.05626758699532,ok,34.62363682149853,63.32967861134805,ok
372983,372983.0,3.908983739505608e+16,star,0.00016939320445682825,2.450018514348988e-05,0.0,0.0032051844657078267,star,False,21.098238,,,,,,,6.644184999324422,1.7849168886797615,ok,6.644184999324422,2.7604733812847733,ok,8.944585725535342,1.6644273230426248,ok,22.979366237523326,36.056695531971606,ok,22.979366237523326,63.28787115273958,ok
725461,725461.0,3.908983739505454e+16,star,0.0001314639609002968,3.446852262566367e-05,0.0,0.1264588429304761,star,False,21.999987,,,,,,,4.37148565591609,1.7874099176140343,ok,4.37148565591609,2.597263547489095,ok,3.0853258251035798,1.6645499967482476,ok,14.016112483159036,36.06048762167582,ok,14.016112483159036,63.34204854537747,ok
726832,726832.0,3.90898375501197e+16,star,0.00046432566981577204,2.4699732901204707e-05,0.0,0.017259701947767905,star,False,20.743671,,,,,,,9.313675954388751,3.174927747763477,ok,12.403905894465057,3.83932499390608,ok,1.793458105544043,1.6644049627508588,ok,71.0396498382949,36.05632382071247,ok,71.0396498382949,63.46203635190632,ok
727605,727605.0,234539007868956.0,galaxy,0.0008477123902900402,4.786930709466658e-48,514.0,0.022648223110414742,AGN/QSO,True,23.30434,,,,,,,5.234460580229914,1.952448006222324,ok,5.234460580229914,4.766962537682929,ok,2.340077795588701,1.665494816371245,ok,68.46513416429333,36.092914711757246,ok,68.46513416429333,63.75509562898106,ok
725609,725609.0,3.962784160782823e+16,star,6.826409276117134e-05,6.110146868806133e-06,0.0,0.03473068906754648,star,False,18.720234,-7.618570647424552,-1.726836040955524,7.811823181699769,0.48118781240293423,0.31035757064819336,0.3677225708961487,4.044726820601822,1.9378792087366683,ok,1.738611975712435,2.437917674257847,ok,7.820372066550692,1.664363315875126,gaia_consistent,77.13001891429266,36.05566272651504,ok,77.13001891429266,63.293944444716665,ok
166078,166078.0,3.9089837424293896e+16,galaxy,0.3106467360897935,8.141085386132074e-05,0.0,0.017083790831095885,AGN/QSO,True,18.279922,,,,,,,10.143818448221918,1.8472134288041768,ok,10.143818448221918,2.4706002935847917,ok,2.9447407243924326,1.6643721115240564,ok,61.58728479437301,36.055809076045065,ok,61.58728479437301,63.24961989606529,ok
168726,168726.0,3.908983755013771e+16,galaxy,0.12884487372592437,8.331243815710941e-05,4.0,0.03702064360121369,star,False,22.685734,,,,,,,7.726896175578886,1.9026585470360882,ok,5.006066286547579,2.4025911249907925,ok,5.815330571602887,1.6647826711270692,ok,11.930127515955949,36.06239946394752,ok,11.930127515955949,63.9487619441212,ok
167965,167965.0,3.908983755013771e+16,star,0.0005663884880627571,6.882912482975874e-06,0.0,0.025752756713379326,star,False,19.568617,-4.898778553751131,-4.1775888369872725,6.438189171623702,1.099810127900511,0.7574899196624756,0.7973652482032776,1.3157349003010197,2.0584411178215407,ok,3.594697448835262,2.4049656641647457,ok,9.776581680553935,1.6643716450084245,gaia_consistent,19.935364036560536,36.055868485681906,ok,19.935364036560536,63.29715160584933,ok
167197,167197.0,3.908983755011946e+16,star,-0.0017344300535157605,8.876165619170243e-05,4.0,0.03846973991778808,star,False,23.260748,,,,,,,1.7695160205789655,1.7810822249218474,ok,1.7695160205789655,2.5097448216741354,ok,8.266320408096146,1.6652968519024571,ok,49.793293330305346,36.06616737571491,ok,49.793293330305346,66.47412717206524,ok
166854,166854.0,3.908983755011946e+16,galaxy,1.2545881837806871,0.00012449202357370912,4.0,0.0012681879081964979,star,False,22.917761,,,,,,,8.003294887482237,2.057837164631447,ok,1.0259157019383904,3.029148853139872,ok,4.644445765780587,1.6649306927813863,ok,9.063153872118509,36.06161527476614,ok,9.063153872118509,63.465065338526955,ok
168533,168533.0,3.908983748716514e+16,star,0.0004043022625710772,8.65401686905481e-06,0.0,0.05660990223128806,star,False,20.772694,,,,,,,3.412573341658335,1.777069463588171,ok,3.412573341658335,2.3286105991227575,ok,5.792068528726128,1.6644062011497982,ok,155.8443387256151,36.058662533031956,ok,155.8443387256151,63.918482158006015,ok
167420,167420.0,3.908983755013214e+16,galaxy,0.5419400055482597,7.357610619773805e-05,4.0,0.008531936055546892,star,False,22.641279,,,,,,,11.203807291366534,1.812305433690349,ok,11.203807291366534,4.245680995131707,ok,5.561759932440177,1.6647566532159732,ok,6.335323386280466,36.05991561460278,ok,6.335323386280466,63.53397391349999,ok
127060,127060.0,3.908983742011467e+16,quasar,2.679654576860341,0.000450003853699757,0.0,0.018877461507910188,AGN/QSO,True,20.944696,,,,,,,4.800229813827151,1.7522794082752071,ok,4.800229813827151,2.270150710208555,ok,4.866117079289621,1.6644171853899419,ok,24.53459928674004,36.05749743236496,ok,24.53459928674004,63.34312715357378,ok
733272,733272.0,3.90898375501312e+16,star,0.00039061627116108744,2.4591495306103673e-05,0.0,0.009921879379472793,star,False,21.229954,,,,,,,2.5675449169135396,1.7493808011531489,ok,2.5675449169135396,2.2360871645168574,ok,2.011399488529073,1.6644377551600664,ok,13.455584036152713,36.05642636162668,ok,13.455584036152713,63.33670435352779,ok
734478,734478.0,3.908983739505456e+16,star,0.0004423552253949932,4.8789219573951554e-05,0.0,0.03277081277164053,star,False,21.497738,,,,,,,3.4648233471768024,1.7692198418486278,ok,13.118104934171555,2.436054387269388,ok,0.1268031521399476,1.6644654633528786,ok,23.610197690195193,36.0568585284617,ok,23.610197690195193,63.43685871512722,ok
733746,733746.0,3.908983755013195e+16,star,0.0004875580262574704,8.930444824043132e-06,0.0,0.0137143642983281,star,False,19.313009,-0.5433936841383258,-3.3852562764586027,3.4285910740803995,0.6109475475168321,0.38666415214538574,0.4730198085308075,2.3803973115314063,1.8162566189663698,ok,2.3803973115314063,2.5757465090798575,ok,1.267032764862748,1.664368435554176,gaia_consistent,41.48353023895822,36.05575686495893,ok,41.48353023895822,63.266812035772254,ok
730820,730820.0,3.9089837395054456e+16,star,0.00011779327304703523,9.384601093654775e-06,0.0,0.025307581132852728,star,False,20.308821,,,,,,,5.57916255040209,1.749962713756013,ok,5.57916255040209,2.245359095563092,ok,0.8347488831711867,1.6643881341671163,ok,22.32433099315383,36.05595531421263,ok,22.32433099315383,63.283972367602686,ok
731390,731390.0,3.962784160782818e+16,star,0.0006836144840422606,3.891144047342344e-05,0.0,0.0025165043061432277,star,False,21.472065,,,,,,,2.4494285477942728,1.951207231550074,ok,4.291654280018267,2.8371801670898176,ok,0.9791959431545768,1.6644643078269261,ok,18.297306955389182,36.05667972187227,ok,18.297306955389182,63.338768529484234,ok
175363,175363.0,3.908983754592328e+16,star,0.0004742141991220554,1.76795412401688e-05,0.0,0.055870920554812784,star,False,20.834558,,,,,,,1.649150935801627,1.735114083702622,ok,1.649150935801627,2.249606556425894,ok,11.550256043800378,1.664409874536109,ok,7.213390852701134,36.05688727985039,ok,7.213390852701134,63.284343210316905,ok
175559,175559.0,3.908983754588237e+16,quasar,1.8108358033490597,0.001254679927252423,0.0,0.019933263488070965,AGN/QSO,True,22.783298,,,,,,,4.37148565591609,1.7874099176140343,ok,4.37148565591609,2.597263547489095,ok,4.759826387022807,1.6649309627154292,ok,5.709439415224433,36.05930030785928,ok,5.709439415224433,63.44771792588704,ok
170043,170043.0,3.908983739505625e+16,star,0.00020635378869135687,1.2001167302111994e-05,0.0,0.0786415912505564,star,False,20.429152,,,,,,,1.4703774320167315,1.880122485408723,ok,1.84044091050905,2.2832737537078756,ok,9.32520260323833,1.6643937257750239,ok,19.02487222257787,36.05599632485571,ok,19.02487222257787,63.27637686134305,ok
170439,170439.0,3.908983755014414e+16,quasar,2.004158481566867,0.0012490460738312785,4.0,0.022551904663842604,AGN/QSO,True,23.27273,,,,,,,1.98935814409425,1.8036236286588208,ok,1.98935814409425,2.6373138595948236,ok,3.6950455680763152,1.666998619823405,ok,19.044633361724955,36.066514705526814,ok,19.044633361724955,63.589909589136525,ok
137773,137773.0,3.908983754592326e+16,star,0.0003371857542953496,1.1290482393425642e-05,0.0,0.07600977216328755,star,False,20.376879,,,,,,,11.203807291366534,1.812305433690349,ok,11.203807291366534,4.245680995131707,ok,16.66365647801709,1.664389907668604,ok,5.581883790366724,36.056494965352016,ok,5.581883790366724,63.29403361736152,ok
134604,134604.0,3.9089837545923256e+16,star,1.946433337862853e-05,4.9680340486160085e-06,0.0,0.039916827729599695,star,False,19.143003,-7.632926099227323,4.965606309030466,9.105976435975924,0.9702530557859053,0.6893101930618286,0.6828194856643677,7.863969660458703,2.672801273255475,ok,9.878301415784764,2.5458595521976353,ok,11.435841676302873,1.664366573824723,gaia_consistent,21.82475304364985,36.055686169487885,ok,21.82475304364985,63.26535006379581,ok
137358,137358.0,3.962783556803091e+16,star,4.8327860360904644e-05,4.5606341455974205e-06,0.0,0.030909050555205177,star,False,18.527679,-6.089004208372219,-3.125375069636109,6.844263406348232,0.49078771902308277,0.33326002955436707,0.3602920174598694,1.9269671894614397,1.7844889531609318,ok,1.9269671894614397,2.386038959719097,ok,9.961482245034608,1.6643622890248102,gaia_consistent,54.28755827009747,36.055583113351915,ok,54.28755827009747,63.25069520334608,ok
138644,138644.0,3.9089837545923256e+16,star,-1.7195399817025228e-05,1.0036372554324023e-05,0.0,0.04001839883350521,star,False,20.392494,,,,,,,6.943908922830445,1.775105604262823,ok,25.126964653493587,2.343525589767571,ok,11.569862984253945,1.664390666346783,ok,44.30562659561443,36.05624824616968,ok,44.30562659561443,63.310118840364616,ok
138142,138142.0,3.908983755012716e+16,galaxy,1.54221670040689,0.0001281152822677754,4.0,0.007283064975801153,star,False,23.445951,,,,,,,3.5533969430104935,1.876418747091469,ok,3.5533969430104935,2.5966496744002567,ok,4.6532365573074355,1.665550039716346,ok,3.601387439508902,36.066096397026186,ok,3.601387439508902,64.1100352508682,ok
131930,131930.0,3.9089837550132136e+16,galaxy,1.1643150443449566,4.658808795576554e-05,0.0,1.413172212037665,star,False,21.287783,,,,,,,3.4570047338539838,1.764661728758016,ok,3.4570047338539838,2.431305678645351,ok,5.210808245081403,1.664449758435408,ok,22.24098907775752,36.05703667913518,ok,22.24098907775752,63.36270904586922,ok
359930,359930.0,3.908983755012866e+16,star,0.00014336009980048183,1.298271911293323e-05,0.0,0.018349405266660086,star,False,20.146416,-0.1864051070376,-4.583562504977164,4.587351316496506,1.1257007303531683,0.7767418622970581,0.8147847652435303,2.9560556612618516,1.7471460941799701,ok,2.9560556612618516,2.3096425944756147,ok,10.825141348784745,1.664382911440034,gaia_consistent,47.21122603083849,36.0560975309863,ok,47.21122603083849,63.33713238249298,ok
507179,507179.0,3.962784764762721e+16,galaxy,1.6078986882405404,0.0001664832550601045,4.0,0.014729870637638672,star,False,22.780699,,,,,,,0.8959405836614523,2.0177535117309535,ok,7.0912195793164985,2.320711331766991,ok,2.044403957405435,1.6648564826959624,ok,32.05622488360983,36.06051638090498,ok,32.05622488360983,63.47028460251755,ok
502400,502400.0,3.908983754592346e+16,star,0.00021892901296610386,1.3555760003985114e-05,0.0,0.015337520253285273,star,False,20.455563,-3.6520514597615494,1.026141788291555,3.7934742432794577,2.4207303574559367,1.5505585670471191,1.858952283859253,3.8159770572261555,1.922320657714356,ok,10.419989002529224,2.2410646136095767,ok,3.5386797580340486,1.6643931824587332,gaia_consistent,30.50257143861014,36.05626990347594,ok,30.50257143861014,63.3155388385814,ok
502950,502950.0,3.908983739505456e+16,galaxy,0.880908135030116,8.345124803031395e-05,0.0,0.007644754278712276,AGN/QSO,True,22.23864,,,,,,,19.135017611398567,2.017112636939981,ok,5.817212438714844,2.67758554826437,ok,1.497255183261811,1.6657047224684365,ok,54.23729729291821,36.07653520826271,ok,54.23729729291821,63.308901792568406,ok
506648,506648.0,3.908983754592368e+16,star,0.0004768803191785382,2.0490965381235677e-05,0.0,0.042030212261335125,star,False,20.947798,,,,,,,2.603157856173971,1.8975465122957484,ok,4.976398807029533,2.272688742883053,ok,5.8933818168631165,1.6644164207880667,ok,49.36062137729156,36.05630735433397,ok,49.36062137729156,63.310824753535336,ok
508116,508116.0,3.962784764762671e+16,quasar,1.8065316383514933,0.0002910187535782131,0.0,0.0024601825034588905,AGN/QSO,True,19.189135,0.2914983067564192,-0.5355656084890378,0.6097555115274422,0.37005932021895155,0.2596130967140198,0.2637137472629547,10.572990016976128,2.163078686228514,ok,10.572990016976128,3.378539488205659,ok,2.270917051048716,1.664367130818787,gaia_consistent,95.02172398333404,36.055686013041885,ok,95.02172398333404,63.26454477653478,ok
749547,749547.0,3.908983754592347e+16,star,9.378235177573261e-05,4.7732546584288555e-06,0.0,0.14222690479468159,star,False,19.457361,-30.575645678759805,-0.8053662659840406,30.5862505628828,1.8612834812628896,1.1584492921829224,1.4568361043930054,1.3541196046956325,2.058738656675287,ok,2.9958099930703397,5.077992550366359,ok,34.48965328770711,1.6643702192824557,gaia_consistent,,,inconsistent_with_gaia,,,inconsistent_with_gaia
750681,750681.0,3.908983754592348e+16,star,0.0005057955980024348,2.6568164827703803e-05,0.0,0.02205880677506897,star,False,21.021708,,,,,,,10.906965330572405,1.9765767584803906,ok,7.197737958021415,2.49857624234562,ok,11.82692344919146,1.6644251500769927,ok,23.048568339919317,36.056537523406895,ok,23.048568339919317,63.296196426342796,ok
707137,707137.0,3.908983755011004e+16,galaxy,0.9379262874659411,0.00015165128432793204,4.0,0.05861886261615762,star,False,23.149981,,,,,,,4.925315486478825,1.924924358918161,ok,6.313195383114699,3.87905444934788,ok,8.005373279089632,1.6654750862498442,ok,42.106140006503935,36.0668300697243,ok,42.106140006503935,63.72742694625199,ok
141294,141294.0,3.908983755014093e+16,star,0.00042605552689552634,2.411647791570914e-05,0.0,0.04517818347980227,star,False,21.267738,,,,,,,12.507990806509643,1.9569541898114595,ok,12.507990806509643,2.8884522012561744,ok,11.601374355409446,1.6644415119377411,ok,36.24819662554159,36.0565697767252,ok,36.24819662554159,63.326548568334765,ok
706954,706954.0,3.908983754592346e+16,star,0.0006599927163901718,1.6472278714627896e-05,0.0,0.04640491937074166,star,False,19.867781,-0.8310887754891093,-11.19134000687015,11.222156642201904,1.0608057600410978,0.6917011141777039,0.8042750954627991,5.970460283889351,1.812018753157878,ok,5.970460283889351,2.4604573635699123,ok,15.365721259328362,1.6643768217877526,gaia_consistent,47.855626163751886,36.055858063593426,ok,47.855626163751886,63.26755892036212,ok
143911,143911.0,3.9089837545923256e+16,star,-8.764159751211464e-05,2.393644470313701e-05,0.0,0.0572001209124387,star,False,20.993921,,,,,,,5.234460580229914,1.952448006222324,ok,5.234460580229914,4.766962537682929,ok,13.797152270985237,1.6644200248369534,ok,49.81158228771605,36.05677982009579,ok,49.81158228771605,63.28750938052936,ok
143098,143098.0,3.908983755011707e+16,star,2.463385476850943e-05,6.389575583476695e-06,0.0,0.013714510949186619,star,False,19.58618,0.13311116849174878,-3.4260428449057803,3.428627736909817,0.9870107483905082,0.6455341577529907,0.74664306640625,10.31796251194135,1.883967092679846,ok,10.31796251194135,3.03589440883797,ok,8.888139766502404,1.6643720364179797,gaia_consistent,56.95926545388689,36.05586033920081,ok,56.95926545388689,63.275172870945724,ok
142245,142245.0,3.962783556803067e+16,quasar,1.8282239999649226,0.003120230123558785,0.0,0.0027951472192163694,AGN/QSO,True,22.72364,,,,,,,5.655116068879697,1.8341102853456406,ok,28.480023415669493,3.538021494327731,ok,5.751788956579884,1.6649947590319727,ok,16.662925658597292,36.06182156587195,ok,16.662925658597292,63.56365733757424,ok
144811,144811.0,3.908983754592344e+16,star,0.0005424651681716224,1.4328062396942128e-05,0.0,0.06902773335198832,star,False,20.344828,,,,,,,4.856192145497431,1.8297028990300725,ok,2.2800573777597433,2.599686631929024,ok,14.007853003683774,1.6643890683224056,ok,20.924222466728686,36.056057088771055,ok,20.924222466728686,63.28296032842456,ok
514762,514762.0,3.962784764762735e+16,galaxy,0.12099243509973172,5.196929241617836e-05,0.0,0.019630836604355127,AGN/QSO,True,19.63611,,,,,,,5.997478309171102,1.7527298097800605,ok,5.997478309171102,2.6339223850609024,ok,5.177487067257234,1.6643837064466345,ok,22.82708581128261,36.05590621235679,ok,22.82708581128261,63.27381888374631,ok
511274,511274.0,3.908983739500879e+16,galaxy,0.701219559716947,0.000167372796123106,0.0,0.017505446438159596,star,False,20.780411,,,,,,,1.4703774320167315,1.880122485408723,ok,1.84044091050905,2.2832737537078756,ok,4.607746778614737,1.6644483839902608,ok,21.21097663243389,36.05679463633911,ok,21.21097663243389,63.27402278716521,ok
512737,512737.0,3.908983739500878e+16,quasar,0.3735076273889591,3.509359799724842e-05,0.0,0.012423784082365245,AGN/QSO,True,20.257242,,,,,,,4.167502535241383,1.7712387083444059,ok,4.167502535241383,2.226172462308743,ok,5.571895237643542,1.6644127477629023,ok,12.517101920299867,36.05642963532893,ok,12.517101920299867,63.29640722525629,ok
361747,361747.0,3.908983755012327e+16,galaxy,1.0409013462524106,8.569279415539609e-05,4.0,0.01927491973291908,star,False,22.546526,,,,,,,6.342931442081209,1.7255111232418308,ok,6.342931442081209,2.213969023873206,ok,7.603352860421439,1.6647183636084222,ok,32.52847068811143,36.174152150685096,ok,32.52847068811143,68.50398367829791,ok
360294,360294.0,3.908983739504839e+16,star,0.0008172734117977958,4.070026276506198e-05,4.0,0.10633461229659902,star,False,21.367273,,,,,,,2.5268590120688716,1.8062963979155828,ok,2.5268590120688716,2.61160911317348,ok,21.232738576387014,1.6644535100022813,ok,41.257614025314204,36.05763471412611,ok,41.257614025314204,63.32364839495707,ok
362021,362021.0,3.9089837545923064e+16,star,0.0001795816089419407,7.475363526659786e-06,0.0,0.02213528947979826,star,False,19.667433,,,,,,,6.291368665245638,1.7552061973765696,ok,6.291368665245638,2.308003076735723,ok,11.933967135045991,1.6643731455355548,ok,87.97041880437706,36.05640083311185,ok,87.97041880437706,63.2742204399157,ok
757087,757087.0,3.90898375459235e+16,star,0.0002947645095030969,5.004140346471814e-06,0.0,0.014338685225410493,star,False,19.370724,-2.915142080825838,-1.2173005872215987,3.15909386866735,0.8229634500010066,0.5531780123710632,0.6093134880065918,11.4859262190525,1.8322249832495787,ok,4.728412737914728,2.405016095795677,ok,9.362909549234912,1.6643690570566687,gaia_consistent,20.786669743304817,36.05575869164117,ok,20.786669743304817,63.2623063939769,ok
756858,756858.0,3.90898375459235e+16,star,0.00041984746230761417,1.2858611990061165e-05,0.0,0.05093757365067239,star,False,20.219849,,,,,,,3.203064717942427,1.8283680032685599,ok,3.203064717942427,2.477323771349469,ok,12.37288621235862,1.6643856586174977,ok,15.334690753559592,36.05595980008811,ok,15.334690753559592,63.260692299804184,ok
715948,715948.0,3.908983755012506e+16,galaxy,0.0011027781065191108,4.1850135144382455e-05,0.0,0.004827017467358932,star,False,21.801765,,,,,,,7.872822229013314,1.9316181675602586,ok,4.952905672867921,2.4149086364393373,ok,6.6952753265057385,1.664517830021936,ok,18.287537302303843,36.05765413066352,ok,18.287537302303843,63.5301632751188,ok
711023,711023.0,3.962784160782935e+16,galaxy,1.645586673558582,0.00013049804981632267,4.0,0.1872158366125557,star,False,19.747816,-6.3086748887989765,-41.68303580601227,42.1577377578288,0.9558092578584642,0.6221325397491455,0.7256186604499817,19.135017611398567,2.017112636939981,ok,5.817212438714844,2.67758554826437,ok,47.50305067866938,1.6643747011681005,gaia_consistent,41.13430176663096,36.05576720512696,gaia_consistent,41.13430176663096,63.2772689839697,gaia_consistent
708476,708476.0,3.908983754592345e+16,star,-3.270554545168232e-05,2.9200883835475544e-06,0.0,0.07624063108146878,star,False,18.518213,-16.09444632418228,4.124079192004443,16.61442841821254,0.7004705320144861,0.4344465136528015,0.5494681000709534,5.279969974316536,2.528588930805051,ok,2.9768550828094384,2.7130608134107423,ok,21.450585008386412,1.6643624526435588,gaia_consistent,52.46563288234177,36.05566496313673,ok,52.46563288234177,63.25413061705056,ok
709226,709226.0,3.908983742011424e+16,quasar,1.8190671639592972,0.00037315388887199417,0.0,0.008604413873243857,AGN/QSO,True,20.215975,0.8303566619679579,-1.567211757050882,1.773596593792704,1.7044096402311173,1.1796238422393799,1.2302438020706177,8.1840040025997,2.010150347220325,ok,8.734023417318715,2.2690526053267717,ok,4.066644807683934,1.6643860781418733,gaia_consistent,79.49587194258713,36.05621663423266,ok,79.49587194258713,63.366440563462405,ok
707310,707310.0,3.908983739505452e+16,quasar,3.326058908020165,0.00023881933820812598,0.0,0.018336196827167847,AGN/QSO,True,20.502161,,,,,,,8.426544812514164,1.8905357501388034,ok,8.426544812514164,38.93529634474323,ok,4.544874132237417,1.6643951811971873,ok,53.67917435059582,36.05633752948137,ok,53.67917435059582,63.33360840228617,ok
480865,480865.0,3.908983755011755e+16,galaxy,0.6690722257582049,7.16034219747493e-05,4.0,0.024028807121669528,star,False,22.982216,,,,,,,11.585183514146953,1.996941636456538,ok,7.576285262122648,3.490512272622836,ok,4.51009134374518,1.665052823008886,ok,42.46838455102666,36.06133605182629,ok,42.46838455102666,63.609500461875484,ok
372324,372324.0,3.908983755013021e+16,galaxy,0.37100449640992683,1.8335630220584815e-05,0.0,1.314820254543195,star,False,22.878197,,,,,,,3.6659265256764386,2.085912386457147,ok,1.526729446810855,2.348734970286172,ok,5.910290126352433,1.6648880680006077,ok,32.50068663759482,36.08160312915391,ok,32.50068663759482,63.605077281861135,ok
372967,372967.0,3.908983739505637e+16,star,0.0003887435973341828,1.6083398880778788e-05,0.0,0.024298098348082185,star,False,20.30942,0.2600597051631792,-5.85633662726383,5.862107960629986,1.5711525978667158,1.1038538217544556,1.1180461645126343,4.37148565591609,1.7874099176140343,ok,4.37148565591609,2.597263547489095,ok,7.9374470671545865,1.6643888581543247,gaia_consistent,36.58961028249707,36.05618983901535,ok,36.58961028249707,63.29405840943809,ok
369803,369803.0,3.908983755013565e+16,galaxy,0.5169118112289678,5.9877994002813954e-05,0.0,0.02134005889873086,star,False,21.869514,,,,,,,3.25425232403949,1.9552494551352628,ok,5.598314186360965,2.373773670114109,ok,7.309359338040125,1.6645235755476817,ok,10.8835725450839,36.058509644993606,ok,10.8835725450839,63.3838189021058,ok
368237,368237.0,3.908983755013565e+16,star,0.0001896550444280939,3.227959024300937e-05,0.0,0.011701796821100376,star,False,21.765703,,,,,,,16.146114154098715,1.7286355046470823,ok,26.23290114578207,2.183739833514889,gaia_consistent,6.334948530743285,1.6645056495219381,ok,20.139250011040414,36.059395776634325,ok,20.139250011040414,63.66796475999315,ok
369965,369965.0,3.908983754588549e+16,galaxy,0.7984889743358672,8.087033135108652e-05,4.0,0.0095277341044401,star,False,24.102123,,,,,,,1.372865592627206,1.790541138326524,ok,1.372865592627206,2.618054110874443,ok,7.929536941916022,1.667791054543073,ok,27.288363776720622,36.092413738228956,ok,27.288363776720622,64.85049582863212,ok
372502,372502.0,3.908983739505632e+16,star,4.0986955743225e-05,2.671870982844546e-05,0.0,0.1113370264931819,star,False,21.418953,,,,,,,3.4289838386192857,1.7838948885401145,ok,3.4289838386192857,2.4859183107978797,ok,15.564041458940482,1.6644545568379314,ok,184.87359241236453,36.06087161601352,ok,184.87359241236453,63.92800745033516,ok
368822,368822.0,3.90898375501187e+16,galaxy,0.8393334707744226,2.453500802459722e-05,0.0,0.00178678909459868,star,False,22.314289,,,,,,,2.9817762530265366,2.001353412600254,ok,6.157238202499225,2.518867356467916,ok,7.619977647649252,1.6646988300859409,ok,28.54362738410379,36.06257700739166,ok,28.54362738410379,63.43252677048084,ok
760461,760461.0,3.908983755014767e+16,star,-1.473344015135436e-05,3.957518918920848e-05,0.0,0.008466169035968734,star,False,21.503366,,,,,,,5.95692447168026,1.7339329262392562,ok,5.95692447168026,2.280702525200904,ok,4.664690781285598,1.664469551938777,ok,6.19157478225874,36.057234778763785,ok,6.19157478225874,63.362983129239176,ok
720651,720651.0,3.908983755014766e+16,star,0.0005040721406656809,4.4255593689963424e-05,0.0,0.0314732849371512,star,False,21.042042,,,,,,,8.51606799290913,2.048964936190565,ok,8.51606799290913,5.5135356455552476,ok,7.814977843477561,1.664425208340754,ok,19.14267424008465,36.05635583228698,ok,19.14267424008465,63.30789540170237,ok
722104,722104.0,3.908983755011845e+16,galaxy,0.0022825340749380047,7.793653995390259e-05,4.0,0.08853813859303325,star,False,23.076517,,,,,,,6.372671387510957,1.789169925368036,ok,28.766906865414906,2.1797287804852985,ok,19.771049019675985,1.6651828446984323,ok,27.26775953279069,36.06152499425678,ok,27.26775953279069,63.574256527025504,ok
720867,720867.0,3.9089837395054696e+16,quasar,0.8918320586796007,0.00012194057949406046,0.0,0.024826412777289017,AGN/QSO,True,21.803293,,,,,,,3.8968239013561177,1.7629313430113096,ok,3.8968239013561177,2.333610274889016,ok,1.89457686426326,1.6647503404178312,ok,25.979881771482454,36.05844354325318,ok,25.979881771482454,63.41180089053069,ok
723116,723116.0,3.908983739505466e+16,star,0.0003123921361896574,3.159692376449473e-05,0.0,0.1474895867447096,star,False,21.758619,,,,,,,15.17728140206447,1.7578633568503934,ok,15.17728140206447,2.2790608690446565,ok,13.563143344920956,1.664513037034373,ok,42.23630296280106,36.05785251485687,ok,42.23630296280106,63.305998192167365,ok
722291,722291.0,3.962784160782947e+16,star,0.0006965553456107624,3.5910862155564522e-06,0.0,0.009193879042869241,star,False,19.138649,-2.0276622657223125,-3.237368839586958,3.8199438827504717,0.4212101257748265,0.297418475151062,0.29826200008392334,14.394117038225813,1.8859240777005728,ok,3.4207073992249866,2.2501368206147205,ok,6.250173383759858,1.6643665952681985,gaia_consistent,66.8492947316508,36.05571300731557,ok,66.8492947316508,63.294270256454524,ok
529564,529564.0,3.908983755012826e+16,galaxy,0.9575963088849212,5.365648511947815e-05,0.0,0.01639098979753622,star,False,22.446672,,,,,,,2.5675449169135396,1.7493808011531489,ok,2.5675449169135396,2.2360871645168574,ok,2.9015118084816534,1.6646964218998723,ok,25.113246592768554,36.05912106744087,ok,25.113246592768554,63.56211490588579,ok
528465,528465.0,3.90898375501271e+16,star,0.0002816785042744937,7.928448349497809e-05,0.0,0.05877126720603226,star,False,21.307455,,,,,,,1.5489202923971699,1.872936786287745,ok,1.5489202923971699,2.9352840671390243,ok,5.027895573407902,1.6644467308151987,ok,185.54684579284114,36.06011142622778,ok,185.54684579284114,63.61935331379795,ok
487451,487451.0,3.908983755013071e+16,galaxy,0.26901146513802954,7.968924228746574e-05,4.0,0.04337082685626381,star,False,22.174461,,,,,,,4.843513892781728,1.741895483899986,ok,4.843513892781728,2.3226523875155607,ok,5.510502203050392,1.6645982894784914,ok,41.897486734809256,36.05822324317922,ok,41.897486734809256,63.40385159181916,ok
158832,158832.0,3.962783556803225e+16,quasar,2.3833321582317284,0.0008691391742680316,0.0,0.03449757955065813,AGN/QSO,True,22.731874,,,,,,,8.02492951523273,2.4434120213113126,ok,2.599103791401438,2.894876201393323,ok,7.150638161220953,1.6648227228200851,ok,24.088821050895895,36.06622696095863,ok,24.088821050895895,63.66439733358549,ok
159713,159713.0,2.3058430377936886e+18,star,0.0006547175492312393,6.601985130240511e-06,0.0,0.03646498201918744,star,False,18.085644,-5.062730302690782,-6.387795738333308,8.150777417673277,0.28323049912095705,0.16924159228801727,0.2271052598953247,8.332701356568371,1.7404378263797435,ok,8.332701356568371,2.2023290704698284,ok,11.776348408240594,1.6643626798848523,gaia_consistent,87.29241937696155,36.055819305419575,ok,87.29241937696155,63.25289547565142,ok
161877,161877.0,3.962783556803218e+16,star,0.0004974472303429788,4.346709899659383e-06,0.0,0.06247257420613445,star,False,18.269012,-3.128923295352531,-13.331135660372476,13.693404944843136,0.5385515789798998,0.33503609895706177,0.42164987325668335,1.8176526371546404,1.7338138935917338,ok,1.8176526371546404,2.338561859567961,ok,14.108695576329037,1.6643610197271723,gaia_consistent,61.741452148328406,36.05560618150323,ok,61.741452148328406,63.25564388640069,ok
161770,161770.0,3.908983755012011e+16,quasar,1.1720794192902133,0.00046891354437329373,0.0,0.010965558070381708,AGN/QSO,True,21.844234,,,,,,,3.027542086080263,1.8053709077655666,ok,3.027542086080263,2.2993133136010653,ok,5.949868113236989,1.6645714479327993,ok,1.8170772778014246,36.05738165645433,ok,1.8170772778014246,63.449976686697276,ok
161279,161279.0,3.962783556803201e+16,star,3.9922681932682904e-05,2.687319472279613e-06,0.0,0.009543652437132321,star,False,18.095123,-1.75658657288784,-1.2446881037856898,2.152868984345184,0.26316250263370067,0.15855145454406738,0.2100379467010498,10.59098339145105,1.9904733204555218,ok,10.59098339145105,3.503959370696557,ok,8.176660859578744,1.664360557799697,gaia_consistent,25.761199924764643,36.05567752551734,ok,25.761199924764643,63.252093862496565,ok
158804,158804.0,3.9089837550110424e+16,star,0.0009985248180750012,4.408821342058933e-06,0.0,0.03267785407386031,star,False,19.330538,-7.412729205771447,-3.4338869694265854,8.169463507287041,0.6747364683543965,0.44911321997642517,0.5035539865493774,7.17312708945149,1.8662478448884816,ok,7.17312708945149,2.551653875619039,ok,13.01119555698763,1.6643689726340862,gaia_consistent,41.378671442134795,36.055806239331964,ok,41.378671442134795,63.26507829764707,ok
373690,373690.0,3.9089837550110424e+16,galaxy,0.4770086202500337,6.607054098979014e-05,4.0,0.011623757299316471,AGN/QSO,True,23.145098,,,,,,,8.360909979354505,2.9028705863851725,ok,8.360909979354505,3.5293955250199045,ok,8.328459495673755,1.6654687282573777,ok,24.317208995196797,36.065623449833886,ok,24.317208995196797,63.68840483786524,ok
160442,160442.0,-826419003.0,galaxy,0.0008477123902900402,4.786930709466658e-48,514.0,1.0888929268006746,star,False,21.271719,,,,,,,6.160191305763969,1.7665159350383772,ok,6.160191305763969,2.300859690480669,ok,11.860731186211073,1.6644399616048242,ok,29.216160017031875,36.05689172818412,ok,29.216160017031875,63.31062566507321,ok
159955,159955.0,3.908983755012862e+16,galaxy,1.0230591389966524,2.5056863370927372e-05,0.0,0.08814730245471118,star,False,23.924898,,,,,,,3.0638007398760707,1.7495257583339248,ok,3.0638007398760707,2.2535162093855843,ok,6.427753473343899,1.6680134144430554,ok,16.75861970200022,36.08545081407438,ok,16.75861970200022,64.13374722299177,ok
728602,728602.0,3.908983755011218e+16,galaxy,1.107178028720644,0.00014767385466604344,4.0,0.018127369041445737,star,False,23.118849,,,,,,,9.864252764620822,1.762557789395547,ok,9.864252764620822,2.309628082940904,ok,1.1187553224651443,1.6651311431381635,ok,33.75016464241414,36.06777065672657,ok,33.75016464241414,64.01157448362977,ok
732509,732509.0,3.908983754592352e+16,star,0.0001415339054954157,5.066853470765504e-06,0.0,0.022951404723073426,star,False,18.908064,-4.395569468184865,2.7826058192219314,5.202300077351049,0.6562369414957139,0.4360050857067108,0.49045538902282715,4.554323120758305,2.4781955363544412,ok,5.672977917379393,2.6781153204440584,ok,7.038219855656777,1.6643645941844676,gaia_consistent,27.054856208037688,36.05563946786108,ok,27.054856208037688,63.26021957507179,ok
724571,724571.0,3.962784160783016e+16,star,0.0010033378658519502,1.8430450004092906e-05,0.0,0.042372773931815454,star,False,20.009413,-5.156745942913284,-5.719884038413888,7.701240298332118,1.2855770503391204,0.9264196753501892,0.8913220167160034,6.9014969783768265,1.7303990041619888,ok,6.9014969783768265,2.203700482902265,ok,7.7233359016248855,1.664379640181445,gaia_consistent,37.254346129353,36.056049243947534,ok,37.254346129353,63.28087115477813,ok
725789,725789.0,3.962784160782989e+16,galaxy,1.1304076699995653,8.307742198249497e-05,0.0,0.02480477694695462,star,False,23.257303,,,,,,,2.832878329194037,1.8403584930990973,ok,2.832878329194037,2.470919535613915,ok,1.4582590808124882,1.665467694855998,ok,23.036393440075063,36.06784975305641,ok,23.036393440075063,64.33080231303144,ok
728769,728769.0,3.908983754592349e+16,star,4.397264226357573e-05,1.726010999628735e-05,0.0,0.018764217615977016,star,False,20.199392,-0.5466676236246572,-4.131160838573125,4.167173546287655,1.1047752114828238,0.8173889517784119,0.7432385683059692,6.286739427099784,1.7419830496457511,ok,6.286739427099784,2.2355192507177755,ok,2.523528699473163,1.6643843341132636,gaia_consistent,91.7148196896259,36.05614161262579,ok,91.7148196896259,63.29108082652175,ok
726945,726945.0,2.3058430377936927e+18,star,0.000981595621707702,1.2465577430691305e-05,0.0,0.04095975338911696,star,False,17.955311,-7.366705541021955,-5.394296120214114,9.130541120912858,0.1927571959731734,0.1390383243560791,0.13350535929203033,8.754153184082568,1.9463814276050264,ok,8.754153184082568,2.4980523823627014,ok,7.99154845645499,1.664360012877357,gaia_consistent,55.610194819954835,36.055611018209085,ok,55.610194819954835,63.25465790862798,ok
729510,729510.0,3.962784160782952e+16,star,8.311304125462704e-05,4.678166801400104e-06,0.0,0.014219120135080665,star,False,18.438061,-3.1314947690668813,0.3482788308667097,3.1508026965716405,0.5090608448242415,0.3836352825164795,0.3346145749092102,3.356695918925567,1.7580789411387467,ok,3.356695918925567,2.37819046613131,ok,5.780415487428585,1.664361809444238,gaia_consistent,44.02723383460868,36.0556262726682,ok,44.02723383460868,63.26284510220846,ok
729511,729511.0,3.962784160782952e+16,galaxy,0.0008477123902900402,4.786930709466658e-48,514.0,0.03702876239541435,star,False,18.479031,-7.892523879034503,-1.88781306078383,8.115156889031526,0.4431063694397233,0.35906851291656494,0.25964024662971497,3.6145583334612406,1.7646963518426129,ok,3.6145583334612406,2.580266071106031,ok,5.894693797949947,1.6643619826180516,gaia_consistent,60.485533316661424,36.05561660734826,ok,60.485533316661424,63.26443367133997,ok
729837,729837.0,3.9089837550144456e+16,star,0.00013389355564536357,3.0168756489541124e-05,4.0,0.04017480927831062,star,False,21.23333,,,,,,,6.2574429310362225,1.7566094582381502,ok,6.2574429310362225,2.4414394703304843,ok,5.513702335516388,1.6644366174464973,ok,13.154065709606906,36.05708338340291,ok,13.154065709606906,63.32202394668036,ok
725165,725165.0,3.908983755013561e+16,galaxy,1.1392441582739887,9.971762749900337e-05,4.0,0.00407537850683028,star,False,23.583584,,,,,,,4.745131261985273,1.7603034814529683,ok,14.240450103857377,2.5879813406546925,ok,1.3124960485134112,1.6658786208746006,ok,41.968917085230395,36.074940275545394,ok,41.968917085230395,63.80453039668707,ok
168931,168931.0,3.908983755011744e+16,star,0.0007173072523521964,1.9044610499985715e-05,0.0,0.024648207953279794,star,False,20.589912,,,,,,,5.453647101103946,1.7444565729592858,ok,5.453647101103946,2.2245587162404368,ok,8.09120989890373,1.664398196415791,ok,68.52940015890375,36.05628636331455,ok,68.52940015890375,63.34700604502795,ok
163313,163313.0,3.908983755011006e+16,galaxy,0.03739199770848194,3.2937251577789356e-05,4.0,0.05640979035567198,star,False,23.342514,,,,,,,9.23144903698073,1.7278635730810186,ok,9.23144903698073,2.195334769711192,ok,5.94281784162401,1.6654748594905253,ok,29.428463771980013,36.06962085040073,ok,29.428463771980013,63.88881091012573,ok
735041,735041.0,3.962784160783066e+16,quasar,2.1565539931239757,0.0004603429944294894,0.0,0.02851109278957143,AGN/QSO,True,23.195042,,,,,,,0.7526559466380623,1.80987217204923,ok,5.357139065345643,2.7280214021216316,ok,2.020523187971412,1.66659645430165,ok,13.15846895156704,36.075591976655794,ok,13.15846895156704,63.8121594298368,ok
736922,736922.0,3.9089837550124664e+16,star,-0.0001277292520680084,9.998942550970829e-06,0.0,0.014414312822588935,star,False,19.607599,0.28906507695843797,-3.5919656556042794,3.603578206416182,0.7452187939149426,0.5039951205253601,0.5489444136619568,1.7197367402821684,1.7848911116398427,ok,1.7197367402821684,2.371143800804679,ok,2.434948547028121,1.6643722125280564,gaia_consistent,17.669912936445712,36.05586722870198,ok,17.669912936445712,63.27539501925559,ok
733923,733923.0,3.9627841607830456e+16,quasar,1.1899832740687564,0.0005611791884677785,0.0,0.03345072990894977,AGN/QSO,True,22.824516,,,,,,,2.2098942610233636,1.8276259947609519,ok,10.320428027713884,2.5659819690056174,ok,2.566254194800485,1.6653614072718248,ok,6.114965024062457,36.056782146747345,ok,6.114965024062457,63.47335998387812,ok
502452,502452.0,3.9089837395054776e+16,star,0.000130174433948237,3.2904333368662014e-06,0.0,0.027627712166814016,star,False,19.01543,-2.3015184629731595,5.314755107717457,5.7916844778022165,0.9332659801810779,0.6521174907684326,0.6676287651062012,1.7695160205789655,1.7810822249218474,ok,1.7695160205789655,2.5097448216741354,ok,10.653265083102731,1.664365666478874,gaia_consistent,,,inconsistent_with_gaia,,,inconsistent_with_gaia
734495,734495.0,2.3058430377936845e+18,star,0.00016393908794031255,1.0268231343093261e-05,0.0,0.0746802855445516,star,False,18.307022,-14.865179681261417,-7.421883084278582,16.614990685308488,0.399260252950392,0.27141496539115906,0.29281848669052124,3.060625298522229,3.172231951494163,ok,4.180415765405442,2.2531274284736087,ok,15.67659501409514,1.6643612965364054,gaia_consistent,36.80247359138211,36.0556272401204,ok,36.80247359138211,63.25251796068609,ok
501410,501410.0,3.908983755014816e+16,quasar,1.712838253611001,0.0003078428174397515,0.0,0.0027734534082064105,AGN/QSO,True,20.612179,,,,,,,3.412573341658335,1.777069463588171,ok,3.412573341658335,2.3286105991227575,ok,2.285890553849472,1.6643997254057161,ok,25.99498837348345,36.056259007609974,ok,25.99498837348345,63.589229382007254,ok
736055,736055.0,3.962784160782998e+16,star,0.0010866678405816671,1.925318101041098e-06,0.0,0.02852274093057103,star,False,17.927425,-4.09790373646914,-4.853594456979492,6.352180270284353,0.18962030985062506,0.13724318146705627,0.13084407150745392,3.5674345859464016,1.8928913765913786,ok,5.292311170656085,3.3519809046149156,ok,4.3887885793245776,1.664360116098317,gaia_consistent,35.28586517499386,36.05569938845954,ok,35.28586517499386,63.25505264022986,ok
175571,175571.0,3.9089837550128024e+16,star,0.0005443366607131119,2.339391380287449e-05,0.0,0.0067202399422353985,star,False,20.430035,-1.2370556249326232,-1.136791501064905,1.6800599799027542,1.8575189101515768,1.2898368835449219,1.3366739749908447,7.012019272741712,2.2068566216469883,ok,7.012019272741712,5.173460386877056,ok,7.641748859588129,1.664396192426427,gaia_consistent,35.915297996595385,36.056209606938545,ok,35.915297996595385,63.39803027874829,ok
175617,175617.0,3.908983742011474e+16,galaxy,0.9297698462550471,0.0002007155061471873,0.0,0.00341908153059197,AGN/QSO,True,21.53758,,,,,,,6.477543828228905,1.9024233264985169,ok,6.5237867269304255,2.892875502841693,ok,6.199575727745132,1.6652384330404117,ok,30.627443395166853,36.06524779376709,ok,30.627443395166853,63.43945557966889,ok
172160,172160.0,3.908983755014805e+16,galaxy,0.4600815436002651,2.804711144953297e-06,0.0,0.026834185662656322,star,False,20.900414,,,,,,,5.441208267183162,2.2307139287707676,ok,6.913097280866524,4.690598481847542,ok,5.790160618678582,1.6644587750323978,ok,21.602423668352692,36.05664191980189,ok,21.602423668352692,63.29349832928179,ok
170962,170962.0,3.908983755013279e+16,galaxy,0.5289505220392378,8.555399672276602e-05,0.0,0.01656875470274493,star,False,22.696188,,,,,,,8.51606799290913,2.048964936190565,ok,8.51606799290913,5.5135356455552476,ok,6.148055386982398,1.6650316190280552,ok,63.99941270859222,36.063090857290284,ok,63.99941270859222,64.02923923123326,ok
171669,171669.0,3.90898373950564e+16,star,0.00016065393251742148,1.4464065278373382e-05,0.0,0.02345340834247051,star,False,20.592459,,,,,,,8.815325808150378,1.767285930025652,ok,8.815325808150378,2.4530322873750383,ok,6.305730976419356,1.6644033906291857,ok,52.46726672670916,36.05656461306741,ok,52.46726672670916,63.30460794889321,ok
172973,172973.0,3.962783556803229e+16,star,0.00010505158455474594,4.213892669515673e-06,0.0,0.01587816392129823,star,False,18.432526,0.17945028880519182,-3.791503733979587,3.7957480120436626,0.4089612492585245,0.2737404406070709,0.30383461713790894,6.706543511795445,1.9148409788369523,ok,6.919488914472925,2.2281480534710334,ok,7.144497441896581,1.6643621857598487,gaia_consistent,74.91120434335542,36.055609429985054,ok,74.91120434335542,63.2511191315797,ok
171959,171959.0,3.908983739505648e+16,galaxy,0.9737792660099063,0.00012070226144891219,0.0,0.022593214131396255,AGN/QSO,True,21.639204,,,,,,,3.4232815843669284,1.7511292438591333,ok,3.4232815843669284,2.8589453750188665,ok,4.6631916909110025,1.6650726477869437,ok,18.520612656761454,36.060009282558966,ok,18.520612656761454,63.360219425374964,ok
172799,172799.0,3.9089837545923304e+16,star,0.0001801373070716036,2.1662583489037784e-05,0.0,0.028333731790699628,star,False,21.249062,,,,,,,3.027542086080263,1.8053709077655666,ok,3.027542086080263,2.2993133136010653,ok,10.057209335554651,1.6644563823623055,ok,38.28718891149873,36.05797388343865,ok,38.28718891149873,63.28802593769095,ok
176864,176864.0,3.9089837550121416e+16,star,0.0005585175163183211,3.6487745849348575e-05,0.0,0.004136868423155913,star,False,20.342133,0.6000412300839806,-0.8423512070203604,1.0342171115241492,1.4567394638498359,1.0880823135375977,0.9685900807380676,16.146114154098715,1.7286355046470823,ok,26.23290114578207,2.183739833514889,gaia_consistent,6.308823039154689,1.6643933860827222,gaia_consistent,17.88417739433768,36.056006189036665,ok,17.88417739433768,63.293145838020486,ok
175777,175777.0,3.9627835568032856e+16,star,0.0001305805939829993,8.487443723513758e-06,0.0,0.038358772688070475,star,False,18.873642,-7.534200533403646,-4.231619436420783,8.641225649885202,0.7163211390403164,0.4859671890735626,0.5262621641159058,3.9323358108515483,1.8637240392408219,ok,3.9323358108515483,2.327541283354237,ok,14.657298915353445,1.6643647317706858,gaia_consistent,41.06004900363311,36.05571885719272,ok,41.06004900363311,63.26350491672285,ok
504588,504588.0,3.962784160783073e+16,galaxy,0.9274742790849972,8.458826968438947e-05,0.0,0.03843425835311452,AGN/QSO,True,21.438316,,,,,,,0.8959405836614523,2.0177535117309535,ok,7.0912195793164985,2.320711331766991,ok,0.9281996730732844,1.6649207499448992,ok,30.00827633623658,36.06330464206025,ok,30.00827633623658,63.3103748387767,ok
511403,511403.0,3.908983739500902e+16,galaxy,0.9870329628951501,9.673124609940577e-05,0.0,0.041404382992569884,AGN/QSO,True,21.861486,,,,,,,1.300765651067989,1.7778699997754481,ok,1.300765651067989,2.5043273747935055,ok,2.4546538650079333,1.6646134761263205,ok,140.03576823698722,36.06196814396134,ok,140.03576823698722,63.90584680705398,ok
509032,509032.0,3.9089837550146456e+16,galaxy,0.8867151055545518,0.00010847967516972552,0.0,0.03467805865637433,star,False,21.794687,,,,,,,7.592506349149801,1.9002939603943876,ok,10.881917637749138,2.336139158484638,ok,1.9469383106823952,1.6645304457959567,ok,2.909107207061718,36.05732294655828,ok,2.909107207061718,63.35860268034392,ok
505807,505807.0,3.90898375459235e+16,star,0.0005441203385404679,4.3980923686656536e-05,0.0,0.018728533781469353,star,False,21.275702,,,,,,,6.715607828859069,1.7731470626605852,ok,2.6472493509680937,2.600171752103353,ok,4.132068142082589,1.664445901551497,ok,18.293444881714063,36.0571180229483,ok,18.293444881714063,63.329020923872555,ok
508908,508908.0,3.908983755012115e+16,quasar,1.8381139777035183,0.0014996131216197775,0.0,0.037670828933515095,AGN/QSO,True,22.166256,,,,,,,2.4035453390265964,2.0054443243994884,ok,2.828649650602223,2.72148812399669,ok,1.3701416650854854,1.6646643199737623,ok,32.56467567304437,36.05965925273685,ok,32.56467567304437,63.53904058160038,ok
507920,507920.0,3.9089837550121144e+16,star,0.00010776313585767372,2.4246768774705087e-05,0.0,0.03485095603931478,star,False,20.75001,,,,,,,1.9322688809741615,1.8128274722675017,ok,1.9322688809741615,3.335298276775767,ok,4.364011021795853,1.6644068825140967,ok,28.16813781350712,36.056350189594795,ok,28.16813781350712,63.29749487208,ok
507010,507010.0,3.908983754592371e+16,star,0.0004111539739967586,1.2065934379303352e-05,0.0,0.010961142495100037,star,False,20.331327,,,,,,,3.39174442385233,1.7541192881327154,ok,3.39174442385233,2.2875935185688965,ok,6.190788039780704,1.6643891498683643,ok,44.65398724953365,36.05599601473282,ok,44.65398724953365,63.27856874747865,ok
177313,177313.0,3.908983754592332e+16,star,5.376302408548966e-05,6.633725483643622e-06,0.0,0.01834973745847397,star,False,19.298771,-4.308404657281773,1.6470173267755543,4.612484879713556,1.1896598157039462,0.8811241984367371,0.7993188500404358,5.95692447168026,1.7339329262392562,ok,5.95692447168026,2.280702525200904,ok,10.323823676344364,1.6643681948768492,gaia_consistent,19.499999024197052,36.05584598100997,ok,19.499999024197052,63.27749107239858,ok
179015,179015.0,3.908983754592332e+16,star,0.0001306666955945843,1.942079526153191e-05,0.0,0.08819975013560728,star,False,21.635748,,,,,,,2.892029646563316,1.7500036373595869,ok,2.892029646563316,2.542887741266329,ok,20.514482627225785,1.6644839745775935,ok,37.83550846241994,36.05964323580212,ok,37.83550846241994,63.32323113347307,ok
749337,749337.0,3.908983755013104e+16,galaxy,1.5544182137148512,0.00014286469894220157,4.0,0.013833393035623682,star,False,24.092089,,,,,,,8.4948734059114,1.7970013434156933,ok,8.4948734059114,2.4800246779105266,ok,5.310214374386343,1.6686340458460864,ok,18.79247180923762,36.08879818358845,ok,18.79247180923762,63.831501105317066,ok
750591,750591.0,243329061093402.0,galaxy,0.3203911862880916,2.9886834455207032e-05,0.0,0.06538949290903133,star,False,23.293623,,,,,,,5.031114089583995,1.9807526460587934,ok,7.688942032695061,2.7536318789765755,ok,12.487416513155734,1.6653302940000285,ok,18.885478208578615,36.06941659649581,ok,18.885478208578615,63.56538460449812,ok
178897,178897.0,3.908983755012141e+16,star,0.00015229416570880887,4.673432499864836e-06,0.0,0.03443389570257347,star,False,19.483734,-8.266563992605375,-2.402028936012151,8.608473921275442,0.6916044988673116,0.4741095006465912,0.5035245418548584,6.818238405249337,2.149465224447958,ok,10.354580610434459,2.22916275419599,ok,14.730336693186885,1.6643806025836867,gaia_consistent,46.84746764268754,36.05570867004302,ok,46.84746764268754,63.26075959897986,ok
749557,749557.0,3.9627835568032584e+16,quasar,1.915110986162126,0.0005559976898504652,0.0,0.02037532064049585,AGN/QSO,True,20.945013,,,,,,,2.832878329194037,1.8403584930990973,ok,2.832878329194037,2.470919535613915,ok,6.42134349770907,1.6644209218277317,ok,32.15597484186795,36.05593764333618,ok,32.15597484186795,63.30304879725621,ok
177679,177679.0,2.3058430377936906e+18,star,0.0002832059757113535,4.59194245583397e-06,0.0,0.042852030190317365,star,False,17.840427,-9.568312346749599,-0.9117457585173149,9.61165342140129,0.2433911495907634,0.1652718037366867,0.17867423593997955,6.910940131330359,1.7507536212412163,ok,9.769690494428753,2.9986154047434153,ok,15.711856723937817,1.664359745983804,gaia_consistent,58.02879388134085,36.05578100184803,ok,58.02879388134085,63.24864063274488,ok
178052,178052.0,3.90898375459233e+16,star,0.000390220542305569,7.617679890836999e-06,0.0,0.0267315163729641,star,False,19.647413,-4.060263581984486,-3.936313795054634,5.655113318787423,1.5593343685057672,1.1210694313049316,1.083848237991333,6.943908922830445,1.775105604262823,ok,25.126964653493587,2.343525589767571,ok,11.128765303197737,1.6643726756240453,gaia_consistent,24.580941404434487,36.05595598546576,ok,24.580941404434487,63.26197945474558,ok
176329,176329.0,3.908983754592329e+16,star,-3.3474814452629604e-05,4.506248923521917e-06,0.0,0.03580885651437494,star,False,18.778927,-1.2735502595330956,-8.3153491398293,8.412310121531226,0.8341240251177542,0.5759811997413635,0.6033312082290649,5.655116068879697,1.8341102853456406,ok,28.480023415669493,3.538021494327731,ok,11.05130579444205,1.6643637139620093,gaia_consistent,55.373397432422294,36.05564512398215,ok,55.373397432422294,63.251413113387095,ok
366284,366284.0,3.9627829528234216e+16,star,0.00014336423167769018,8.929744751395181e-06,0.0,0.33830508377748114,star,False,18.566444,9.17565594079932,-74.8819332389055,75.44200810914187,0.47267151108869543,0.30349063873291016,0.36236968636512756,1.4906966272335145,1.785799666957389,ok,1.4906966272335145,2.5456891947284044,ok,73.59108249959166,1.6643625479450534,gaia_consistent,,,inconsistent_with_gaia,,,inconsistent_with_gaia
519223,519223.0,3.908983754588194e+16,quasar,3.1383942695996185,6.21701480987247e-05,0.0,0.06202626333312425,AGN/QSO,True,24.275965,,,,,,,5.955567316654659,1.7398734957402355,ok,1.8327515231286375,2.352681400024018,ok,5.029498817181236,1.6689690803973867,ok,65.2803994384552,36.091850645951226,ok,65.2803994384552,64.44014638168197,ok
519858,519858.0,3.908983755012579e+16,star,0.0007355989405194427,9.71735881627764e-06,0.0,0.02586246694184078,star,False,19.908295,-2.5994657976239535,-5.9200487541862605,6.465616728894393,1.0717671044036061,0.6610344052314758,0.8436339497566223,4.61613218287743,1.779924306157722,ok,4.61613218287743,2.3400042614327656,ok,9.154379752772389,1.6643780090812754,gaia_consistent,19.676144658514588,36.05595792698553,ok,19.676144658514588,63.27296473797016,ok
518722,518722.0,3.9089837550125784e+16,star,0.0005929342427227999,4.8149114749610803e-05,0.0,0.007963569409766662,star,False,21.14151,,,,,,,3.3408314212564654,1.784218311779481,ok,3.3408314212564654,5.895143401738364,ok,6.541915033014631,1.664436180575808,ok,61.02249666886169,36.05678968842871,ok,61.02249666886169,63.38327605767822,ok
512574,512574.0,3.9089837545923736e+16,star,0.0006128130694805279,4.326601412597681e-05,0.0,0.020819902413161607,star,False,21.178951,,,,,,,3.821593073493261,1.7393844816557913,ok,3.821593073493261,2.3183933917810853,ok,3.3800048806246066,1.6644411825674579,ok,8.825340477857084,36.05651520110852,ok,8.825340477857084,63.3131149613066,ok
515935,515935.0,3.908983755012101e+16,star,0.0011167372071490833,8.48254154374336e-06,0.0,0.02348931876825297,star,False,19.229801,-2.4938124279103824,-5.31649843229746,5.872329691546756,0.5526561978701104,0.36657506227493286,0.4135838449001312,3.185857836575746,1.7598289223686543,ok,3.185857836575746,2.3258973994876095,ok,9.961319309213328,1.664367792364606,gaia_consistent,6.327815929682459,36.05575249362381,gaia_consistent,6.327815929682459,63.26536435684966,gaia_consistent
512739,512739.0,3.9089837550129304e+16,galaxy,1.5105552019852788,0.00014286261932571542,4.0,0.015664098785671588,star,False,23.902323,,,,,,,3.5191134986944337,2.0720169129891075,ok,3.5191134986944337,22.521987838673937,ok,4.6588094393582935,1.666870460660786,ok,0.6725020277061684,36.07582601453657,ok,0.6725020277061684,64.8303227357381,ok
514066,514066.0,3.9089837550129304e+16,star,0.0004123229936745264,3.11834744857904e-05,0.0,0.018796394665247334,star,False,21.345213,,,,,,,3.0638007398760707,1.7495257583339248,ok,3.0638007398760707,2.2535162093855843,ok,6.143013918458662,1.6644534663563295,ok,12.27213227433537,36.05660308258761,ok,12.27213227433537,63.323083887395065,ok
513651,513651.0,-166017.0,galaxy,0.0008477123902900402,4.786930709466658e-48,514.0,1.051652893551723,star,False,24.314669,,,,,,,1.0217623355445846,4.130245395171888,ok,5.974994581764781,2.652206450170877,ok,4.861207091887755,1.6695895525254278,ok,15.881753588473272,36.09592570236446,ok,15.881753588473272,64.4620097724949,ok
754424,754424.0,3.908983755011982e+16,galaxy,4.8967415349572506e-05,4.5233998030448194e-05,4.0,0.01718102170141017,star,False,22.235764,,,,,,,2.429243481952093,1.880992568409092,ok,2.429243481952093,4.5231286619195785,ok,8.262404689939201,1.664604021298964,ok,29.327096124458322,36.0590655068495,ok,29.327096124458322,63.41234320862943,ok
758334,758334.0,3.9089837550122584e+16,star,0.0009113205730717351,3.079759707734609e-05,0.0,0.026548527049642275,star,False,21.604683,,,,,,,8.4948734059114,1.7970013434156933,ok,8.4948734059114,2.4800246779105266,ok,9.85698001109797,1.6644750786888145,ok,35.913896413216676,36.057431407150965,ok,35.913896413216676,63.34375602489248,ok
758686,758686.0,3.908983754592354e+16,star,3.306572335782633e-05,8.255761639018725e-06,0.0,0.015334490668770327,star,False,19.864065,-3.407940632796007,-1.403212161015846,3.685520821469445,1.2888583017095094,0.991247296333313,0.8237624168395996,8.156565023299514,1.9304093395376056,ok,3.9827684523166433,2.9069551728699707,ok,12.213508310489319,1.6643766381367864,gaia_consistent,42.465868700207935,36.0558950793645,ok,42.465868700207935,63.26463684445381,ok
755669,755669.0,3.908983739505486e+16,star,0.0002800274686336534,2.563498499380581e-05,0.0,0.07825097170367071,star,False,21.572386,,,,,,,4.447428623741517,1.896587031317298,ok,4.447428623741517,2.556066632220761,ok,17.630032587359,1.6644740689161213,ok,27.830878305742104,36.05734449608834,ok,27.830878305742104,63.31600397739124,ok
756894,756894.0,3.962784160783087e+16,galaxy,1.5215571933738836,0.0001998888697169059,4.0,0.0021868163362221337,star,False,21.965351,,,,,,,2.5268590120688716,1.8062963979155828,ok,2.5268590120688716,2.61160911317348,ok,8.72656468361844,1.6645619708755621,ok,28.057456018156472,36.05814289356505,ok,28.057456018156472,63.42805400191692,ok
755796,755796.0,3.908983754592352e+16,star,0.00026636470491840956,4.055292255310574e-05,0.0,0.04259648268026955,star,False,21.346336,,,,,,,12.001931832921398,1.7774178619307799,ok,12.001931832921398,2.4515919806518647,ok,10.477055520746974,1.6644541642642148,ok,3.0936877196381167,36.05778928878313,ok,3.0936877196381167,63.34561406847205,ok
751778,751778.0,3.908983754592351e+16,star,0.0011925107864660064,2.503548751860257e-05,0.0,0.04557029733473843,star,False,21.303123,,,,,,,4.866237752986889,1.7474408407480504,ok,4.866237752986889,2.29393397685768,ok,12.220604218304105,1.664447545821374,ok,10.408129745105358,36.05662547870261,ok,10.408129745105358,63.333491161824696,ok
757568,757568.0,3.908983739505478e+16,star,1.4084788865734423e-05,5.1960530189341266e-05,0.0,0.029249638583567425,star,False,22.616949,,,,,,,6.160191305763969,1.7665159350383772,ok,6.160191305763969,2.300859690480669,ok,5.437596019857308,1.6647574791313724,ok,45.57171210545136,36.06600423519845,ok,45.57171210545136,63.488185746773176,ok
754392,754392.0,3.908983755012978e+16,star,0.00030657957005638244,4.880526760518956e-06,0.0,0.012865542859350026,star,False,18.947697,-2.630881310270464,-1.8502974344505538,3.2163857145349866,0.5467760142876719,0.35875290632247925,0.412626177072525,6.185896909757148,1.78640780363735,ok,6.185896909757148,2.4092723707824453,ok,10.309878770582495,1.6643648726144695,gaia_consistent,34.34914939317544,36.05568155759057,ok,34.34914939317544,63.257665239466505,ok
753972,753972.0,3.90898375459235e+16,star,0.00011711347371358876,6.638938023182316e-06,0.0,0.0060739563476025745,star,False,19.424603,-1.1935820637591557,-0.5060816618450279,1.2964400454256997,1.343480568170439,1.0445464849472046,0.8449039459228516,3.0528714217396766,1.9086926071854988,ok,4.345166171158278,2.31437069987064,ok,7.207198300283913,1.664369650141777,gaia_consistent,28.457102703720114,36.05585054065851,ok,28.457102703720114,63.26114085824686,ok
527243,527243.0,3.908983754592378e+16,star,-1.953095044769164e-05,5.616031110645528e-06,0.0,0.02708012250563624,star,False,18.978676,1.097320967843436,-6.006560147097609,6.1059706932780236,0.6957234279868365,0.48767679929733276,0.49618789553642273,20.075156465617113,1.7903988667513255,ok,6.1405987425119,2.295503685172973,ok,9.462913039597423,1.6643652927350985,gaia_consistent,4.890867374341821,36.05573862215462,gaia_consistent,4.890867374341821,63.2548411345138,gaia_consistent
525307,525307.0,3.908983739500924e+16,star,5.609496432917826e-05,2.5805544954659314e-05,0.0,0.031328452011338805,star,False,21.607224,,,,,,,6.224140445819199,1.733445135558951,ok,6.224140445819199,2.229236457431551,ok,7.565830287792384,1.6644882971080739,ok,6.115720376552297,36.05704676441894,ok,6.115720376552297,63.297934438478585,ok
525662,525662.0,3.908983755021114e+16,galaxy,0.6780252422215624,8.459647037910219e-05,4.0,0.01972927923712276,star,False,24.434219,,,,,,,5.95692447168026,1.7339329262392562,ok,5.95692447168026,2.280702525200904,ok,4.900937176163311,1.6703134514988789,ok,4.576049823074176,36.09123535897765,ok,4.576049823074176,65.28933988761693,ok
525374,525374.0,3.9089837395009224e+16,quasar,0.3671945107369896,2.3799505892723722e-05,0.0,0.036074226956308665,AGN/QSO,True,21.370914,,,,,,,13.529498011695242,1.721097185004477,ok,13.529498011695242,2.1788997580788876,ok,6.352418803005457,1.664607616968067,ok,5.749281380474089,36.057742365492864,ok,5.749281380474089,63.31775603775968,ok
521505,521505.0,3.908983755012947e+16,galaxy,0.9656037999766386,0.0001535318541107688,4.0,0.016948596754146502,star,False,22.415417,,,,,,,11.4859262190525,1.8322249832495787,ok,4.728412737914728,2.405016095795677,ok,6.062849755148627,1.6647043378695736,ok,3.8059843168990963,36.05946575480834,ok,3.8059843168990963,63.55677505622806,ok
526157,526157.0,3.908983754592377e+16,star,0.00013747041626509636,1.939873109060182e-05,0.0,0.05837935250595813,star,False,20.583672,,,,,,,0.9032101143457841,1.7886218288008515,ok,0.9032101143457841,2.2820604802496165,ok,15.062109372479513,1.664398843294168,ok,4.568686091905011,36.0562499044068,ok,4.568686091905011,63.29140949065045,ok
528159,528159.0,3.908983754592377e+16,star,-2.749000617067063e-05,6.41753853141133e-06,0.0,0.02687129609044132,star,False,19.398733,-6.088659005534124,-0.07571914773507037,6.08912981262557,1.2960935499169544,0.9570788741111755,0.873989999294281,9.46627503241338,1.8808112560378443,ok,11.261234890574878,2.235371761425943,ok,11.013078250223018,1.6643695228354514,gaia_consistent,32.65272826163746,36.055744575222725,ok,32.65272826163746,63.27214606703407,ok
528116,528116.0,3.908983754592376e+16,galaxy,-0.002936544952108039,4.007349649843472e-05,4.0,0.05880487371160097,star,False,20.711628,,,,,,,4.23073470110055,1.886448526596633,ok,4.23073470110055,7.941985904229626,ok,8.450507694734627,1.664404278877369,ok,53.22382192590834,36.0563994145066,ok,53.22382192590834,63.31223557390231,ok
525410,525410.0,3.908983754592374e+16,star,0.00023043103725748403,1.8383748933490494e-05,0.0,0.05932903770806071,star,False,20.352226,,,,,,,3.0157617190287787,1.9092535102566583,ok,1.9953209870482638,2.450311910656602,ok,7.56626180416226,1.6643894677203372,ok,155.6018001977109,36.0580101688652,ok,155.6018001977109,63.47546658074711,ok
528303,528303.0,3.9089837550129176e+16,galaxy,0.05338657503908236,2.6796333214099937e-05,4.0,0.014851945139500073,star,False,23.301289,,,,,,,10.27976869023487,1.7665627406848234,ok,10.27976869023487,2.2626227713928997,ok,6.406005495515973,1.6653731778449428,ok,17.105526757395346,36.06514515795971,ok,17.105526757395346,64.16826884448788,ok
520856,520856.0,3.962784764762816e+16,galaxy,0.3292478953472038,4.92220821450289e-05,0.0,0.03379187859378191,AGN/QSO,True,19.702131,,,,,,,6.124476136397421,2.1485778559805624,ok,6.522868813831352,2.83483420068634,ok,6.320707292004345,1.6644073257067853,ok,39.3185631606904,36.056466512319375,ok,39.3185631606904,63.26921126100519,ok
526305,526305.0,3.962784764762811e+16,star,0.00014146710425782283,4.043899846691629e-06,0.0,0.04536928640148241,star,False,18.084455,-9.861434593768713,1.9568858931538242,10.053720438027048,0.26679212065722213,0.18684329092502594,0.1904405951499939,5.25688081883744,1.755309064280367,ok,5.25688081883744,2.3115515481572357,ok,15.334791085585225,1.6643603854446414,gaia_consistent,12.352947038838403,36.05562745772572,gaia_consistent,12.352947038838403,63.25672005294083,gaia_consistent
523634,523634.0,3.908983755012798e+16,star,-0.00018742539525963878,3.852406780645413e-05,0.0,0.058622923019218176,star,False,21.336596,,,,,,,7.788554880971964,1.8987123150696994,ok,7.735426163732856,2.2451424764445127,ok,16.390473391555037,1.6644505272383827,ok,13.093117050314936,36.05661732954242,ok,13.093117050314936,63.337360432203596,ok
368569,368569.0,3.9089837545923304e+16,star,0.00026593337122829115,1.3189328564866251e-05,0.0,0.016042508010148827,star,False,20.164999,,,,,,,7.112897718320616,1.7339479737819623,ok,7.112897718320616,2.274767742407395,ok,12.239677029795859,1.6643839451656939,ok,77.4795966683134,36.056518143860615,ok,77.4795966683134,63.27723162957409,ok
372907,372907.0,3.908983749975443e+16,galaxy,1.2323289049553439,0.00017185723421217882,0.0,0.009412499827235143,star,False,22.768686,,,,,,,6.78874702312966,1.8820532070497251,ok,6.78874702312966,2.6656330031134656,ok,8.905643006738392,1.6653496029053243,ok,41.18642671647235,36.07374352134811,ok,41.18642671647235,63.64284670178185,ok
763432,763432.0,2.3058430377936906e+18,star,0.00019624662230663856,1.0928732154401782e-05,0.0,0.06851990743582145,star,False,18.455736,-14.293435313250914,5.266323262513527,15.2327428180016,0.48410497134363795,0.3492193818092346,0.33526623249053955,9.832110189647405,1.8088155295626058,ok,9.832110189647405,2.736398887584289,ok,21.49082714305727,1.664361875963987,gaia_consistent,18.354606571910683,36.05564144046555,gaia_consistent,18.354606571910683,63.253987712340965,gaia_consistent
761101,761101.0,3.908983755021693e+16,galaxy,0.13484939909407365,6.478116670687686e-05,4.0,0.032751344875483895,star,False,24.408245,,,,,,,4.871509613203122,1.7797927932165758,ok,4.871509613203122,2.3532783422346606,ok,5.766391335618409,1.6710381042395401,ok,35.763673672613784,36.099567155227454,ok,35.763673672613784,68.06381551835494,ok
759864,759864.0,3.9089837550139976e+16,galaxy,1.5166316970666285,9.038560335189871e-05,4.0,0.029746413504382983,star,False,21.556219,,,,,,,12.001501294450662,1.8285436543772153,ok,12.001501294450662,6.384783835213854,ok,7.487082681908863,1.6644799075975438,ok,35.78747684669859,36.05733880326195,ok,35.78747684669859,63.367160455239556,ok
760635,760635.0,3.908983755013997e+16,quasar,0.07431749280331718,0.00028017200721304307,0.0,0.035205720607477654,AGN/QSO,True,22.309799,,,,,,,3.185857836575746,1.7598289223686543,ok,3.185857836575746,2.3258973994876095,ok,6.107592876172828,1.6647074108269204,ok,65.80828506177726,36.06536244738589,ok,65.80828506177726,63.93101691664579,ok
760932,760932.0,3.908983754592352e+16,star,2.3938392887635762e-05,5.337245534473237e-06,0.0,0.03790910785964516,star,False,19.207098,-7.354679254487935,-3.610231634317208,8.192989649073157,1.13900182998376,0.8581526279449463,0.7489320635795593,2.8237707017299876,1.8590114831182467,ok,2.7797898385493385,2.2714334602261435,ok,15.588107719469454,1.664367502745324,gaia_consistent,76.72943308114975,36.0558727832391,ok,76.72943308114975,63.308048192287394,ok
529650,529650.0,3.908983755012918e+16,star,0.00046800629162635135,1.9467400059525606e-05,0.0,0.049393808501628354,star,False,20.804138,,,,,,,10.572990016976128,2.163078686228514,ok,10.572990016976128,3.378539488205659,ok,9.861864957022851,1.6644120210523048,ok,9.919773381310021,36.05643708637162,ok,9.919773381310021,63.33111325294539,ok
164005,164005.0,3.962783556803287e+16,quasar,1.5398889526718056,0.0007886559961824982,0.0,0.02062054977360136,AGN/QSO,True,21.2638,,,,,,,0.8959405836614523,2.0177535117309535,ok,7.0912195793164985,2.320711331766991,ok,9.20803312059742,1.6644576749114335,ok,18.509345007750007,36.05670810735031,ok,18.509345007750007,63.39053904488845,ok
161724,161724.0,3.908983755012762e+16,galaxy,0.6831622882900829,9.409700382192698e-05,4.0,0.013850814914459789,star,False,22.945423,,,,,,,2.9367226867546297,2.0545466065702143,ok,14.187654548139339,5.172368521114383,ok,8.748331974913155,1.6650019326012493,ok,6.066888953661983,36.06369958539822,ok,6.066888953661983,63.69470420591615,ok
764094,764094.0,3.908983755012328e+16,galaxy,1.0594293233111782,0.00015998632483601595,4.0,0.017158267415925868,star,False,22.018568,,,,,,,5.595389324340877,3.442138818594584,ok,3.8561275366813503,3.9332887621309855,ok,8.39746184435337,1.6645442878818728,ok,15.029533872851747,36.05756020738345,ok,15.029533872851747,63.394195154621976,ok
763491,763491.0,3.962784160783099e+16,star,5.405603518408177e-05,4.829174947186347e-06,0.0,0.05488019728422825,star,False,18.222879,-3.6314116105990006,11.627313442231706,12.181197320850497,0.33191911192014767,0.2309502363204956,0.23839522898197174,5.412356800424104,1.8101807409150474,ok,5.412356800424104,2.3697292454764245,ok,13.633553571119194,1.6643608590507357,gaia_consistent,43.41490652540958,36.055601958254,ok,43.41490652540958,63.25141222749611,ok
766208,766208.0,3.9089837395054856e+16,star,0.0009084465229788258,4.070975631812435e-05,0.0,0.07563789136198613,star,False,21.410973,,,,,,,7.443471523020802,2.70496072003196,ok,5.840254409762483,2.5883758047116388,ok,9.610046493635211,1.6644548075941457,ok,4.808480804129884,36.0581270611812,ok,4.808480804129884,63.30553320944672,ok
168592,168592.0,3.908983755021293e+16,galaxy,0.4600177527112407,6.1266803119356025e-06,0.0,0.014027940827425847,star,False,20.692772,,,,,,,4.3634088472440995,2.0239775022919195,ok,10.60127412706656,2.213056594485265,ok,7.839871291352861,1.6644229065962743,ok,24.781485305369777,36.056930309726916,ok,24.781485305369777,63.34045203714345,ok
170077,170077.0,3.908983754592332e+16,star,0.00026930828244125306,9.709820584148164e-06,0.0,0.06004997909310772,star,False,20.011694,,,,,,,2.5675449169135396,1.7493808011531489,ok,2.5675449169135396,2.2360871645168574,ok,15.64871558640145,1.6643799626075013,ok,67.67361355623086,36.057162824258945,ok,67.67361355623086,63.50508776015192,ok
166766,166766.0,3.9089837550133624e+16,galaxy,0.9092306578527928,8.375156522114307e-05,4.0,0.03679095777090586,star,False,23.104063,,,,,,,3.764021732332323,1.751499515691888,ok,3.764021732332323,2.258761689937483,ok,7.527724439516428,1.6651077548804,ok,11.960737751098906,36.06753942576566,ok,11.960737751098906,64.32639277213052,ok
165809,165809.0,3.962783556803316e+16,star,0.00042474970716288243,7.156502872745792e-06,0.0,0.02156075862218865,star,False,18.662441,-4.368093437315106,-1.9315470650144337,4.776098234069434,0.38126885904776686,0.2370324730873108,0.29863280057907104,2.8984392427458907,1.780877709241421,ok,2.8984392427458907,2.629187086402463,ok,11.50264287025038,1.6643630261413558,gaia_consistent,13.636422909335154,36.0556213143657,gaia_consistent,13.636422909335154,63.258255901377076,gaia_consistent
168242,168242.0,3.908983755012084e+16,galaxy,1.245000680599934,7.551444763827323e-05,4.0,0.13196221359049057,star,False,24.326546,,,,,,,2.8388096060073336,1.7696405226985352,ok,2.8388096060073336,2.8461526103980845,ok,6.970973877663712,1.6700619658620965,ok,10.63713046561575,36.10585821433422,ok,10.63713046561575,65.95478812817694,ok
169543,169543.0,3.962783556803344e+16,star,0.00019129567429413503,3.3222104111501598e-06,0.0,0.06600502710040672,star,False,18.476828,-12.982665039278741,-6.959542413812947,14.730404683231612,0.4306830459406836,0.27580714225769043,0.3307843804359436,1.372865592627206,1.790541138326524,ok,1.372865592627206,2.618054110874443,ok,21.61988451326993,1.664362063377452,gaia_consistent,15.942057888271403,36.055749457693324,gaia_consistent,15.942057888271403,63.26025961677755,gaia_consistent
770023,770023.0,3.962784160783144e+16,quasar,1.6482978097185548,0.0001966580870635324,0.0,0.026355788425638283,AGN/QSO,True,20.555645,,,,,,,9.832110189647405,1.8088155295626058,ok,9.832110189647405,2.736398887584289,ok,4.650213824088507,1.6643984429154124,ok,10.239427302019159,36.056233841958814,ok,10.239427302019159,63.30360899495128,ok
769512,769512.0,3.908983755013291e+16,quasar,2.1578638076319194,0.000879650826117576,0.0,0.023069597476612132,AGN/QSO,True,23.610508,,,,,,,5.576077989361071,1.858409444336091,ok,5.536694985796514,2.3313846075534723,ok,4.307944234504622,1.6660571359266487,ok,22.463992955760883,36.063150765722476,ok,22.463992955760883,63.52699315770432,ok
771259,771259.0,3.90898373950549e+16,star,-0.0001210990853003063,2.54454281952622e-05,0.0,0.08022182513146882,star,False,22.169109,,,,,,,5.970460283889351,1.812018753157878,ok,5.970460283889351,2.4604573635699123,ok,9.819647448318673,1.664597002713917,ok,48.26740848524852,36.06564115054527,ok,48.26740848524852,63.56810551284055,ok
731339,731339.0,3.908983755013524e+16,star,-9.975116513379614e-05,7.053377032503707e-06,0.0,0.025807747442589,star,False,19.325142,1.7735216989474536,-6.203395036703439,6.451936856327278,0.6524793497758204,0.4453924894332886,0.47681739926338196,3.0528714217396766,1.9086926071854988,ok,4.345166171158278,2.31437069987064,ok,6.466253222401417,1.664368440963103,gaia_consistent,28.86089260533247,36.05566099261143,ok,28.86089260533247,63.32265401851252,ok
773753,773753.0,3.9089837395054904e+16,galaxy,0.5231268557397273,9.622186171443836e-05,4.0,0.02759929121098085,star,False,21.602295,,,,,,,4.667418581210887,1.9399374962196028,ok,3.550927210999849,2.2864421028910513,ok,9.248786260521046,1.6644810293279932,ok,19.1470543787373,36.05698058612323,ok,19.1470543787373,63.32665830160307,ok
504172,504172.0,3.908983755011195e+16,galaxy,1.0113551147951285,9.281685498169365e-05,4.0,0.009196343241874612,star,False,22.982422,,,,,,,11.069985543824908,1.7471334262794256,ok,11.069985543824908,2.3096369076275787,ok,3.1064631544752253,1.6650177846641774,ok,156.2586244853869,36.07083978458685,ok,156.2586244853869,69.52101193636751,ok
500935,500935.0,3.908983754592353e+16,star,0.0001785365991486267,5.249805336706641e-06,0.0,0.024799978689336016,star,False,19.223536,-4.9583812030163665,-1.8475133351373958,5.291393925794652,1.1058438799547523,0.7044969797134399,0.8523935079574585,8.1840040025997,2.010150347220325,ok,8.734023417318715,2.2690526053267717,ok,5.609962839599962,1.6643674839325464,gaia_consistent,19.463686277774805,36.05587234750479,ok,19.463686277774805,63.277420084671824,ok
175614,175614.0,3.9627835568033704e+16,star,0.00011558984241418155,5.042813501813185e-06,0.0,0.024664615673774832,star,False,18.563999,-4.36754707119196,3.0882088653562176,5.349065471196086,0.32286886977630586,0.23037001490592957,0.2262166291475296,4.23073470110055,1.886448526596633,ok,4.23073470110055,7.941985904229626,ok,11.35510979603227,1.6643624337451124,gaia_consistent,26.18644746294135,36.056021629870415,ok,26.18644746294135,63.25249306298948,ok
176008,176008.0,3.908983754592334e+16,star,0.0002431222315389967,2.1670740792551e-05,0.0,0.09684249718125196,star,False,20.998049,,,,,,,9.313675954388751,3.174927747763477,ok,12.403905894465057,3.83932499390608,ok,15.008947827116826,1.6644207173948669,ok,32.61745695106143,36.05811876684927,ok,32.61745695106143,63.38359376047061,ok
176009,176009.0,3.908983754592334e+16,star,0.00010583771785700246,8.638018008491397e-06,0.0,0.08367847036044437,star,False,20.011715,,,,,,,3.412573341658335,1.777069463588171,ok,3.412573341658335,2.3286105991227575,ok,19.426119570589385,1.664379715801234,ok,58.96214523021706,36.05648180718792,ok,58.96214523021706,63.296022169293614,ok
172572,172572.0,3.908983754592333e+16,star,-1.2907491348329522e-06,5.096044551733157e-06,0.0,0.06143359108115758,star,False,19.036657,9.18765465714981,-10.747114823539084,14.139076176659497,1.1342746567292996,0.754177451133728,0.8472280502319336,2.9817762530265366,2.001353412600254,ok,6.157238202499225,2.518867356467916,ok,10.53608899084101,1.6643656507160731,gaia_consistent,31.15395306694971,36.05581648066027,ok,31.15395306694971,63.26070589663235,ok
551698,551698.0,3.908983749975895e+16,galaxy,1.1375570296379591,2.673174929610531e-05,0.0,0.041181858661494535,AGN/QSO,True,21.81855,,,,,,,2.429243481952093,1.880992568409092,ok,2.429243481952093,4.5231286619195785,ok,3.6757530847154465,1.6648658991188947,ok,39.367849868124736,36.066934408026285,ok,39.367849868124736,63.381324396279815,ok
546906,546906.0,3.90898375501289e+16,galaxy,1.1598480171170835,0.00015636410906835153,4.0,0.0053207273777286365,star,False,22.669107,,,,,,,1.786394934279124,1.8058676985102324,ok,1.786394934279124,3.0257022782136422,ok,2.308490167912322,1.6648126177958473,ok,24.216749820156313,36.06346027085481,ok,24.216749820156313,63.497372986066196,ok
512207,512207.0,3.90898375458824e+16,quasar,1.5170033478874412,0.0005639631115330942,0.0,0.005005554645685332,AGN/QSO,True,23.783604,,,,,,,12.001501294450662,1.8285436543772153,ok,12.001501294450662,6.384783835213854,ok,2.9427425030934664,1.6668188157074413,ok,21.469074310224638,36.06357531088646,ok,21.469074310224638,63.54223055411755,ok
507319,507319.0,3.962784160783158e+16,galaxy,0.3732250143482206,9.879747488651957e-06,0.0,0.03039323257785412,AGN/QSO,True,19.613197,,,,,,,10.32275068380351,1.7668133783767952,ok,10.32275068380351,2.330773878570936,ok,1.7717657987827864,1.6643930508586224,ok,13.46151384860384,36.056085698028085,ok,13.46151384860384,63.26589901951365,ok
506657,506657.0,3.9089837545923544e+16,star,-0.00010585937151705863,5.1769200698491685e-06,0.0,0.08355535326259679,star,False,18.499346,0.21622750115628883,-18.583399016696887,18.584656933772738,0.37273264407574797,0.2610420882701874,0.2660576105117798,9.618621795686778,1.8178048991583104,ok,9.618621795686778,2.417835177993853,ok,19.032654492852853,1.6643620614979824,gaia_consistent,47.99770799855036,36.05563418010043,ok,47.99770799855036,63.25603720801251,ok
508264,508264.0,3.908983755011074e+16,quasar,2.033378809608335,0.0004312194065891885,0.0,0.004315441881203251,AGN/QSO,True,22.119057,,,,,,,0.7920408220104264,1.7771210560080684,ok,0.7920408220104264,2.45299394845183,ok,2.67417291357395,1.6645921097431786,ok,11.566476981740344,36.058383027926055,ok,11.566476981740344,63.44370970042676,ok
754157,754157.0,3.908983754592338e+16,star,2.3025957929240726e-05,8.632869045778475e-06,0.0,0.030787964686773816,star,False,19.812424,-0.7654193651201696,-6.564392649786883,6.608866594589198,1.1877232012889212,0.9078519344329834,0.7658271789550781,5.133917198603797,1.8172019267842336,ok,4.379313272899968,3.384883638525664,ok,10.4739163432581,1.6643761756357816,gaia_consistent,26.528870909972937,36.057328786703486,ok,26.528870909972937,63.292981620238855,ok
753674,753674.0,3.908983749976794e+16,galaxy,0.8868432963369607,1.532787561139216e-05,0.0,0.02659773847049329,star,False,23.498953,,,,,,,6.429159666093413,1.7629630202310635,ok,12.936592336039194,2.421196286388389,ok,5.342415083154967,1.6664098872197757,ok,6.3404569483077875,36.07423628942982,ok,6.3404569483077875,65.29273952299378,ok
752550,752550.0,3.908983755014135e+16,star,0.0005446242709123747,3.5921585413505944e-05,0.0,0.06429927012117377,star,False,20.751493,,,,,,,7.012226901042092,1.825424800555982,ok,7.012226901042092,2.5424253452540984,ok,6.262243103963992,1.6644047611599309,ok,16.829674322414903,36.05780086074916,ok,16.829674322414903,63.38811710995965,ok
753535,753535.0,3.9089837395056776e+16,star,0.0004874768852019219,1.7171103774384907e-05,0.0,0.016345495976078036,star,False,20.761995,,,,,,,9.832110189647405,1.8088155295626058,ok,9.832110189647405,2.736398887584289,ok,7.4468028607442065,1.6644061672270452,ok,90.4513384742118,36.05746712393,ok,90.4513384742118,63.45395183949915,ok
178922,178922.0,3.962783556803387e+16,star,0.0004171510997032302,9.014680624827919e-07,0.0,0.0077684530749474,star,False,18.385422,-4.473307452042514,-3.670170181671324,5.786244785949554,0.3399364867796221,0.24488183856010437,0.2357746809720993,2.8984392427458907,1.780877709241421,ok,2.8984392427458907,2.629187086402463,ok,10.804116955271684,1.6643615599456383,gaia_consistent,45.2928589596593,36.05561555107819,ok,45.2928589596593,63.25591855751248,ok
751983,751983.0,3.908983755014134e+16,galaxy,1.5158834077492844,0.00013662396453476214,4.0,0.022056052622126798,star,False,24.184658,,,,,,,10.986608422272925,1.8472552991868936,ok,10.986608422272925,3.2097733077473127,ok,5.183696099846048,1.6684168631862049,ok,13.694741910646993,36.089654605556206,ok,13.694741910646993,63.76628096424993,ok
750836,750836.0,3.908983755014134e+16,galaxy,0.777892152763404,7.5025803924531e-05,4.0,0.020486473703637337,star,False,22.625753,,,,,,,1.300765651067989,1.7778699997754481,ok,1.300765651067989,2.5043273747935055,ok,8.331503030762446,1.664772859584398,ok,14.663128073387863,36.0662685102189,ok,14.663128073387863,63.45909955411594,ok
751300,751300.0,3.908983755011792e+16,galaxy,0.0011212517897338258,7.440236000604788e-05,0.0,0.020504727325388092,star,False,21.081638,,,,,,,1.5592540853184285,1.9729648454368096,ok,4.5175990433089375,2.3325029115395544,ok,9.65503643118167,1.6644253746960098,ok,33.373083297156704,36.05741260427421,ok,33.373083297156704,63.31244240685475,ok
750464,750464.0,2.3058430377936927e+18,star,0.000364047599344432,7.451637844203296e-06,0.0,0.019404192794958707,star,False,18.371342,-3.2661111340813327,-2.92260019242544,4.38281574161352,0.3366679505244936,0.25083425641059875,0.22456064820289612,9.115474699015076,1.8054638363171203,ok,9.115474699015076,2.453880767972502,ok,10.036378295156968,1.6643614516052172,gaia_consistent,19.232096273493692,36.05560168813714,ok,19.232096273493692,63.270528144079144,ok
753182,753182.0,3.962784160783166e+16,star,0.00019826786469915068,5.862572682807665e-06,0.0,0.02292827360579868,star,False,18.2026,-5.037061264088891,0.6341981707491287,5.076829079057745,0.4537474851502418,0.33416351675987244,0.3069552481174469,5.655116068879697,1.8341102853456406,ok,28.480023415669493,3.538021494327731,ok,10.47309085663244,1.6643607542061956,gaia_consistent,48.30964844608079,36.05561191682539,ok,48.30964844608079,63.251389600643215,ok
751848,751848.0,3.90898375501179e+16,galaxy,0.08773370121606694,2.8809736666180196e-05,0.0,0.038464764424212185,star,False,22.846992,,,,,,,9.617952243936783,2.525824160109805,ok,6.878457639317029,2.5572697307966843,ok,9.219628620570047,1.6648938506532733,ok,21.931897259025682,36.06342923836302,ok,21.931897259025682,63.48519744666644,ok
556668,556668.0,3.908983755013781e+16,galaxy,1.5011609389209284,0.0001357886000616423,4.0,0.02394485147853137,star,False,23.135017,,,,,,,6.78874702312966,1.8820532070497251,ok,6.78874702312966,2.6656330031134656,ok,5.070887544669458,1.6652096895258754,ok,20.74115453619261,36.06808686385812,ok,20.74115453619261,63.769621325048796,ok
555873,555873.0,3.908983755013123e+16,quasar,2.025804448525595,0.00028975409487893997,0.0,0.006442075405886425,AGN/QSO,True,20.457987,-1.207195593554496,1.0660439900644547,1.610518857340682,2.3900369687031886,1.7702088356018066,1.6058136224746704,8.552469902129193,1.8729063170618652,ok,8.552469902129193,2.5844490280491685,ok,4.450005557889561,1.664394357323879,gaia_consistent,32.51539069836022,36.056945384733545,ok,32.51539069836022,63.36772241282675,ok
520114,520114.0,3.9089837550125816e+16,star,0.0007166460527821203,4.349806255364251e-05,0.0,0.009152063467308536,star,False,20.929691,,,,,,,8.673636711750486,1.7261880417891582,ok,8.673636711750486,2.20910074719266,ok,6.739129967607155,1.6644162112288776,ok,6.764606048356448,36.05675178604035,ok,6.764606048356448,63.29401620784286,ok
513982,513982.0,3.908983739500922e+16,galaxy,0.47930251919349565,0.0001042934718754051,0.0,0.042246443214510675,AGN/QSO,True,21.170856,,,,,,,9.145515975878098,1.7876824472872093,ok,9.145515975878098,2.9058019559983155,ok,4.363325483995003,1.6645814257509948,ok,81.47303745351432,36.058758769245955,ok,81.47303745351432,63.264216110980456,ok
514855,514855.0,3.908983755013387e+16,galaxy,1.1972333716851427,8.107748723961314e-05,4.0,0.01940243825445603,star,False,23.016018,,,,,,,7.522007073644201,1.7631060058016255,ok,7.522007073644201,2.345097868371868,ok,5.925744751182719,1.665082132635814,ok,26.5702098732476,36.062393625838084,ok,26.5702098732476,63.702813026271265,ok
757100,757100.0,3.908983742011438e+16,quasar,1.298373083206267,0.00022604000615984303,0.0,0.016938610127837803,AGN/QSO,True,20.608095,,,,,,,8.815325808150378,1.767285930025652,ok,8.815325808150378,2.4530322873750383,ok,6.87327975620065,1.6643986620537794,ok,30.935209936957374,36.056263686547915,ok,30.935209936957374,63.31103109547507,ok
755870,755870.0,3.908983755013611e+16,star,0.0002464075793662898,1.1568851732883361e-05,0.0,0.01663048724565986,star,False,19.725256,-2.4524140698873205,-3.3573031303874314,4.157621805731076,0.9843044371439286,0.6920551061630249,0.6999392509460449,3.764021732332323,1.751499515691888,ok,3.764021732332323,2.258761689937483,ok,9.539569338206539,1.6643739545865404,gaia_consistent,24.792045178902896,36.055846676366905,ok,24.792045178902896,63.29990833921053,ok
756075,756075.0,3.962784160783217e+16,galaxy,0.9671927799534505,0.00016817361820792287,0.0,0.003699013332257183,AGN/QSO,True,21.483032,,,,,,,7.17312708945149,1.8662478448884816,ok,7.17312708945149,2.551653875619039,ok,5.927972465629444,1.664845204061374,ok,16.33121834494296,36.05900965987357,ok,16.33121834494296,63.61752844510245,ok
754116,754116.0,3.908983754592357e+16,star,0.00032342455557803366,5.502107273854896e-06,0.0,0.027477082388714998,star,False,19.386513,-5.772154546452921,0.1893468036644546,5.775259329259169,0.8381972911969456,0.5782802104949951,0.6067674160003662,14.394117038225813,1.8859240777005728,ok,3.4207073992249866,2.2501368206147205,ok,11.347778150183103,1.6643692239606327,gaia_consistent,59.143191061711356,36.055868890243715,ok,59.143191061711356,63.40497187654768,ok
753761,753761.0,3.9089837395055e+16,galaxy,0.7002222075605606,0.00013299983173980568,0.0,0.03128022348988799,AGN/QSO,True,21.351347,,,,,,,5.12233533634306,1.7899604246413299,ok,5.12233533634306,2.774976130639789,ok,5.476123243224892,1.6646309469304068,ok,45.67803680383627,36.06145272243866,ok,45.67803680383627,63.36387973194377,ok
755091,755091.0,3.962784160783174e+16,star,0.0013067366888279796,9.576528403920678e-07,0.0,0.08312969679267361,star,False,17.687975,-10.454788479341104,-15.243651083695184,18.48435826609095,0.1646483043745318,0.12036789953708649,0.11234159022569656,1.9322688809741615,1.8128274722675017,ok,1.9322688809741615,3.335298276775767,ok,25.008656504550355,1.6643594917484983,gaia_consistent,22.044888198126504,36.055713818071574,gaia_consistent,22.044888198126504,63.258958794102696,gaia_consistent
760205,760205.0,3.908983755014649e+16,quasar,0.9805807406035073,0.0003464539420764963,0.0,0.011885378165598391,AGN/QSO,True,20.629194,,,,,,,7.623124430307375,1.917543729671178,ok,2.4996309639956653,5.985063555076953,ok,6.415703588141588,1.6644199050811381,ok,24.44523723039657,36.05671785001875,ok,24.44523723039657,63.41177041294139,ok
755027,755027.0,3.908983755013562e+16,star,0.0005249682492060907,1.968779394393719e-05,0.0,0.010993242093210865,star,False,20.616234,,,,,,,3.0638007398760707,1.7495257583339248,ok,3.0638007398760707,2.2535162093855843,ok,7.658176228272199,1.6643992572931328,ok,23.83949407021147,36.056315598949055,ok,23.83949407021147,63.29016076636791,ok
524286,524286.0,3.908983755014495e+16,star,7.635860270025524e-05,2.5363327023123232e-05,0.0,0.020270658306942045,star,False,20.63385,,,,,,,2.6689187768886913,1.7648790660395048,ok,2.6689187768886913,2.4452116013147696,ok,7.436594236869036,1.6644005254288678,ok,36.73527769269383,36.056055157809226,ok,36.73527769269383,63.29208808255914,ok
526253,526253.0,3.90898373950094e+16,star,2.5115286776884035e-05,3.5016898371903376e-05,0.0,0.03738312821763141,star,False,21.579437,,,,,,,3.1993994767691847,1.8771394106124255,ok,3.1993994767691847,2.564763127489449,ok,11.396396709713658,1.6644751675716989,ok,18.48547188776041,36.05808126108993,ok,18.48547188776041,63.31580505740058,ok
521238,521238.0,3.908983754592378e+16,star,-2.2694422388861192e-05,2.293341091161559e-05,0.0,0.009719726037858546,star,False,21.115637,,,,,,,14.394117038225813,1.8859240777005728,ok,3.4207073992249866,2.2501368206147205,ok,6.455538497918986,1.664429908825975,ok,11.642716351464989,36.057942862507254,ok,11.642716351464989,63.28107349159572,ok
523569,523569.0,3.908983754592378e+16,star,4.337761728607698e-05,3.148258640197575e-06,0.0,0.09795577299669338,star,False,18.607796,10.66803101365785,-19.1088561858129,21.885046731465888,0.561352443803079,0.3869527280330658,0.40667450428009033,2.8237707017299876,1.8590114831182467,ok,2.7797898385493385,2.2714334602261435,ok,20.949835674101795,1.6643626934397546,gaia_consistent,48.46255858902111,36.055714208075585,ok,48.46255858902111,63.25329036577383,ok
764607,764607.0,3.908983754592359e+16,star,0.0008841382401680638,5.4068818740137595e-05,0.0,0.015383113906733411,star,False,21.063263,,,,,,,6.429159666093413,1.7629630202310635,ok,12.936592336039194,2.421196286388389,ok,5.950197181615774,1.6644238640326452,ok,23.183794801979943,36.05670428269404,ok,23.183794801979943,63.33127607429643,ok
765355,765355.0,3.962784160783249e+16,star,0.0006006326472940194,2.98096075397054e-06,0.0,0.028021714406278424,star,False,17.856653,-5.746717445340006,2.213196359848965,6.158165272532386,0.3372989916487888,0.23582565784454346,0.24115735292434692,5.893441052669187,1.8654573475412728,ok,5.893441052669187,2.4047327873451683,ok,9.273031089879483,1.664359680134879,gaia_consistent,26.601272382240406,36.055585509438,ok,26.601272382240406,63.260447484490506,ok
767418,767418.0,3.908983755013542e+16,star,0.001070529595584066,2.3484277408020025e-05,0.0,0.012736741418263402,star,False,20.481009,0.8804415376277597,-3.0600423323166246,3.1841853552753645,1.6721306380610326,1.2842941284179688,1.0707985162734985,6.523340569588011,3.778478919332017,ok,2.7486583378553857,2.6308527570747695,ok,8.076875607716627,1.6643952903762167,gaia_consistent,37.15580970064766,36.05627244108459,ok,37.15580970064766,64.32389146468711,ok
764856,764856.0,3.908983739505507e+16,galaxy,0.5165403263613123,5.7470782525016746e-05,0.0,0.010185821859012548,star,False,19.989119,,,,,,,10.572990016976128,2.163078686228514,ok,10.572990016976128,3.378539488205659,ok,4.732525742454097,1.6644255903300431,ok,21.76975423997134,36.05693287723099,ok,21.76975423997134,63.26341060469446,ok
764953,764953.0,3.90898375501233e+16,star,0.0006722039157743872,5.579277435235714e-06,0.0,0.015237233558629257,star,False,19.276766,-2.984476492736244,-2.367219997521516,3.809308395543868,0.599550275447597,0.402861088514328,0.4440309405326843,4.856192145497431,1.8297028990300725,ok,2.2800573777597433,2.599686631929024,ok,8.795393177938015,1.6643679197169379,gaia_consistent,48.084472495167745,36.055693499750845,ok,48.084472495167745,63.258566830067004,ok
773747,773747.0,3.908983755011477e+16,quasar,2.463133631011132,0.0006610765359123955,0.0,0.00651875879422799,AGN/QSO,True,20.778786,,,,,,,1.8728761587232052,1.7202426778997078,ok,1.8728761587232052,2.1801894862245352,ok,3.5673967525207653,1.6644082364114716,ok,20.106082678544706,36.05802993218696,ok,20.106082678544706,63.350470967009,ok
768273,768273.0,3.908983755013544e+16,galaxy,1.5511769341656405,0.00026642273642119143,4.0,0.018993126382845196,star,False,22.793135,,,,,,,3.783752088416571,1.9348197905167934,ok,5.0536245303257905,2.8162917203945708,ok,3.122192902297586,1.6648905634937536,ok,17.815697907920526,36.0637575523727,ok,17.815697907920526,63.522088193173,ok
771140,771140.0,3.908983754592359e+16,star,3.399940848536384e-05,9.57530813599235e-06,0.0,0.07103782940061434,star,False,19.858791,,,,,,,1.300765651067989,1.7778699997754481,ok,1.300765651067989,2.5043273747935055,ok,10.85644844557089,1.6643770251621732,ok,19.997717566058547,36.05615627372689,ok,19.997717566058547,63.2714308760826,ok
769242,769242.0,3.96278416078325e+16,quasar,0.880873498904951,0.00013232567132651294,0.0,0.010904870982234638,AGN/QSO,True,20.537649,-3.0282953812513504,1.3440132199040031,3.3131472124529853,2.031871869135778,1.6172237396240234,1.2300775051116943,1.5392472090705724,1.7954299368601396,ok,1.5392472090705724,3.1214635724460886,ok,4.021406060956582,1.6644124575686372,gaia_consistent,41.58344021233467,36.056523192183896,ok,41.58344021233467,63.408810186174755,ok
768590,768590.0,3.908983748716705e+16,quasar,2.301535765240321,0.001230587775375055,0.0,0.051044932805661886,AGN/QSO,True,23.406466,,,,,,,0.8060656640040966,1.7608129991177701,ok,0.8060656640040966,2.4491406893045324,ok,3.048384458893908,1.6656269978089178,ok,23.703528335164766,36.08668711815978,ok,23.703528335164766,64.16379484841426,ok
546552,546552.0,3.908983755012194e+16,star,0.000591929080440302,3.942690399359093e-05,4.0,0.024014901071839616,star,False,21.957771,,,,,,,5.62944781874888,1.7216223014769392,ok,5.62944781874888,2.2054900263333335,ok,6.480469819717572,1.664547081245643,ok,12.217720422584648,36.05914361786728,ok,12.217720422584648,63.42044753032984,ok
546445,546445.0,3.908983754592361e+16,star,0.00011774144679338401,3.4649510853437575e-05,0.0,0.10020206333124757,star,False,21.359114,,,,,,,0.7526559466380623,1.80987217204923,ok,5.357139065345643,2.7280214021216316,ok,18.050459609734023,1.6644563318535213,ok,18.870221346716978,36.06062344961152,ok,18.870221346716978,63.31606206192804,ok
547222,547222.0,3.908983739505517e+16,galaxy,0.33888739281379354,7.121707268765068e-05,0.0,0.03408824382161127,star,False,21.53669,,,,,,,10.36116276846722,1.7281331985541657,ok,10.36116276846722,2.205238871549121,ok,1.7384353509028154,1.6644791704093274,ok,18.66445218049618,36.05904631780558,ok,18.66445218049618,63.36004489926513,ok
773732,773732.0,3.908983754592358e+16,star,8.433775291876663e-05,2.67138431004176e-05,0.0,0.003173260620953812,star,False,20.161564,,,,,,,6.891398574076731,1.7290621784953824,ok,6.891398574076731,2.2338573541852957,ok,1.9718642232660142,1.664384177550802,ok,22.747394148702657,36.05630591575966,ok,22.747394148702657,63.27323928402272,ok
544507,544507.0,-826377031.0,galaxy,0.000326344644817478,3.659210032023639e-05,512.0,0.8249579100236542,star,False,20.827511,,,,,,,9.572106555039161,1.8847098419282058,ok,9.572106555039161,2.612222045964535,ok,19.990125448647838,1.6644114650291602,ok,24.09202471554513,36.05717073741354,ok,24.09202471554513,63.27586255481614,ok
544883,544883.0,3.962784160783221e+16,galaxy,0.0008477123902900402,4.786930709466658e-48,514.0,0.010663848136926033,star,False,18.665724,0.6809233889185975,-5.171654192637633,5.21628831160652,0.33285101902996117,0.23110249638557434,0.23954422771930695,2.4243191907535264,1.7460576357902504,ok,2.4243191907535264,2.2298463039381975,ok,6.5278091564978284,1.6643629808443792,gaia_consistent,26.020365764227275,36.05563636657665,ok,26.020365764227275,63.25958717392905,ok
548683,548683.0,3.908983739505525e+16,galaxy,0.47323491506831156,2.6237696026933954e-05,0.0,0.04614238949967091,star,False,20.030178,,,,,,,9.864252764620822,1.762557789395547,ok,9.864252764620822,2.309628082940904,ok,1.9164123081386915,1.6644168925374543,ok,140.1167666930022,36.05809975241949,ok,140.1167666930022,63.267207721841075,ok
552054,552054.0,3.908983754592362e+16,star,6.958974876589509e-05,7.432363136418214e-06,0.0,0.09597404120341875,star,False,19.5301,-21.311082323201155,-1.9924634504680376,21.40402159379652,1.1684617105837805,0.8362048268318176,0.816127598285675,9.46627503241338,1.8808112560378443,ok,11.261234890574878,2.235371761425943,ok,25.49240136712634,1.6643711438682884,gaia_consistent,30.900753646531733,36.056133621089465,gaia_consistent,30.900753646531733,63.27068506090839,gaia_consistent
547675,547675.0,3.962784160783324e+16,star,0.0001851669221242928,1.1632164607388746e-05,0.0,0.020728903537692085,star,False,18.740076,1.7262057588830195,-4.212607837855391,4.552565333695012,0.3313734280326755,0.24617789685726166,0.22182153165340424,5.997478309171102,1.7527298097800605,ok,5.997478309171102,2.6339223850609024,ok,3.50686980999907,1.6643634580458098,gaia_consistent,28.567274503714025,36.0556654986988,ok,28.567274503714025,63.25879910246914,ok
549413,549413.0,3.90898375459236e+16,star,0.00011304481131068272,1.265840007776091e-05,0.0,0.09754137798402078,star,False,19.857655,-13.556235327625279,-16.843995700140457,21.62155654443745,1.4123800379528717,1.1095216274261475,0.8739445805549622,2.5268590120688716,1.8062963979155828,ok,2.5268590120688716,2.61160911317348,ok,24.6178102176496,1.6643768012439966,gaia_consistent,21.28834741389744,36.05599356494293,gaia_consistent,21.28834741389744,63.27211563192686,gaia_consistent
549419,549419.0,3.90898375501108e+16,galaxy,1.479834737121825,0.00011668918465988499,4.0,0.10024407743524653,star,False,22.889151,,,,,,,1.4703774320167315,1.880122485408723,ok,1.84044091050905,2.2832737537078756,ok,4.9621405332103885,1.6649407512127858,ok,28.198127885465514,36.067548700834934,ok,28.198127885465514,64.17154258584002,ok
550550,550550.0,3.908983739505508e+16,galaxy,0.880293456698786,4.3158381961583614e-05,0.0,0.9842191822559682,star,False,22.852762,,,,,,,1.4906966272335145,1.785799666957389,ok,1.4906966272335145,2.5456891947284044,ok,6.7260680012428935,1.6649713724035689,ok,91.51694870607018,36.07153227028744,ok,91.51694870607018,67.20760716855123,ok
547208,547208.0,3.96278416078323e+16,star,0.0005388867888545943,8.927283185777892e-06,0.0,0.1633110305365661,star,False,18.427727,2.907197006635448,-36.15507681281839,36.27177103170161,0.3963430988229869,0.2744133174419403,0.28598108887672424,5.089998826509123,1.9811824157392148,ok,5.089998826509123,2.6563218621133466,ok,36.716946963098785,1.664361719626931,gaia_consistent,78.80787782750096,36.05564415820131,ok,78.80787782750096,63.25760519617641,ok
556419,556419.0,3.90898375501369e+16,star,0.0009682636025074485,5.679046615466082e-06,0.0,0.007797228175069126,star,False,19.604105,-0.6959404041657826,-1.8208418111154807,1.94930704283772,0.9334546906604927,0.5983129739761353,0.7164909243583679,6.342931442081209,1.7255111232418308,ok,6.342931442081209,2.213969023873206,ok,6.915209067894898,1.6643721764557686,gaia_consistent,40.80995241527586,36.05588861135733,ok,40.80995241527586,63.265271319019206,ok
553947,553947.0,3.962784764763085e+16,star,1.5457164730805468e-05,3.2432019248490564e-06,0.0,0.04487060439123405,star,False,17.711008,-9.83875110020912,1.4630067452870281,9.946929774991954,0.15677133772039314,0.11990147829055786,0.10099944472312927,6.286739427099784,1.7419830496457511,ok,6.286739427099784,2.2355192507177755,ok,16.161255881176004,1.6643594516372604,gaia_consistent,26.026293183373916,36.055757573279394,ok,26.026293183373916,63.24987385207899,ok
556858,556858.0,3.908983742010447e+16,galaxy,0.6677145606897942,5.491762762430331e-05,0.0,0.06804388032915003,AGN/QSO,True,20.088125,,,,,,,8.675545418216418,2.8086600510678936,ok,8.62503326920207,2.6685903057385483,ok,7.1634320660293955,1.6643913971295592,ok,24.137317909815796,36.05641185554263,ok,24.137317909815796,63.26642553252458,ok
557988,557988.0,3.962784764763075e+16,galaxy,0.21489237690473917,1.0316197555786928e-05,0.0,0.046336283053478165,star,False,18.053017,,,,,,,2.4035453390265964,2.0054443243994884,ok,2.828649650602223,2.72148812399669,ok,6.096924362953304,1.6643658897143463,ok,149.3249058717315,36.05613422280462,ok,149.3249058717315,63.26444175738329,ok
558563,558563.0,3.962784764763073e+16,galaxy,0.8270231495532442,5.9419619579671735e-05,0.0,0.048352337788411096,AGN/QSO,True,21.475735,,,,,,,3.5533969430104935,1.876418747091469,ok,3.5533969430104935,2.5966496744002567,ok,6.816424357978314,1.6648534366545893,ok,31.789240175310706,36.066107052120316,ok,31.789240175310706,63.388052855427766,ok
555159,555159.0,3.962784764763059e+16,star,0.00019897565662306462,1.976910078562364e-06,0.0,0.034333357663636356,star,False,18.763025,-1.1701391658515283,-7.509712425991142,7.600329360530732,0.32523989252132296,0.24547883868217468,0.21335680782794952,4.249461652885825,1.72675151072209,ok,4.249461652885825,2.2631871406875916,ok,9.621189216867318,1.6643636120132768,gaia_consistent,,,inconsistent_with_gaia,,,inconsistent_with_gaia
759752,759752.0,3.962784160783299e+16,star,0.0002342294529829322,3.493234162293169e-06,0.0,0.02654645156515472,star,False,18.593882,-3.347301456528372,-4.872825806955915,5.911755947754654,0.40921889331649963,0.2938501238822937,0.28480204939842224,3.0638007398760707,1.7495257583339248,ok,3.0638007398760707,2.2535162093855843,ok,10.61633149541167,1.6643625574320664,gaia_consistent,21.853110724030415,36.05561463687894,ok,21.853110724030415,63.26332184050244,ok
562498,562498.0,3.908983749975298e+16,quasar,2.0277133183128444,7.583957620118913e-05,0.0,0.001424733482740315,AGN/QSO,True,19.287952,0.28917324332432104,-0.012390909284710176,0.2894385932933079,0.4699623032306451,0.32400110363960266,0.340423047542572,2.6114875619744886,1.7755229964663521,ok,2.6114875619744886,2.4079658760019633,ok,7.626290352373198,1.6643681370443864,gaia_consistent,44.84420667039793,36.05569300532514,ok,44.84420667039793,63.29279923570285,ok
566100,566100.0,3.9089837550136536e+16,galaxy,0.00029307754322581653,3.895538640128374e-05,0.0,0.7019453190393373,star,False,20.243961,-1.794816886235414,-3.7979038360675714,4.200647712333487,1.0265028048860656,0.7571650743484497,0.6931154727935791,16.146114154098715,1.7286355046470823,ok,26.23290114578207,2.183739833514889,gaia_consistent,9.238735018040249,1.664385554140796,gaia_consistent,9.609452381822997,36.05611078631829,gaia_consistent,9.609452381822997,63.5666543859682,gaia_consistent
561939,561939.0,3.908983755011541e+16,galaxy,1.505761006841096,0.00012781114078284854,4.0,0.01216701264609324,star,False,22.840012,,,,,,,5.11465677899138,1.7442303154591197,ok,5.11465677899138,2.267260549556372,ok,7.372599084612898,1.6649052816796566,ok,19.958929082237876,36.06398042884005,ok,19.958929082237876,63.6145597186718,ok
561178,561178.0,3.908983755012578e+16,star,-0.0002782482533755294,5.147044052128095e-06,0.0,0.019745803635727414,star,False,18.825924,-3.306777442886027,-3.6652108285006197,4.936450898584736,0.3915848533133422,0.2915492057800293,0.26141491532325745,14.429109089545248,1.93986386189639,ok,0.7896931977879659,2.2201184092058575,ok,10.006525903924867,1.6643640230276415,gaia_consistent,14.913702494834585,36.05568242899448,gaia_consistent,14.913702494834585,63.267280989795964,gaia_consistent
764295,764295.0,3.962784160783309e+16,quasar,2.6599461402516953,0.002398922821384705,0.0,0.021559791096877206,AGN/QSO,True,22.753363,,,,,,,9.46627503241338,1.8808112560378443,ok,11.261234890574878,2.235371761425943,ok,3.2344991529230955,1.664863529707512,ok,22.45246800061086,36.086246752466856,ok,22.45246800061086,63.75898206620088,ok
769566,769566.0,3.9089837395055256e+16,star,0.0002462567910356725,2.371036505556656e-05,0.0,0.006256782764078039,star,False,20.901419,,,,,,,6.943908922830445,1.775105604262823,ok,25.126964653493587,2.343525589767571,ok,2.904861540436134,1.6644135550402288,ok,9.559468842138466,36.05656875434629,ok,9.559468842138466,63.31407614751084,ok
772142,772142.0,3.962784160783354e+16,galaxy,0.7415279563175845,5.508976270389016e-05,0.0,0.056331641768251284,AGN/QSO,True,20.621162,,,,,,,7.2354941066263105,1.7314197568649072,ok,7.2354941066263105,2.2817891109957817,ok,2.186469598740651,1.66454783129938,ok,50.93609280649407,36.08421982282694,ok,50.93609280649407,63.284815641084755,ok
772885,772885.0,3.908983755011477e+16,galaxy,-0.00028857034604085795,6.114414005240363e-05,4.0,0.03671816911610163,star,False,21.635698,,,,,,,11.5319703212572,1.8647266616084412,ok,6.707661049404082,2.235735207666891,ok,4.513058324299313,1.6644832281770392,ok,48.511424833595505,36.05783288975859,ok,48.511424833595505,63.579373772476615,ok
773973,773973.0,3.908983755011477e+16,galaxy,0.3003908427397467,1.0270892158502663e-05,0.0,1.2427311794679903,star,False,24.221186,,,,,,,4.238335642627169,2.548535010704192,ok,5.437593383044284,2.379047040107152,ok,3.316531388286891,1.6682784680080358,ok,20.1973952050051,36.11430587828071,ok,20.1973952050051,65.69363639478622,ok
769735,769735.0,3.9627841607833224e+16,star,0.0004729299192101265,1.136827224794556e-06,0.0,0.010213728167152639,star,False,17.37569,4.568236496816601,-11.189049262901706,12.08567780881521,0.1332161243761375,0.09492779523134232,0.09346255660057068,5.201220245505965,1.9325789823533859,ok,5.201220245505965,2.487081502656968,ok,10.651238582782309,1.6643591150716128,gaia_consistent,7.674829825969091,36.05567685355428,gaia_consistent,7.674829825969091,63.25050417611582,gaia_consistent
548187,548187.0,3.9627841612022344e+16,quasar,1.8369410047192034,0.00076889623445217,0.0,0.04117635341039077,AGN/QSO,True,22.688934,,,,,,,5.707746349822761,1.7741939404513696,ok,5.707746349822761,2.2240764337971424,ok,3.3609514820732613,1.6652071824642587,ok,63.696277714450844,36.067238836081074,ok,63.696277714450844,63.61182979823016,ok
542770,542770.0,3.9089837545927224e+16,star,0.00013152254414172952,3.15366149675754e-05,0.0,0.013396328076831259,star,False,21.794703,,,,,,,12.001501294450662,1.8285436543772153,ok,12.001501294450662,6.384783835213854,ok,1.7066344888019231,1.6645303341327564,ok,34.548433713556626,36.161816688536256,ok,34.548433713556626,63.45289212203776,ok
544417,544417.0,3.9089837545923624e+16,star,0.00015635964716020857,8.586915373750481e-06,0.0,0.06895699885849588,star,False,18.530241,0.013258827253155803,-15.344494942421568,15.344500670745242,0.5249091823829847,0.388999879360199,0.35243260860443115,5.12233533634306,1.7899604246413299,ok,5.12233533634306,2.774976130639789,ok,16.08878898849655,1.6643622378934289,gaia_consistent,36.89064164842872,36.05567088972624,ok,36.89064164842872,63.26121365868472,ok
543018,543018.0,3.908983754592362e+16,star,0.00010355121760538765,1.4905900139015344e-05,0.0,0.01979649078808542,star,False,20.693808,,,,,,,6.124476136397421,2.1485778559805624,ok,6.522868813831352,2.83483420068634,ok,3.615971434679503,1.6644037080795013,ok,118.31420499493767,36.05977351118958,ok,118.31420499493767,63.71491965431164,ok
552131,552131.0,3.908983754592724e+16,star,2.4209622741950988e-05,7.514318744870785e-06,0.0,0.17731725977798424,star,False,19.743685,,,,,,,8.650525104292413,2.069910049917871,ok,13.008464589000837,2.8728673905014275,ok,25.378883585893337,1.6643745048079202,ok,39.0737761943271,36.056195383534515,ok,39.0737761943271,63.27005580667468,ok
550651,550651.0,3.908983754592723e+16,star,0.0003721261029064393,9.733083096024073e-06,0.0,0.015079229859966282,star,False,19.315144,0.31912892070992654,-3.483818698411914,3.4984047781007224,0.5720156991202912,0.39486461877822876,0.4138645827770233,1.5656749436600064,1.7790583698692566,ok,1.5656749436600064,2.2619464062491086,ok,3.8142293789489243,1.664368375403481,gaia_consistent,30.43266499467499,36.05577632667356,ok,30.43266499467499,63.30815620454309,ok
553461,553461.0,3.908983755013208e+16,star,0.0011332494970268908,1.499127056783158e-05,0.0,0.013819861994141857,star,False,19.702795,-2.299028428654247,-2.579002683819029,3.4549654931570837,0.6902185250590913,0.47010308504104614,0.5053758025169373,9.692200113952461,1.9478039736285762,ok,10.161435796767556,2.438766265936985,ok,5.940619808504078,1.6643737728854444,gaia_consistent,14.995641251841276,36.055858217385406,ok,14.995641251841276,63.28235005935802,ok
548807,548807.0,3.908983754592722e+16,star,0.0003432175766377944,1.3678226142832998e-05,0.0,0.017008900346426613,star,False,20.370449,,,,,,,6.185896909757148,1.78640780363735,ok,6.185896909757148,2.4092723707824453,ok,2.7258190128769004,1.6643906494830345,ok,23.660522218057707,36.05631128095522,ok,23.660522218057707,63.2959266578403,ok
549091,549091.0,3.9089837550118584e+16,galaxy,1.6278946316884702,8.381207258020402e-05,4.0,0.021145521640658384,star,False,23.347364,,,,,,,9.526786745933707,1.7876719203515241,ok,9.526786745933707,2.318589373939127,ok,3.9718832600437914,1.665469715829055,ok,29.75813446501388,36.07016042502329,ok,29.75813446501388,63.985303972833876,ok
553527,553527.0,3.908983754592722e+16,star,5.7770642505320924e-05,3.821427310449416e-06,0.0,0.06604210171898285,star,False,18.623119,13.21206294311447,-6.41331087915827,14.686359781972808,0.5373305131543764,0.36889761686325073,0.3906899392604828,4.828417910668164,1.7806627060023223,ok,9.556301127831192,3.0273468786587046,ok,13.715611716365306,1.6645227559633249,gaia_consistent,,,inconsistent_with_gaia,,,inconsistent_with_gaia
555978,555978.0,3.908983755011822e+16,star,0.0008844211837729489,1.8755628091443638e-05,0.0,0.058119589195826105,star,False,20.859308,,,,,,,4.554323120758305,2.4781955363544412,ok,5.672977917379393,2.6781153204440584,ok,13.525109239013188,1.664412392804315,ok,1.7486729553377598,36.05675913865857,ok,1.7486729553377598,63.293604303422846,ok
558860,558860.0,3.962784765182065e+16,star,5.80609345835345e-05,5.6144605143105484e-06,0.0,0.028572127508609022,star,False,18.467531,-2.5887063165260016,-5.655253345967854,6.219589279068371,0.4961625550019349,0.31579282879829407,0.3826906979084015,0.8959405836614523,2.0177535117309535,ok,7.0912195793164985,2.320711331766991,ok,8.524277909812488,1.6643619164463193,gaia_consistent,54.89407754958764,36.0604853415021,ok,54.89407754958764,63.2740127908888,ok
558644,558644.0,3.96278476518206e+16,star,0.00033674383311178005,7.257294507713781e-06,0.0,0.01804093415681561,star,False,18.449959,1.5210768233482779,-3.717448417881234,4.016602723961505,0.2812266620010732,0.20444178581237793,0.1931113451719284,5.2100847177345315,1.805167843211356,ok,5.2100847177345315,2.501686097386865,ok,4.029181686045736,1.6643619118359823,gaia_consistent,23.364536858400594,36.05840634851468,ok,23.364536858400594,63.268244415108605,ok
556025,556025.0,3.908983755011821e+16,galaxy,1.2986886969370683,0.00010263621970633323,0.0,0.03012204817746818,AGN/QSO,True,22.531923,,,,,,,5.603966606332236,1.903424331514628,ok,4.962240552692699,2.4188776912167205,ok,4.859729177375923,1.6650329533984882,ok,62.20563320951986,36.084789640617295,ok,62.20563320951986,63.53797858111894,ok
558118,558118.0,3.908983739504063e+16,star,0.0009940248414250271,1.9444338347921914e-05,0.0,0.045706286005785385,star,False,21.241323,,,,,,,9.618621795686778,1.8178048991583104,ok,9.618621795686778,2.417835177993853,ok,11.64473038706161,1.6644417786035222,ok,39.501318848290346,36.05729301016774,ok,39.501318848290346,63.34659956833407,ok
561383,561383.0,3.9089837550140744e+16,galaxy,1.5457716202631846,0.00015289255999324062,4.0,0.036993506513926584,star,False,23.569597,,,,,,,14.394117038225813,1.8859240777005728,ok,3.4207073992249866,2.2501368206147205,ok,12.681444195225163,1.665867045229029,ok,9.907121634041433,36.074223613913325,ok,9.907121634041433,64.3134747403222,ok
558726,558726.0,3.908983755011266e+16,quasar,0.9878055103346461,0.0004315310445162356,0.0,0.008318552401071811,AGN/QSO,True,20.482811,,,,,,,3.6145583334612406,1.7646963518426129,ok,3.6145583334612406,2.580266071106031,ok,4.965981040822728,1.6643965170150858,ok,13.972058554216924,36.05627980863446,ok,13.972058554216924,63.30434161795922,ok
560454,560454.0,3.9089837550112664e+16,star,0.0004702696625190928,1.4517450367450263e-05,0.0,0.011824645232265615,star,False,19.976145,-0.9599161693523315,-2.795970426489952,2.9561613078434092,0.9318286225147971,0.6928734183311462,0.6230818629264832,4.429159920088273,1.739062576478744,ok,4.429159920088273,2.1958085310467235,ok,5.140561350042579,1.664379086760976,gaia_consistent,48.49341490813238,36.05597314282289,ok,48.49341490813238,63.265474800720206,ok
564081,564081.0,3.9089837545927496e+16,galaxy,1.4769511190647375,6.835535743507334e-05,0.0,0.024491224149744053,star,False,21.030245,,,,,,,1.4667818607890264,1.802536809586843,ok,1.4667818607890264,2.3991359725167514,ok,6.782553889365398,1.6644229615193387,ok,2.8836858878832317,36.05693938982046,ok,2.8836858878832317,63.30335538884031,ok
562935,562935.0,3.962784765182054e+16,star,0.0001732502012883974,0.0002463387061946416,0.0,0.026384615236257555,star,False,22.862032,,,,,,,7.211158001678376,1.863660187101617,ok,7.211158001678376,2.5084464025742625,ok,8.246236914863188,1.6649244820789932,ok,13.334471294669669,36.10587116696337,ok,13.334471294669669,64.45625924160069,ok
564837,564837.0,2.3058430377936824e+18,star,0.00011215610815261208,1.2088340551792646e-05,0.0,0.172534503993134,star,False,18.267813,0.6053824002170995,-38.3243687598297,38.32914985608086,0.24560673724747387,0.18108952045440674,0.16591942310333252,5.342822437554601,1.9122003937303136,ok,29.7458659593603,3.0535721070366035,ok,39.05029752275472,1.6643610685529895,gaia_consistent,54.941514331883525,36.055748116303604,gaia_consistent,54.941514331883525,63.250190114514744,gaia_consistent
563269,563269.0,3.908983755014075e+16,star,0.0004137770509978004,4.2622917625053104e-06,0.0,0.04556164392835652,star,False,19.031773,-11.059380845415856,2.7260883950659194,11.390410994413863,0.6380011685843094,0.4389478266239166,0.46300140023231506,11.667716454167087,1.9602335674521014,ok,6.768166413652253,2.535633634541964,ok,18.935255282254122,1.664365580713639,gaia_consistent,50.25341010897202,36.05573626209765,ok,50.25341010897202,63.26668814698386,ok
562437,562437.0,3.908983755012036e+16,galaxy,-0.0004592188289035393,5.085631026190871e-05,0.0,0.02429896894837075,star,False,22.590538,,,,,,,3.6597644970559373,1.8425291800925236,ok,3.6597644970559373,3.5637857800939132,ok,5.889610921294599,1.6647997586536316,ok,31.359166340966414,36.688780441223344,ok,31.359166340966414,63.96212849789315,ok
193314,193314.0,3.908983739069481e+16,galaxy,-0.0026808716274055308,7.65185353534353e-05,0.0,0.05179030339077767,star,False,26.726961,,,,,,,6.426421812204786,1.7501277605442567,ok,6.426421812204786,2.290889686284692,ok,2.855142802241385,1.9631981975909163,ok,42.38374585298435,37.1756989911144,ok,42.38374585298435,144.65142769494122,ok
207775,207775.0,3.9089837487165176e+16,galaxy,1.5248473826208409,0.00010488099317105757,4.0,0.1128751234385983,star,False,24.772409,,,,,,,14.327512863164472,1.766574724535315,ok,14.327512863164472,2.395836034003902,ok,5.149149583685785,1.675260003278707,ok,10.144492270072128,36.14373218652931,ok,10.144492270072128,68.45656651560981,ok
10687,10687.0,3.908983748716508e+16,galaxy,0.08884028596837452,0.0001555413357505287,0.0,0.5339330454865443,star,False,24.813164,,,,,,,1.5864125278038743,2.111326314870169,ok,5.389139076439594,2.2853962381735595,ok,14.007058336603507,1.674989527112715,ok,40.94554430742315,36.12230683617362,ok,40.94554430742315,117.49428382598366,ok
192615,192615.0,3.908983755022206e+16,galaxy,-0.0016508142192483391,6.053821127460572e-05,4.0,0.5341774083023151,star,False,24.711161,,,,,,,3.373104955647484,1.812419703298587,ok,2.6424139316886164,2.360275849638616,ok,8.437701691365115,1.6770045131487739,ok,65.04357054133916,37.48400918857542,ok,65.04357054133916,104.87613369260441,ok
202878,202878.0,3.908983749978903e+16,galaxy,0.6313043215860847,2.7909802557628143e-05,0.0,0.7083883926258353,star,False,25.039982,,,,,,,11.319114375762567,1.7796189735767014,ok,11.319114375762567,2.56674425533328,ok,2.1067125407284415,1.6985466093885038,ok,51.909314420723064,36.249078260622596,ok,51.909314420723064,78.23222692592402,ok
208696,208696.0,-230771286.0,galaxy,1.498608273830667,0.0001030401535735081,2564.0,1.2634107157524013,star,False,26.836048,,,,,,,6.895743179289028,1.7300811874462354,ok,6.895743179289028,2.2346708822987726,ok,1.9572309674256465,2.0080321091115843,ok,51.949303205019135,39.02004673520416,ok,51.949303205019135,137.87101533917183,ok
216265,216265.0,6.160885878630659e+17,galaxy,0.956077448144281,9.206098752418825e-05,5.0,1.054446828854133,star,False,25.038895,,,,,,,8.551864349125387,1.8375910139144274,ok,8.551864349125387,2.385369081987186,ok,3.535071905383089,1.6966759199069985,ok,26.28505443573177,36.19435106331113,ok,26.28505443573177,67.38942630104633,ok
248925,248925.0,3.908983755009467e+16,galaxy,0.08289276694596351,1.3437757437277596e-05,0.0,1.415937804918255,star,False,26.130726,,,,,,,8.129761238116407,1.8907698912599686,ok,8.129761238116407,6.833184608376792,ok,0.18563083820561266,1.7923997727449028,ok,3.262230973944398,40.18480070319547,ok,3.262230973944398,98.60462357226523,ok
16143,16143.0,3.908983755007801e+16,galaxy,1.2305057624366393,6.354358953366849e-05,0.0,0.8725593596668534,star,False,24.63504,,,,,,,8.96400631468358,1.9482323899347727,ok,6.085353611248997,2.491904378202115,ok,3.7166195832475,1.679003942604892,ok,30.754327483236246,36.13614888574556,ok,30.754327483236246,90.32086064775538,ok
236260,236260.0,3.908983739069533e+16,galaxy,0.0007260001651983983,3.319296954742687e-05,0.0,0.029019747554254224,star,False,24.559952,,,,,,,9.810508448151033,1.8364441922720054,ok,9.810508448151033,2.3582224536736973,ok,6.377140854695242,1.6743967672081344,ok,18.304734944818513,36.135223969307575,ok,18.304734944818513,69.39358812326552,ok
236981,236981.0,3.908983739490661e+16,star,-0.00015302628387372523,2.162385709047864e-05,0.0,0.9828546806032465,star,False,25.04389,,,,,,,6.174818386978453,1.7892531040384374,ok,6.174818386978453,2.3346383019092456,ok,3.7336745774363784,1.6857900394198637,ok,43.47012680657908,36.220429621720186,ok,43.47012680657908,91.07878801305004,ok
241070,241070.0,3.9089837550095816e+16,galaxy,1.2217956908551661,0.00016405118444246593,0.0,1.0904895806255122,star,False,25.732765,,,,,,,1.015056186571544,1.9425047757273177,ok,5.743285147189489,2.436072022544254,ok,3.8719834732550162,1.7235310437471019,ok,3.89862951545649,36.9684675084468,ok,3.89862951545649,285.09578524708394,ok
42310,42310.0,3.908983754588175e+16,quasar,3.0804040523845897,0.00018159565600255352,0.0,0.016795083759460528,star,False,24.941698,,,,,,,8.412698194147179,2.3568827740404825,ok,3.30900780675943,3.3061485193282314,ok,3.9009765858567818,1.678384911750567,ok,2.552695060704076,36.130945588482646,ok,2.552695060704076,72.07998181086424,ok
56507,56507.0,3.90898375502167e+16,galaxy,0.5712861141568314,5.854508768366137e-05,4.0,0.030609098047259736,star,False,24.577011,,,,,,,5.958525704107554,2.919433902710129,ok,8.093131299320676,2.4221688485963404,ok,11.59102233096225,1.6729284514798552,ok,54.71534237597152,36.08893934627655,ok,54.71534237597152,122.12674308912933,ok
390771,390771.0,3.9089837499749944e+16,galaxy,1.6259879405923985,8.303622495798121e-05,4.0,0.15505389747429116,star,False,26.014893,,,,,,,5.479129972947034,1.8369837437688268,ok,3.304743647843175,2.331245044798787,ok,3.5276306203246452,1.7700912829922435,ok,16.75928951729683,36.55422246939974,ok,16.75928951729683,104.6607248260425,ok
241952,241952.0,6.16088587863065e+17,galaxy,1.2570858503800348,8.226213237786696e-05,5.0,0.7285349868756879,star,False,26.05921,,,,,,,2.188465489726083,1.7675794130202047,ok,2.188465489726083,2.239792796781012,ok,2.752029178273307,1.7933059274829655,ok,34.546661551015326,39.30723558047417,ok,34.546661551015326,102.69331807358243,ok
249731,249731.0,-826361018.0,galaxy,1.1722932889406767,0.00013637270816392678,5.0,1.3107181131772043,star,False,24.578985,,,,,,,1.575582481004093,1.8052642676407795,ok,8.105314338403952,2.4325533824592496,ok,2.0523058669201837,1.6730883611339693,ok,40.74253794245287,36.11828580023476,ok,40.74253794245287,64.50172139965537,ok
590645,590645.0,3.908983749975181e+16,galaxy,1.342721826438737,8.467664580320445e-05,4.0,0.014633139901328312,star,False,25.285875,,,,,,,4.3073444492041215,1.7432313722576795,ok,4.3073444492041215,2.230716543309179,ok,3.7518026311364308,1.6883499612133663,ok,59.48042387022252,36.232941391108135,ok,59.48042387022252,65.4396058933594,ok
411325,411325.0,6.160886059824581e+17,galaxy,0.639494506945243,6.426949064935019e-05,5.0,0.845083921036138,star,False,25.464548,,,,,,,11.06292157077515,1.8650454320303156,ok,11.06292157077515,3.0953071455491923,ok,5.577968974944877,1.7028723523815286,ok,13.501505199625962,36.428618424271114,ok,13.501505199625962,73.69541600530802,ok
409512,409512.0,3.908983755009758e+16,galaxy,0.14839522123619997,2.3729317936226858e-05,0.0,1.1675038859334248,star,False,26.024162,,,,,,,11.78629993805677,1.8937752135955763,ok,11.78629993805677,3.1052130754471015,ok,2.61299424446603,1.7597901807780831,ok,52.676545570505134,37.0165935706528,ok,52.676545570505134,155.67713311094067,ok
39030,39030.0,3.9089837545882216e+16,galaxy,-0.001288366420716882,3.9065701330713535e-05,0.0,0.08193937855737726,star,False,25.504101,,,,,,,3.0832410638797625,2.2421262166414224,ok,6.266711477928058,2.634748080238584,ok,1.9319647627305596,1.721737649628409,ok,54.88679401508409,36.341413858725616,ok,54.88679401508409,69.57866483741995,ok
597250,597250.0,3.908983754588224e+16,galaxy,0.006390597580671248,1.8372997948293605e-05,0.0,0.04077706315634588,star,False,26.059431,,,,,,,0.829029679804116,1.7815652859072395,ok,0.829029679804116,2.603434513674261,ok,4.364526215832038,1.7578971711503133,ok,60.759423776897634,36.87396693603251,ok,60.759423776897634,81.9656021529766,ok
392185,392185.0,3.908983748716567e+16,galaxy,0.42705949458644904,3.5345676223889513e-06,0.0,0.5023239549312811,star,False,24.96814,,,,,,,5.5178478516029985,1.80377529906124,ok,8.881531976791377,2.391359515730634,ok,4.172986935858858,1.6800533997393652,ok,32.642642851394406,36.281373895767565,ok,32.642642851394406,83.83952667401338,ok
385335,385335.0,3.908983749974493e+16,quasar,2.961518647825325,0.0001686668405204548,0.0,0.02152065444624413,AGN/QSO,True,26.095608,,,,,,,3.1274444495041327,1.743629013895945,ok,3.1274444495041327,2.250438000605329,ok,4.824795316737065,1.7723247429880373,ok,169.08095610342085,37.356858801565714,ok,169.08095610342085,149.69050119578827,ok
388388,388388.0,3.908983754588224e+16,galaxy,1.4012399310647008,0.00010954340323366832,4.0,0.024524763551238647,star,False,25.294611,,,,,,,3.563559018679223,1.7509940161192865,ok,3.563559018679223,2.2491173854692774,ok,5.0568996841068525,1.6958465782609413,ok,27.47598202425243,36.29578442683246,ok,27.47598202425243,76.04744035228957,ok
619041,619041.0,3.908983749974572e+16,galaxy,0.8694981438486055,7.420281358354361e-05,4.0,0.15378348630148755,star,False,26.803635,,,,,,,15.156477474949853,2.0527736445144815,ok,15.156477474949853,3.262838074636076,ok,5.359538039597014,1.9764375419789832,ok,20.898247250711314,37.548555216636316,ok,20.898247250711314,78.35887865640082,ok
63445,63445.0,142180022747152.0,galaxy,0.9588312625660997,1.1365946491460827e-05,0.0,0.3183423880332902,star,False,25.486698,,,,,,,5.412382995842342,1.8164160783188132,ok,3.2178745360019256,2.2865768721246624,ok,4.932263547641586,1.704025276255841,ok,49.28735540305473,36.398359899249414,ok,49.28735540305473,109.064375433775,ok
282107,282107.0,3.908983754591704e+16,star,5.213239385337927e-05,1.674077798597597e-05,0.0,1.406281387693694,star,False,25.729561,,,,,,,3.981815573542215,2.074668962175783,ok,3.981815573542215,3.0953022949182363,ok,3.9837318476326744,1.7840593192945244,ok,11.5121305301578,36.90565246806441,ok,11.5121305301578,669.5696522552537,ok
620577,620577.0,3.908983749974541e+16,galaxy,1.2935187728716386,0.0003779474592826251,4.0,1.1361731222177296,star,False,25.844667,,,,,,,7.690852295498457,1.8721347432050244,ok,5.594955552992338,2.5430254227351323,ok,4.604912306386459,1.7308728873403636,ok,23.84660940636334,36.90116801666218,ok,23.84660940636334,73.66029547894946,ok
400926,400926.0,3.908983739069544e+16,galaxy,0.0029377438505199353,3.7232531045373364e-05,0.0,0.04905929532949378,star,False,25.833408,,,,,,,5.710903351471002,1.7821842750578278,ok,5.710903351471002,2.442727102610571,ok,5.903947142927434,1.7360476624026124,ok,34.10510467718717,36.33111856872492,ok,34.10510467718717,76.41796090011253,ok
51189,51189.0,3.908983748716609e+16,galaxy,0.5823208933699291,0.00010956166179778343,4.0,0.07373447012942631,star,False,25.087307,,,,,,,6.534002571381647,1.7532903317152462,ok,6.534002571381647,2.340612615818744,ok,5.833699328003497,1.6876101918635262,ok,117.66799116838678,36.31691802544286,ok,117.66799116838678,89.44866525371137,ok
54901,54901.0,3.908983748716708e+16,galaxy,0.06593667775910636,5.120931956270692e-05,0.0,0.05536040194038324,AGN/QSO,True,26.083755,,,,,,,3.1761638692580396,1.803610202742269,ok,3.1761638692580396,2.6079681119021716,ok,6.74049010586165,1.8419373117959161,ok,50.97866298433873,36.694937843139684,ok,50.97866298433873,133.52622515533406,ok
55613,55613.0,3.908983749974427e+16,quasar,1.8498625555585058,0.0010882185040913086,0.0,0.9302741976437613,star,False,26.073093,,,,,,,6.402366417721033,1.8933337233003682,ok,8.01433736334555,2.258851688556785,ok,5.888022422088887,1.87110610379706,ok,72.53321964312993,37.20938564048893,ok,72.53321964312993,86.45911030458483,ok
279219,279219.0,3.908983748716678e+16,galaxy,0.08934518363565579,4.88173574719475e-05,0.0,0.1342657171583328,star,False,26.279387,,,,,,,7.858978915820527,1.8890423301365016,ok,1.7898839403248163,3.41218632542793,ok,8.123731117902528,1.8096038976063724,ok,28.404360718664265,37.424886091803494,ok,28.404360718664265,94.02579633041168,ok
61273,61273.0,3.908983755007944e+16,galaxy,0.2671924997379917,8.160532496580848e-06,0.0,1.243941854205794,star,False,26.174328,,,,,,,2.01208478108457,1.9328413530555477,ok,2.01208478108457,2.651748292790799,ok,5.291626465678553,1.7771529772149603,ok,10.593803134385626,36.918791403262404,ok,10.593803134385626,69.92868994328299,ok
437389,437389.0,3.908983739069623e+16,galaxy,0.0021651552821761676,2.6556929026390293e-05,0.0,0.026062056689057256,star,False,25.589792,,,,,,,11.905143658175282,1.82510568633549,ok,11.905143658175282,2.6489748758626845,ok,5.307201600961979,1.7135514501499443,ok,13.86671849375303,36.465052507532924,ok,13.86671849375303,94.38114716514508,ok
631666,631666.0,3.9089837545882296e+16,galaxy,0.29326448563436364,4.642624930344525e-05,0.0,0.08304495425065583,star,False,25.846136,,,,,,,13.303643929527716,1.8154215538841685,ok,13.303643929527716,2.3298292292271547,ok,3.801182069201349,1.778492901866895,ok,68.24722391611502,36.55124295372666,ok,68.24722391611502,160.1720635123114,ok
297549,297549.0,-832709002.0,galaxy,1.4485437410137028,0.00010213563560615027,516.0,1.1743011083666641,star,False,26.159903,,,,,,,4.34701479517536,1.7275859885956435,ok,4.34701479517536,2.2147041923502355,ok,4.570744012128718,1.8096886695449805,ok,33.586077875955056,36.47164955896063,ok,33.586077875955056,108.45793236394647,ok
664849,664849.0,3.908983748716707e+16,galaxy,0.3862584373010935,8.978038199822037e-05,4.0,0.4934218011826085,star,False,24.502558,,,,,,,4.9307272394401025,1.8616779631998985,ok,3.120678914080512,2.6733373531991114,ok,9.83591410525223,1.678561610249194,ok,20.7995559186651,36.156769065353465,ok,20.7995559186651,64.57848837452859,ok
292756,292756.0,3.908983739069615e+16,galaxy,0.4740909143218364,1.8653147233911472e-06,0.0,0.44213012898568194,star,False,24.327564,,,,,,,6.778987049308851,2.180142737404854,ok,6.778987049308851,2.7507374576685746,ok,4.43369311150869,1.6763969601496105,ok,31.412752467700145,36.198687182282434,ok,31.412752467700145,94.51456586736023,ok
637398,637398.0,3.9089837499746216e+16,quasar,2.907955475002852,0.00021362599569431303,0.0,0.0067321303491577646,star,False,24.930197,,,,,,,4.663684724931083,1.8935114203276215,ok,6.851392512559457,2.5359968721218737,ok,8.035308524994733,1.6793367746227175,ok,12.7727027760167,36.14857909995816,ok,12.7727027760167,67.20267688152192,ok
428797,428797.0,3.908983754588233e+16,galaxy,0.016896901362130526,3.2486843836970006e-05,0.0,0.021051958068645356,AGN/QSO,True,24.384933,,,,,,,1.9702738880720139,1.8932807675914374,ok,1.9702738880720139,3.8182019944628593,ok,4.301359806582141,1.6781214557443715,ok,21.77952300768912,36.117514384542396,ok,21.77952300768912,64.37870829725215,ok
103908,103908.0,3.908983755011784e+16,galaxy,-0.0016178129593570015,3.304641099708713e-05,0.0,0.009391304948749866,star,False,23.995562,,,,,,,5.863046583364462,1.8433587451729667,ok,5.863046583364462,3.386504849862389,ok,6.5900885012878,1.6697538591762988,ok,12.859833832781774,36.081287669452344,ok,12.859833832781774,64.38021701187911,ok
441885,441885.0,3.908983739069625e+16,galaxy,0.005932597630547347,2.7176003076817452e-05,0.0,0.03768719824377098,star,False,25.431417,,,,,,,5.25688081883744,1.755309064280367,ok,5.25688081883744,2.3115515481572357,ok,1.7456639419664584,1.742784662000812,ok,3.73246651235315,36.438388260744595,ok,3.73246651235315,73.36774526378562,ok
449699,449699.0,243341136494658.0,galaxy,0.0008477123902900402,4.786930709466658e-48,514.0,0.08760482444697998,star,False,24.354231,,,,,,,9.18360505260588,1.7300515818093722,ok,9.18360505260588,2.212023821234986,ok,3.532597446993685,1.672961143268494,ok,23.730659629939343,36.1147945582799,ok,23.730659629939343,64.483083546458,ok
293142,293142.0,3.908983749975023e+16,galaxy,0.544008630365698,8.604704579772646e-05,4.0,0.1235873354599951,AGN/QSO,True,24.375992,,,,,,,5.694080501608743,2.3190997620500933,ok,6.287335624576524,2.6623387333838715,ok,3.755584912278427,1.6841831274940229,ok,73.89792506918883,36.16797316782404,ok,73.89792506918883,67.78934310910675,ok
687377,687377.0,3.908983755013054e+16,galaxy,0.727715388520656,1.2056024873907522e-05,0.0,1.4749130782039648,star,False,26.951927,,,,,,,8.030019697648447,1.9865075684377584,ok,5.1790721128955,2.209195130445276,ok,4.3994462256645885,2.071453924864466,ok,49.63933276163619,69.08873838451012,ok,49.63933276163619,149.45052189614663,ok
692323,692323.0,3.908983749974596e+16,galaxy,1.5111211761606032,0.00013659915379738173,4.0,1.0539136638494961,star,False,25.309893,,,,,,,4.323161292267725,1.757310584109752,ok,4.323161292267725,2.269521329675104,ok,5.463114726665778,1.6941055415340749,ok,37.50035045919417,36.26501047672042,ok,37.50035045919417,65.4586106532414,ok
140461,140461.0,-832899003.0,galaxy,0.7184199236246559,7.064966903057325e-05,5.0,1.0560091680726011,star,False,25.981321,,,,,,,9.194200072101683,1.7693373349472796,ok,4.507865012882101,2.2026647247830655,ok,2.500109416304447,2.0240602737100213,ok,14.868534313941357,37.51487912103297,ok,14.868534313941357,79.40104645121953,ok
470114,470114.0,3.908983754588184e+16,quasar,2.946595784840519,0.00027870014666014816,0.0,0.015153465257765656,star,False,25.308464,,,,,,,5.621818697071318,1.8476510626715763,ok,6.140030051553428,2.31844505424261,ok,4.112639382022079,1.6938588622666901,ok,10.793183222198971,36.20564156237901,ok,10.793183222198971,113.20107985719112,ok
661841,661841.0,3.908983755014802e+16,galaxy,1.5455725238455797,9.816386642324633e-05,4.0,1.250115065670965,star,False,24.979145,,,,,,,5.744527130523612,1.885285413270952,ok,8.18356692620598,2.2898338459923013,ok,11.974259906331033,1.6923589880560608,ok,25.48236660471634,36.36378362440628,ok,25.48236660471634,63.77419652932897,ok
327879,327879.0,3.908983749974531e+16,galaxy,0.8338266038857419,6.438585436483482e-05,4.0,0.21459871921117632,star,False,26.401718,,,,,,,9.398338214925532,2.2714882706634736,ok,1.952275541697143,2.301031808511891,ok,1.4515777830075127,1.9347987368177697,ok,41.56109299440375,38.70125008549453,ok,41.56109299440375,149.71408582060593,ok
325782,325782.0,3.908983755012339e+16,galaxy,1.5032349978604698,0.0001024986967575225,4.0,0.016596719272787466,star,False,24.413311,,,,,,,5.532789978397963,1.7454399558118137,ok,5.532789978397963,2.466918383628279,ok,2.9350850383716325,1.6712905157173827,ok,11.711956623813224,36.14222926188666,ok,11.711956623813224,69.74568408473824,ok
674163,674163.0,3.908983754588231e+16,galaxy,0.0008280194580815476,6.731009836852329e-05,0.0,0.021072898006494374,star,False,24.81859,,,,,,,0.6489988715970821,1.7872548523450995,ok,0.6489988715970821,2.493582044918853,ok,5.1763149258171115,1.690220910904065,ok,27.281856020375372,36.135787609428334,ok,27.281856020375372,73.40388868987127,ok
674915,674915.0,-196003.0,galaxy,0.0008477123902900402,4.786930709466658e-48,514.0,1.0463635685521313,star,False,26.025854,,,,,,,2.3585374004781023,1.7888720158329112,ok,2.3585374004781023,2.6859803630226455,ok,6.6305077965467545,1.8558993963251884,ok,10.782876996609055,36.81029084609081,ok,10.782876996609055,66.83158208572905,ok
120280,120280.0,3.908983749974608e+16,quasar,2.9928760328090815,0.000521687605240663,4.0,0.08078852948860782,star,False,27.272552,,,,,,,12.862201043680406,1.7444289250684233,ok,12.862201043680406,2.2046435816775722,ok,2.965841875970036,2.3403490318960922,ok,62.21406404867872,38.4257671116289,ok,62.21406404867872,128.39741928854738,ok
118387,118387.0,3.908983755013076e+16,galaxy,0.31256000926093314,8.885704528628325e-05,4.0,0.034189590434846324,star,False,24.633419,,,,,,,3.563559018679223,1.7509940161192865,ok,3.563559018679223,2.2491173854692774,ok,6.3219357503694695,1.6731360506047734,ok,11.620765103275735,36.14611013099457,ok,11.620765103275735,71.51741533666966,ok
446704,446704.0,3.908983749974625e+16,galaxy,-0.004160211276785391,6.249129214888024e-05,0.0,0.11228203742379364,AGN/QSO,True,26.109816,,,,,,,9.585288016875072,1.7406337622638701,ok,9.585288016875072,2.25788629920523,ok,1.2653749281779152,1.7737645003625813,ok,13.149012205813424,36.75367593512434,ok,13.149012205813424,73.63051423333359,ok
689430,689430.0,6.160885939070578e+17,galaxy,0.051183158853453974,6.450476089446639e-05,5.0,1.2442831768135325,star,False,24.622948,,,,,,,1.3962269995205785,1.761052507561904,ok,1.3962269995205785,2.2891955787164133,ok,6.83788343747862,1.672173991477683,ok,21.612297148381213,36.12840503335104,ok,21.612297148381213,65.00351886369012,ok
325182,325182.0,3.908983748716652e+16,galaxy,1.553602890221709,0.00021799906819284568,4.0,0.45317758226716726,star,False,24.980049,,,,,,,3.2378407265759863,1.8108074293179954,ok,3.2378407265759863,2.5934319288838843,ok,3.1206825814249886,1.6843618061554868,ok,17.722427616451753,36.37654108761137,ok,17.722427616451753,102.99513039222818,ok
711525,711525.0,3.962784160363939e+16,galaxy,0.4212396197031898,3.923461081611974e-05,4.0,1.0842036286778174,star,False,25.543964,,,,,,,6.269430927836955,1.7556989286390305,ok,6.269430927836955,2.2327605769059127,ok,6.924060790711179,1.720273536405749,ok,49.579252115171094,36.5801436374633,ok,49.579252115171094,174.234861465719,ok
714858,714858.0,3.908983748716569e+16,galaxy,1.1444650115909722,0.00010114518693749555,4.0,0.12711260464954144,star,False,24.782589,,,,,,,5.950282602007784,1.739251383138714,ok,5.950282602007784,2.2136208669280837,ok,4.646539911865575,1.6744690406163338,ok,70.04368802910254,36.13207599380192,ok,70.04368802910254,95.06457337037425,ok
119817,119817.0,3.908983754588237e+16,quasar,2.8538858585423523,0.0005039116621256759,0.0,0.03997802985303271,star,False,26.41584,,,,,,,1.3858008350495592,1.789418649550652,ok,1.3858008350495592,2.509940732976814,ok,1.9653210587895913,1.8292189703267638,ok,9.549941022031362,36.52484422348245,ok,9.549941022031362,115.5489854960914,ok
130512,130512.0,3.908983754588537e+16,galaxy,1.3944916155069107,0.00010288550302464603,4.0,1.1125319679798302,star,False,26.917913,,,,,,,3.5266345006290103,1.7465684531263233,ok,3.5266345006290103,2.7799735658232723,ok,2.676781141367492,2.06346712158688,ok,6.962394016760723,37.61292728246835,ok,6.962394016760723,129.2492006142823,ok
123592,123592.0,-834538010.0,galaxy,0.27238417733112025,4.7228441733334646e-05,5.0,0.7966893120672145,star,False,26.380114,,,,,,,4.079096693718794,2.2902378638216097,ok,11.442676312815331,4.9940445131592055,ok,2.063384867141519,1.8204560778802834,ok,18.032343155886103,37.083153512061585,ok,18.032343155886103,268.66424399900995,ok
134295,134295.0,3.908983748716693e+16,galaxy,0.08606077012258627,7.668050521207808e-05,0.0,0.1686987617557774,star,False,25.735514,,,,,,,6.530476315519076,1.9377466086043893,ok,6.530476315519076,3.979652223232798,ok,2.127007648986196,1.7143125381279045,ok,12.658519288507556,36.27003759267694,ok,12.658519288507556,73.13177068249338,ok
512027,512027.0,-826377008.0,galaxy,0.0008477123902900402,4.786930709466658e-48,642.0,1.1995637234041125,star,False,25.141335,,,,,,,10.766429037279098,2.299730637204642,ok,8.778658524326776,2.448402417429766,ok,5.445409607262382,1.7000660118283024,ok,32.40375050465245,36.294531541775285,ok,32.40375050465245,76.74971548943651,ok
365274,365274.0,3.908983754588189e+16,quasar,2.841143035437521,0.0001665466741338488,0.0,0.01770885467386377,star,False,25.502605,,,,,,,6.648798863504747,1.760157676109837,ok,6.648798863504747,2.2638909849748408,ok,5.262970569545508,1.7042893709292453,ok,29.238553832973853,36.29635499410654,ok,29.238553832973853,77.77280392908646,ok
718700,718700.0,3.908983755012486e+16,galaxy,1.5909535464694584,0.0001500579961643034,4.0,0.047687432521950394,star,False,24.141272,,,,,,,15.74060493276411,1.7972322044793998,ok,15.74060493276411,2.3518645961371742,ok,3.973132856310053,1.676568475532861,ok,25.92015608896423,36.09347839115327,ok,25.92015608896423,64.61010687220808,ok
160598,160598.0,3.90898375458819e+16,galaxy,0.03946403136516179,2.0154985570866303e-05,0.0,0.024358663977346845,star,False,26.129082,,,,,,,10.865534729528704,1.8396420953974848,ok,10.865534729528704,4.494934928990647,ok,5.048836432314745,1.7653077349528246,ok,39.96857173528931,36.695073543058115,ok,39.96857173528931,120.77547687257156,ok
128532,128532.0,234532968071175.0,galaxy,0.0008477123902900402,4.786930709466658e-48,514.0,1.2980711674652627,star,False,25.74263,,,,,,,8.131371304635023,1.818838873051637,ok,8.131371304635023,2.667475089844186,ok,3.995043020399109,1.7295194729238035,ok,14.352321954245292,36.53535434302115,ok,14.352321954245292,88.19900642978052,ok
169311,169311.0,3.90898375458819e+16,quasar,2.8029037715713327,0.00029865829036773315,0.0,0.030821312274905567,star,False,26.815624,,,,,,,5.0359741214194305,1.7725674535594487,ok,7.6985996714091005,3.555346636919924,ok,4.054080837974084,1.9951966065682307,ok,14.285862572944001,37.055527184557334,ok,14.285862572944001,192.6414524111516,ok
178491,178491.0,3.908983754592327e+16,star,0.00010958041060792886,1.5026432460323828e-05,0.0,1.2526522142619465,star,False,25.605761,,,,,,,2.7938363944698286,1.7614169516436406,ok,2.7938363944698286,2.5039959858118785,ok,5.153834242737497,1.7103864368303172,ok,49.564789584569645,37.038610710790856,ok,49.564789584569645,76.04582838762772,ok
373272,373272.0,-834599005.0,galaxy,0.8011775460749331,7.23285445463014e-05,2053.0,0.7305772049117801,star,False,25.399803,,,,,,,2.0329826270081326,1.8356803646740882,ok,2.8020742579242603,2.5446383142566718,ok,8.109444711094895,1.691300870796556,ok,18.79510244104549,36.328483028632576,ok,18.79510244104549,71.89140594802869,ok
371756,371756.0,3.9089837545887896e+16,galaxy,1.2295673722470175,8.251430008360153e-05,4.0,0.059286829498524006,star,False,25.061405,,,,,,,14.362889031580039,1.7521990892511132,ok,14.362889031580039,2.5817754116862695,ok,7.431407881548011,1.6832274168339483,ok,29.938905367209266,36.238647389306,ok,29.938905367209266,76.00574808136419,ok
727069,727069.0,3.908983748716544e+16,galaxy,0.374428005959031,3.975001497488955e-05,0.0,1.4111885826645625,star,False,26.942062,,,,,,,7.2537952374035015,1.8584776602643125,ok,7.2537952374035015,2.31443863134894,ok,1.8942768422284266,2.0454528593302372,ok,7.039231542324003,37.62701811078788,ok,7.039231542324003,83.16950751541167,ok
173985,173985.0,3.908983755014805e+16,galaxy,0.0001239907376687603,5.616651389197011e-05,4.0,0.022207714101465572,star,False,24.196854,,,,,,,6.844150569621846,1.740897552706109,ok,6.844150569621846,2.2419935733696925,ok,5.48409361473768,1.671972123455862,ok,21.543510407587824,36.07908641842978,ok,21.543510407587824,64.46257686984765,ok
170482,170482.0,3.90898375501326e+16,galaxy,1.1648967706890638,0.00011246532495492485,0.0,1.2412089641843767,star,False,26.093954,,,,,,,3.509155980056354,1.8431939609636356,ok,3.509155980056354,2.4507295461568877,ok,7.541909633370449,1.857193775984567,ok,20.753031098147467,44.92576352335739,ok,20.753031098147467,113.52125064159583,ok
510954,510954.0,3.90898374871662e+16,galaxy,1.2194172401082128,0.0001162873284128155,4.0,0.11889499718519735,star,False,24.704363,,,,,,,2.990689329610789,1.776930108908443,ok,2.990689329610789,2.3687139852787045,ok,2.197495033190166,1.673179924623795,ok,41.3859034883996,36.12479551150783,ok,41.3859034883996,65.63035415206355,ok
179222,179222.0,-833067031.0,galaxy,0.7445202209922007,0.0001027229600607864,5.0,1.4414120960287176,AGN/QSO,True,26.113686,,,,,,,7.035316667935989,1.7288769526339278,ok,7.035316667935989,2.989551779952453,ok,6.0079015781091964,1.7676657328041978,ok,34.462197315602864,36.20198950537596,ok,34.462197315602864,65.8978491596967,ok
750723,750723.0,-833169006.0,galaxy,1.4241328977799401,0.00018748157735469083,516.0,0.7593448818625856,star,False,25.056717,,,,,,,8.27432634419916,1.7293670058797064,ok,8.27432634419916,2.3047744174255045,ok,7.330368303706348,1.6810892386605643,ok,26.92365580418877,36.22648384441982,ok,26.92365580418877,77.2495671717205,ok
523025,523025.0,3.908983748716718e+16,galaxy,0.4138728876288175,0.00011152940447039924,4.0,0.04413815044584639,star,False,26.34771,,,,,,,4.3925317177144585,2.135903541265999,ok,7.578609781157083,2.9938083053365463,ok,6.460239169671251,1.844659836194537,ok,18.309087773061112,36.23716949751786,ok,18.309087773061112,72.51114445539001,ok
163301,163301.0,-834418010.0,galaxy,0.6271934352211711,8.230845236972021e-05,5.0,0.8425030700625072,star,False,26.743282,,,,,,,2.1977412345221268,1.756386442776159,ok,4.5383102934072035,2.405609035636726,ok,9.485668470282864,1.9603572536397016,ok,5.084379150652695,38.39398451051597,ok,5.084379150652695,78.50302876898657,ok
768366,768366.0,3.908983755013548e+16,galaxy,1.5612373285612482,0.00010044569313504699,0.0,1.3004075568290916,star,False,26.36002,,,,,,,1.8934595034739707,1.8745074132037423,ok,7.370269648497438,3.4963319707076677,ok,5.6482684137821115,1.8840677317419319,ok,53.2826817089318,39.93223058081568,ok,53.2826817089318,75.69503382624197,ok
168250,168250.0,3.908983748716634e+16,galaxy,1.427796078993628,0.00015021690479164625,4.0,0.9361837831064574,star,False,24.591131,,,,,,,2.816957751286165,2.010041186321661,ok,10.888214490912429,2.2290527161606963,ok,10.729886487750036,1.6715110340412316,ok,7.90310933084554,36.16986159891993,ok,7.90310933084554,64.29950492112573,ok
507757,507757.0,-157034.0,galaxy,0.3737327899115769,0.0001437984678765467,516.0,0.7396531487958454,star,False,26.40929,,,,,,,9.80187786567856,1.8462159846159536,ok,9.80187786567856,2.5387286824307043,ok,3.062859084951627,1.832333023286348,ok,74.24995058462001,37.40030066061142,ok,74.24995058462001,94.3456821074613,ok
757855,757855.0,6.160885939112511e+17,galaxy,0.0008477123902900402,4.786930709466658e-48,515.0,0.8671357980029775,star,False,25.839167,,,,,,,3.1151545255823923,1.739903673970521,ok,3.1151545255823923,2.2790494476375116,ok,6.144721742888876,1.7238485105157668,ok,21.015190463960394,36.88728502725019,ok,21.015190463960394,76.00797744155518,ok
758631,758631.0,-834668010.0,galaxy,1.2690501711737252,0.00011211111632728561,5.0,1.2514760214667153,star,False,24.904978,,,,,,,9.7561201708604,1.778677827084288,ok,9.7561201708604,2.737308340208464,ok,6.863538990271586,1.676568958872716,ok,29.900631707539493,36.25373812287647,ok,29.900631707539493,63.94598495789583,ok
754418,754418.0,3.908983739069671e+16,galaxy,0.006961171873072897,2.9992184225144227e-05,0.0,0.026803778977750475,star,False,24.630623,,,,,,,6.915153326931843,1.7523576018627258,ok,6.915153326931843,2.256008681382333,ok,6.010892181707517,1.6741092894973308,ok,13.217134274791363,36.117411553530445,ok,13.217134274791363,75.46650587545892,ok
544016,544016.0,-834627008.0,galaxy,0.0008477123902900402,4.786930709466658e-48,642.0,0.9010886924499373,star,False,25.221117,,,,,,,9.683149716072778,1.8352452172468852,ok,5.102257461474872,2.9660801198002837,ok,3.6400799978287885,1.6880298688456616,ok,24.789282722409297,36.33774095321868,ok,24.789282722409297,66.76201993995437,ok
555235,555235.0,3.908983749974996e+16,galaxy,1.2132730434970453,5.638976797620412e-05,0.0,0.04471662618886304,star,False,25.167397,,,,,,,9.327100102915637,1.7585035440764039,ok,9.327100102915637,2.2804640609089963,ok,5.907414947842779,1.6835014214707096,ok,23.94603983695672,36.24103684504132,ok,23.94603983695672,72.62255523063354,ok
566512,566512.0,3.908983748716559e+16,quasar,2.3276411460512074,0.0004489516465720622,0.0,0.14495801658480753,star,False,24.946564,,,,,,,5.657740748435577,1.7811016634868613,ok,5.657740748435577,2.515505862426513,ok,7.447673137329351,1.6780714044223575,ok,23.965576269081108,36.15029670148132,ok,23.965576269081108,67.23851300005883,ok
9359,9359.0,3.908983739489957e+16,star,0.00035640335061525773,2.6578756705198703e-05,0.0,0.10235825396534136,star,False,22.536755,,,,,,,9.684428485054312,1.7782924175366237,ok,9.684428485054312,2.3810276994791693,ok,,,,45.57482337247948,36.06218762893006,ok,45.57482337247948,63.28433099807635,ok
122360,122360.0,3.908983749975024e+16,galaxy,0.9432426835018332,9.097056925252952e-05,4.0,0.42278657843842743,star,False,25.812742,,,,,,,2.4707243102179888,1.7610000930356997,ok,2.4707243102179888,2.312696496161948,ok,,,,23.446526946153284,36.79848945257227,ok,23.446526946153284,71.52377761925334,ok
141166,141166.0,3.908983755013036e+16,galaxy,0.9996691456686897,7.613773031818778e-05,4.0,0.12953350017104406,star,False,22.388874,,,,,,,7.039711491973521,1.8040152515822065,ok,7.039711491973521,2.3635626915464885,ok,,,,71.21484927319102,36.05980489728754,ok,71.21484927319102,64.35303262523453,ok
245166,245166.0,3.962783555964342e+16,galaxy,0.7650376316608949,3.1601641848608476e-06,0.0,0.3341940964225391,star,False,22.645048,,,,,,,8.552469902129193,1.8729063170618652,ok,8.552469902129193,2.5844490280491685,ok,0.7408047273162812,1.6650638674263651,ok,96.15106465368757,36.06820300425327,ok,,,
251968,251968.0,3.908983755009565e+16,galaxy,1.1799106813684959,4.58022303305451e-05,0.0,0.4929497750252198,star,False,23.98399,,,,,,,5.62944781874888,1.7216223014769392,ok,5.62944781874888,2.2054900263333335,ok,2.951820921518443,1.6713112089935604,ok,,,,,,
728398,728398.0,3.908983754592345e+16,star,0.00029071266846997083,1.2184203426198665e-05,0.0,0.2087247815274094,AGN/QSO,True,20.891729,,,,,,,2.8388096060073336,1.7696405226985352,ok,2.8388096060073336,2.8461526103980845,ok,,,,30.852532943836813,36.056792742085875,ok,30.852532943836813,63.30675334183454,ok
761329,761329.0,3.908983754592352e+16,star,7.27099780745047e-05,9.492788378364765e-06,0.0,0.14344553845202848,star,False,20.034723,,,,,,,2.7528689131887605,1.7449960884434965,ok,2.7528689131887605,2.2950309334899117,ok,,,,16.388968026651625,36.0561695899549,ok,42.743721178911166,63.27311773508028,ok
